# https://github.com/mikedh/trimesh

o mesh_1
v -0.00000000 -0.00099540 0.00022120
v -0.00000000 -0.00099540 0.00000000
v -0.00049770 -0.00086204 0.00022120
v -0.00049770 -0.00086204 0.00000000
v -0.00049770 -0.00086204 0.00022120
v -0.00049770 -0.00086204 0.00000000
v -0.00086204 -0.00049770 0.00022120
v -0.00086204 -0.00049770 0.00000000
v -0.00086204 -0.00049770 0.00022120
v -0.00086204 -0.00049770 0.00000000
v -0.00099540 -0.00000000 0.00022120
v -0.00099540 -0.00000000 0.00000000
v -0.00099540 -0.00000000 0.00022120
v -0.00099540 -0.00000000 0.00000000
v -0.00086204 0.00049770 0.00022120
v -0.00086204 0.00049770 0.00000000
v -0.00086204 0.00049770 0.00022120
v -0.00086204 0.00049770 0.00000000
v -0.00049770 0.00086204 0.00022120
v -0.00049770 0.00086204 0.00000000
v -0.00049770 0.00086204 0.00022120
v -0.00049770 0.00086204 0.00000000
v -0.00000000 0.00099540 0.00022120
v -0.00000000 0.00099540 0.00000000
v -0.00000000 0.00099540 0.00022120
v -0.00000000 0.00099540 0.00000000
v 0.00049770 0.00086204 0.00022120
v 0.00049770 0.00086204 0.00000000
v 0.00049770 0.00086204 0.00022120
v 0.00049770 0.00086204 0.00000000
v 0.00086204 0.00049770 0.00022120
v 0.00086204 0.00049770 0.00000000
v 0.00086204 0.00049770 0.00022120
v 0.00086204 0.00049770 0.00000000
v 0.00099540 -0.00000000 0.00022120
v 0.00099540 -0.00000000 0.00000000
v 0.00099540 -0.00000000 0.00022120
v 0.00099540 -0.00000000 0.00000000
v 0.00086204 -0.00049770 0.00022120
v 0.00086204 -0.00049770 0.00000000
v 0.00086204 -0.00049770 0.00022120
v 0.00086204 -0.00049770 0.00000000
v 0.00049770 -0.00086204 0.00022120
v 0.00049770 -0.00086204 0.00000000
v 0.00049770 -0.00086204 0.00022120
v 0.00049770 -0.00086204 0.00000000
v -0.00000000 -0.00099540 0.00022120
v -0.00000000 -0.00099540 0.00000000
v 0.00390407 -0.01946560 0.00029434
v 0.00391577 -0.01946560 0.00028341
v 0.00398123 -0.01946560 0.00025900
v 0.00473975 -0.01946560 0.00037845
v 0.00472225 -0.01946560 0.00037870
v 0.00469896 -0.01946560 0.00036311
v 0.00467328 -0.01946560 0.00037491
v 0.00463227 -0.01946560 0.00034046
v 0.00459776 -0.01946560 0.00036946
v 0.00452723 -0.01946560 0.00030978
v 0.00451127 -0.01946560 0.00036382
v 0.00431717 -0.01946560 0.00026333
v 0.00431896 -0.01946560 0.00035392
v 0.00420719 -0.01946560 0.00024863
v 0.00406238 -0.01946560 0.00024695
v 0.00403016 -0.01946560 0.00034088
v 0.00398304 -0.01946560 0.00033667
v 0.00473716 -0.01946560 0.00037589
v 0.00390082 -0.01946560 0.00030676
v 0.00390066 -0.01946560 0.00030150
v 0.00390478 -0.01946560 0.00031350
v 0.00391701 -0.01946560 0.00032210
v 0.00272528 -0.00839654 0.00050802
v 0.00222413 -0.00839654 0.00027334
v 0.00169005 -0.00609219 0.00033738
v -0.00019531 -0.00381369 -0.00031173
v 0.00046304 -0.00381369 -0.00001536
v 0.00085003 -0.00609219 -0.00010418
v -0.00026003 -0.00381369 -0.00006366
v -0.00009686 -0.00609219 -0.00022662
v 0.00078576 -0.00609219 0.00012623
v 0.00146533 -0.00325162 0.00070276
v 0.00122875 -0.00269177 0.00062822
v 0.00121440 -0.00269177 0.00062377
v 0.00147511 -0.00325162 0.00070020
v 0.00170971 -0.00381369 0.00076342
v 0.00170453 -0.00381369 0.00075810
v 0.00472465 -0.01846292 0.00041290
v 0.00468320 -0.01745586 0.00044749
v 0.00464613 -0.01745586 0.00044532
v 0.00471297 -0.01796622 0.00042822
v 0.00472677 -0.01846292 0.00040977
v 0.00472414 -0.01846292 0.00040803
v 0.00383585 -0.01636603 0.00038042
v 0.00404842 -0.01745586 0.00037724
v 0.00438214 -0.01745586 0.00041452
v 0.00325189 -0.01070801 0.00045808
v 0.00378876 -0.01070801 0.00067617
v 0.00422117 -0.01300051 0.00059731
v 0.00370303 -0.01300051 0.00041497
v 0.00317976 -0.01300051 0.00024574
v 0.00270944 -0.01070801 0.00025304
v 0.00213953 -0.01300051 -0.00005012
v 0.00162954 -0.01070801 -0.00011347
v 0.00270944 -0.01070801 0.00025304
v 0.00341382 -0.01846292 0.00011011
v 0.00406238 -0.01946560 0.00024695
v 0.00398123 -0.01946560 0.00025900
v 0.00001824 -0.01300051 -0.00029565
v 0.00003151 -0.01300051 -0.00030625
v 0.00042565 -0.01413677 -0.00020197
v 0.00099781 -0.00179535 0.00052583
v 0.00099627 -0.00179621 0.00052704
v 0.00100299 -0.00183988 0.00053097
v 0.00000002 -0.00205400 0.00025094
v -0.00009022 -0.00205202 0.00022411
v 0.00006942 -0.00212616 0.00025891
v -0.00052845 -0.00169180 -0.00012640
v -0.00046040 -0.00174649 -0.00012640
v -0.00032821 -0.00269177 -0.00021469
v -0.00010465 -0.00205133 -0.00007007
v 0.00023150 -0.00204091 0.00006515
v 0.00010107 -0.00212616 0.00000482
v 0.00010107 -0.00212616 0.00000482
v 0.00021092 -0.00269177 0.00000714
v -0.00010465 -0.00205133 -0.00007007
v -0.00010465 -0.00205133 -0.00007007
v 0.00021092 -0.00269177 0.00000714
v -0.00032821 -0.00269177 -0.00021469
v -0.00010465 -0.00205133 -0.00007007
v -0.00032821 -0.00269177 -0.00021469
v -0.00029601 -0.00203256 -0.00012640
v -0.00029601 -0.00203256 -0.00012640
v -0.00032821 -0.00269177 -0.00021469
v -0.00046040 -0.00174649 -0.00012640
v -0.00066692 -0.00166568 -0.00012640
v -0.00059526 -0.00166652 -0.00012640
v -0.00052845 -0.00169180 -0.00012640
v -0.00086167 -0.00180506 -0.00012640
v -0.00079938 -0.00173115 -0.00012640
v -0.00061514 -0.00269177 -0.00027783
v -0.00061514 -0.00269177 -0.00027783
v -0.00079938 -0.00173115 -0.00012640
v -0.00073233 -0.00168651 -0.00012640
v -0.00061514 -0.00269177 -0.00027783
v -0.00073233 -0.00168651 -0.00012640
v -0.00066692 -0.00166568 -0.00012640
v -0.00092841 -0.00183220 -0.00008470
v -0.00092562 -0.00183361 -0.00009159
v -0.00091345 -0.00212616 -0.00015194
v -0.00091345 -0.00212616 -0.00015194
v -0.00092562 -0.00183361 -0.00009159
v -0.00092198 -0.00183545 -0.00009743
v -0.00091345 -0.00212616 -0.00015194
v -0.00092198 -0.00183545 -0.00009743
v -0.00090220 -0.00212616 -0.00016432
v 0.00058854 -0.00212616 0.00041500
v 0.00056174 -0.00197569 0.00041824
v 0.00021669 -0.00204254 0.00031567
v 0.00056174 -0.00197569 0.00041824
v 0.00058854 -0.00212616 0.00041500
v 0.00083507 -0.00187659 0.00049301
v 0.00083507 -0.00187659 0.00049301
v 0.00058854 -0.00212616 0.00041500
v 0.00084310 -0.00212616 0.00049436
v 0.00083507 -0.00187659 0.00049301
v 0.00084310 -0.00212616 0.00049436
v 0.00087459 -0.00185850 0.00050221
v 0.00087459 -0.00185850 0.00050221
v 0.00084310 -0.00212616 0.00049436
v 0.00096557 -0.00212616 0.00053344
v 0.00087459 -0.00185850 0.00050221
v 0.00096557 -0.00212616 0.00053344
v 0.00094965 -0.00182128 0.00052092
v 0.00094965 -0.00182128 0.00052092
v 0.00096557 -0.00212616 0.00053344
v 0.00104159 -0.00212616 0.00055746
v 0.00094965 -0.00182128 0.00052092
v 0.00104159 -0.00212616 0.00055746
v 0.00098705 -0.00180129 0.00052781
v 0.00098705 -0.00180129 0.00052781
v 0.00104159 -0.00212616 0.00055746
v 0.00099979 -0.00183988 0.00053153
v 0.00099400 -0.00179746 0.00052766
v 0.00099781 -0.00179535 0.00052583
v 0.00100462 -0.00183988 0.00052966
v 0.00100453 -0.00183988 0.00052754
v 0.00099781 -0.00179535 0.00052583
v 0.00100453 -0.00183988 0.00052754
v 0.00099798 -0.00179526 0.00052346
v 0.00099798 -0.00179526 0.00052346
v 0.00100453 -0.00183988 0.00052754
v 0.00099677 -0.00179593 0.00052104
v 0.00042565 -0.01413677 -0.00020197
v 0.00003151 -0.01300051 -0.00030625
v 0.00045802 -0.01413677 -0.00022015
v 0.00045802 -0.01413677 -0.00022015
v 0.00003151 -0.01300051 -0.00030625
v 0.00006877 -0.01300051 -0.00032290
v 0.00045802 -0.01413677 -0.00022015
v 0.00006877 -0.01300051 -0.00032290
v 0.00052224 -0.01413677 -0.00023683
v 0.00052224 -0.01413677 -0.00023683
v 0.00006877 -0.01300051 -0.00032290
v 0.00013629 -0.01300051 -0.00033566
v 0.00052224 -0.01413677 -0.00023683
v 0.00013629 -0.01300051 -0.00033566
v 0.00064895 -0.01413677 -0.00024961
v 0.00064895 -0.01413677 -0.00024961
v 0.00013629 -0.01300051 -0.00033566
v 0.00027182 -0.01300051 -0.00034397
v 0.00064895 -0.01413677 -0.00024961
v 0.00027182 -0.01300051 -0.00034397
v 0.00090357 -0.01413677 -0.00025076
v 0.00090357 -0.01413677 -0.00025076
v 0.00027182 -0.01300051 -0.00034397
v 0.00054229 -0.01300051 -0.00033608
v 0.00090357 -0.01413677 -0.00025076
v 0.00054229 -0.01300051 -0.00033608
v 0.00108030 -0.01300051 -0.00027516
v 0.00108030 -0.01300051 -0.00027516
v 0.00054229 -0.01300051 -0.00033608
v 0.00077630 -0.01185784 -0.00034338
v 0.00108030 -0.01300051 -0.00027516
v 0.00077630 -0.01185784 -0.00034338
v 0.00162954 -0.01070801 -0.00011347
v 0.00090456 -0.01525864 -0.00007254
v 0.00090224 -0.01525864 -0.00007809
v 0.00117762 -0.01581331 -0.00003290
v 0.00117762 -0.01581331 -0.00003290
v 0.00090224 -0.01525864 -0.00007809
v 0.00090180 -0.01525864 -0.00008363
v 0.00117762 -0.01581331 -0.00003290
v 0.00090180 -0.01525864 -0.00008363
v 0.00117817 -0.01581331 -0.00003822
v 0.00117817 -0.01581331 -0.00003822
v 0.00090180 -0.01525864 -0.00008363
v 0.00090322 -0.01525864 -0.00008913
v 0.00117817 -0.01581331 -0.00003822
v 0.00090322 -0.01525864 -0.00008913
v 0.00146882 -0.01636603 0.00000170
v 0.00252578 -0.01796622 0.00016716
v 0.00210040 -0.01745586 0.00011213
v 0.00210358 -0.01745586 0.00010323
v 0.00390066 -0.01946560 0.00030150
v 0.00299889 -0.01846292 0.00020649
v 0.00390407 -0.01946560 0.00029434
v 0.00390407 -0.01946560 0.00029434
v 0.00299889 -0.01846292 0.00020649
v 0.00300896 -0.01846292 0.00019499
v 0.00390407 -0.01946560 0.00029434
v 0.00300896 -0.01846292 0.00019499
v 0.00391577 -0.01946560 0.00028341
v 0.00391577 -0.01946560 0.00028341
v 0.00300896 -0.01846292 0.00019499
v 0.00303261 -0.01846292 0.00017771
v 0.00391577 -0.01946560 0.00028341
v 0.00303261 -0.01846292 0.00017771
v 0.00398123 -0.01946560 0.00025900
v 0.00339624 -0.01745586 0.00008630
v 0.00385701 -0.01846292 0.00015696
v 0.00341382 -0.01846292 0.00011011
v 0.00146882 -0.01636603 0.00000170
v 0.00090322 -0.01525864 -0.00008913
v 0.00147740 -0.01636603 -0.00000791
v 0.00147740 -0.01636603 -0.00000791
v 0.00090322 -0.01525864 -0.00008913
v 0.00091070 -0.01525864 -0.00009980
v 0.00147740 -0.01636603 -0.00000791
v 0.00091070 -0.01525864 -0.00009980
v 0.00150155 -0.01636603 -0.00002454
v 0.00150155 -0.01636603 -0.00002454
v 0.00091070 -0.01525864 -0.00009980
v 0.00093767 -0.01525864 -0.00011851
v 0.00150155 -0.01636603 -0.00002454
v 0.00093767 -0.01525864 -0.00011851
v 0.00155020 -0.01636603 -0.00004305
v 0.00155020 -0.01636603 -0.00004305
v 0.00093767 -0.01525864 -0.00011851
v 0.00099583 -0.01525864 -0.00013834
v 0.00155020 -0.01636603 -0.00004305
v 0.00099583 -0.01525864 -0.00013834
v 0.00164905 -0.01636603 -0.00006281
v 0.00164905 -0.01636603 -0.00006281
v 0.00099583 -0.01525864 -0.00013834
v 0.00110992 -0.01525864 -0.00015527
v 0.00164905 -0.01636603 -0.00006281
v 0.00110992 -0.01525864 -0.00015527
v 0.00184998 -0.01636603 -0.00007964
v 0.00184998 -0.01636603 -0.00007964
v 0.00110992 -0.01525864 -0.00015527
v 0.00134102 -0.01525864 -0.00016506
v 0.00184998 -0.01636603 -0.00007964
v 0.00134102 -0.01525864 -0.00016506
v 0.00180301 -0.01525864 -0.00013948
v 0.00180301 -0.01525864 -0.00013948
v 0.00134102 -0.01525864 -0.00016506
v 0.00141118 -0.01413677 -0.00020776
v 0.00180301 -0.01525864 -0.00013948
v 0.00141118 -0.01413677 -0.00020776
v 0.00213953 -0.01300051 -0.00005012
v 0.00270944 -0.01070801 0.00025304
v 0.00317976 -0.01300051 0.00024574
v 0.00213953 -0.01300051 -0.00005012
v 0.00213953 -0.01300051 -0.00005012
v 0.00317976 -0.01300051 0.00024574
v 0.00271550 -0.01525864 0.00001425
v 0.00213953 -0.01300051 -0.00005012
v 0.00271550 -0.01525864 0.00001425
v 0.00180301 -0.01525864 -0.00013948
v 0.00225319 -0.01636603 -0.00006979
v 0.00180301 -0.01525864 -0.00013948
v 0.00225319 -0.01636603 -0.00006979
v 0.00184998 -0.01636603 -0.00007964
v 0.00184998 -0.01636603 -0.00007964
v 0.00225319 -0.01636603 -0.00006979
v 0.00240807 -0.01745586 0.00000976
v 0.00240807 -0.01745586 0.00000976
v 0.00164905 -0.01636603 -0.00006281
v 0.00240807 -0.01745586 0.00000976
v 0.00224436 -0.01745586 0.00003502
v 0.00164905 -0.01636603 -0.00006281
v 0.00224436 -0.01745586 0.00003502
v 0.00155020 -0.01636603 -0.00004305
v 0.00155020 -0.01636603 -0.00004305
v 0.00224436 -0.01745586 0.00003502
v 0.00216525 -0.01745586 0.00005852
v 0.00155020 -0.01636603 -0.00004305
v 0.00216525 -0.01745586 0.00005852
v 0.00150155 -0.01636603 -0.00002454
v 0.00150155 -0.01636603 -0.00002454
v 0.00216525 -0.01745586 0.00005852
v 0.00212692 -0.01745586 0.00007898
v 0.00150155 -0.01636603 -0.00002454
v 0.00212692 -0.01745586 0.00007898
v 0.00147740 -0.01636603 -0.00000791
v 0.00147740 -0.01636603 -0.00000791
v 0.00212692 -0.01745586 0.00007898
v 0.00210957 -0.01745586 0.00009459
v 0.00147740 -0.01636603 -0.00000791
v 0.00210957 -0.01745586 0.00009459
v 0.00146882 -0.01636603 0.00000170
v 0.00429004 -0.01846292 0.00026158
v 0.00385701 -0.01846292 0.00015696
v 0.00404025 -0.01745586 0.00023887
v 0.00339624 -0.01745586 0.00008630
v 0.00383406 -0.01636603 0.00023938
v 0.00303261 -0.01846292 0.00017771
v 0.00308349 -0.01846292 0.00015565
v 0.00398123 -0.01946560 0.00025900
v 0.00398123 -0.01946560 0.00025900
v 0.00308349 -0.01846292 0.00015565
v 0.00319168 -0.01846292 0.00012866
v 0.00398123 -0.01946560 0.00025900
v 0.00319168 -0.01846292 0.00012866
v 0.00341382 -0.01846292 0.00011011
v 0.00341382 -0.01846292 0.00011011
v 0.00319168 -0.01846292 0.00012866
v 0.00273923 -0.01745586 0.00000211
v 0.00341382 -0.01846292 0.00011011
v 0.00273923 -0.01745586 0.00000211
v 0.00339624 -0.01745586 0.00008630
v 0.00339624 -0.01745586 0.00008630
v 0.00273923 -0.01745586 0.00000211
v 0.00305082 -0.01636603 0.00005027
v 0.00305082 -0.01636603 0.00005027
v 0.00305082 -0.01636603 0.00005027
v 0.00361222 -0.01525864 0.00023842
v 0.00383406 -0.01636603 0.00023938
v 0.00383406 -0.01636603 0.00023938
v 0.00361222 -0.01525864 0.00023842
v 0.00406327 -0.01525864 0.00037086
v 0.00383406 -0.01636603 0.00023938
v 0.00406327 -0.01525864 0.00037086
v 0.00404025 -0.01745586 0.00023887
v 0.00404025 -0.01745586 0.00023887
v 0.00406327 -0.01525864 0.00037086
v 0.00436312 -0.01745586 0.00033407
v 0.00429004 -0.01846292 0.00026158
v 0.00438549 -0.01413677 0.00055718
v 0.00445473 -0.01469982 0.00053712
v 0.00406327 -0.01525864 0.00037086
v 0.00406238 -0.01946560 0.00024695
v 0.00341382 -0.01846292 0.00011011
v 0.00420719 -0.01946560 0.00024863
v 0.00420719 -0.01946560 0.00024863
v 0.00341382 -0.01846292 0.00011011
v 0.00385701 -0.01846292 0.00015696
v 0.00420719 -0.01946560 0.00024863
v 0.00385701 -0.01846292 0.00015696
v 0.00431717 -0.01946560 0.00026333
v 0.00431717 -0.01946560 0.00026333
v 0.00385701 -0.01846292 0.00015696
v 0.00429004 -0.01846292 0.00026158
v 0.00431717 -0.01946560 0.00026333
v 0.00429004 -0.01846292 0.00026158
v 0.00452723 -0.01946560 0.00030978
v 0.00452723 -0.01946560 0.00030978
v 0.00429004 -0.01846292 0.00026158
v 0.00436312 -0.01745586 0.00033407
v 0.00452723 -0.01946560 0.00030978
v 0.00436312 -0.01745586 0.00033407
v 0.00463227 -0.01946560 0.00034046
v 0.00269822 -0.01070801 0.00040276
v 0.00317400 -0.01300051 0.00039377
v 0.00325935 -0.01070801 0.00054613
v 0.00325935 -0.01070801 0.00054613
v 0.00317400 -0.01300051 0.00039377
v 0.00371268 -0.01300051 0.00050108
v 0.00325935 -0.01070801 0.00054613
v 0.00371268 -0.01300051 0.00050108
v 0.00352212 -0.01070801 0.00061399
v 0.00352212 -0.01070801 0.00061399
v 0.00396486 -0.01300051 0.00055203
v 0.00352212 -0.01070801 0.00061399
v 0.00396486 -0.01300051 0.00055203
v 0.00370031 -0.01070801 0.00066044
v 0.00370031 -0.01070801 0.00066044
v 0.00396486 -0.01300051 0.00055203
v 0.00413588 -0.01300051 0.00058701
v 0.00370031 -0.01070801 0.00066044
v 0.00413588 -0.01300051 0.00058701
v 0.00377011 -0.01070801 0.00067663
v 0.00377011 -0.01070801 0.00067663
v 0.00413588 -0.01300051 0.00058701
v 0.00420307 -0.01300051 0.00059879
v 0.00377011 -0.01070801 0.00067663
v 0.00420307 -0.01300051 0.00059879
v 0.00378759 -0.01070801 0.00067902
v 0.00378759 -0.01070801 0.00067902
v 0.00420307 -0.01300051 0.00059879
v 0.00421996 -0.01300051 0.00060015
v 0.00378759 -0.01070801 0.00067902
v 0.00421996 -0.01300051 0.00060015
v 0.00379038 -0.01070801 0.00067831
v 0.00379038 -0.01070801 0.00067831
v 0.00421996 -0.01300051 0.00060015
v 0.00422270 -0.01300051 0.00059929
v 0.00379038 -0.01070801 0.00067831
v 0.00422270 -0.01300051 0.00059929
v 0.00402348 -0.01185784 0.00063863
v 0.00210957 -0.01745586 0.00009459
v 0.00300896 -0.01846292 0.00019499
v 0.00210957 -0.01745586 0.00009459
v 0.00212692 -0.01745586 0.00007898
v 0.00212692 -0.01745586 0.00007898
v 0.00303261 -0.01846292 0.00017771
v 0.00212692 -0.01745586 0.00007898
v 0.00216525 -0.01745586 0.00005852
v 0.00216525 -0.01745586 0.00005852
v 0.00308349 -0.01846292 0.00015565
v 0.00216525 -0.01745586 0.00005852
v 0.00224436 -0.01745586 0.00003502
v 0.00224436 -0.01745586 0.00003502
v 0.00319168 -0.01846292 0.00012866
v 0.00224436 -0.01745586 0.00003502
v 0.00240807 -0.01745586 0.00000976
v 0.00319168 -0.01846292 0.00012866
v 0.00240807 -0.01745586 0.00000976
v 0.00273923 -0.01745586 0.00000211
v 0.00273923 -0.01745586 0.00000211
v 0.00240807 -0.01745586 0.00000976
v 0.00225319 -0.01636603 -0.00006979
v 0.00273923 -0.01745586 0.00000211
v 0.00225319 -0.01636603 -0.00006979
v 0.00305082 -0.01636603 0.00005027
v 0.00305082 -0.01636603 0.00005027
v 0.00225319 -0.01636603 -0.00006979
v 0.00271550 -0.01525864 0.00001425
v 0.00305082 -0.01636603 0.00005027
v 0.00271550 -0.01525864 0.00001425
v 0.00361222 -0.01525864 0.00023842
v 0.00361222 -0.01525864 0.00023842
v 0.00271550 -0.01525864 0.00001425
v 0.00317976 -0.01300051 0.00024574
v 0.00317976 -0.01300051 0.00024574
v 0.00406327 -0.01525864 0.00037086
v 0.00438549 -0.01413677 0.00055718
v 0.00438549 -0.01413677 0.00055718
v 0.00370303 -0.01300051 0.00041497
v 0.00430794 -0.01357003 0.00057743
v 0.00438549 -0.01413677 0.00055718
v 0.00430794 -0.01357003 0.00057743
v 0.00434992 -0.01385381 0.00057018
v 0.00434992 -0.01385381 0.00057018
v 0.00430794 -0.01357003 0.00057743
v 0.00430986 -0.01357003 0.00057948
v 0.00434992 -0.01385381 0.00057018
v 0.00430986 -0.01357003 0.00057948
v 0.00432985 -0.01371201 0.00057515
v 0.00434992 -0.01385381 0.00057018
v 0.00438746 -0.01413677 0.00055843
v 0.00438549 -0.01413677 0.00055718
v 0.00438549 -0.01413677 0.00055718
v 0.00438746 -0.01413677 0.00055843
v 0.00445710 -0.01469982 0.00053845
v 0.00438549 -0.01413677 0.00055718
v 0.00445710 -0.01469982 0.00053845
v 0.00445473 -0.01469982 0.00053712
v 0.00413588 -0.01300051 0.00058701
v 0.00437429 -0.01413677 0.00056061
v 0.00420307 -0.01300051 0.00059879
v 0.00420307 -0.01300051 0.00059879
v 0.00437429 -0.01413677 0.00056061
v 0.00430765 -0.01357003 0.00058048
v 0.00430765 -0.01357003 0.00058048
v 0.00421996 -0.01300051 0.00060015
v 0.00430765 -0.01357003 0.00058048
v 0.00426734 -0.01328555 0.00058942
v 0.00421996 -0.01300051 0.00060015
v 0.00426734 -0.01328555 0.00058942
v 0.00422270 -0.01300051 0.00059929
v 0.00317400 -0.01300051 0.00039377
v 0.00362902 -0.01525864 0.00038623
v 0.00371268 -0.01300051 0.00050108
v 0.00371268 -0.01300051 0.00050108
v 0.00362902 -0.01525864 0.00038623
v 0.00409243 -0.01525864 0.00045821
v 0.00371268 -0.01300051 0.00050108
v 0.00409243 -0.01525864 0.00045821
v 0.00396486 -0.01300051 0.00055203
v 0.00396486 -0.01300051 0.00055203
v 0.00409243 -0.01525864 0.00045821
v 0.00431160 -0.01525864 0.00049298
v 0.00431160 -0.01525864 0.00049298
v 0.00413588 -0.01300051 0.00058701
v 0.00413588 -0.01300051 0.00058701
v 0.00445945 -0.01525864 0.00051661
v 0.00413588 -0.01300051 0.00058701
v 0.00445945 -0.01525864 0.00051661
v 0.00437429 -0.01413677 0.00056061
v 0.00437429 -0.01413677 0.00056061
v 0.00445945 -0.01525864 0.00051661
v 0.00451118 -0.01525864 0.00052258
v 0.00018789 -0.01185784 -0.00019316
v -0.00007321 -0.01070801 -0.00027751
v -0.00008444 -0.01185784 -0.00026390
v -0.00008444 -0.01185784 -0.00026390
v -0.00007321 -0.01070801 -0.00027751
v -0.00034722 -0.01070801 -0.00035706
v -0.00008444 -0.01185784 -0.00026390
v -0.00034722 -0.01070801 -0.00035706
v -0.00021879 -0.01185784 -0.00030884
v -0.00021879 -0.01185784 -0.00030884
v -0.00034722 -0.01070801 -0.00035706
v -0.00048218 -0.01070801 -0.00040637
v -0.00021879 -0.01185784 -0.00030884
v -0.00048218 -0.01070801 -0.00040637
v -0.00028200 -0.01185784 -0.00033715
v -0.00028200 -0.01185784 -0.00033715
v -0.00048218 -0.01070801 -0.00040637
v -0.00054544 -0.01070801 -0.00043667
v -0.00028200 -0.01185784 -0.00033715
v -0.00054544 -0.01070801 -0.00043667
v -0.00031637 -0.01185784 -0.00035974
v -0.00031637 -0.01185784 -0.00035974
v -0.00054544 -0.01070801 -0.00043667
v -0.00057984 -0.01070801 -0.00046040
v -0.00031637 -0.01185784 -0.00035974
v -0.00057984 -0.01070801 -0.00046040
v -0.00032859 -0.01185784 -0.00037255
v -0.00032859 -0.01185784 -0.00037255
v -0.00057984 -0.01070801 -0.00046040
v -0.00059206 -0.01070801 -0.00047367
v -0.00032859 -0.01185784 -0.00037255
v -0.00059206 -0.01070801 -0.00047367
v -0.00033192 -0.01185784 -0.00037895
v -0.00033192 -0.01185784 -0.00037895
v -0.00059206 -0.01070801 -0.00047367
v -0.00059537 -0.01070801 -0.00048022
v -0.00033192 -0.01185784 -0.00037895
v -0.00059537 -0.01070801 -0.00048022
v -0.00033283 -0.01185784 -0.00038521
v -0.00033283 -0.01185784 -0.00038521
v -0.00059537 -0.01070801 -0.00048022
v -0.00059621 -0.01070801 -0.00048656
v -0.00033283 -0.01185784 -0.00038521
v -0.00059621 -0.01070801 -0.00048656
v -0.00033107 -0.01185784 -0.00039123
v -0.00033107 -0.01185784 -0.00039123
v -0.00059621 -0.01070801 -0.00048656
v -0.00059433 -0.01070801 -0.00049259
v -0.00033107 -0.01185784 -0.00039123
v -0.00059433 -0.01070801 -0.00049259
v -0.00032697 -0.01185784 -0.00039698
v -0.00032697 -0.01185784 -0.00039698
v -0.00059433 -0.01070801 -0.00049259
v -0.00059004 -0.01070801 -0.00049826
v -0.00032697 -0.01185784 -0.00039698
v -0.00059004 -0.01070801 -0.00049826
v -0.00031319 -0.01185784 -0.00040750
v -0.00031319 -0.01185784 -0.00040750
v -0.00059004 -0.01070801 -0.00049826
v -0.00057577 -0.01070801 -0.00050845
v -0.00031319 -0.01185784 -0.00040750
v -0.00057577 -0.01070801 -0.00050845
v -0.00027393 -0.01185784 -0.00042354
v -0.00027393 -0.01185784 -0.00042354
v -0.00057577 -0.01070801 -0.00050845
v -0.00053539 -0.01070801 -0.00052340
v -0.00027393 -0.01185784 -0.00042354
v -0.00053539 -0.01070801 -0.00052340
v -0.00020320 -0.01185784 -0.00043445
v -0.00020320 -0.01185784 -0.00043445
v -0.00053539 -0.01070801 -0.00052340
v -0.00046336 -0.01070801 -0.00053207
v -0.00020320 -0.01185784 -0.00043445
v -0.00046336 -0.01070801 -0.00053207
v -0.00006207 -0.01185784 -0.00043854
v -0.00006207 -0.01185784 -0.00043854
v -0.00046336 -0.01070801 -0.00053207
v -0.00032016 -0.01070801 -0.00053169
v -0.00006207 -0.01185784 -0.00043854
v -0.00032016 -0.01070801 -0.00053169
v 0.00021879 -0.01185784 -0.00042195
v 0.00021879 -0.01185784 -0.00042195
v -0.00032016 -0.01070801 -0.00053169
v -0.00003600 -0.01070801 -0.00050611
v 0.00021879 -0.01185784 -0.00042195
v -0.00003600 -0.01070801 -0.00050611
v 0.00052673 -0.01070801 -0.00040959
v 0.00042565 -0.01413677 -0.00020197
v 0.00041562 -0.01413677 -0.00019110
v 0.00001824 -0.01300051 -0.00029565
v 0.00001824 -0.01300051 -0.00029565
v 0.00041562 -0.01413677 -0.00019110
v 0.00020431 -0.01357003 -0.00023947
v 0.00001824 -0.01300051 -0.00029565
v 0.00020431 -0.01357003 -0.00023947
v 0.00001416 -0.01300051 -0.00028994
v 0.00001416 -0.01300051 -0.00028994
v 0.00020431 -0.01357003 -0.00023947
v 0.00020282 -0.01357003 -0.00023360
v 0.00001416 -0.01300051 -0.00028994
v 0.00020282 -0.01357003 -0.00023360
v 0.00001223 -0.01300051 -0.00028402
v 0.00001223 -0.01300051 -0.00028402
v 0.00020282 -0.01357003 -0.00023360
v 0.00020372 -0.01357003 -0.00022760
v 0.00001223 -0.01300051 -0.00028402
v 0.00020372 -0.01357003 -0.00022760
v 0.00001280 -0.01300051 -0.00027793
v 0.00001280 -0.01300051 -0.00027793
v 0.00020372 -0.01357003 -0.00022760
v 0.00001572 -0.01300051 -0.00027175
v 0.00090843 -0.01525864 -0.00006707
v 0.00091961 -0.01525864 -0.00005658
v 0.00043042 -0.01413677 -0.00015642
v 0.00043042 -0.01413677 -0.00015642
v 0.00091961 -0.01525864 -0.00005658
v 0.00046167 -0.01413677 -0.00013710
v 0.00043042 -0.01413677 -0.00015642
v 0.00046167 -0.01413677 -0.00013710
v 0.00005996 -0.01300051 -0.00023790
v 0.00005996 -0.01300051 -0.00023790
v 0.00046167 -0.01413677 -0.00013710
v 0.00012138 -0.01300051 -0.00021140
v 0.00002704 -0.01300051 -0.00025946
v 0.00001572 -0.01300051 -0.00027175
v 0.00041853 -0.01413677 -0.00016781
v 0.00041853 -0.01413677 -0.00016781
v 0.00001572 -0.01300051 -0.00027175
v 0.00020372 -0.01357003 -0.00022760
v 0.00041853 -0.01413677 -0.00016781
v 0.00020372 -0.01357003 -0.00022760
v 0.00041473 -0.01413677 -0.00017368
v 0.00041473 -0.01413677 -0.00017368
v 0.00020372 -0.01357003 -0.00022760
v 0.00020282 -0.01357003 -0.00023360
v 0.00041473 -0.01413677 -0.00017368
v 0.00020282 -0.01357003 -0.00023360
v 0.00041283 -0.01413677 -0.00017957
v 0.00041283 -0.01413677 -0.00017957
v 0.00020282 -0.01357003 -0.00023360
v 0.00020431 -0.01357003 -0.00023947
v 0.00041283 -0.01413677 -0.00017957
v 0.00020431 -0.01357003 -0.00023947
v 0.00041317 -0.01413677 -0.00018539
v 0.00041317 -0.01413677 -0.00018539
v 0.00020431 -0.01357003 -0.00023947
v 0.00041562 -0.01413677 -0.00019110
v 0.00452095 -0.01525864 0.00052179
v 0.00462136 -0.01636603 0.00048289
v 0.00451660 -0.01525864 0.00051775
v 0.00451660 -0.01525864 0.00051775
v 0.00462136 -0.01636603 0.00048289
v 0.00465896 -0.01691810 0.00046497
v 0.00451660 -0.01525864 0.00051775
v 0.00465896 -0.01691810 0.00046497
v 0.00468695 -0.01745586 0.00044251
v 0.00451772 -0.01525864 0.00052257
v 0.00468787 -0.01745586 0.00044703
v 0.00465896 -0.01691810 0.00046497
v 0.00465896 -0.01691810 0.00046497
v 0.00468787 -0.01745586 0.00044703
v 0.00469014 -0.01745586 0.00044607
v 0.00465896 -0.01691810 0.00046497
v 0.00461851 -0.01636603 0.00048449
v 0.00451772 -0.01525864 0.00052257
v 0.00438750 -0.01413677 0.00056077
v 0.00434992 -0.01385381 0.00057018
v 0.00438264 -0.01413677 0.00056112
v 0.00438750 -0.01413677 0.00056077
v 0.00438264 -0.01413677 0.00056112
v 0.00445871 -0.01469982 0.00054114
v 0.00445871 -0.01469982 0.00054114
v 0.00438264 -0.01413677 0.00056112
v 0.00451772 -0.01525864 0.00052257
v 0.00445871 -0.01469982 0.00054114
v 0.00451772 -0.01525864 0.00052257
v 0.00452095 -0.01525864 0.00052179
v 0.00461851 -0.01636603 0.00048449
v 0.00452095 -0.01525864 0.00052179
v 0.00461851 -0.01636603 0.00048449
v 0.00462136 -0.01636603 0.00048289
v 0.00465896 -0.01691810 0.00046497
v 0.00465896 -0.01691810 0.00046497
v 0.00469014 -0.01745586 0.00044607
v 0.00468695 -0.01745586 0.00044251
v 0.00271437 -0.01525864 0.00025333
v 0.00303618 -0.01636603 0.00028133
v 0.00383585 -0.01636603 0.00038042
v 0.00468320 -0.01745586 0.00044749
v 0.00472465 -0.01846292 0.00041290
v 0.00471297 -0.01796622 0.00042822
v 0.00471297 -0.01796622 0.00042822
v 0.00472465 -0.01846292 0.00041290
v 0.00472706 -0.01846292 0.00041221
v 0.00471297 -0.01796622 0.00042822
v 0.00472706 -0.01846292 0.00041221
v 0.00472134 -0.01821500 0.00041963
v 0.00473716 -0.01946560 0.00037589
v 0.00472414 -0.01846292 0.00040803
v 0.00473975 -0.01946560 0.00037845
v 0.00473975 -0.01946560 0.00037845
v 0.00472414 -0.01846292 0.00040803
v 0.00472677 -0.01846292 0.00040977
v 0.00471297 -0.01796622 0.00042822
v 0.00472134 -0.01821500 0.00041963
v 0.00472677 -0.01846292 0.00040977
v 0.00472677 -0.01846292 0.00040977
v 0.00472134 -0.01821500 0.00041963
v 0.00472706 -0.01846292 0.00041221
v 0.00472677 -0.01846292 0.00040977
v 0.00472706 -0.01846292 0.00041221
v 0.00473975 -0.01946560 0.00037845
v 0.00473975 -0.01946560 0.00037845
v 0.00472706 -0.01846292 0.00041221
v 0.00472465 -0.01846292 0.00041290
v 0.00473975 -0.01946560 0.00037845
v 0.00472465 -0.01846292 0.00041290
v 0.00472225 -0.01946560 0.00037870
v 0.00472225 -0.01946560 0.00037870
v 0.00472465 -0.01846292 0.00041290
v 0.00464613 -0.01745586 0.00044532
v 0.00472225 -0.01946560 0.00037870
v 0.00464613 -0.01745586 0.00044532
v 0.00467328 -0.01946560 0.00037491
v 0.00147136 -0.01636603 0.00003192
v 0.00146528 -0.01636603 0.00002194
v 0.00210081 -0.01745586 0.00012110
v 0.00025133 -0.01300051 -0.00017080
v 0.00012138 -0.01300051 -0.00021140
v 0.00051967 -0.01413677 -0.00011351
v 0.00051967 -0.01413677 -0.00011351
v 0.00012138 -0.01300051 -0.00021140
v 0.00046167 -0.01413677 -0.00013710
v 0.00051967 -0.01413677 -0.00011351
v 0.00046167 -0.01413677 -0.00013710
v 0.00094777 -0.01525864 -0.00003912
v 0.00094777 -0.01525864 -0.00003912
v 0.00094777 -0.01525864 -0.00003912
v 0.00091961 -0.01525864 -0.00005658
v 0.00119010 -0.01581331 -0.00001206
v 0.00119010 -0.01581331 -0.00001206
v 0.00091961 -0.01525864 -0.00005658
v 0.00090843 -0.01525864 -0.00006707
v 0.00119010 -0.01581331 -0.00001206
v 0.00090843 -0.01525864 -0.00006707
v 0.00118131 -0.01581331 -0.00002229
v 0.00118131 -0.01581331 -0.00002229
v 0.00090843 -0.01525864 -0.00006707
v 0.00117871 -0.01581331 -0.00002757
v 0.00118131 -0.01581331 -0.00002229
v 0.00117871 -0.01581331 -0.00002757
v 0.00146411 -0.01636603 0.00001685
v 0.00146411 -0.01636603 0.00001685
v 0.00117871 -0.01581331 -0.00002757
v 0.00146435 -0.01636603 0.00001175
v 0.00146411 -0.01636603 0.00001685
v 0.00146435 -0.01636603 0.00001175
v 0.00210040 -0.01745586 0.00011213
v 0.00210040 -0.01745586 0.00011213
v 0.00146435 -0.01636603 0.00001175
v 0.00146599 -0.01636603 0.00000669
v 0.00210040 -0.01745586 0.00011213
v 0.00146599 -0.01636603 0.00000669
v 0.00210358 -0.01745586 0.00010323
v 0.00149263 -0.01636603 0.00004964
v 0.00147136 -0.01636603 0.00003192
v 0.00210479 -0.01745586 0.00012989
v 0.00210479 -0.01745586 0.00012989
v 0.00147136 -0.01636603 0.00003192
v 0.00210081 -0.01745586 0.00012110
v 0.00210479 -0.01745586 0.00012989
v 0.00210081 -0.01745586 0.00012110
v 0.00252836 -0.01796622 0.00018276
v 0.00252836 -0.01796622 0.00018276
v 0.00210081 -0.01745586 0.00012110
v 0.00252575 -0.01796622 0.00017502
v 0.00252836 -0.01796622 0.00018276
v 0.00252575 -0.01796622 0.00017502
v 0.00299355 -0.01846292 0.00023188
v 0.00299355 -0.01846292 0.00023188
v 0.00252575 -0.01796622 0.00017502
v 0.00299232 -0.01846292 0.00022547
v 0.00390478 -0.01946560 0.00031350
v 0.00391701 -0.01946560 0.00032210
v 0.00302367 -0.01846292 0.00026145
v 0.00302367 -0.01846292 0.00026145
v 0.00391701 -0.01946560 0.00032210
v 0.00307612 -0.01846292 0.00027978
v 0.00302367 -0.01846292 0.00026145
v 0.00307612 -0.01846292 0.00027978
v 0.00256973 -0.01796622 0.00021646
v 0.00256973 -0.01796622 0.00021646
v 0.00307612 -0.01846292 0.00027978
v 0.00223651 -0.01745586 0.00018981
v 0.00256973 -0.01796622 0.00021646
v 0.00223651 -0.01745586 0.00018981
v 0.00215725 -0.01745586 0.00016611
v 0.00215725 -0.01745586 0.00016611
v 0.00223651 -0.01745586 0.00018981
v 0.00163599 -0.01636603 0.00009912
v 0.00390082 -0.01946560 0.00030676
v 0.00390478 -0.01946560 0.00031350
v 0.00300074 -0.01846292 0.00024401
v 0.00300074 -0.01846292 0.00024401
v 0.00390478 -0.01946560 0.00031350
v 0.00302367 -0.01846292 0.00026145
v 0.00300074 -0.01846292 0.00024401
v 0.00302367 -0.01846292 0.00026145
v 0.00253946 -0.01796622 0.00019708
v 0.00253946 -0.01796622 0.00019708
v 0.00302367 -0.01846292 0.00026145
v 0.00256973 -0.01796622 0.00021646
v 0.00253946 -0.01796622 0.00019708
v 0.00256973 -0.01796622 0.00021646
v 0.00212002 -0.01745586 0.00014581
v 0.00212002 -0.01745586 0.00014581
v 0.00256973 -0.01796622 0.00021646
v 0.00215725 -0.01745586 0.00016611
v 0.00212002 -0.01745586 0.00014581
v 0.00215725 -0.01745586 0.00016611
v 0.00153895 -0.01636603 0.00007134
v 0.00153895 -0.01636603 0.00007134
v 0.00215725 -0.01745586 0.00016611
v 0.00163599 -0.01636603 0.00009912
v 0.00153895 -0.01636603 0.00007134
v 0.00163599 -0.01636603 0.00009912
v 0.00111264 -0.01525864 0.00001311
v 0.00089176 -0.01413677 -0.00002480
v 0.00111264 -0.01525864 0.00001311
v 0.00133966 -0.01525864 0.00005722
v 0.00133966 -0.01525864 0.00005722
v 0.00111264 -0.01525864 0.00001311
v 0.00163599 -0.01636603 0.00009912
v 0.00133966 -0.01525864 0.00005722
v 0.00163599 -0.01636603 0.00009912
v 0.00183441 -0.01636603 0.00013550
v 0.00183441 -0.01636603 0.00013550
v 0.00163599 -0.01636603 0.00009912
v 0.00223651 -0.01745586 0.00018981
v 0.00183441 -0.01636603 0.00013550
v 0.00223651 -0.01745586 0.00018981
v 0.00239986 -0.01745586 0.00021779
v 0.00239986 -0.01745586 0.00021779
v 0.00223651 -0.01745586 0.00018981
v 0.00307612 -0.01846292 0.00027978
v 0.00318612 -0.01846292 0.00029846
v 0.00318612 -0.01846292 0.00029846
v 0.00307612 -0.01846292 0.00027978
v 0.00391701 -0.01946560 0.00032210
v 0.00318612 -0.01846292 0.00029846
v 0.00391701 -0.01946560 0.00032210
v 0.00398304 -0.01946560 0.00033667
v 0.00104653 -0.01300051 -0.00000625
v 0.00089176 -0.01413677 -0.00002480
v 0.00139421 -0.01413677 0.00006014
v 0.00133966 -0.01525864 0.00005722
v 0.00139421 -0.01413677 0.00006014
v 0.00133966 -0.01525864 0.00005722
v 0.00179754 -0.01525864 0.00012486
v 0.00183441 -0.01636603 0.00013550
v 0.00179754 -0.01525864 0.00012486
v 0.00183441 -0.01636603 0.00013550
v 0.00223466 -0.01636603 0.00018667
v 0.00239986 -0.01745586 0.00021779
v 0.00223466 -0.01636603 0.00018667
v 0.00239986 -0.01745586 0.00021779
v 0.00272954 -0.01745586 0.00025196
v 0.00272954 -0.01745586 0.00025196
v 0.00239986 -0.01745586 0.00021779
v 0.00318612 -0.01846292 0.00029846
v 0.00272954 -0.01745586 0.00025196
v 0.00318612 -0.01846292 0.00029846
v 0.00340852 -0.01846292 0.00031624
v 0.00340852 -0.01846292 0.00031624
v 0.00318612 -0.01846292 0.00029846
v 0.00398304 -0.01946560 0.00033667
v 0.00340852 -0.01846292 0.00031624
v 0.00398304 -0.01946560 0.00033667
v 0.00403016 -0.01946560 0.00034088
v 0.00051475 -0.01300051 -0.00010884
v 0.00025133 -0.01300051 -0.00017080
v 0.00064271 -0.01413677 -0.00007772
v 0.00064271 -0.01413677 -0.00007772
v 0.00025133 -0.01300051 -0.00017080
v 0.00051967 -0.01413677 -0.00011351
v 0.00064271 -0.01413677 -0.00007772
v 0.00051967 -0.01413677 -0.00011351
v 0.00100054 -0.01525864 -0.00001807
v 0.00100054 -0.01525864 -0.00001807
v 0.00051967 -0.01413677 -0.00011351
v 0.00094777 -0.01525864 -0.00003912
v 0.00100054 -0.01525864 -0.00001807
v 0.00094777 -0.01525864 -0.00003912
v 0.00149263 -0.01636603 0.00004964
v 0.00149263 -0.01636603 0.00004964
v 0.00094777 -0.01525864 -0.00003912
v 0.00119010 -0.01581331 -0.00001206
v 0.00149263 -0.01636603 0.00004964
v 0.00119010 -0.01581331 -0.00001206
v 0.00147136 -0.01636603 0.00003192
v 0.00147136 -0.01636603 0.00003192
v 0.00119010 -0.01581331 -0.00001206
v 0.00118131 -0.01581331 -0.00002229
v 0.00147136 -0.01636603 0.00003192
v 0.00118131 -0.01581331 -0.00002229
v 0.00146528 -0.01636603 0.00002194
v 0.00146528 -0.01636603 0.00002194
v 0.00118131 -0.01581331 -0.00002229
v 0.00146411 -0.01636603 0.00001685
v 0.00146528 -0.01636603 0.00002194
v 0.00146411 -0.01636603 0.00001685
v 0.00210081 -0.01745586 0.00012110
v 0.00210081 -0.01745586 0.00012110
v 0.00146411 -0.01636603 0.00001685
v 0.00210040 -0.01745586 0.00011213
v 0.00210081 -0.01745586 0.00012110
v 0.00210040 -0.01745586 0.00011213
v 0.00252575 -0.01796622 0.00017502
v 0.00252575 -0.01796622 0.00017502
v 0.00210040 -0.01745586 0.00011213
v 0.00252578 -0.01796622 0.00016716
v 0.00252575 -0.01796622 0.00017502
v 0.00252578 -0.01796622 0.00016716
v 0.00299232 -0.01846292 0.00022547
v 0.00299232 -0.01846292 0.00022547
v 0.00252578 -0.01796622 0.00016716
v 0.00299297 -0.01846292 0.00021904
v 0.00383585 -0.01636603 0.00038042
v 0.00303618 -0.01636603 0.00028133
v 0.00404842 -0.01745586 0.00037724
v 0.00404842 -0.01745586 0.00037724
v 0.00303618 -0.01636603 0.00028133
v 0.00338973 -0.01745586 0.00031238
v 0.00404842 -0.01745586 0.00037724
v 0.00338973 -0.01745586 0.00031238
v 0.00385389 -0.01846292 0.00034436
v 0.00464613 -0.01745586 0.00044532
v 0.00454001 -0.01745586 0.00043287
v 0.00467328 -0.01946560 0.00037491
v 0.00438214 -0.01745586 0.00041452
v 0.00467328 -0.01946560 0.00037491
v 0.00438214 -0.01745586 0.00041452
v 0.00459776 -0.01946560 0.00036946
v 0.00459776 -0.01946560 0.00036946
v 0.00438214 -0.01745586 0.00041452
v 0.00404842 -0.01745586 0.00037724
v 0.00459776 -0.01946560 0.00036946
v 0.00404842 -0.01745586 0.00037724
v 0.00451127 -0.01946560 0.00036382
v 0.00451127 -0.01946560 0.00036382
v 0.00404842 -0.01745586 0.00037724
v 0.00385389 -0.01846292 0.00034436
v 0.00451127 -0.01946560 0.00036382
v 0.00385389 -0.01846292 0.00034436
v 0.00431896 -0.01946560 0.00035392
v 0.00162954 -0.01070801 -0.00011347
v 0.00213953 -0.01300051 -0.00005012
v 0.00108030 -0.01300051 -0.00027516
v 0.00108030 -0.01300051 -0.00027516
v 0.00213953 -0.01300051 -0.00005012
v 0.00141118 -0.01413677 -0.00020776
v 0.00108030 -0.01300051 -0.00027516
v 0.00141118 -0.01413677 -0.00020776
v 0.00090357 -0.01413677 -0.00025076
v 0.00090357 -0.01413677 -0.00025076
v 0.00141118 -0.01413677 -0.00020776
v 0.00134102 -0.01525864 -0.00016506
v 0.00134102 -0.01525864 -0.00016506
v 0.00064895 -0.01413677 -0.00024961
v 0.00110992 -0.01525864 -0.00015527
v 0.00052224 -0.01413677 -0.00023683
v 0.00052224 -0.01413677 -0.00023683
v 0.00099583 -0.01525864 -0.00013834
v 0.00045802 -0.01413677 -0.00022015
v 0.00045802 -0.01413677 -0.00022015
v 0.00099583 -0.01525864 -0.00013834
v 0.00093767 -0.01525864 -0.00011851
v 0.00045802 -0.01413677 -0.00022015
v 0.00093767 -0.01525864 -0.00011851
v 0.00042565 -0.01413677 -0.00020197
v 0.00042565 -0.01413677 -0.00020197
v 0.00093767 -0.01525864 -0.00011851
v 0.00091070 -0.01525864 -0.00009980
v 0.00042565 -0.01413677 -0.00020197
v 0.00091070 -0.01525864 -0.00009980
v 0.00041562 -0.01413677 -0.00019110
v 0.00041562 -0.01413677 -0.00019110
v 0.00091070 -0.01525864 -0.00009980
v 0.00090322 -0.01525864 -0.00008913
v 0.00041562 -0.01413677 -0.00019110
v 0.00090322 -0.01525864 -0.00008913
v 0.00041317 -0.01413677 -0.00018539
v 0.00041317 -0.01413677 -0.00018539
v 0.00090322 -0.01525864 -0.00008913
v 0.00090180 -0.01525864 -0.00008363
v 0.00041317 -0.01413677 -0.00018539
v 0.00090180 -0.01525864 -0.00008363
v 0.00041283 -0.01413677 -0.00017957
v 0.00041283 -0.01413677 -0.00017957
v 0.00090180 -0.01525864 -0.00008363
v 0.00090224 -0.01525864 -0.00007809
v 0.00041283 -0.01413677 -0.00017957
v 0.00090224 -0.01525864 -0.00007809
v 0.00041473 -0.01413677 -0.00017368
v 0.00041473 -0.01413677 -0.00017368
v 0.00090224 -0.01525864 -0.00007809
v 0.00090456 -0.01525864 -0.00007254
v 0.00041473 -0.01413677 -0.00017368
v 0.00090456 -0.01525864 -0.00007254
v 0.00041853 -0.01413677 -0.00016781
v 0.00100462 -0.00183988 0.00052966
v 0.00105896 -0.00212616 0.00055893
v 0.00100453 -0.00183988 0.00052754
v 0.00109443 -0.00226847 0.00057501
v 0.00113596 -0.00241015 0.00059215
v 0.00113585 -0.00241015 0.00058978
v 0.00113585 -0.00241015 0.00058978
v 0.00113596 -0.00241015 0.00059215
v 0.00118364 -0.00255122 0.00061033
v 0.00113585 -0.00241015 0.00058978
v 0.00118364 -0.00255122 0.00061033
v 0.00123742 -0.00269177 0.00062826
v 0.00123530 -0.00269177 0.00062937
v 0.00113596 -0.00241015 0.00059215
v 0.00113353 -0.00241015 0.00059248
v 0.00113353 -0.00241015 0.00059248
v 0.00113596 -0.00241015 0.00059215
v 0.00109443 -0.00226847 0.00057501
v 0.00113353 -0.00241015 0.00059248
v 0.00109443 -0.00226847 0.00057501
v 0.00105698 -0.00212616 0.00055972
v 0.00105698 -0.00212616 0.00055972
v 0.00109443 -0.00226847 0.00057501
v 0.00105896 -0.00212616 0.00055893
v 0.00105698 -0.00212616 0.00055972
v 0.00105896 -0.00212616 0.00055893
v 0.00100299 -0.00183988 0.00053097
v 0.00100299 -0.00183988 0.00053097
v 0.00105896 -0.00212616 0.00055893
v 0.00100462 -0.00183988 0.00052966
v 0.00100299 -0.00183988 0.00053097
v 0.00100462 -0.00183988 0.00052966
v 0.00099781 -0.00179535 0.00052583
v 0.00123530 -0.00269177 0.00062937
v 0.00123742 -0.00269177 0.00062826
v 0.00118364 -0.00255122 0.00061033
v 0.00111628 -0.00241015 0.00058848
v 0.00112930 -0.00241015 0.00059192
v 0.00105329 -0.00212616 0.00055968
v 0.00122875 -0.00269177 0.00062822
v 0.00112930 -0.00241015 0.00059192
v 0.00121440 -0.00269177 0.00062377
v 0.00121440 -0.00269177 0.00062377
v 0.00112930 -0.00241015 0.00059192
v 0.00111628 -0.00241015 0.00058848
v 0.00121440 -0.00269177 0.00062377
v 0.00111628 -0.00241015 0.00058848
v 0.00112728 -0.00269177 0.00058969
v 0.00135377 -0.00297190 0.00066533
v 0.00129457 -0.00283195 0.00064772
v 0.00135449 -0.00297190 0.00066720
v 0.00159748 -0.00353204 0.00073799
v 0.00170971 -0.00381369 0.00076342
v 0.00147511 -0.00325162 0.00070020
v 0.00159748 -0.00353204 0.00073799
v 0.00147511 -0.00325162 0.00070020
v 0.00147773 -0.00325162 0.00070473
v 0.00135377 -0.00297190 0.00066533
v 0.00147773 -0.00325162 0.00070473
v 0.00135377 -0.00297190 0.00066533
v 0.00135449 -0.00297190 0.00066720
v 0.00123742 -0.00269177 0.00062826
v 0.00123530 -0.00269177 0.00062937
v 0.00135449 -0.00297190 0.00066720
v 0.00147146 -0.00325162 0.00070449
v 0.00135449 -0.00297190 0.00066720
v 0.00123530 -0.00269177 0.00062937
v 0.00113596 -0.00241015 0.00059215
v 0.00123530 -0.00269177 0.00062937
v 0.00118364 -0.00255122 0.00061033
v 0.00100299 -0.00183988 0.00053097
v 0.00105329 -0.00212616 0.00055968
v 0.00105698 -0.00212616 0.00055972
v 0.00105698 -0.00212616 0.00055972
v 0.00105329 -0.00212616 0.00055968
v 0.00112930 -0.00241015 0.00059192
v 0.00105698 -0.00212616 0.00055972
v 0.00112930 -0.00241015 0.00059192
v 0.00113353 -0.00241015 0.00059248
v 0.00122875 -0.00269177 0.00062822
v 0.00113353 -0.00241015 0.00059248
v 0.00122875 -0.00269177 0.00062822
v 0.00123530 -0.00269177 0.00062937
v 0.00123530 -0.00269177 0.00062937
v 0.00122875 -0.00269177 0.00062822
v 0.00146533 -0.00325162 0.00070276
v 0.00123530 -0.00269177 0.00062937
v 0.00146533 -0.00325162 0.00070276
v 0.00147146 -0.00325162 0.00070449
v 0.00169324 -0.00381369 0.00076183
v 0.00170622 -0.00381369 0.00076565
v 0.00147567 -0.00325162 0.00070519
v 0.00147567 -0.00325162 0.00070519
v 0.00170622 -0.00381369 0.00076565
v 0.00159748 -0.00353204 0.00073799
v 0.00147567 -0.00325162 0.00070519
v 0.00159748 -0.00353204 0.00073799
v 0.00147773 -0.00325162 0.00070473
v 0.00099627 -0.00179621 0.00052704
v 0.00099400 -0.00179746 0.00052766
v 0.00100299 -0.00183988 0.00053097
v 0.00100299 -0.00183988 0.00053097
v 0.00099400 -0.00179746 0.00052766
v 0.00099979 -0.00183988 0.00053153
v 0.00100299 -0.00183988 0.00053097
v 0.00099979 -0.00183988 0.00053153
v 0.00105329 -0.00212616 0.00055968
v 0.00105329 -0.00212616 0.00055968
v 0.00099979 -0.00183988 0.00053153
v 0.00104159 -0.00212616 0.00055746
v 0.00111628 -0.00241015 0.00058848
v 0.00111628 -0.00241015 0.00058848
v 0.00096557 -0.00212616 0.00053344
v 0.00112728 -0.00269177 0.00058969
v 0.00112728 -0.00269177 0.00058969
v 0.00084310 -0.00212616 0.00049436
v 0.00099184 -0.00269177 0.00053506
v 0.00099184 -0.00269177 0.00053506
v 0.00084310 -0.00212616 0.00049436
v 0.00058854 -0.00212616 0.00041500
v 0.00192032 -0.00437996 0.00080544
v 0.00192151 -0.00437996 0.00080773
v 0.00202535 -0.00466419 0.00082458
v 0.00191655 -0.00437996 0.00080174
v 0.00192032 -0.00437996 0.00080544
v 0.00212800 -0.00494899 0.00083575
v 0.00181726 -0.00409639 0.00078797
v 0.00170946 -0.00381369 0.00076577
v 0.00191564 -0.00437996 0.00080782
v 0.00181726 -0.00409639 0.00078797
v 0.00191564 -0.00437996 0.00080782
v 0.00192151 -0.00437996 0.00080773
v 0.00232195 -0.00551987 0.00084734
v 0.00212144 -0.00494899 0.00083717
v 0.00207912 -0.00494899 0.00082092
v 0.00207912 -0.00494899 0.00082092
v 0.00212144 -0.00494899 0.00083717
v 0.00191564 -0.00437996 0.00080782
v 0.00192032 -0.00437996 0.00080544
v 0.00202535 -0.00466419 0.00082458
v 0.00212800 -0.00494899 0.00083575
v 0.00212800 -0.00494899 0.00083575
v 0.00202535 -0.00466419 0.00082458
v 0.00212878 -0.00494899 0.00083782
v 0.00223098 -0.00523424 0.00084628
v 0.00181726 -0.00409639 0.00078797
v 0.00192151 -0.00437996 0.00080773
v 0.00191564 -0.00437996 0.00080782
v 0.00202340 -0.00466419 0.00082516
v 0.00202340 -0.00466419 0.00082516
v 0.00191564 -0.00437996 0.00080782
v 0.00212144 -0.00494899 0.00083717
v 0.00202340 -0.00466419 0.00082516
v 0.00212144 -0.00494899 0.00083717
v 0.00212652 -0.00494899 0.00083825
v 0.00212652 -0.00494899 0.00083825
v 0.00212144 -0.00494899 0.00083717
v 0.00232195 -0.00551987 0.00084734
v 0.00212652 -0.00494899 0.00083825
v 0.00232195 -0.00551987 0.00084734
v 0.00232799 -0.00551987 0.00084884
v 0.00191655 -0.00437996 0.00080174
v 0.00212800 -0.00494899 0.00083575
v 0.00212439 -0.00494899 0.00083217
v 0.00212439 -0.00494899 0.00083217
v 0.00212800 -0.00494899 0.00083575
v 0.00223098 -0.00523424 0.00084628
v 0.00212439 -0.00494899 0.00083217
v 0.00223098 -0.00523424 0.00084628
v 0.00232776 -0.00551987 0.00084371
v 0.00232776 -0.00551987 0.00084371
v 0.00223098 -0.00523424 0.00084628
v 0.00233110 -0.00551987 0.00084879
v 0.00242875 -0.00580583 0.00084539
v 0.00147773 -0.00325162 0.00070473
v 0.00135449 -0.00297190 0.00066720
v 0.00147567 -0.00325162 0.00070519
v 0.00147567 -0.00325162 0.00070519
v 0.00135449 -0.00297190 0.00066720
v 0.00147146 -0.00325162 0.00070449
v 0.00147567 -0.00325162 0.00070519
v 0.00147146 -0.00325162 0.00070449
v 0.00169324 -0.00381369 0.00076183
v 0.00169324 -0.00381369 0.00076183
v 0.00147146 -0.00325162 0.00070449
v 0.00146533 -0.00325162 0.00070276
v 0.00169324 -0.00381369 0.00076183
v 0.00146533 -0.00325162 0.00070276
v 0.00167337 -0.00381369 0.00075417
v 0.00167337 -0.00381369 0.00075417
v 0.00146533 -0.00325162 0.00070276
v 0.00121440 -0.00269177 0.00062377
v 0.00167337 -0.00381369 0.00075417
v 0.00121440 -0.00269177 0.00062377
v 0.00156754 -0.00381369 0.00070779
v 0.00156754 -0.00381369 0.00070779
v 0.00121440 -0.00269177 0.00062377
v 0.00112728 -0.00269177 0.00058969
v 0.00112728 -0.00269177 0.00058969
v 0.00140775 -0.00381369 0.00063760
v 0.00140775 -0.00381369 0.00063760
v 0.00112728 -0.00269177 0.00058969
v 0.00099184 -0.00269177 0.00053506
v 0.00071500 -0.00269177 0.00042502
v 0.00071500 -0.00269177 0.00042502
v 0.00099184 -0.00269177 0.00053506
v 0.00058854 -0.00212616 0.00041500
v 0.00071500 -0.00269177 0.00042502
v 0.00058854 -0.00212616 0.00041500
v 0.00006942 -0.00212616 0.00025891
v 0.00006942 -0.00212616 0.00025891
v 0.00058854 -0.00212616 0.00041500
v 0.00021669 -0.00204254 0.00031567
v 0.00006942 -0.00212616 0.00025891
v 0.00021669 -0.00204254 0.00031567
v 0.00000002 -0.00205400 0.00025094
v 0.00252260 -0.00609219 0.00083376
v 0.00252425 -0.00609219 0.00083542
v 0.00288934 -0.00724219 0.00079819
v 0.00202535 -0.00466419 0.00082458
v 0.00192151 -0.00437996 0.00080773
v 0.00202340 -0.00466419 0.00082516
v 0.00202535 -0.00466419 0.00082458
v 0.00202340 -0.00466419 0.00082516
v 0.00212878 -0.00494899 0.00083782
v 0.00212878 -0.00494899 0.00083782
v 0.00202340 -0.00466419 0.00082516
v 0.00212652 -0.00494899 0.00083825
v 0.00212878 -0.00494899 0.00083782
v 0.00212652 -0.00494899 0.00083825
v 0.00223098 -0.00523424 0.00084628
v 0.00223098 -0.00523424 0.00084628
v 0.00212652 -0.00494899 0.00083825
v 0.00232799 -0.00551987 0.00084884
v 0.00223098 -0.00523424 0.00084628
v 0.00232799 -0.00551987 0.00084884
v 0.00233110 -0.00551987 0.00084879
v 0.00233110 -0.00551987 0.00084879
v 0.00232799 -0.00551987 0.00084884
v 0.00242875 -0.00580583 0.00084539
v 0.00210796 -0.00609219 0.00057874
v 0.00252260 -0.00609219 0.00083376
v 0.00322100 -0.00839654 0.00075561
v 0.00322100 -0.00839654 0.00075561
v 0.00252260 -0.00609219 0.00083376
v 0.00288934 -0.00724219 0.00079819
v 0.00322100 -0.00839654 0.00075561
v 0.00288934 -0.00724219 0.00079819
v 0.00322274 -0.00839654 0.00075796
v 0.00322274 -0.00839654 0.00075796
v 0.00288934 -0.00724219 0.00079819
v 0.00305981 -0.00781902 0.00077838
v 0.00352325 -0.00955284 0.00071811
v 0.00322274 -0.00839654 0.00075796
v 0.00322039 -0.00839654 0.00075866
v 0.00322039 -0.00839654 0.00075866
v 0.00322274 -0.00839654 0.00075796
v 0.00305981 -0.00781902 0.00077838
v 0.00322039 -0.00839654 0.00075866
v 0.00305981 -0.00781902 0.00077838
v 0.00320454 -0.00839654 0.00075550
v 0.00252419 -0.00609219 0.00083791
v 0.00320454 -0.00839654 0.00075550
v 0.00288934 -0.00724219 0.00079819
v 0.00288934 -0.00724219 0.00079819
v 0.00320454 -0.00839654 0.00075550
v 0.00305981 -0.00781902 0.00077838
v 0.00352325 -0.00955284 0.00071811
v 0.00379038 -0.01070801 0.00067831
v 0.00378876 -0.01070801 0.00067617
v 0.00378876 -0.01070801 0.00067617
v 0.00379038 -0.01070801 0.00067831
v 0.00402348 -0.01185784 0.00063863
v 0.00378876 -0.01070801 0.00067617
v 0.00402348 -0.01185784 0.00063863
v 0.00422117 -0.01300051 0.00059731
v 0.00170946 -0.00381369 0.00076577
v 0.00159748 -0.00353204 0.00073799
v 0.00170622 -0.00381369 0.00076565
v 0.00170946 -0.00381369 0.00076577
v 0.00170622 -0.00381369 0.00076565
v 0.00191564 -0.00437996 0.00080782
v 0.00191564 -0.00437996 0.00080782
v 0.00170622 -0.00381369 0.00076565
v 0.00169324 -0.00381369 0.00076183
v 0.00191564 -0.00437996 0.00080782
v 0.00169324 -0.00381369 0.00076183
v 0.00207912 -0.00494899 0.00082092
v 0.00207912 -0.00494899 0.00082092
v 0.00169324 -0.00381369 0.00076183
v 0.00167337 -0.00381369 0.00075417
v 0.00207912 -0.00494899 0.00082092
v 0.00167337 -0.00381369 0.00075417
v 0.00195404 -0.00494899 0.00076521
v 0.00195404 -0.00494899 0.00076521
v 0.00167337 -0.00381369 0.00075417
v 0.00156754 -0.00381369 0.00070779
v 0.00176772 -0.00494899 0.00068228
v 0.00140775 -0.00381369 0.00063760
v 0.00107311 -0.00381369 0.00049238
v 0.00107311 -0.00381369 0.00049238
v 0.00140775 -0.00381369 0.00063760
v 0.00071500 -0.00269177 0.00042502
v 0.00107311 -0.00381369 0.00049238
v 0.00071500 -0.00269177 0.00042502
v 0.00017030 -0.00269177 0.00021862
v 0.00017030 -0.00269177 0.00021862
v 0.00071500 -0.00269177 0.00042502
v 0.00006942 -0.00212616 0.00025891
v 0.00017030 -0.00269177 0.00021862
v 0.00006942 -0.00212616 0.00025891
v -0.00045183 -0.00212616 0.00009454
v -0.00045183 -0.00212616 0.00009454
v 0.00006942 -0.00212616 0.00025891
v -0.00009022 -0.00205202 0.00022411
v -0.00045183 -0.00212616 0.00009454
v -0.00009022 -0.00205202 0.00022411
v -0.00048364 -0.00199625 0.00011360
v -0.00053676 -0.00609219 -0.00040636
v -0.00059197 -0.00381369 -0.00020554
v -0.00075232 -0.00609219 -0.00050592
v -0.00075232 -0.00609219 -0.00050592
v -0.00059197 -0.00381369 -0.00020554
v -0.00075332 -0.00381369 -0.00028580
v -0.00075232 -0.00609219 -0.00050592
v -0.00075332 -0.00381369 -0.00028580
v -0.00085643 -0.00609219 -0.00056438
v -0.00085643 -0.00609219 -0.00056438
v -0.00075332 -0.00381369 -0.00028580
v -0.00082982 -0.00381369 -0.00033394
v -0.00085643 -0.00609219 -0.00056438
v -0.00082982 -0.00381369 -0.00033394
v -0.00090400 -0.00609219 -0.00059861
v -0.00090400 -0.00609219 -0.00059861
v -0.00082982 -0.00381369 -0.00033394
v -0.00086390 -0.00381369 -0.00036276
v -0.00090400 -0.00609219 -0.00059861
v -0.00086390 -0.00381369 -0.00036276
v -0.00092756 -0.00609219 -0.00062317
v -0.00092756 -0.00609219 -0.00062317
v -0.00086390 -0.00381369 -0.00036276
v -0.00087899 -0.00381369 -0.00038264
v -0.00092756 -0.00609219 -0.00062317
v -0.00087899 -0.00381369 -0.00038264
v -0.00093542 -0.00609219 -0.00063621
v -0.00093542 -0.00609219 -0.00063621
v -0.00087899 -0.00381369 -0.00038264
v -0.00088402 -0.00381369 -0.00039331
v -0.00093542 -0.00609219 -0.00063621
v -0.00088402 -0.00381369 -0.00039331
v -0.00093736 -0.00609219 -0.00064245
v -0.00093736 -0.00609219 -0.00064245
v -0.00088402 -0.00381369 -0.00039331
v -0.00088588 -0.00381369 -0.00040357
v -0.00093736 -0.00609219 -0.00064245
v -0.00088588 -0.00381369 -0.00040357
v -0.00093761 -0.00609219 -0.00064831
v -0.00093761 -0.00609219 -0.00064831
v -0.00088588 -0.00381369 -0.00040357
v -0.00093593 -0.00609219 -0.00065368
v -0.00089259 -0.00269177 -0.00023609
v -0.00089110 -0.00269177 -0.00024421
v -0.00088525 -0.00381369 -0.00040833
v -0.00085644 -0.00381369 -0.00043276
v -0.00091216 -0.00494899 -0.00056417
v -0.00087716 -0.00381369 -0.00042067
v -0.00087716 -0.00381369 -0.00042067
v -0.00091216 -0.00494899 -0.00056417
v -0.00092050 -0.00494899 -0.00055584
v -0.00087716 -0.00381369 -0.00042067
v -0.00092050 -0.00494899 -0.00055584
v -0.00088351 -0.00381369 -0.00041276
v -0.00092050 -0.00494899 -0.00055584
v -0.00088525 -0.00381369 -0.00040833
v -0.00088351 -0.00381369 -0.00041276
v -0.00088351 -0.00381369 -0.00041276
v -0.00088525 -0.00381369 -0.00040833
v -0.00089110 -0.00269177 -0.00024421
v -0.00088351 -0.00381369 -0.00041276
v -0.00089110 -0.00269177 -0.00024421
v -0.00087716 -0.00381369 -0.00042067
v -0.00087716 -0.00381369 -0.00042067
v -0.00089110 -0.00269177 -0.00024421
v -0.00088695 -0.00269177 -0.00025159
v -0.00088695 -0.00269177 -0.00025159
v -0.00085644 -0.00381369 -0.00043276
v -0.00088695 -0.00269177 -0.00025159
v -0.00087273 -0.00269177 -0.00026403
v -0.00085644 -0.00381369 -0.00043276
v -0.00087273 -0.00269177 -0.00026403
v -0.00080850 -0.00381369 -0.00044315
v -0.00080850 -0.00381369 -0.00044315
v -0.00087273 -0.00269177 -0.00026403
v -0.00083529 -0.00269177 -0.00027925
v -0.00080850 -0.00381369 -0.00044315
v -0.00083529 -0.00269177 -0.00027925
v -0.00071923 -0.00381369 -0.00044089
v 0.00426734 -0.01328555 0.00058942
v 0.00422117 -0.01300051 0.00059731
v 0.00422270 -0.01300051 0.00059929
v 0.00422270 -0.01300051 0.00059929
v 0.00422117 -0.01300051 0.00059731
v 0.00402348 -0.01185784 0.00063863
v 0.00379038 -0.01070801 0.00067831
v 0.00352325 -0.00955284 0.00071811
v 0.00378759 -0.01070801 0.00067902
v 0.00378759 -0.01070801 0.00067902
v 0.00352325 -0.00955284 0.00071811
v 0.00322039 -0.00839654 0.00075866
v 0.00378759 -0.01070801 0.00067902
v 0.00322039 -0.00839654 0.00075866
v 0.00377011 -0.01070801 0.00067663
v 0.00377011 -0.01070801 0.00067663
v 0.00322039 -0.00839654 0.00075866
v 0.00320454 -0.00839654 0.00075550
v 0.00377011 -0.01070801 0.00067663
v 0.00320454 -0.00839654 0.00075550
v 0.00370031 -0.01070801 0.00066044
v 0.00370031 -0.01070801 0.00066044
v 0.00320454 -0.00839654 0.00075550
v 0.00314000 -0.00839654 0.00073568
v 0.00370031 -0.01070801 0.00066044
v 0.00314000 -0.00839654 0.00073568
v 0.00352212 -0.01070801 0.00061399
v 0.00352212 -0.01070801 0.00061399
v 0.00314000 -0.00839654 0.00073568
v 0.00297351 -0.00839654 0.00067913
v 0.00297351 -0.00839654 0.00067913
v 0.00325935 -0.01070801 0.00054613
v 0.00325935 -0.01070801 0.00054613
v 0.00297351 -0.00839654 0.00067913
v 0.00272786 -0.00839654 0.00059630
v 0.00325935 -0.01070801 0.00054613
v 0.00272786 -0.00839654 0.00059630
v 0.00269822 -0.01070801 0.00040276
v 0.00269822 -0.01070801 0.00040276
v 0.00272786 -0.00839654 0.00059630
v 0.00220377 -0.00839654 0.00042116
v 0.00269822 -0.01070801 0.00040276
v 0.00220377 -0.00839654 0.00042116
v 0.00116879 -0.00839654 0.00008509
v 0.00078576 -0.00609219 0.00012623
v 0.00116879 -0.00839654 0.00008509
v 0.00078576 -0.00609219 0.00012623
v 0.00000764 -0.00724219 -0.00026533
v 0.00000764 -0.00724219 -0.00026533
v 0.00078576 -0.00609219 0.00012623
v -0.00009686 -0.00609219 -0.00022662
v 0.00000764 -0.00724219 -0.00026533
v -0.00009686 -0.00609219 -0.00022662
v -0.00053676 -0.00609219 -0.00040636
v -0.00053676 -0.00609219 -0.00040636
v -0.00009686 -0.00609219 -0.00022662
v -0.00026003 -0.00381369 -0.00006366
v -0.00053676 -0.00609219 -0.00040636
v -0.00026003 -0.00381369 -0.00006366
v -0.00059197 -0.00381369 -0.00020554
v -0.00059197 -0.00381369 -0.00020554
v -0.00026003 -0.00381369 -0.00006366
v -0.00065180 -0.00269177 -0.00007962
v -0.00059197 -0.00381369 -0.00020554
v -0.00065180 -0.00269177 -0.00007962
v -0.00075332 -0.00381369 -0.00028580
v -0.00075332 -0.00381369 -0.00028580
v -0.00065180 -0.00269177 -0.00007962
v -0.00078616 -0.00269177 -0.00013941
v -0.00075332 -0.00381369 -0.00028580
v -0.00078616 -0.00269177 -0.00013941
v -0.00082982 -0.00381369 -0.00033394
v -0.00082982 -0.00381369 -0.00033394
v -0.00078616 -0.00269177 -0.00013941
v -0.00084935 -0.00269177 -0.00017752
v -0.00082982 -0.00381369 -0.00033394
v -0.00084935 -0.00269177 -0.00017752
v -0.00086390 -0.00381369 -0.00036276
v -0.00086390 -0.00381369 -0.00036276
v -0.00084935 -0.00269177 -0.00017752
v -0.00087690 -0.00269177 -0.00020190
v -0.00086390 -0.00381369 -0.00036276
v -0.00087690 -0.00269177 -0.00020190
v -0.00087899 -0.00381369 -0.00038264
v -0.00087899 -0.00381369 -0.00038264
v -0.00087690 -0.00269177 -0.00020190
v -0.00088787 -0.00269177 -0.00021850
v -0.00087899 -0.00381369 -0.00038264
v -0.00088787 -0.00269177 -0.00021850
v -0.00088402 -0.00381369 -0.00039331
v -0.00088402 -0.00381369 -0.00039331
v -0.00088787 -0.00269177 -0.00021850
v -0.00089259 -0.00269177 -0.00023609
v -0.00088402 -0.00381369 -0.00039331
v -0.00089259 -0.00269177 -0.00023609
v -0.00088588 -0.00381369 -0.00040357
v -0.00088588 -0.00381369 -0.00040357
v -0.00089259 -0.00269177 -0.00023609
v -0.00088525 -0.00381369 -0.00040833
v -0.00088588 -0.00381369 -0.00040357
v -0.00088525 -0.00381369 -0.00040833
v -0.00093593 -0.00609219 -0.00065368
v -0.00093593 -0.00609219 -0.00065368
v -0.00088525 -0.00381369 -0.00040833
v -0.00092050 -0.00494899 -0.00055584
v -0.00093593 -0.00609219 -0.00065368
v -0.00092050 -0.00494899 -0.00055584
v -0.00093246 -0.00609219 -0.00065854
v -0.00093246 -0.00609219 -0.00065854
v -0.00092050 -0.00494899 -0.00055584
v -0.00091216 -0.00494899 -0.00056417
v -0.00093246 -0.00609219 -0.00065854
v -0.00091216 -0.00494899 -0.00056417
v -0.00092121 -0.00609219 -0.00066677
v -0.00092121 -0.00609219 -0.00066677
v -0.00091216 -0.00494899 -0.00056417
v -0.00088859 -0.00609219 -0.00067765
v -0.00088859 -0.00609219 -0.00067765
v -0.00091216 -0.00494899 -0.00056417
v -0.00085644 -0.00381369 -0.00043276
v -0.00088859 -0.00609219 -0.00067765
v -0.00085644 -0.00381369 -0.00043276
v -0.00082656 -0.00609219 -0.00068146
v -0.00082656 -0.00609219 -0.00068146
v -0.00085644 -0.00381369 -0.00043276
v -0.00080850 -0.00381369 -0.00044315
v -0.00082656 -0.00609219 -0.00068146
v -0.00080850 -0.00381369 -0.00044315
v -0.00070855 -0.00609219 -0.00066927
v -0.00070855 -0.00609219 -0.00066927
v -0.00080850 -0.00381369 -0.00044315
v -0.00071923 -0.00381369 -0.00044089
v -0.00070855 -0.00609219 -0.00066927
v -0.00071923 -0.00381369 -0.00044089
v -0.00047606 -0.00609219 -0.00062104
v 0.00252419 -0.00609219 0.00083791
v 0.00251995 -0.00609219 0.00083745
v 0.00320454 -0.00839654 0.00075550
v 0.00320454 -0.00839654 0.00075550
v 0.00251995 -0.00609219 0.00083745
v 0.00251267 -0.00609219 0.00083546
v 0.00320454 -0.00839654 0.00075550
v 0.00251267 -0.00609219 0.00083546
v 0.00314000 -0.00839654 0.00073568
v 0.00314000 -0.00839654 0.00073568
v 0.00251267 -0.00609219 0.00083546
v 0.00246050 -0.00609219 0.00081576
v 0.00314000 -0.00839654 0.00073568
v 0.00246050 -0.00609219 0.00081576
v 0.00297351 -0.00839654 0.00067913
v 0.00297351 -0.00839654 0.00067913
v 0.00246050 -0.00609219 0.00081576
v 0.00231905 -0.00609219 0.00075602
v 0.00297351 -0.00839654 0.00067913
v 0.00231905 -0.00609219 0.00075602
v 0.00272786 -0.00839654 0.00059630
v 0.00272786 -0.00839654 0.00059630
v 0.00231905 -0.00609219 0.00075602
v 0.00210975 -0.00609219 0.00066804
v 0.00272786 -0.00839654 0.00059630
v 0.00210975 -0.00609219 0.00066804
v 0.00220377 -0.00839654 0.00042116
v 0.00220377 -0.00839654 0.00042116
v 0.00210975 -0.00609219 0.00066804
v 0.00166517 -0.00609219 0.00048281
v 0.00220377 -0.00839654 0.00042116
v 0.00166517 -0.00609219 0.00048281
v 0.00078576 -0.00609219 0.00012623
v 0.00078576 -0.00609219 0.00012623
v 0.00166517 -0.00609219 0.00048281
v 0.00040797 -0.00381369 0.00021316
v 0.00078576 -0.00609219 0.00012623
v 0.00040797 -0.00381369 0.00021316
v -0.00026003 -0.00381369 -0.00006366
v -0.00026003 -0.00381369 -0.00006366
v 0.00040797 -0.00381369 0.00021316
v -0.00037686 -0.00269177 0.00002103
v -0.00026003 -0.00381369 -0.00006366
v -0.00037686 -0.00269177 0.00002103
v -0.00065180 -0.00269177 -0.00007962
v -0.00065180 -0.00269177 -0.00007962
v -0.00037686 -0.00269177 0.00002103
v -0.00082785 -0.00187978 0.00000757
v -0.00065180 -0.00269177 -0.00007962
v -0.00082785 -0.00187978 0.00000757
v -0.00078616 -0.00269177 -0.00013941
v -0.00078616 -0.00269177 -0.00013941
v -0.00082785 -0.00187978 0.00000757
v -0.00090495 -0.00184390 -0.00003534
v -0.00078616 -0.00269177 -0.00013941
v -0.00090495 -0.00184390 -0.00003534
v -0.00084935 -0.00269177 -0.00017752
v -0.00084935 -0.00269177 -0.00017752
v -0.00090495 -0.00184390 -0.00003534
v -0.00092119 -0.00183584 -0.00005282
v -0.00084935 -0.00269177 -0.00017752
v -0.00092119 -0.00183584 -0.00005282
v -0.00087690 -0.00269177 -0.00020190
v -0.00087690 -0.00269177 -0.00020190
v -0.00092119 -0.00183584 -0.00005282
v -0.00092796 -0.00183243 -0.00006689
v -0.00087690 -0.00269177 -0.00020190
v -0.00092796 -0.00183243 -0.00006689
v -0.00088787 -0.00269177 -0.00021850
v -0.00088787 -0.00269177 -0.00021850
v -0.00092796 -0.00183243 -0.00006689
v -0.00092950 -0.00183165 -0.00007574
v -0.00088787 -0.00269177 -0.00021850
v -0.00092950 -0.00183165 -0.00007574
v -0.00089259 -0.00269177 -0.00023609
v -0.00089259 -0.00269177 -0.00023609
v -0.00092950 -0.00183165 -0.00007574
v -0.00092841 -0.00183220 -0.00008470
v -0.00089259 -0.00269177 -0.00023609
v -0.00092841 -0.00183220 -0.00008470
v -0.00089110 -0.00269177 -0.00024421
v -0.00089110 -0.00269177 -0.00024421
v -0.00092841 -0.00183220 -0.00008470
v -0.00091345 -0.00212616 -0.00015194
v -0.00089110 -0.00269177 -0.00024421
v -0.00091345 -0.00212616 -0.00015194
v -0.00088695 -0.00269177 -0.00025159
v -0.00088695 -0.00269177 -0.00025159
v -0.00091345 -0.00212616 -0.00015194
v -0.00090220 -0.00212616 -0.00016432
v -0.00090220 -0.00212616 -0.00016432
v -0.00087273 -0.00269177 -0.00026403
v -0.00090220 -0.00212616 -0.00016432
v -0.00087086 -0.00212616 -0.00018157
v -0.00087273 -0.00269177 -0.00026403
v -0.00087086 -0.00212616 -0.00018157
v -0.00083529 -0.00269177 -0.00027925
v -0.00083529 -0.00269177 -0.00027925
v -0.00087086 -0.00212616 -0.00018157
v -0.00076249 -0.00269177 -0.00028712
v -0.00083529 -0.00269177 -0.00027925
v -0.00076249 -0.00269177 -0.00028712
v -0.00071923 -0.00381369 -0.00044089
v -0.00071923 -0.00381369 -0.00044089
v -0.00076249 -0.00269177 -0.00028712
v -0.00054141 -0.00381369 -0.00041232
v -0.00071923 -0.00381369 -0.00044089
v -0.00054141 -0.00381369 -0.00041232
v -0.00047606 -0.00609219 -0.00062104
v -0.00047606 -0.00609219 -0.00062104
v -0.00054141 -0.00381369 -0.00041232
v -0.00002213 -0.00609219 -0.00048102
v -0.00066692 -0.00166568 -0.00012640
v -0.00052845 -0.00169180 -0.00012640
v -0.00061514 -0.00269177 -0.00027783
v -0.00061514 -0.00269177 -0.00027783
v -0.00052845 -0.00169180 -0.00012640
v -0.00032821 -0.00269177 -0.00021469
v -0.00061514 -0.00269177 -0.00027783
v -0.00032821 -0.00269177 -0.00021469
v -0.00019531 -0.00381369 -0.00031173
v -0.00019531 -0.00381369 -0.00031173
v -0.00032821 -0.00269177 -0.00021469
v 0.00021092 -0.00269177 0.00000714
v -0.00019531 -0.00381369 -0.00031173
v 0.00021092 -0.00269177 0.00000714
v 0.00046304 -0.00381369 -0.00001536
v 0.00097156 -0.00269177 0.00044666
v 0.00082086 -0.00212616 0.00038974
v 0.00104938 -0.00212616 0.00054730
v 0.00104938 -0.00212616 0.00054730
v 0.00082086 -0.00212616 0.00038974
v 0.00082790 -0.00187976 0.00039425
v 0.00104938 -0.00212616 0.00054730
v 0.00082790 -0.00187976 0.00039425
v 0.00095839 -0.00181670 0.00048887
v 0.00105896 -0.00212616 0.00055893
v 0.00109443 -0.00226847 0.00057501
v 0.00105736 -0.00212616 0.00055465
v 0.00105736 -0.00212616 0.00055465
v 0.00109443 -0.00226847 0.00057501
v 0.00113585 -0.00241015 0.00058978
v 0.00105736 -0.00212616 0.00055465
v 0.00113585 -0.00241015 0.00058978
v 0.00104938 -0.00212616 0.00054730
v 0.00112674 -0.00241015 0.00058141
v 0.00104938 -0.00212616 0.00054730
v 0.00112674 -0.00241015 0.00058141
v 0.00097156 -0.00269177 0.00044666
v 0.00047784 -0.00199764 0.00018645
v 0.00082790 -0.00187976 0.00039425
v 0.00058828 -0.00212616 0.00024787
v 0.00058828 -0.00212616 0.00024787
v 0.00082790 -0.00187976 0.00039425
v 0.00082086 -0.00212616 0.00038974
v 0.00058828 -0.00212616 0.00024787
v 0.00082086 -0.00212616 0.00038974
v 0.00071947 -0.00269177 0.00028892
v 0.00071947 -0.00269177 0.00028892
v 0.00082086 -0.00212616 0.00038974
v 0.00097156 -0.00269177 0.00044666
v 0.00071947 -0.00269177 0.00028892
v 0.00097156 -0.00269177 0.00044666
v 0.00108865 -0.00381369 0.00034458
v 0.00175919 -0.00494899 0.00059015
v 0.00139651 -0.00381369 0.00054366
v 0.00170453 -0.00381369 0.00075810
v 0.00170453 -0.00381369 0.00075810
v 0.00139651 -0.00381369 0.00054366
v 0.00122834 -0.00269177 0.00061922
v 0.00170453 -0.00381369 0.00075810
v 0.00122834 -0.00269177 0.00061922
v 0.00147511 -0.00325162 0.00070020
v 0.00147511 -0.00325162 0.00070020
v 0.00122834 -0.00269177 0.00061922
v 0.00123314 -0.00269177 0.00062314
v 0.00147511 -0.00325162 0.00070020
v 0.00123314 -0.00269177 0.00062314
v 0.00135377 -0.00297190 0.00066533
v 0.00135377 -0.00297190 0.00066533
v 0.00123314 -0.00269177 0.00062314
v 0.00123624 -0.00269177 0.00062619
v 0.00135377 -0.00297190 0.00066533
v 0.00123624 -0.00269177 0.00062619
v 0.00129457 -0.00283195 0.00064772
v 0.00210796 -0.00609219 0.00057874
v 0.00139390 -0.00494899 0.00036310
v 0.00175919 -0.00494899 0.00059015
v 0.00175919 -0.00494899 0.00059015
v 0.00139390 -0.00494899 0.00036310
v 0.00108865 -0.00381369 0.00034458
v 0.00175919 -0.00494899 0.00059015
v 0.00108865 -0.00381369 0.00034458
v 0.00139651 -0.00381369 0.00054366
v 0.00139651 -0.00381369 0.00054366
v 0.00108865 -0.00381369 0.00034458
v 0.00097156 -0.00269177 0.00044666
v 0.00139651 -0.00381369 0.00054366
v 0.00097156 -0.00269177 0.00044666
v 0.00122834 -0.00269177 0.00061922
v 0.00122834 -0.00269177 0.00061922
v 0.00097156 -0.00269177 0.00044666
v 0.00112674 -0.00241015 0.00058141
v 0.00122834 -0.00269177 0.00061922
v 0.00112674 -0.00241015 0.00058141
v 0.00123314 -0.00269177 0.00062314
v 0.00123314 -0.00269177 0.00062314
v 0.00112674 -0.00241015 0.00058141
v 0.00113585 -0.00241015 0.00058978
v 0.00123314 -0.00269177 0.00062314
v 0.00113585 -0.00241015 0.00058978
v 0.00123624 -0.00269177 0.00062619
v 0.00123624 -0.00269177 0.00062619
v 0.00113585 -0.00241015 0.00058978
v 0.00123742 -0.00269177 0.00062826
v 0.00123624 -0.00269177 0.00062619
v 0.00123742 -0.00269177 0.00062826
v 0.00129457 -0.00283195 0.00064772
v -0.00002213 -0.00609219 -0.00048102
v 0.00007682 -0.00724219 -0.00052510
v -0.00047606 -0.00609219 -0.00062104
v -0.00047606 -0.00609219 -0.00062104
v 0.00007682 -0.00724219 -0.00052510
v -0.00041923 -0.00724219 -0.00066431
v -0.00047606 -0.00609219 -0.00062104
v -0.00041923 -0.00724219 -0.00066431
v -0.00070855 -0.00609219 -0.00066927
v -0.00070855 -0.00609219 -0.00066927
v -0.00041923 -0.00724219 -0.00066431
v -0.00067231 -0.00724219 -0.00071184
v -0.00070855 -0.00609219 -0.00066927
v -0.00067231 -0.00724219 -0.00071184
v -0.00082656 -0.00609219 -0.00068146
v -0.00082656 -0.00609219 -0.00068146
v -0.00067231 -0.00724219 -0.00071184
v -0.00080067 -0.00724219 -0.00072353
v -0.00082656 -0.00609219 -0.00068146
v -0.00080067 -0.00724219 -0.00072353
v -0.00088859 -0.00609219 -0.00067765
v -0.00086731 -0.00724219 -0.00071979
v -0.00088859 -0.00609219 -0.00067765
v -0.00086731 -0.00724219 -0.00071979
v -0.00092121 -0.00609219 -0.00066677
v -0.00092121 -0.00609219 -0.00066677
v -0.00086731 -0.00724219 -0.00071979
v -0.00090349 -0.00724219 -0.00070833
v -0.00092121 -0.00609219 -0.00066677
v -0.00090349 -0.00724219 -0.00070833
v -0.00093246 -0.00609219 -0.00065854
v -0.00093246 -0.00609219 -0.00065854
v -0.00090349 -0.00724219 -0.00070833
v -0.00091604 -0.00724219 -0.00069965
v -0.00093246 -0.00609219 -0.00065854
v -0.00091604 -0.00724219 -0.00069965
v -0.00093593 -0.00609219 -0.00065368
v -0.00093593 -0.00609219 -0.00065368
v -0.00091604 -0.00724219 -0.00069965
v -0.00091984 -0.00724219 -0.00069454
v -0.00093593 -0.00609219 -0.00065368
v -0.00091984 -0.00724219 -0.00069454
v -0.00093761 -0.00609219 -0.00064831
v -0.00093761 -0.00609219 -0.00064831
v -0.00091984 -0.00724219 -0.00069454
v -0.00092157 -0.00724219 -0.00068891
v -0.00093761 -0.00609219 -0.00064831
v -0.00092157 -0.00724219 -0.00068891
v -0.00093736 -0.00609219 -0.00064245
v -0.00093736 -0.00609219 -0.00064245
v -0.00092157 -0.00724219 -0.00068891
v -0.00092106 -0.00724219 -0.00068278
v -0.00093736 -0.00609219 -0.00064245
v -0.00092106 -0.00724219 -0.00068278
v -0.00093542 -0.00609219 -0.00063621
v -0.00093542 -0.00609219 -0.00063621
v -0.00092106 -0.00724219 -0.00068278
v -0.00091858 -0.00724219 -0.00067628
v -0.00093542 -0.00609219 -0.00063621
v -0.00091858 -0.00724219 -0.00067628
v -0.00092756 -0.00609219 -0.00062317
v -0.00092756 -0.00609219 -0.00062317
v -0.00091858 -0.00724219 -0.00067628
v -0.00090908 -0.00724219 -0.00066273
v -0.00092756 -0.00609219 -0.00062317
v -0.00090908 -0.00724219 -0.00066273
v -0.00090400 -0.00609219 -0.00059861
v -0.00090400 -0.00609219 -0.00059861
v -0.00090908 -0.00724219 -0.00066273
v -0.00088163 -0.00724219 -0.00063750
v -0.00090400 -0.00609219 -0.00059861
v -0.00088163 -0.00724219 -0.00063750
v -0.00085643 -0.00609219 -0.00056438
v -0.00085643 -0.00609219 -0.00056438
v -0.00088163 -0.00724219 -0.00063750
v -0.00082844 -0.00724219 -0.00060308
v -0.00085643 -0.00609219 -0.00056438
v -0.00082844 -0.00724219 -0.00060308
v -0.00075232 -0.00609219 -0.00050592
v -0.00075232 -0.00609219 -0.00050592
v -0.00082844 -0.00724219 -0.00060308
v -0.00071294 -0.00724219 -0.00054431
v -0.00075232 -0.00609219 -0.00050592
v -0.00071294 -0.00724219 -0.00054431
v -0.00053676 -0.00609219 -0.00040636
v -0.00053676 -0.00609219 -0.00040636
v -0.00071294 -0.00724219 -0.00054431
v -0.00047549 -0.00724219 -0.00044470
v -0.00053676 -0.00609219 -0.00040636
v -0.00047549 -0.00724219 -0.00044470
v 0.00000764 -0.00724219 -0.00026533
v 0.00000764 -0.00724219 -0.00026533
v -0.00047549 -0.00724219 -0.00044470
v 0.00013063 -0.00839654 -0.00024696
v 0.00000764 -0.00724219 -0.00026533
v 0.00013063 -0.00839654 -0.00024696
v 0.00116879 -0.00839654 0.00008509
v 0.00116879 -0.00839654 0.00008509
v 0.00013063 -0.00839654 -0.00024696
v 0.00159105 -0.01070801 0.00012953
v 0.00116879 -0.00839654 0.00008509
v 0.00159105 -0.01070801 0.00012953
v 0.00269822 -0.01070801 0.00040276
v 0.00211157 -0.01300051 0.00019156
v 0.00269822 -0.01070801 0.00040276
v 0.00211157 -0.01300051 0.00019156
v 0.00317400 -0.01300051 0.00039377
v 0.00317400 -0.01300051 0.00039377
v 0.00211157 -0.01300051 0.00019156
v 0.00271437 -0.01525864 0.00025333
v 0.00317400 -0.01300051 0.00039377
v 0.00271437 -0.01525864 0.00025333
v 0.00362902 -0.01525864 0.00038623
v 0.00383585 -0.01636603 0.00038042
v 0.00362902 -0.01525864 0.00038623
v 0.00383585 -0.01636603 0.00038042
v 0.00409243 -0.01525864 0.00045821
v 0.00409243 -0.01525864 0.00045821
v 0.00383585 -0.01636603 0.00038042
v 0.00438214 -0.01745586 0.00041452
v 0.00409243 -0.01525864 0.00045821
v 0.00438214 -0.01745586 0.00041452
v 0.00431160 -0.01525864 0.00049298
v 0.00431160 -0.01525864 0.00049298
v 0.00454001 -0.01745586 0.00043287
v 0.00445945 -0.01525864 0.00051661
v 0.00445945 -0.01525864 0.00051661
v 0.00445945 -0.01525864 0.00051661
v 0.00464613 -0.01745586 0.00044532
v 0.00451118 -0.01525864 0.00052258
v 0.00451118 -0.01525864 0.00052258
v 0.00007682 -0.00724219 -0.00052510
v 0.00019385 -0.00839654 -0.00051104
v -0.00041923 -0.00724219 -0.00066431
v -0.00041923 -0.00724219 -0.00066431
v 0.00019385 -0.00839654 -0.00051104
v -0.00033550 -0.00839654 -0.00063984
v -0.00041923 -0.00724219 -0.00066431
v -0.00033550 -0.00839654 -0.00063984
v -0.00067231 -0.00724219 -0.00071184
v -0.00067231 -0.00724219 -0.00071184
v -0.00033550 -0.00839654 -0.00063984
v -0.00060449 -0.00839654 -0.00068193
v -0.00067231 -0.00724219 -0.00071184
v -0.00060449 -0.00839654 -0.00068193
v -0.00080067 -0.00724219 -0.00072353
v -0.00080067 -0.00724219 -0.00072353
v -0.00060449 -0.00839654 -0.00068193
v -0.00074072 -0.00839654 -0.00069078
v -0.00080067 -0.00724219 -0.00072353
v -0.00074072 -0.00839654 -0.00069078
v -0.00086731 -0.00724219 -0.00071979
v -0.00086731 -0.00724219 -0.00071979
v -0.00074072 -0.00839654 -0.00069078
v -0.00081026 -0.00839654 -0.00068612
v -0.00086731 -0.00724219 -0.00071979
v -0.00081026 -0.00839654 -0.00068612
v -0.00090349 -0.00724219 -0.00070833
v -0.00084910 -0.00839654 -0.00067380
v -0.00090349 -0.00724219 -0.00070833
v -0.00084910 -0.00839654 -0.00067380
v -0.00091604 -0.00724219 -0.00069965
v -0.00091604 -0.00724219 -0.00069965
v -0.00084910 -0.00839654 -0.00067380
v -0.00086294 -0.00839654 -0.00066470
v -0.00091604 -0.00724219 -0.00069965
v -0.00086294 -0.00839654 -0.00066470
v -0.00091984 -0.00724219 -0.00069454
v -0.00091984 -0.00724219 -0.00069454
v -0.00086294 -0.00839654 -0.00066470
v -0.00086723 -0.00839654 -0.00065941
v -0.00091984 -0.00724219 -0.00069454
v -0.00086723 -0.00839654 -0.00065941
v -0.00092157 -0.00724219 -0.00068891
v -0.00092157 -0.00724219 -0.00068891
v -0.00086723 -0.00839654 -0.00065941
v -0.00086930 -0.00839654 -0.00065364
v -0.00092157 -0.00724219 -0.00068891
v -0.00086930 -0.00839654 -0.00065364
v -0.00092106 -0.00724219 -0.00068278
v -0.00092106 -0.00724219 -0.00068278
v -0.00086930 -0.00839654 -0.00065364
v -0.00086888 -0.00839654 -0.00064741
v -0.00086888 -0.00839654 -0.00064741
v -0.00091858 -0.00724219 -0.00067628
v -0.00086888 -0.00839654 -0.00064741
v -0.00086621 -0.00839654 -0.00064082
v -0.00091858 -0.00724219 -0.00067628
v -0.00086621 -0.00839654 -0.00064082
v -0.00090908 -0.00724219 -0.00066273
v -0.00090908 -0.00724219 -0.00066273
v -0.00086621 -0.00839654 -0.00064082
v -0.00085570 -0.00839654 -0.00062714
v -0.00090908 -0.00724219 -0.00066273
v -0.00085570 -0.00839654 -0.00062714
v -0.00088163 -0.00724219 -0.00063750
v -0.00088163 -0.00724219 -0.00063750
v -0.00085570 -0.00839654 -0.00062714
v -0.00082513 -0.00839654 -0.00060186
v -0.00088163 -0.00724219 -0.00063750
v -0.00082513 -0.00839654 -0.00060186
v -0.00082844 -0.00724219 -0.00060308
v -0.00082844 -0.00724219 -0.00060308
v -0.00082513 -0.00839654 -0.00060186
v -0.00076721 -0.00839654 -0.00056815
v -0.00082844 -0.00724219 -0.00060308
v -0.00076721 -0.00839654 -0.00056815
v -0.00071294 -0.00724219 -0.00054431
v -0.00071294 -0.00724219 -0.00054431
v -0.00076721 -0.00839654 -0.00056815
v -0.00064244 -0.00839654 -0.00051142
v -0.00071294 -0.00724219 -0.00054431
v -0.00064244 -0.00839654 -0.00051142
v -0.00047549 -0.00724219 -0.00044470
v -0.00047549 -0.00724219 -0.00044470
v -0.00064244 -0.00839654 -0.00051142
v -0.00038726 -0.00839654 -0.00041647
v -0.00047549 -0.00724219 -0.00044470
v -0.00038726 -0.00839654 -0.00041647
v 0.00013063 -0.00839654 -0.00024696
v 0.00019385 -0.00839654 -0.00051104
v 0.00033510 -0.00955284 -0.00046801
v -0.00033550 -0.00839654 -0.00063984
v -0.00033550 -0.00839654 -0.00063984
v 0.00033510 -0.00955284 -0.00046801
v -0.00021777 -0.00955284 -0.00058168
v -0.00033550 -0.00839654 -0.00063984
v -0.00021777 -0.00955284 -0.00058168
v -0.00060449 -0.00839654 -0.00068193
v -0.00060449 -0.00839654 -0.00068193
v -0.00021777 -0.00955284 -0.00058168
v -0.00049775 -0.00955284 -0.00061596
v -0.00060449 -0.00839654 -0.00068193
v -0.00049775 -0.00955284 -0.00061596
v -0.00074072 -0.00839654 -0.00069078
v -0.00074072 -0.00839654 -0.00069078
v -0.00049775 -0.00955284 -0.00061596
v -0.00063919 -0.00955284 -0.00062075
v -0.00074072 -0.00839654 -0.00069078
v -0.00063919 -0.00955284 -0.00062075
v -0.00081026 -0.00839654 -0.00068612
v -0.00081026 -0.00839654 -0.00068612
v -0.00063919 -0.00955284 -0.00062075
v -0.00071082 -0.00955284 -0.00061415
v -0.00081026 -0.00839654 -0.00068612
v -0.00071082 -0.00955284 -0.00061415
v -0.00084910 -0.00839654 -0.00067380
v -0.00084910 -0.00839654 -0.00067380
v -0.00071082 -0.00955284 -0.00061415
v -0.00075098 -0.00955284 -0.00060045
v -0.00084910 -0.00839654 -0.00067380
v -0.00075098 -0.00955284 -0.00060045
v -0.00086294 -0.00839654 -0.00066470
v -0.00086294 -0.00839654 -0.00066470
v -0.00075098 -0.00955284 -0.00060045
v -0.00076518 -0.00955284 -0.00059073
v -0.00086294 -0.00839654 -0.00066470
v -0.00076518 -0.00955284 -0.00059073
v -0.00086723 -0.00839654 -0.00065941
v -0.00086723 -0.00839654 -0.00065941
v -0.00076518 -0.00955284 -0.00059073
v -0.00076948 -0.00955284 -0.00058521
v -0.00086723 -0.00839654 -0.00065941
v -0.00076948 -0.00955284 -0.00058521
v -0.00086930 -0.00839654 -0.00065364
v -0.00086930 -0.00839654 -0.00065364
v -0.00076948 -0.00955284 -0.00058521
v -0.00077141 -0.00955284 -0.00057926
v -0.00086930 -0.00839654 -0.00065364
v -0.00077141 -0.00955284 -0.00057926
v -0.00086888 -0.00839654 -0.00064741
v -0.00086888 -0.00839654 -0.00064741
v -0.00077141 -0.00955284 -0.00057926
v -0.00077069 -0.00955284 -0.00057292
v -0.00086888 -0.00839654 -0.00064741
v -0.00077069 -0.00955284 -0.00057292
v -0.00086621 -0.00839654 -0.00064082
v -0.00086621 -0.00839654 -0.00064082
v -0.00077069 -0.00955284 -0.00057292
v -0.00076757 -0.00955284 -0.00056629
v -0.00086621 -0.00839654 -0.00064082
v -0.00076757 -0.00955284 -0.00056629
v -0.00085570 -0.00839654 -0.00062714
v -0.00085570 -0.00839654 -0.00062714
v -0.00076757 -0.00955284 -0.00056629
v -0.00075588 -0.00955284 -0.00055272
v -0.00075588 -0.00955284 -0.00055272
v -0.00082513 -0.00839654 -0.00060186
v -0.00075588 -0.00955284 -0.00055272
v -0.00072277 -0.00955284 -0.00052809
v -0.00082513 -0.00839654 -0.00060186
v -0.00072277 -0.00955284 -0.00052809
v -0.00076721 -0.00839654 -0.00056815
v -0.00076721 -0.00839654 -0.00056815
v -0.00072277 -0.00955284 -0.00052809
v -0.00066133 -0.00955284 -0.00049597
v -0.00076721 -0.00839654 -0.00056815
v -0.00066133 -0.00955284 -0.00049597
v -0.00064244 -0.00839654 -0.00051142
v -0.00064244 -0.00839654 -0.00051142
v -0.00066133 -0.00955284 -0.00049597
v -0.00052967 -0.00955284 -0.00044264
v -0.00064244 -0.00839654 -0.00051142
v -0.00052967 -0.00955284 -0.00044264
v -0.00038726 -0.00839654 -0.00041647
v -0.00038726 -0.00839654 -0.00041647
v -0.00052967 -0.00955284 -0.00044264
v -0.00026162 -0.00955284 -0.00035482
v 0.00013063 -0.00839654 -0.00024696
v 0.00013063 -0.00839654 -0.00024696
v -0.00026162 -0.00955284 -0.00035482
v 0.00048092 -0.01070801 -0.00013944
v 0.00013063 -0.00839654 -0.00024696
v 0.00048092 -0.01070801 -0.00013944
v 0.00159105 -0.01070801 0.00012953
v 0.00159105 -0.01070801 0.00012953
v 0.00048092 -0.01070801 -0.00013944
v 0.00073803 -0.01185784 -0.00007286
v 0.00159105 -0.01070801 0.00012953
v 0.00073803 -0.01185784 -0.00007286
v 0.00211157 -0.01300051 0.00019156
v 0.00222413 -0.00839654 0.00027334
v 0.00122287 -0.00839654 -0.00015288
v 0.00169005 -0.00609219 0.00033738
v 0.00169005 -0.00609219 0.00033738
v 0.00122287 -0.00839654 -0.00015288
v 0.00103572 -0.00724219 -0.00014796
v 0.00169005 -0.00609219 0.00033738
v 0.00103572 -0.00724219 -0.00014796
v 0.00085003 -0.00609219 -0.00010418
v 0.00023150 -0.00204091 0.00006515
v 0.00047784 -0.00199764 0.00018645
v 0.00010107 -0.00212616 0.00000482
v 0.00010107 -0.00212616 0.00000482
v 0.00047784 -0.00199764 0.00018645
v 0.00058828 -0.00212616 0.00024787
v 0.00010107 -0.00212616 0.00000482
v 0.00058828 -0.00212616 0.00024787
v 0.00021092 -0.00269177 0.00000714
v 0.00021092 -0.00269177 0.00000714
v 0.00058828 -0.00212616 0.00024787
v 0.00071947 -0.00269177 0.00028892
v 0.00021092 -0.00269177 0.00000714
v 0.00071947 -0.00269177 0.00028892
v 0.00046304 -0.00381369 -0.00001536
v 0.00046304 -0.00381369 -0.00001536
v 0.00071947 -0.00269177 0.00028892
v 0.00108865 -0.00381369 0.00034458
v 0.00085003 -0.00609219 -0.00010418
v 0.00085003 -0.00609219 -0.00010418
v 0.00108865 -0.00381369 0.00034458
v 0.00139390 -0.00494899 0.00036310
v 0.00085003 -0.00609219 -0.00010418
v 0.00139390 -0.00494899 0.00036310
v 0.00169005 -0.00609219 0.00033738
v 0.00169005 -0.00609219 0.00033738
v 0.00139390 -0.00494899 0.00036310
v 0.00210796 -0.00609219 0.00057874
v 0.00169005 -0.00609219 0.00033738
v 0.00210796 -0.00609219 0.00057874
v 0.00272528 -0.00839654 0.00050802
v 0.00272528 -0.00839654 0.00050802
v 0.00210796 -0.00609219 0.00057874
v 0.00322100 -0.00839654 0.00075561
v 0.00095839 -0.00181670 0.00048887
v 0.00098989 -0.00179973 0.00051342
v 0.00104938 -0.00212616 0.00054730
v 0.00104938 -0.00212616 0.00054730
v 0.00098989 -0.00179973 0.00051342
v 0.00099677 -0.00179593 0.00052104
v 0.00104938 -0.00212616 0.00054730
v 0.00099677 -0.00179593 0.00052104
v 0.00105736 -0.00212616 0.00055465
v 0.00105736 -0.00212616 0.00055465
v 0.00099677 -0.00179593 0.00052104
v 0.00100453 -0.00183988 0.00052754
v 0.00105736 -0.00212616 0.00055465
v 0.00100453 -0.00183988 0.00052754
v 0.00105896 -0.00212616 0.00055893
v 0.00129457 -0.00283195 0.00064772
v 0.00123742 -0.00269177 0.00062826
v 0.00135449 -0.00297190 0.00066720
v 0.00159748 -0.00353204 0.00073799
v 0.00170946 -0.00381369 0.00076577
v 0.00170971 -0.00381369 0.00076342
v 0.00170971 -0.00381369 0.00076342
v 0.00170946 -0.00381369 0.00076577
v 0.00181726 -0.00409639 0.00078797
v 0.00170971 -0.00381369 0.00076342
v 0.00181726 -0.00409639 0.00078797
v 0.00192032 -0.00437996 0.00080544
v 0.00170971 -0.00381369 0.00076342
v 0.00192032 -0.00437996 0.00080544
v 0.00170453 -0.00381369 0.00075810
v 0.00170453 -0.00381369 0.00075810
v 0.00192032 -0.00437996 0.00080544
v 0.00191655 -0.00437996 0.00080174
v 0.00170453 -0.00381369 0.00075810
v 0.00191655 -0.00437996 0.00080174
v 0.00175919 -0.00494899 0.00059015
v 0.00175919 -0.00494899 0.00059015
v 0.00191655 -0.00437996 0.00080174
v 0.00212439 -0.00494899 0.00083217
v 0.00175919 -0.00494899 0.00059015
v 0.00212439 -0.00494899 0.00083217
v 0.00210796 -0.00609219 0.00057874
v 0.00210796 -0.00609219 0.00057874
v 0.00212439 -0.00494899 0.00083217
v 0.00232776 -0.00551987 0.00084371
v 0.00210796 -0.00609219 0.00057874
v 0.00232776 -0.00551987 0.00084371
v 0.00252260 -0.00609219 0.00083376
v 0.00252260 -0.00609219 0.00083376
v 0.00232776 -0.00551987 0.00084371
v 0.00242875 -0.00580583 0.00084539
v 0.00252260 -0.00609219 0.00083376
v 0.00242875 -0.00580583 0.00084539
v 0.00252425 -0.00609219 0.00083542
v 0.00252425 -0.00609219 0.00083542
v 0.00242875 -0.00580583 0.00084539
v 0.00252419 -0.00609219 0.00083791
v 0.00252425 -0.00609219 0.00083542
v 0.00252419 -0.00609219 0.00083791
v 0.00288934 -0.00724219 0.00079819
v 0.00005996 -0.01300051 -0.00023790
v 0.00002704 -0.01300051 -0.00025946
v 0.00043042 -0.01413677 -0.00015642
v 0.00043042 -0.01413677 -0.00015642
v 0.00002704 -0.01300051 -0.00025946
v 0.00041853 -0.01413677 -0.00016781
v 0.00043042 -0.01413677 -0.00015642
v 0.00041853 -0.01413677 -0.00016781
v 0.00090843 -0.01525864 -0.00006707
v 0.00090843 -0.01525864 -0.00006707
v 0.00041853 -0.01413677 -0.00016781
v 0.00090456 -0.01525864 -0.00007254
v 0.00090843 -0.01525864 -0.00006707
v 0.00090456 -0.01525864 -0.00007254
v 0.00117871 -0.01581331 -0.00002757
v 0.00117871 -0.01581331 -0.00002757
v 0.00090456 -0.01525864 -0.00007254
v 0.00117762 -0.01581331 -0.00003290
v 0.00117871 -0.01581331 -0.00002757
v 0.00117762 -0.01581331 -0.00003290
v 0.00146435 -0.01636603 0.00001175
v 0.00146435 -0.01636603 0.00001175
v 0.00117762 -0.01581331 -0.00003290
v 0.00117817 -0.01581331 -0.00003822
v 0.00146435 -0.01636603 0.00001175
v 0.00117817 -0.01581331 -0.00003822
v 0.00146599 -0.01636603 0.00000669
v 0.00146599 -0.01636603 0.00000669
v 0.00117817 -0.01581331 -0.00003822
v 0.00146882 -0.01636603 0.00000170
v 0.00146599 -0.01636603 0.00000669
v 0.00146882 -0.01636603 0.00000170
v 0.00210358 -0.01745586 0.00010323
v 0.00210358 -0.01745586 0.00010323
v 0.00146882 -0.01636603 0.00000170
v 0.00210957 -0.01745586 0.00009459
v 0.00210358 -0.01745586 0.00010323
v 0.00210957 -0.01745586 0.00009459
v 0.00252578 -0.01796622 0.00016716
v 0.00252578 -0.01796622 0.00016716
v 0.00210957 -0.01745586 0.00009459
v 0.00299889 -0.01846292 0.00020649
v 0.00252578 -0.01796622 0.00016716
v 0.00299889 -0.01846292 0.00020649
v 0.00299297 -0.01846292 0.00021904
v 0.00299297 -0.01846292 0.00021904
v 0.00299889 -0.01846292 0.00020649
v 0.00390066 -0.01946560 0.00030150
v 0.00299297 -0.01846292 0.00021904
v 0.00390066 -0.01946560 0.00030150
v 0.00299232 -0.01846292 0.00022547
v 0.00299232 -0.01846292 0.00022547
v 0.00390066 -0.01946560 0.00030150
v 0.00390082 -0.01946560 0.00030676
v 0.00299232 -0.01846292 0.00022547
v 0.00390082 -0.01946560 0.00030676
v 0.00299355 -0.01846292 0.00023188
v 0.00299355 -0.01846292 0.00023188
v 0.00252836 -0.01796622 0.00018276
v 0.00252836 -0.01796622 0.00018276
v 0.00300074 -0.01846292 0.00024401
v 0.00253946 -0.01796622 0.00019708
v 0.00252836 -0.01796622 0.00018276
v 0.00253946 -0.01796622 0.00019708
v 0.00210479 -0.01745586 0.00012989
v 0.00210479 -0.01745586 0.00012989
v 0.00253946 -0.01796622 0.00019708
v 0.00212002 -0.01745586 0.00014581
v 0.00210479 -0.01745586 0.00012989
v 0.00212002 -0.01745586 0.00014581
v 0.00149263 -0.01636603 0.00004964
v 0.00149263 -0.01636603 0.00004964
v 0.00212002 -0.01745586 0.00014581
v 0.00153895 -0.01636603 0.00007134
v 0.00149263 -0.01636603 0.00004964
v 0.00153895 -0.01636603 0.00007134
v 0.00100054 -0.01525864 -0.00001807
v 0.00100054 -0.01525864 -0.00001807
v 0.00153895 -0.01636603 0.00007134
v 0.00111264 -0.01525864 0.00001311
v 0.00100054 -0.01525864 -0.00001807
v 0.00111264 -0.01525864 0.00001311
v 0.00064271 -0.01413677 -0.00007772
v 0.00064271 -0.01413677 -0.00007772
v 0.00111264 -0.01525864 0.00001311
v 0.00089176 -0.01413677 -0.00002480
v 0.00064271 -0.01413677 -0.00007772
v 0.00089176 -0.01413677 -0.00002480
v 0.00051475 -0.01300051 -0.00010884
v 0.00051475 -0.01300051 -0.00010884
v 0.00089176 -0.01413677 -0.00002480
v 0.00104653 -0.01300051 -0.00000625
v 0.00473716 -0.01946560 0.00037589
v 0.00469896 -0.01946560 0.00036311
v 0.00472414 -0.01846292 0.00040803
v 0.00472414 -0.01846292 0.00040803
v 0.00469896 -0.01946560 0.00036311
v 0.00468695 -0.01745586 0.00044251
v 0.00472414 -0.01846292 0.00040803
v 0.00468695 -0.01745586 0.00044251
v 0.00471297 -0.01796622 0.00042822
v 0.00471297 -0.01796622 0.00042822
v 0.00468695 -0.01745586 0.00044251
v 0.00469014 -0.01745586 0.00044607
v 0.00471297 -0.01796622 0.00042822
v 0.00471297 -0.01796622 0.00042822
v 0.00468787 -0.01745586 0.00044703
v 0.00468320 -0.01745586 0.00044749
v 0.00451772 -0.01525864 0.00052257
v 0.00468320 -0.01745586 0.00044749
v 0.00451772 -0.01525864 0.00052257
v 0.00451118 -0.01525864 0.00052258
v 0.00438264 -0.01413677 0.00056112
v 0.00438264 -0.01413677 0.00056112
v 0.00437429 -0.01413677 0.00056061
v 0.00434992 -0.01385381 0.00057018
v 0.00437429 -0.01413677 0.00056061
v 0.00434992 -0.01385381 0.00057018
v 0.00430765 -0.01357003 0.00058048
v 0.00270944 -0.01070801 0.00025304
v 0.00325189 -0.01070801 0.00045808
v 0.00370303 -0.01300051 0.00041497
v 0.00325189 -0.01070801 0.00045808
v 0.00422117 -0.01300051 0.00059731
v 0.00430794 -0.01357003 0.00057743
v 0.00422117 -0.01300051 0.00059731
v 0.00426734 -0.01328555 0.00058942
v 0.00430794 -0.01357003 0.00057743
v 0.00426734 -0.01328555 0.00058942
v 0.00430986 -0.01357003 0.00057948
v 0.00430986 -0.01357003 0.00057948
v 0.00426734 -0.01328555 0.00058942
v 0.00430765 -0.01357003 0.00058048
v 0.00432985 -0.01371201 0.00057515
v 0.00432985 -0.01371201 0.00057515
v 0.00430765 -0.01357003 0.00058048
v 0.00434992 -0.01385381 0.00057018
v 0.00434992 -0.01385381 0.00057018
v 0.00438750 -0.01413677 0.00056077
v 0.00438746 -0.01413677 0.00055843
v 0.00445871 -0.01469982 0.00054114
v 0.00438746 -0.01413677 0.00055843
v 0.00445871 -0.01469982 0.00054114
v 0.00445710 -0.01469982 0.00053845
v 0.00445710 -0.01469982 0.00053845
v 0.00445871 -0.01469982 0.00054114
v 0.00452095 -0.01525864 0.00052179
v 0.00445710 -0.01469982 0.00053845
v 0.00452095 -0.01525864 0.00052179
v 0.00445473 -0.01469982 0.00053712
v 0.00445473 -0.01469982 0.00053712
v 0.00452095 -0.01525864 0.00052179
v 0.00451660 -0.01525864 0.00051775
v 0.00445473 -0.01469982 0.00053712
v 0.00451660 -0.01525864 0.00051775
v 0.00406327 -0.01525864 0.00037086
v 0.00451660 -0.01525864 0.00051775
v 0.00468695 -0.01745586 0.00044251
v 0.00406327 -0.01525864 0.00037086
v 0.00468695 -0.01745586 0.00044251
v 0.00436312 -0.01745586 0.00033407
v 0.00436312 -0.01745586 0.00033407
v 0.00468695 -0.01745586 0.00044251
v 0.00469896 -0.01946560 0.00036311
v 0.00463227 -0.01946560 0.00034046
v -0.00092198 -0.00183545 -0.00009743
v -0.00091281 -0.00184002 -0.00010765
v -0.00090220 -0.00212616 -0.00016432
v -0.00090220 -0.00212616 -0.00016432
v -0.00091281 -0.00184002 -0.00010765
v -0.00088607 -0.00185305 -0.00012640
v -0.00090220 -0.00212616 -0.00016432
v -0.00088607 -0.00185305 -0.00012640
v -0.00087086 -0.00212616 -0.00018157
v -0.00087086 -0.00212616 -0.00018157
v -0.00088607 -0.00185305 -0.00012640
v -0.00086167 -0.00180506 -0.00012640
v -0.00087086 -0.00212616 -0.00018157
v -0.00086167 -0.00180506 -0.00012640
v -0.00076249 -0.00269177 -0.00028712
v -0.00076249 -0.00269177 -0.00028712
v -0.00086167 -0.00180506 -0.00012640
v -0.00061514 -0.00269177 -0.00027783
v -0.00076249 -0.00269177 -0.00028712
v -0.00061514 -0.00269177 -0.00027783
v -0.00054141 -0.00381369 -0.00041232
v -0.00054141 -0.00381369 -0.00041232
v -0.00061514 -0.00269177 -0.00027783
v -0.00019531 -0.00381369 -0.00031173
v -0.00054141 -0.00381369 -0.00041232
v -0.00019531 -0.00381369 -0.00031173
v -0.00002213 -0.00609219 -0.00048102
v -0.00002213 -0.00609219 -0.00048102
v -0.00019531 -0.00381369 -0.00031173
v 0.00085003 -0.00609219 -0.00010418
v -0.00002213 -0.00609219 -0.00048102
v 0.00085003 -0.00609219 -0.00010418
v 0.00007682 -0.00724219 -0.00052510
v 0.00007682 -0.00724219 -0.00052510
v 0.00085003 -0.00609219 -0.00010418
v 0.00103572 -0.00724219 -0.00014796
v 0.00007682 -0.00724219 -0.00052510
v 0.00103572 -0.00724219 -0.00014796
v 0.00019385 -0.00839654 -0.00051104
v 0.00019385 -0.00839654 -0.00051104
v 0.00103572 -0.00724219 -0.00014796
v 0.00122287 -0.00839654 -0.00015288
v 0.00019385 -0.00839654 -0.00051104
v 0.00122287 -0.00839654 -0.00015288
v 0.00033510 -0.00955284 -0.00046801
v 0.00052673 -0.01070801 -0.00040959
v 0.00033510 -0.00955284 -0.00046801
v 0.00052673 -0.01070801 -0.00040959
v -0.00021777 -0.00955284 -0.00058168
v -0.00021777 -0.00955284 -0.00058168
v 0.00052673 -0.01070801 -0.00040959
v -0.00003600 -0.01070801 -0.00050611
v -0.00003600 -0.01070801 -0.00050611
v -0.00049775 -0.00955284 -0.00061596
v -0.00003600 -0.01070801 -0.00050611
v -0.00032016 -0.01070801 -0.00053169
v -0.00049775 -0.00955284 -0.00061596
v -0.00032016 -0.01070801 -0.00053169
v -0.00063919 -0.00955284 -0.00062075
v -0.00063919 -0.00955284 -0.00062075
v -0.00063919 -0.00955284 -0.00062075
v -0.00046336 -0.01070801 -0.00053207
v -0.00071082 -0.00955284 -0.00061415
v -0.00071082 -0.00955284 -0.00061415
v -0.00046336 -0.01070801 -0.00053207
v -0.00053539 -0.01070801 -0.00052340
v -0.00071082 -0.00955284 -0.00061415
v -0.00053539 -0.01070801 -0.00052340
v -0.00075098 -0.00955284 -0.00060045
v -0.00075098 -0.00955284 -0.00060045
v -0.00053539 -0.01070801 -0.00052340
v -0.00057577 -0.01070801 -0.00050845
v -0.00075098 -0.00955284 -0.00060045
v -0.00057577 -0.01070801 -0.00050845
v -0.00076518 -0.00955284 -0.00059073
v -0.00076518 -0.00955284 -0.00059073
v -0.00057577 -0.01070801 -0.00050845
v -0.00059004 -0.01070801 -0.00049826
v -0.00076518 -0.00955284 -0.00059073
v -0.00059004 -0.01070801 -0.00049826
v -0.00076948 -0.00955284 -0.00058521
v -0.00076948 -0.00955284 -0.00058521
v -0.00059004 -0.01070801 -0.00049826
v -0.00059433 -0.01070801 -0.00049259
v -0.00076948 -0.00955284 -0.00058521
v -0.00059433 -0.01070801 -0.00049259
v -0.00077141 -0.00955284 -0.00057926
v -0.00077141 -0.00955284 -0.00057926
v -0.00059433 -0.01070801 -0.00049259
v -0.00059621 -0.01070801 -0.00048656
v -0.00077141 -0.00955284 -0.00057926
v -0.00059621 -0.01070801 -0.00048656
v -0.00077069 -0.00955284 -0.00057292
v -0.00077069 -0.00955284 -0.00057292
v -0.00059621 -0.01070801 -0.00048656
v -0.00059537 -0.01070801 -0.00048022
v -0.00077069 -0.00955284 -0.00057292
v -0.00059537 -0.01070801 -0.00048022
v -0.00076757 -0.00955284 -0.00056629
v -0.00076757 -0.00955284 -0.00056629
v -0.00059537 -0.01070801 -0.00048022
v -0.00059206 -0.01070801 -0.00047367
v -0.00076757 -0.00955284 -0.00056629
v -0.00059206 -0.01070801 -0.00047367
v -0.00075588 -0.00955284 -0.00055272
v -0.00075588 -0.00955284 -0.00055272
v -0.00059206 -0.01070801 -0.00047367
v -0.00057984 -0.01070801 -0.00046040
v -0.00075588 -0.00955284 -0.00055272
v -0.00057984 -0.01070801 -0.00046040
v -0.00072277 -0.00955284 -0.00052809
v -0.00072277 -0.00955284 -0.00052809
v -0.00057984 -0.01070801 -0.00046040
v -0.00054544 -0.01070801 -0.00043667
v -0.00072277 -0.00955284 -0.00052809
v -0.00054544 -0.01070801 -0.00043667
v -0.00066133 -0.00955284 -0.00049597
v -0.00066133 -0.00955284 -0.00049597
v -0.00054544 -0.01070801 -0.00043667
v -0.00048218 -0.01070801 -0.00040637
v -0.00066133 -0.00955284 -0.00049597
v -0.00048218 -0.01070801 -0.00040637
v -0.00052967 -0.00955284 -0.00044264
v -0.00052967 -0.00955284 -0.00044264
v -0.00048218 -0.01070801 -0.00040637
v -0.00034722 -0.01070801 -0.00035706
v -0.00034722 -0.01070801 -0.00035706
v -0.00026162 -0.00955284 -0.00035482
v -0.00034722 -0.01070801 -0.00035706
v -0.00007321 -0.01070801 -0.00027751
v -0.00026162 -0.00955284 -0.00035482
v -0.00007321 -0.01070801 -0.00027751
v 0.00048092 -0.01070801 -0.00013944
v 0.00048092 -0.01070801 -0.00013944
v -0.00007321 -0.01070801 -0.00027751
v 0.00018789 -0.01185784 -0.00019316
v 0.00048092 -0.01070801 -0.00013944
v 0.00018789 -0.01185784 -0.00019316
v 0.00073803 -0.01185784 -0.00007286
v -0.00048364 -0.00199625 0.00011360
v -0.00082785 -0.00187978 0.00000757
v -0.00045183 -0.00212616 0.00009454
v -0.00045183 -0.00212616 0.00009454
v -0.00082785 -0.00187978 0.00000757
v -0.00037686 -0.00269177 0.00002103
v -0.00045183 -0.00212616 0.00009454
v -0.00037686 -0.00269177 0.00002103
v 0.00017030 -0.00269177 0.00021862
v 0.00017030 -0.00269177 0.00021862
v -0.00037686 -0.00269177 0.00002103
v 0.00040797 -0.00381369 0.00021316
v 0.00017030 -0.00269177 0.00021862
v 0.00040797 -0.00381369 0.00021316
v 0.00107311 -0.00381369 0.00049238
v 0.00107311 -0.00381369 0.00049238
v 0.00166517 -0.00609219 0.00048281
v 0.00107311 -0.00381369 0.00049238
v 0.00166517 -0.00609219 0.00048281
v 0.00176772 -0.00494899 0.00068228
v 0.00176772 -0.00494899 0.00068228
v 0.00166517 -0.00609219 0.00048281
v 0.00210975 -0.00609219 0.00066804
v 0.00176772 -0.00494899 0.00068228
v 0.00210975 -0.00609219 0.00066804
v 0.00195404 -0.00494899 0.00076521
v 0.00195404 -0.00494899 0.00076521
v 0.00195404 -0.00494899 0.00076521
v 0.00231905 -0.00609219 0.00075602
v 0.00207912 -0.00494899 0.00082092
v 0.00207912 -0.00494899 0.00082092
v 0.00231905 -0.00609219 0.00075602
v 0.00246050 -0.00609219 0.00081576
v 0.00207912 -0.00494899 0.00082092
v 0.00246050 -0.00609219 0.00081576
v 0.00232195 -0.00551987 0.00084734
v 0.00232195 -0.00551987 0.00084734
v 0.00232195 -0.00551987 0.00084734
v 0.00251267 -0.00609219 0.00083546
v 0.00232799 -0.00551987 0.00084884
v 0.00232799 -0.00551987 0.00084884
v 0.00232799 -0.00551987 0.00084884
v 0.00251995 -0.00609219 0.00083745
v 0.00242875 -0.00580583 0.00084539
v 0.00242875 -0.00580583 0.00084539
v 0.00251995 -0.00609219 0.00083745
v 0.00252419 -0.00609219 0.00083791
v 0.00322274 -0.00839654 0.00075796
v 0.00352325 -0.00955284 0.00071811
v 0.00322100 -0.00839654 0.00075561
v 0.00322100 -0.00839654 0.00075561
v 0.00352325 -0.00955284 0.00071811
v 0.00378876 -0.01070801 0.00067617
v 0.00322100 -0.00839654 0.00075561
v 0.00378876 -0.01070801 0.00067617
v 0.00272528 -0.00839654 0.00050802
v 0.00272528 -0.00839654 0.00050802
v 0.00378876 -0.01070801 0.00067617
v 0.00325189 -0.01070801 0.00045808
v 0.00325189 -0.01070801 0.00045808
v 0.00222413 -0.00839654 0.00027334
v 0.00325189 -0.01070801 0.00045808
v 0.00270944 -0.01070801 0.00025304
v 0.00222413 -0.00839654 0.00027334
v 0.00270944 -0.01070801 0.00025304
v 0.00122287 -0.00839654 -0.00015288
v 0.00122287 -0.00839654 -0.00015288
v 0.00270944 -0.01070801 0.00025304
v 0.00162954 -0.01070801 -0.00011347
v 0.00122287 -0.00839654 -0.00015288
v 0.00162954 -0.01070801 -0.00011347
v 0.00052673 -0.01070801 -0.00040959
v 0.00052673 -0.01070801 -0.00040959
v 0.00162954 -0.01070801 -0.00011347
v 0.00077630 -0.01185784 -0.00034338
v 0.00052673 -0.01070801 -0.00040959
v 0.00077630 -0.01185784 -0.00034338
v 0.00021879 -0.01185784 -0.00042195
v 0.00054229 -0.01300051 -0.00033608
v 0.00021879 -0.01185784 -0.00042195
v 0.00054229 -0.01300051 -0.00033608
v -0.00006207 -0.01185784 -0.00043854
v -0.00006207 -0.01185784 -0.00043854
v 0.00027182 -0.01300051 -0.00034397
v -0.00020320 -0.01185784 -0.00043445
v -0.00020320 -0.01185784 -0.00043445
v 0.00013629 -0.01300051 -0.00033566
v -0.00027393 -0.01185784 -0.00042354
v -0.00027393 -0.01185784 -0.00042354
v 0.00013629 -0.01300051 -0.00033566
v 0.00006877 -0.01300051 -0.00032290
v -0.00027393 -0.01185784 -0.00042354
v 0.00006877 -0.01300051 -0.00032290
v -0.00031319 -0.01185784 -0.00040750
v -0.00031319 -0.01185784 -0.00040750
v 0.00006877 -0.01300051 -0.00032290
v 0.00003151 -0.01300051 -0.00030625
v -0.00031319 -0.01185784 -0.00040750
v 0.00003151 -0.01300051 -0.00030625
v -0.00032697 -0.01185784 -0.00039698
v -0.00032697 -0.01185784 -0.00039698
v 0.00003151 -0.01300051 -0.00030625
v 0.00001824 -0.01300051 -0.00029565
v -0.00032697 -0.01185784 -0.00039698
v 0.00001824 -0.01300051 -0.00029565
v -0.00033107 -0.01185784 -0.00039123
v -0.00033107 -0.01185784 -0.00039123
v 0.00001824 -0.01300051 -0.00029565
v 0.00001416 -0.01300051 -0.00028994
v -0.00033107 -0.01185784 -0.00039123
v 0.00001416 -0.01300051 -0.00028994
v -0.00033283 -0.01185784 -0.00038521
v -0.00033283 -0.01185784 -0.00038521
v 0.00001416 -0.01300051 -0.00028994
v 0.00001223 -0.01300051 -0.00028402
v -0.00033283 -0.01185784 -0.00038521
v 0.00001223 -0.01300051 -0.00028402
v -0.00033192 -0.01185784 -0.00037895
v -0.00033192 -0.01185784 -0.00037895
v 0.00001223 -0.01300051 -0.00028402
v 0.00001280 -0.01300051 -0.00027793
v -0.00033192 -0.01185784 -0.00037895
v 0.00001280 -0.01300051 -0.00027793
v -0.00032859 -0.01185784 -0.00037255
v -0.00032859 -0.01185784 -0.00037255
v 0.00001280 -0.01300051 -0.00027793
v 0.00001572 -0.01300051 -0.00027175
v -0.00032859 -0.01185784 -0.00037255
v 0.00001572 -0.01300051 -0.00027175
v -0.00031637 -0.01185784 -0.00035974
v -0.00031637 -0.01185784 -0.00035974
v 0.00001572 -0.01300051 -0.00027175
v 0.00002704 -0.01300051 -0.00025946
v -0.00031637 -0.01185784 -0.00035974
v 0.00002704 -0.01300051 -0.00025946
v -0.00028200 -0.01185784 -0.00033715
v 0.00005996 -0.01300051 -0.00023790
v -0.00028200 -0.01185784 -0.00033715
v 0.00005996 -0.01300051 -0.00023790
v -0.00021879 -0.01185784 -0.00030884
v -0.00021879 -0.01185784 -0.00030884
v 0.00005996 -0.01300051 -0.00023790
v 0.00012138 -0.01300051 -0.00021140
v -0.00021879 -0.01185784 -0.00030884
v 0.00012138 -0.01300051 -0.00021140
v -0.00008444 -0.01185784 -0.00026390
v -0.00008444 -0.01185784 -0.00026390
v 0.00012138 -0.01300051 -0.00021140
v 0.00025133 -0.01300051 -0.00017080
v -0.00008444 -0.01185784 -0.00026390
v 0.00025133 -0.01300051 -0.00017080
v 0.00018789 -0.01185784 -0.00019316
v 0.00018789 -0.01185784 -0.00019316
v 0.00025133 -0.01300051 -0.00017080
v 0.00051475 -0.01300051 -0.00010884
v 0.00051475 -0.01300051 -0.00010884
v 0.00073803 -0.01185784 -0.00007286
v 0.00073803 -0.01185784 -0.00007286
v 0.00104653 -0.01300051 -0.00000625
v 0.00211157 -0.01300051 0.00019156
v 0.00211157 -0.01300051 0.00019156
v 0.00104653 -0.01300051 -0.00000625
v 0.00139421 -0.01413677 0.00006014
v 0.00211157 -0.01300051 0.00019156
v 0.00139421 -0.01413677 0.00006014
v 0.00271437 -0.01525864 0.00025333
v 0.00271437 -0.01525864 0.00025333
v 0.00139421 -0.01413677 0.00006014
v 0.00179754 -0.01525864 0.00012486
v 0.00271437 -0.01525864 0.00025333
v 0.00179754 -0.01525864 0.00012486
v 0.00303618 -0.01636603 0.00028133
v 0.00303618 -0.01636603 0.00028133
v 0.00179754 -0.01525864 0.00012486
v 0.00223466 -0.01636603 0.00018667
v 0.00223466 -0.01636603 0.00018667
v 0.00338973 -0.01745586 0.00031238
v 0.00338973 -0.01745586 0.00031238
v 0.00223466 -0.01636603 0.00018667
v 0.00272954 -0.01745586 0.00025196
v 0.00338973 -0.01745586 0.00031238
v 0.00272954 -0.01745586 0.00025196
v 0.00385389 -0.01846292 0.00034436
v 0.00385389 -0.01846292 0.00034436
v 0.00272954 -0.01745586 0.00025196
v 0.00340852 -0.01846292 0.00031624
v 0.00340852 -0.01846292 0.00031624
v 0.00431896 -0.01946560 0.00035392
v 0.00431896 -0.01946560 0.00035392
v 0.00340852 -0.01846292 0.00031624
v 0.00403016 -0.01946560 0.00034088
v -0.00004925 0.00205341 -0.00001282
v 0.00029601 0.00203256 -0.00012640
v -0.00042705 0.00200912 -0.00012640
v 0.00083544 -0.00187642 -0.00012640
v 0.00023150 -0.00204091 0.00006515
v -0.00000000 -0.00205400 -0.00012640
v -0.00000000 -0.00205400 -0.00012640
v 0.00023150 -0.00204091 0.00006515
v -0.00010465 -0.00205133 -0.00007007
v -0.00000000 -0.00205400 -0.00012640
v -0.00010465 -0.00205133 -0.00007007
v -0.00029601 -0.00203256 -0.00012640
v 0.00087459 -0.00185850 0.00050221
v 0.00094965 -0.00182128 0.00052092
v 0.00083544 -0.00187642 0.00093220
v 0.00094965 -0.00182128 0.00052092
v 0.00098705 -0.00180129 0.00052781
v 0.00083544 -0.00187642 0.00093220
v 0.00083544 -0.00187642 0.00093220
v 0.00098705 -0.00180129 0.00052781
v 0.00099400 -0.00179746 0.00052766
v 0.00083544 -0.00187642 0.00093220
v 0.00099400 -0.00179746 0.00052766
v 0.00152642 -0.00137439 0.00093220
v 0.00152642 -0.00137439 0.00093220
v 0.00099400 -0.00179746 0.00052766
v 0.00099627 -0.00179621 0.00052704
v 0.00152642 -0.00137439 0.00093220
v 0.00099627 -0.00179621 0.00052704
v 0.00099781 -0.00179535 0.00052583
v 0.00095839 -0.00181670 0.00048887
v 0.00082790 -0.00187976 0.00039425
v 0.00083544 -0.00187642 -0.00012640
v 0.00083544 -0.00187642 -0.00012640
v 0.00082790 -0.00187976 0.00039425
v 0.00047784 -0.00199764 0.00018645
v 0.00083544 -0.00187642 -0.00012640
v 0.00047784 -0.00199764 0.00018645
v 0.00023150 -0.00204091 0.00006515
v 0.00152642 -0.00137439 -0.00012640
v 0.00099798 -0.00179526 0.00052346
v 0.00099677 -0.00179593 0.00052104
v 0.00152642 -0.00137439 -0.00012640
v 0.00099677 -0.00179593 0.00052104
v 0.00083544 -0.00187642 -0.00012640
v 0.00083544 -0.00187642 -0.00012640
v 0.00099677 -0.00179593 0.00052104
v 0.00098989 -0.00179973 0.00051342
v 0.00083544 -0.00187642 -0.00012640
v 0.00098989 -0.00179973 0.00051342
v 0.00095839 -0.00181670 0.00048887
v 0.00000002 -0.00205400 0.00025094
v 0.00021669 -0.00204254 0.00031567
v -0.00000000 -0.00205400 0.00093220
v -0.00000000 -0.00205400 0.00093220
v 0.00021669 -0.00204254 0.00031567
v 0.00056174 -0.00197569 0.00041824
v -0.00000000 -0.00205400 0.00093220
v 0.00056174 -0.00197569 0.00041824
v 0.00083544 -0.00187642 0.00093220
v 0.00083544 -0.00187642 0.00093220
v 0.00056174 -0.00197569 0.00041824
v 0.00083507 -0.00187659 0.00049301
v 0.00083544 -0.00187642 0.00093220
v 0.00083507 -0.00187659 0.00049301
v 0.00087459 -0.00185850 0.00050221
v 0.00000002 -0.00205400 0.00025094
v -0.00000000 -0.00205400 0.00093220
v -0.00009022 -0.00205202 0.00022411
v -0.00009022 -0.00205202 0.00022411
v -0.00000000 -0.00205400 0.00093220
v -0.00083544 -0.00187642 0.00093220
v -0.00009022 -0.00205202 0.00022411
v -0.00083544 -0.00187642 0.00093220
v -0.00048364 -0.00199625 0.00011360
v -0.00088607 -0.00185305 -0.00012640
v -0.00091281 -0.00184002 -0.00010765
v -0.00152642 -0.00137439 -0.00012640
v -0.00152642 -0.00137439 -0.00012640
v -0.00091281 -0.00184002 -0.00010765
v -0.00092198 -0.00183545 -0.00009743
v -0.00152642 -0.00137439 -0.00012640
v -0.00092198 -0.00183545 -0.00009743
v -0.00092562 -0.00183361 -0.00009159
v -0.00092562 -0.00183361 -0.00009159
v -0.00092841 -0.00183220 -0.00008470
v -0.00152642 -0.00137439 -0.00012640
v -0.00152642 -0.00137439 -0.00012640
v -0.00092841 -0.00183220 -0.00008470
v -0.00092950 -0.00183165 -0.00007574
v -0.00152642 -0.00137439 -0.00012640
v -0.00092950 -0.00183165 -0.00007574
v -0.00092796 -0.00183243 -0.00006689
v -0.00092796 -0.00183243 -0.00006689
v -0.00092119 -0.00183584 -0.00005282
v -0.00152642 -0.00137439 0.00093220
v -0.00152642 -0.00137439 0.00093220
v -0.00092119 -0.00183584 -0.00005282
v -0.00090495 -0.00184390 -0.00003534
v -0.00152642 -0.00137439 0.00093220
v -0.00090495 -0.00184390 -0.00003534
v -0.00083544 -0.00187642 0.00093220
v -0.00083544 -0.00187642 0.00093220
v -0.00090495 -0.00184390 -0.00003534
v -0.00082785 -0.00187978 0.00000757
v -0.00083544 -0.00187642 0.00093220
v -0.00082785 -0.00187978 0.00000757
v -0.00048364 -0.00199625 0.00011360
v -0.00004925 0.00205341 -0.00001282
v -0.00042705 0.00200912 -0.00012640
v -0.00025868 0.00203765 0.00007763
v -0.00097304 0.00180890 0.00052595
v -0.00120731 0.00166172 0.00093220
v -0.00089803 0.00184729 0.00050787
v -0.00089803 0.00184729 0.00050787
v -0.00120731 0.00166172 0.00093220
v -0.00042705 0.00200912 0.00093220
v -0.00089803 0.00184729 0.00050787
v -0.00042705 0.00200912 0.00093220
v -0.00058553 0.00196877 0.00042513
v -0.00058553 0.00196877 0.00042513
v -0.00042705 0.00200912 0.00093220
v -0.00042676 0.00200918 0.00037854
v -0.00097304 0.00180890 0.00052595
v -0.00099205 0.00179854 0.00052786
v -0.00120731 0.00166172 0.00093220
v -0.00120731 0.00166172 0.00093220
v -0.00099205 0.00179854 0.00052786
v -0.00099611 0.00179629 0.00052710
v -0.00120731 0.00166172 0.00093220
v -0.00099611 0.00179629 0.00052710
v -0.00099783 0.00179534 0.00052581
v -0.00120731 0.00166172 -0.00012640
v -0.00099795 0.00179527 0.00052338
v -0.00099656 0.00179605 0.00052073
v -0.00120731 0.00166172 -0.00012640
v -0.00099656 0.00179605 0.00052073
v -0.00042705 0.00200912 -0.00012640
v -0.00042705 0.00200912 -0.00012640
v -0.00099656 0.00179605 0.00052073
v -0.00098869 0.00180039 0.00051232
v -0.00042705 0.00200912 -0.00012640
v -0.00098869 0.00180039 0.00051232
v -0.00091579 0.00183855 0.00045878
v -0.00091579 0.00183855 0.00045878
v -0.00060267 0.00196360 0.00025494
v -0.00042705 0.00200912 -0.00012640
v -0.00042705 0.00200912 -0.00012640
v -0.00060267 0.00196360 0.00025494
v -0.00042848 0.00200881 0.00016070
v -0.00042705 0.00200912 -0.00012640
v -0.00042848 0.00200881 0.00016070
v -0.00025868 0.00203765 0.00007763
v -0.00042676 0.00200918 0.00037854
v -0.00042705 0.00200912 0.00093220
v -0.00019470 0.00204475 0.00030908
v -0.00019470 0.00204475 0.00030908
v -0.00042705 0.00200912 0.00093220
v 0.00042705 0.00200912 0.00093220
v -0.00019470 0.00204475 0.00030908
v 0.00042705 0.00200912 0.00093220
v 0.00007769 0.00205253 0.00022781
v 0.00088607 0.00185305 -0.00012640
v 0.00089656 0.00184800 -0.00012015
v 0.00120731 0.00166172 -0.00012640
v 0.00120731 0.00166172 -0.00012640
v 0.00089656 0.00184800 -0.00012015
v 0.00091885 0.00183702 -0.00010139
v 0.00120731 0.00166172 -0.00012640
v 0.00091885 0.00183702 -0.00010139
v 0.00092676 0.00183304 -0.00008925
v 0.00092676 0.00183304 -0.00008925
v 0.00092928 0.00183176 -0.00008058
v 0.00120731 0.00166172 -0.00012640
v 0.00120731 0.00166172 -0.00012640
v 0.00092928 0.00183176 -0.00008058
v 0.00092953 0.00183164 -0.00007697
v 0.00120731 0.00166172 -0.00012640
v 0.00092953 0.00183164 -0.00007697
v 0.00092905 0.00183188 -0.00007148
v 0.00092905 0.00183188 -0.00007148
v 0.00092395 0.00183446 -0.00005740
v 0.00120731 0.00166172 0.00093220
v 0.00120731 0.00166172 0.00093220
v 0.00092395 0.00183446 -0.00005740
v 0.00091564 0.00183862 -0.00004552
v 0.00091564 0.00183862 -0.00004552
v 0.00088993 0.00185120 -0.00002445
v 0.00120731 0.00166172 0.00093220
v 0.00120731 0.00166172 0.00093220
v 0.00088993 0.00185120 -0.00002445
v 0.00076995 0.00190423 0.00002976
v 0.00120731 0.00166172 0.00093220
v 0.00076995 0.00190423 0.00002976
v 0.00042705 0.00200912 0.00093220
v 0.00042705 0.00200912 0.00093220
v 0.00076995 0.00190423 0.00002976
v 0.00043043 0.00200839 0.00012791
v 0.00042705 0.00200912 0.00093220
v 0.00043043 0.00200839 0.00012791
v 0.00007769 0.00205253 0.00022781
v 0.00092905 0.00183188 -0.00007148
v 0.00120731 0.00166172 0.00093220
v 0.00120731 0.00166172 -0.00012640
v 0.00120731 0.00166172 -0.00012640
v 0.00120731 0.00166172 0.00093220
v 0.00177882 0.00102700 0.00093220
v 0.00177882 0.00102700 -0.00012640
v 0.00177882 0.00102700 -0.00012640
v 0.00177882 0.00102700 0.00093220
v 0.00204275 0.00021470 0.00093220
v 0.00204275 0.00021470 -0.00012640
v 0.00204275 0.00021470 -0.00012640
v 0.00204275 0.00021470 0.00093220
v 0.00195347 -0.00063472 0.00093220
v 0.00195347 -0.00063472 -0.00012640
v 0.00195347 -0.00063472 -0.00012640
v 0.00195347 -0.00063472 0.00093220
v 0.00152642 -0.00137439 0.00093220
v 0.00152642 -0.00137439 -0.00012640
v 0.00152642 -0.00137439 -0.00012640
v 0.00152642 -0.00137439 0.00093220
v 0.00099781 -0.00179535 0.00052583
v 0.00152642 -0.00137439 -0.00012640
v 0.00099781 -0.00179535 0.00052583
v 0.00099798 -0.00179526 0.00052346
v -0.00092796 -0.00183243 -0.00006689
v -0.00152642 -0.00137439 0.00093220
v -0.00152642 -0.00137439 -0.00012640
v -0.00152642 -0.00137439 -0.00012640
v -0.00152642 -0.00137439 0.00093220
v -0.00195347 -0.00063472 0.00093220
v -0.00195347 -0.00063472 -0.00012640
v -0.00195347 -0.00063472 -0.00012640
v -0.00195347 -0.00063472 0.00093220
v -0.00204275 0.00021470 0.00093220
v -0.00204275 0.00021470 -0.00012640
v -0.00204275 0.00021470 -0.00012640
v -0.00204275 0.00021470 0.00093220
v -0.00177882 0.00102700 0.00093220
v -0.00177882 0.00102700 -0.00012640
v -0.00177882 0.00102700 -0.00012640
v -0.00177882 0.00102700 0.00093220
v -0.00120731 0.00166172 0.00093220
v -0.00120731 0.00166172 -0.00012640
v -0.00120731 0.00166172 -0.00012640
v -0.00120731 0.00166172 0.00093220
v -0.00099783 0.00179534 0.00052581
v -0.00120731 0.00166172 -0.00012640
v -0.00099783 0.00179534 0.00052581
v -0.00099795 0.00179527 0.00052338
v -0.00109466 -0.00063200 0.00093220
v -0.00152642 -0.00137439 0.00093220
v -0.00063200 -0.00109466 0.00093220
v -0.00083544 -0.00187642 0.00093220
v -0.00000000 -0.00126400 0.00093220
v -0.00000000 -0.00205400 0.00093220
v 0.00063200 -0.00109466 0.00093220
v 0.00083544 -0.00187642 0.00093220
v 0.00109466 -0.00063200 0.00093220
v 0.00152642 -0.00137439 0.00093220
v 0.00195347 -0.00063472 0.00093220
v 0.00126400 -0.00000000 0.00093220
v 0.00204275 0.00021470 0.00093220
v 0.00109466 0.00063200 0.00093220
v 0.00177882 0.00102700 0.00093220
v 0.00063200 0.00109466 0.00093220
v 0.00120731 0.00166172 0.00093220
v -0.00000000 0.00126400 0.00093220
v 0.00042705 0.00200912 0.00093220
v -0.00042705 0.00200912 0.00093220
v -0.00063200 0.00109466 0.00093220
v -0.00120731 0.00166172 0.00093220
v -0.00109466 0.00063200 0.00093220
v -0.00177882 0.00102700 0.00093220
v -0.00126400 -0.00000000 0.00093220
v -0.00204275 0.00021470 0.00093220
v -0.00195347 -0.00063472 0.00093220
v 0.00156848 -0.00019045 -0.00012640
v 0.00195347 -0.00063472 -0.00012640
v 0.00130031 -0.00089754 -0.00012640
v 0.00152642 -0.00137439 -0.00012640
v 0.00073426 -0.00139902 -0.00012640
v 0.00083544 -0.00187642 -0.00012640
v -0.00000000 -0.00158000 -0.00012640
v -0.00000000 -0.00205400 -0.00012640
v -0.00029601 -0.00203256 -0.00012640
v -0.00073426 -0.00139902 -0.00012640
v -0.00046040 -0.00174649 -0.00012640
v 0.00104773 0.00118265 -0.00012640
v 0.00120731 0.00166172 -0.00012640
v 0.00147733 0.00056028 -0.00012640
v 0.00177882 0.00102700 -0.00012640
v 0.00204275 0.00021470 -0.00012640
v -0.00073233 -0.00168651 -0.00012640
v -0.00079938 -0.00173115 -0.00012640
v -0.00086167 -0.00180506 -0.00012640
v -0.00088607 -0.00185305 -0.00012640
v -0.00130031 -0.00089754 -0.00012640
v -0.00152642 -0.00137439 -0.00012640
v -0.00156848 -0.00019045 -0.00012640
v -0.00195347 -0.00063472 -0.00012640
v -0.00204275 0.00021470 -0.00012640
v -0.00147733 0.00056028 -0.00012640
v -0.00177882 0.00102700 -0.00012640
v -0.00104773 0.00118265 -0.00012640
v -0.00120731 0.00166172 -0.00012640
v -0.00037812 0.00153409 -0.00012640
v -0.00042705 0.00200912 -0.00012640
v 0.00029601 0.00203256 -0.00012640
v 0.00066061 0.00166475 -0.00012640
v 0.00058198 0.00166955 -0.00012640
v 0.00037812 0.00153409 -0.00012640
v 0.00051957 0.00169716 -0.00012640
v 0.00030609 0.00200820 -0.00012640
v 0.00031994 0.00197613 -0.00012640
v 0.00044157 0.00176758 -0.00012640
v 0.00073537 0.00168799 -0.00012640
v 0.00082175 0.00175312 -0.00012640
v 0.00088179 0.00184294 -0.00012640
v 0.00088607 0.00185305 -0.00012640
v -0.00390407 0.01946560 0.00029434
v -0.00391577 0.01946560 0.00028341
v -0.00398123 0.01946560 0.00025900
v -0.00473879 0.01946560 0.00037876
v -0.00472225 0.01946560 0.00037870
v -0.00469896 0.01946560 0.00036311
v -0.00467328 0.01946560 0.00037491
v -0.00463227 0.01946560 0.00034046
v -0.00459776 0.01946560 0.00036946
v -0.00452723 0.01946560 0.00030978
v -0.00451127 0.01946560 0.00036382
v -0.00431717 0.01946560 0.00026333
v -0.00431896 0.01946560 0.00035392
v -0.00420719 0.01946560 0.00024863
v -0.00406237 0.01946560 0.00024695
v -0.00403016 0.01946560 0.00034088
v -0.00398304 0.01946560 0.00033667
v -0.00473716 0.01946560 0.00037589
v -0.00390082 0.01946560 0.00030676
v -0.00390066 0.01946560 0.00030150
v -0.00390478 0.01946560 0.00031350
v -0.00391701 0.01946560 0.00032210
v -0.00272519 0.00839619 0.00050803
v -0.00222405 0.00839619 0.00027334
v -0.00168995 0.00609177 0.00033739
v 0.00061519 0.00269126 -0.00027776
v 0.00032829 0.00269126 -0.00021465
v 0.00019534 0.00381321 -0.00031169
v 0.00026006 0.00381321 -0.00006361
v 0.00009689 0.00609177 -0.00022659
v -0.00078570 0.00609177 0.00012625
v -0.00146511 0.00325113 0.00070270
v -0.00122855 0.00269126 0.00062815
v -0.00121421 0.00269126 0.00062371
v -0.00147489 0.00325113 0.00070013
v -0.00170836 0.00381321 0.00076191
v -0.00170434 0.00381321 0.00075806
v -0.00472465 0.01846289 0.00041290
v -0.00468320 0.01745580 0.00044749
v -0.00464613 0.01745580 0.00044533
v -0.00471204 0.01796618 0.00042666
v -0.00472677 0.01846289 0.00040977
v -0.00472414 0.01846289 0.00040803
v -0.00383583 0.01636593 0.00038042
v -0.00404841 0.01745580 0.00037724
v -0.00438213 0.01745580 0.00041452
v -0.00325183 0.01070773 0.00045808
v -0.00378869 0.01070773 0.00067617
v -0.00422114 0.01300031 0.00059732
v -0.00370299 0.01300031 0.00041497
v -0.00317972 0.01300031 0.00024574
v -0.00270938 0.01070773 0.00025304
v -0.00213948 0.01300031 -0.00005013
v -0.00162949 0.01070773 -0.00011348
v -0.00270938 0.01070773 0.00025304
v -0.00341380 0.01846289 0.00011010
v -0.00406237 0.01946560 0.00024695
v -0.00398123 0.01946560 0.00025900
v -0.00001818 0.01300031 -0.00029567
v -0.00003144 0.01300031 -0.00030627
v -0.00042559 0.01413660 -0.00020199
v -0.00099783 0.00179534 0.00052581
v -0.00099611 0.00179629 0.00052710
v -0.00100290 0.00183933 0.00053092
v 0.00088993 0.00185120 -0.00002445
v 0.00078619 0.00269126 -0.00013934
v 0.00065185 0.00269126 -0.00007956
v 0.00088179 0.00184294 -0.00012640
v 0.00082175 0.00175312 -0.00012640
v 0.00087089 0.00212563 -0.00018147
v 0.00087089 0.00212563 -0.00018147
v 0.00082175 0.00175312 -0.00012640
v 0.00076253 0.00269126 -0.00028705
v 0.00092928 0.00183176 -0.00008058
v 0.00092676 0.00183304 -0.00008925
v 0.00091347 0.00212563 -0.00015184
v 0.00091347 0.00212563 -0.00015184
v 0.00092676 0.00183304 -0.00008925
v 0.00091885 0.00183702 -0.00010139
v 0.00091347 0.00212563 -0.00015184
v 0.00091885 0.00183702 -0.00010139
v 0.00090223 0.00212563 -0.00016422
v 0.00090223 0.00212563 -0.00016422
v 0.00091885 0.00183702 -0.00010139
v 0.00089656 0.00184800 -0.00012015
v 0.00090223 0.00212563 -0.00016422
v 0.00089656 0.00184800 -0.00012015
v 0.00087089 0.00212563 -0.00018147
v 0.00087089 0.00212563 -0.00018147
v 0.00089656 0.00184800 -0.00012015
v 0.00088607 0.00185305 -0.00012640
v 0.00087089 0.00212563 -0.00018147
v 0.00088607 0.00185305 -0.00012640
v 0.00088179 0.00184294 -0.00012640
v 0.00078619 0.00269126 -0.00013934
v 0.00088993 0.00185120 -0.00002445
v 0.00084938 0.00269126 -0.00017744
v 0.00084938 0.00269126 -0.00017744
v 0.00088993 0.00185120 -0.00002445
v 0.00091564 0.00183862 -0.00004552
v 0.00084938 0.00269126 -0.00017744
v 0.00091564 0.00183862 -0.00004552
v 0.00087693 0.00269126 -0.00020182
v 0.00087693 0.00269126 -0.00020182
v 0.00091564 0.00183862 -0.00004552
v 0.00092395 0.00183446 -0.00005740
v 0.00087693 0.00269126 -0.00020182
v 0.00092395 0.00183446 -0.00005740
v 0.00088789 0.00269126 -0.00021842
v 0.00088789 0.00269126 -0.00021842
v 0.00092395 0.00183446 -0.00005740
v 0.00092905 0.00183188 -0.00007148
v 0.00088789 0.00269126 -0.00021842
v 0.00092905 0.00183188 -0.00007148
v 0.00089262 0.00269126 -0.00023601
v -0.00006935 0.00212563 0.00025898
v -0.00019470 0.00204475 0.00030908
v 0.00007769 0.00205253 0.00022781
v -0.00042676 0.00200918 0.00037854
v -0.00058847 0.00212563 0.00041501
v -0.00058553 0.00196877 0.00042513
v -0.00058553 0.00196877 0.00042513
v -0.00058847 0.00212563 0.00041501
v -0.00084300 0.00212563 0.00049434
v -0.00058553 0.00196877 0.00042513
v -0.00084300 0.00212563 0.00049434
v -0.00089803 0.00184729 0.00050787
v -0.00089803 0.00184729 0.00050787
v -0.00084300 0.00212563 0.00049434
v -0.00096546 0.00212563 0.00053340
v -0.00089803 0.00184729 0.00050787
v -0.00096546 0.00212563 0.00053340
v -0.00097304 0.00180890 0.00052595
v -0.00097304 0.00180890 0.00052595
v -0.00096546 0.00212563 0.00053340
v -0.00104147 0.00212563 0.00055740
v -0.00097304 0.00180890 0.00052595
v -0.00104147 0.00212563 0.00055740
v -0.00099205 0.00179854 0.00052786
v -0.00099205 0.00179854 0.00052786
v -0.00104147 0.00212563 0.00055740
v -0.00099970 0.00183933 0.00053148
v -0.00099783 0.00179534 0.00052581
v -0.00100453 0.00183933 0.00052961
v -0.00100444 0.00183933 0.00052748
v -0.00099783 0.00179534 0.00052581
v -0.00100444 0.00183933 0.00052748
v -0.00099795 0.00179527 0.00052338
v -0.00099795 0.00179527 0.00052338
v -0.00100444 0.00183933 0.00052748
v -0.00099656 0.00179605 0.00052073
v -0.00025868 0.00203765 0.00007763
v -0.00042848 0.00200881 0.00016070
v -0.00058821 0.00212563 0.00024783
v 0.00031994 0.00197613 -0.00012640
v 0.00030609 0.00200820 -0.00012640
v 0.00032829 0.00269126 -0.00021465
v 0.00032829 0.00269126 -0.00021465
v 0.00030609 0.00200820 -0.00012640
v 0.00029601 0.00203256 -0.00012640
v 0.00032829 0.00269126 -0.00021465
v 0.00029601 0.00203256 -0.00012640
v -0.00004925 0.00205341 -0.00001282
v 0.00061519 0.00269126 -0.00027776
v 0.00073537 0.00168799 -0.00012640
v 0.00066061 0.00166475 -0.00012640
v 0.00066061 0.00166475 -0.00012640
v 0.00058198 0.00166955 -0.00012640
v 0.00061519 0.00269126 -0.00027776
v 0.00061519 0.00269126 -0.00027776
v 0.00058198 0.00166955 -0.00012640
v 0.00051957 0.00169716 -0.00012640
v 0.00061519 0.00269126 -0.00027776
v 0.00051957 0.00169716 -0.00012640
v 0.00032829 0.00269126 -0.00021465
v 0.00032829 0.00269126 -0.00021465
v 0.00051957 0.00169716 -0.00012640
v 0.00044157 0.00176758 -0.00012640
v 0.00032829 0.00269126 -0.00021465
v 0.00044157 0.00176758 -0.00012640
v 0.00031994 0.00197613 -0.00012640
v -0.00042559 0.01413660 -0.00020199
v -0.00003144 0.01300031 -0.00030627
v -0.00045796 0.01413660 -0.00022017
v -0.00045796 0.01413660 -0.00022017
v -0.00003144 0.01300031 -0.00030627
v -0.00006870 0.01300031 -0.00032292
v -0.00045796 0.01413660 -0.00022017
v -0.00006870 0.01300031 -0.00032292
v -0.00052218 0.01413660 -0.00023685
v -0.00052218 0.01413660 -0.00023685
v -0.00006870 0.01300031 -0.00032292
v -0.00013623 0.01300031 -0.00033568
v -0.00052218 0.01413660 -0.00023685
v -0.00013623 0.01300031 -0.00033568
v -0.00064889 0.01413660 -0.00024963
v -0.00064889 0.01413660 -0.00024963
v -0.00013623 0.01300031 -0.00033568
v -0.00027176 0.01300031 -0.00034399
v -0.00064889 0.01413660 -0.00024963
v -0.00027176 0.01300031 -0.00034399
v -0.00090351 0.01413660 -0.00025078
v -0.00090351 0.01413660 -0.00025078
v -0.00027176 0.01300031 -0.00034399
v -0.00054223 0.01300031 -0.00033609
v -0.00090351 0.01413660 -0.00025078
v -0.00054223 0.01300031 -0.00033609
v -0.00108024 0.01300031 -0.00027517
v -0.00108024 0.01300031 -0.00027517
v -0.00054223 0.01300031 -0.00033609
v -0.00077624 0.01185760 -0.00034339
v -0.00108024 0.01300031 -0.00027517
v -0.00077624 0.01185760 -0.00034339
v -0.00162949 0.01070773 -0.00011348
v -0.00090450 0.01525851 -0.00007255
v -0.00090218 0.01525851 -0.00007810
v -0.00117756 0.01581319 -0.00003291
v -0.00117756 0.01581319 -0.00003291
v -0.00090218 0.01525851 -0.00007810
v -0.00090174 0.01525851 -0.00008365
v -0.00117756 0.01581319 -0.00003291
v -0.00090174 0.01525851 -0.00008365
v -0.00117811 0.01581319 -0.00003823
v -0.00117811 0.01581319 -0.00003823
v -0.00090174 0.01525851 -0.00008365
v -0.00090316 0.01525851 -0.00008915
v -0.00117811 0.01581319 -0.00003823
v -0.00090316 0.01525851 -0.00008915
v -0.00146877 0.01636593 0.00000169
v -0.00252574 0.01796618 0.00016716
v -0.00210035 0.01745580 0.00011212
v -0.00210353 0.01745580 0.00010322
v -0.00390066 0.01946560 0.00030150
v -0.00299886 0.01846289 0.00020649
v -0.00390407 0.01946560 0.00029434
v -0.00390407 0.01946560 0.00029434
v -0.00299886 0.01846289 0.00020649
v -0.00300893 0.01846289 0.00019499
v -0.00390407 0.01946560 0.00029434
v -0.00300893 0.01846289 0.00019499
v -0.00391577 0.01946560 0.00028341
v -0.00391577 0.01946560 0.00028341
v -0.00300893 0.01846289 0.00019499
v -0.00303259 0.01846289 0.00017771
v -0.00391577 0.01946560 0.00028341
v -0.00303259 0.01846289 0.00017771
v -0.00398123 0.01946560 0.00025900
v -0.00339622 0.01745580 0.00008630
v -0.00385700 0.01846289 0.00015696
v -0.00341380 0.01846289 0.00011010
v -0.00146877 0.01636593 0.00000169
v -0.00090316 0.01525851 -0.00008915
v -0.00147735 0.01636593 -0.00000792
v -0.00147735 0.01636593 -0.00000792
v -0.00090316 0.01525851 -0.00008915
v -0.00091064 0.01525851 -0.00009982
v -0.00147735 0.01636593 -0.00000792
v -0.00091064 0.01525851 -0.00009982
v -0.00150149 0.01636593 -0.00002455
v -0.00150149 0.01636593 -0.00002455
v -0.00091064 0.01525851 -0.00009982
v -0.00093760 0.01525851 -0.00011852
v -0.00150149 0.01636593 -0.00002455
v -0.00093760 0.01525851 -0.00011852
v -0.00155015 0.01636593 -0.00004306
v -0.00155015 0.01636593 -0.00004306
v -0.00093760 0.01525851 -0.00011852
v -0.00099577 0.01525851 -0.00013835
v -0.00155015 0.01636593 -0.00004306
v -0.00099577 0.01525851 -0.00013835
v -0.00164900 0.01636593 -0.00006282
v -0.00164900 0.01636593 -0.00006282
v -0.00099577 0.01525851 -0.00013835
v -0.00110986 0.01525851 -0.00015529
v -0.00164900 0.01636593 -0.00006282
v -0.00110986 0.01525851 -0.00015529
v -0.00184993 0.01636593 -0.00007965
v -0.00184993 0.01636593 -0.00007965
v -0.00110986 0.01525851 -0.00015529
v -0.00134096 0.01525851 -0.00016507
v -0.00184993 0.01636593 -0.00007965
v -0.00134096 0.01525851 -0.00016507
v -0.00180295 0.01525851 -0.00013949
v -0.00180295 0.01525851 -0.00013949
v -0.00134096 0.01525851 -0.00016507
v -0.00141113 0.01413660 -0.00020777
v -0.00180295 0.01525851 -0.00013949
v -0.00141113 0.01413660 -0.00020777
v -0.00213948 0.01300031 -0.00005013
v -0.00270938 0.01070773 0.00025304
v -0.00317972 0.01300031 0.00024574
v -0.00213948 0.01300031 -0.00005013
v -0.00213948 0.01300031 -0.00005013
v -0.00317972 0.01300031 0.00024574
v -0.00271546 0.01525851 0.00001425
v -0.00213948 0.01300031 -0.00005013
v -0.00271546 0.01525851 0.00001425
v -0.00180295 0.01525851 -0.00013949
v -0.00225315 0.01636593 -0.00006980
v -0.00180295 0.01525851 -0.00013949
v -0.00225315 0.01636593 -0.00006980
v -0.00184993 0.01636593 -0.00007965
v -0.00184993 0.01636593 -0.00007965
v -0.00225315 0.01636593 -0.00006980
v -0.00240803 0.01745580 0.00000975
v -0.00240803 0.01745580 0.00000975
v -0.00164900 0.01636593 -0.00006282
v -0.00240803 0.01745580 0.00000975
v -0.00224432 0.01745580 0.00003501
v -0.00164900 0.01636593 -0.00006282
v -0.00224432 0.01745580 0.00003501
v -0.00155015 0.01636593 -0.00004306
v -0.00155015 0.01636593 -0.00004306
v -0.00224432 0.01745580 0.00003501
v -0.00216521 0.01745580 0.00005851
v -0.00155015 0.01636593 -0.00004306
v -0.00216521 0.01745580 0.00005851
v -0.00150149 0.01636593 -0.00002455
v -0.00150149 0.01636593 -0.00002455
v -0.00216521 0.01745580 0.00005851
v -0.00212688 0.01745580 0.00007897
v -0.00150149 0.01636593 -0.00002455
v -0.00212688 0.01745580 0.00007897
v -0.00147735 0.01636593 -0.00000792
v -0.00147735 0.01636593 -0.00000792
v -0.00212688 0.01745580 0.00007897
v -0.00210952 0.01745580 0.00009459
v -0.00147735 0.01636593 -0.00000792
v -0.00210952 0.01745580 0.00009459
v -0.00146877 0.01636593 0.00000169
v -0.00429003 0.01846289 0.00026158
v -0.00385700 0.01846289 0.00015696
v -0.00404023 0.01745580 0.00023887
v -0.00339622 0.01745580 0.00008630
v -0.00383405 0.01636593 0.00023938
v -0.00303259 0.01846289 0.00017771
v -0.00308346 0.01846289 0.00015564
v -0.00398123 0.01946560 0.00025900
v -0.00398123 0.01946560 0.00025900
v -0.00308346 0.01846289 0.00015564
v -0.00319166 0.01846289 0.00012866
v -0.00398123 0.01946560 0.00025900
v -0.00319166 0.01846289 0.00012866
v -0.00341380 0.01846289 0.00011010
v -0.00341380 0.01846289 0.00011010
v -0.00319166 0.01846289 0.00012866
v -0.00273919 0.01745580 0.00000211
v -0.00341380 0.01846289 0.00011010
v -0.00273919 0.01745580 0.00000211
v -0.00339622 0.01745580 0.00008630
v -0.00339622 0.01745580 0.00008630
v -0.00273919 0.01745580 0.00000211
v -0.00305079 0.01636593 0.00005027
v -0.00305079 0.01636593 0.00005027
v -0.00305079 0.01636593 0.00005027
v -0.00361219 0.01525851 0.00023842
v -0.00383405 0.01636593 0.00023938
v -0.00383405 0.01636593 0.00023938
v -0.00361219 0.01525851 0.00023842
v -0.00406325 0.01525851 0.00037087
v -0.00383405 0.01636593 0.00023938
v -0.00406325 0.01525851 0.00037087
v -0.00404023 0.01745580 0.00023887
v -0.00404023 0.01745580 0.00023887
v -0.00406325 0.01525851 0.00037087
v -0.00436311 0.01745580 0.00033407
v -0.00429003 0.01846289 0.00026158
v -0.00438547 0.01413660 0.00055718
v -0.00445472 0.01469967 0.00053713
v -0.00406325 0.01525851 0.00037087
v -0.00406237 0.01946560 0.00024695
v -0.00341380 0.01846289 0.00011010
v -0.00420719 0.01946560 0.00024863
v -0.00420719 0.01946560 0.00024863
v -0.00341380 0.01846289 0.00011010
v -0.00385700 0.01846289 0.00015696
v -0.00420719 0.01946560 0.00024863
v -0.00385700 0.01846289 0.00015696
v -0.00431717 0.01946560 0.00026333
v -0.00431717 0.01946560 0.00026333
v -0.00385700 0.01846289 0.00015696
v -0.00429003 0.01846289 0.00026158
v -0.00431717 0.01946560 0.00026333
v -0.00429003 0.01846289 0.00026158
v -0.00452723 0.01946560 0.00030978
v -0.00452723 0.01946560 0.00030978
v -0.00429003 0.01846289 0.00026158
v -0.00436311 0.01745580 0.00033407
v -0.00452723 0.01946560 0.00030978
v -0.00436311 0.01745580 0.00033407
v -0.00463227 0.01946560 0.00034046
v -0.00269816 0.01070773 0.00040276
v -0.00317396 0.01300031 0.00039377
v -0.00325929 0.01070773 0.00054614
v -0.00325929 0.01070773 0.00054614
v -0.00317396 0.01300031 0.00039377
v -0.00371264 0.01300031 0.00050109
v -0.00325929 0.01070773 0.00054614
v -0.00371264 0.01300031 0.00050109
v -0.00352206 0.01070773 0.00061400
v -0.00352206 0.01070773 0.00061400
v -0.00396483 0.01300031 0.00055204
v -0.00352206 0.01070773 0.00061400
v -0.00396483 0.01300031 0.00055204
v -0.00370025 0.01070773 0.00066045
v -0.00370025 0.01070773 0.00066045
v -0.00396483 0.01300031 0.00055204
v -0.00413584 0.01300031 0.00058702
v -0.00370025 0.01070773 0.00066045
v -0.00413584 0.01300031 0.00058702
v -0.00377005 0.01070773 0.00067663
v -0.00377005 0.01070773 0.00067663
v -0.00413584 0.01300031 0.00058702
v -0.00420303 0.01300031 0.00059880
v -0.00377005 0.01070773 0.00067663
v -0.00420303 0.01300031 0.00059880
v -0.00378753 0.01070773 0.00067903
v -0.00378753 0.01070773 0.00067903
v -0.00420303 0.01300031 0.00059880
v -0.00421992 0.01300031 0.00060015
v -0.00378753 0.01070773 0.00067903
v -0.00421992 0.01300031 0.00060015
v -0.00402344 0.01185760 0.00063864
v -0.00402344 0.01185760 0.00063864
v -0.00421992 0.01300031 0.00060015
v -0.00422266 0.01300031 0.00059930
v -0.00402344 0.01185760 0.00063864
v -0.00422266 0.01300031 0.00059930
v -0.00422114 0.01300031 0.00059732
v -0.00210952 0.01745580 0.00009459
v -0.00300893 0.01846289 0.00019499
v -0.00210952 0.01745580 0.00009459
v -0.00212688 0.01745580 0.00007897
v -0.00212688 0.01745580 0.00007897
v -0.00303259 0.01846289 0.00017771
v -0.00212688 0.01745580 0.00007897
v -0.00216521 0.01745580 0.00005851
v -0.00216521 0.01745580 0.00005851
v -0.00308346 0.01846289 0.00015564
v -0.00216521 0.01745580 0.00005851
v -0.00224432 0.01745580 0.00003501
v -0.00224432 0.01745580 0.00003501
v -0.00319166 0.01846289 0.00012866
v -0.00224432 0.01745580 0.00003501
v -0.00240803 0.01745580 0.00000975
v -0.00319166 0.01846289 0.00012866
v -0.00240803 0.01745580 0.00000975
v -0.00273919 0.01745580 0.00000211
v -0.00273919 0.01745580 0.00000211
v -0.00240803 0.01745580 0.00000975
v -0.00225315 0.01636593 -0.00006980
v -0.00273919 0.01745580 0.00000211
v -0.00225315 0.01636593 -0.00006980
v -0.00305079 0.01636593 0.00005027
v -0.00305079 0.01636593 0.00005027
v -0.00225315 0.01636593 -0.00006980
v -0.00271546 0.01525851 0.00001425
v -0.00305079 0.01636593 0.00005027
v -0.00271546 0.01525851 0.00001425
v -0.00361219 0.01525851 0.00023842
v -0.00361219 0.01525851 0.00023842
v -0.00271546 0.01525851 0.00001425
v -0.00317972 0.01300031 0.00024574
v -0.00317972 0.01300031 0.00024574
v -0.00406325 0.01525851 0.00037087
v -0.00438547 0.01413660 0.00055718
v -0.00438547 0.01413660 0.00055718
v -0.00370299 0.01300031 0.00041497
v -0.00430791 0.01356984 0.00057743
v -0.00438547 0.01413660 0.00055718
v -0.00430791 0.01356984 0.00057743
v -0.00434950 0.01385363 0.00056853
v -0.00434950 0.01385363 0.00056853
v -0.00430791 0.01356984 0.00057743
v -0.00432983 0.01371183 0.00057515
v -0.00432983 0.01371183 0.00057515
v -0.00430791 0.01356984 0.00057743
v -0.00430983 0.01356984 0.00057949
v -0.00432983 0.01371183 0.00057515
v -0.00430983 0.01356984 0.00057949
v -0.00430762 0.01356984 0.00058049
v -0.00432983 0.01371183 0.00057515
v -0.00434857 0.01385363 0.00057063
v -0.00434950 0.01385363 0.00056853
v -0.00438744 0.01413660 0.00055844
v -0.00434950 0.01385363 0.00056853
v -0.00438744 0.01413660 0.00055844
v -0.00438547 0.01413660 0.00055718
v -0.00445708 0.01469967 0.00053846
v -0.00438547 0.01413660 0.00055718
v -0.00445708 0.01469967 0.00053846
v -0.00445472 0.01469967 0.00053713
v -0.00413584 0.01300031 0.00058702
v -0.00437426 0.01413660 0.00056062
v -0.00420303 0.01300031 0.00059880
v -0.00420303 0.01300031 0.00059880
v -0.00437426 0.01413660 0.00056062
v -0.00430762 0.01356984 0.00058049
v -0.00430762 0.01356984 0.00058049
v -0.00421992 0.01300031 0.00060015
v -0.00430762 0.01356984 0.00058049
v -0.00426654 0.01328535 0.00059001
v -0.00421992 0.01300031 0.00060015
v -0.00426654 0.01328535 0.00059001
v -0.00422266 0.01300031 0.00059930
v -0.00422266 0.01300031 0.00059930
v -0.00426654 0.01328535 0.00059001
v -0.00422114 0.01300031 0.00059732
v -0.00438744 0.01413660 0.00055844
v -0.00438551 0.01413660 0.00056106
v -0.00445708 0.01469967 0.00053846
v -0.00445708 0.01469967 0.00053846
v -0.00438551 0.01413660 0.00056106
v -0.00445731 0.01469967 0.00054159
v -0.00445708 0.01469967 0.00053846
v -0.00445731 0.01469967 0.00054159
v -0.00452052 0.01525851 0.00052018
v -0.00317396 0.01300031 0.00039377
v -0.00362899 0.01525851 0.00038623
v -0.00371264 0.01300031 0.00050109
v -0.00371264 0.01300031 0.00050109
v -0.00362899 0.01525851 0.00038623
v -0.00409241 0.01525851 0.00045822
v -0.00371264 0.01300031 0.00050109
v -0.00409241 0.01525851 0.00045822
v -0.00396483 0.01300031 0.00055204
v -0.00396483 0.01300031 0.00055204
v -0.00409241 0.01525851 0.00045822
v -0.00431158 0.01525851 0.00049299
v -0.00431158 0.01525851 0.00049299
v -0.00413584 0.01300031 0.00058702
v -0.00413584 0.01300031 0.00058702
v -0.00445943 0.01525851 0.00051661
v -0.00413584 0.01300031 0.00058702
v -0.00445943 0.01525851 0.00051661
v -0.00437426 0.01413660 0.00056062
v -0.00437426 0.01413660 0.00056062
v -0.00445943 0.01525851 0.00051661
v -0.00451116 0.01525851 0.00052258
v -0.00018782 0.01185760 -0.00019317
v 0.00007326 0.01070773 -0.00027753
v 0.00008451 0.01185760 -0.00026392
v 0.00008451 0.01185760 -0.00026392
v 0.00007326 0.01070773 -0.00027753
v 0.00034727 0.01070773 -0.00035709
v 0.00008451 0.01185760 -0.00026392
v 0.00034727 0.01070773 -0.00035709
v 0.00021886 0.01185760 -0.00030886
v 0.00021886 0.01185760 -0.00030886
v 0.00034727 0.01070773 -0.00035709
v 0.00048223 0.01070773 -0.00040640
v 0.00021886 0.01185760 -0.00030886
v 0.00048223 0.01070773 -0.00040640
v 0.00028207 0.01185760 -0.00033717
v 0.00028207 0.01185760 -0.00033717
v 0.00048223 0.01070773 -0.00040640
v 0.00054549 0.01070773 -0.00043670
v 0.00028207 0.01185760 -0.00033717
v 0.00054549 0.01070773 -0.00043670
v 0.00031643 0.01185760 -0.00035976
v 0.00031643 0.01185760 -0.00035976
v 0.00054549 0.01070773 -0.00043670
v 0.00057989 0.01070773 -0.00046043
v 0.00031643 0.01185760 -0.00035976
v 0.00057989 0.01070773 -0.00046043
v 0.00032866 0.01185760 -0.00037257
v 0.00032866 0.01185760 -0.00037257
v 0.00057989 0.01070773 -0.00046043
v 0.00059212 0.01070773 -0.00047369
v 0.00032866 0.01185760 -0.00037257
v 0.00059212 0.01070773 -0.00047369
v 0.00033199 0.01185760 -0.00037897
v 0.00033199 0.01185760 -0.00037897
v 0.00059212 0.01070773 -0.00047369
v 0.00059542 0.01070773 -0.00048025
v 0.00033199 0.01185760 -0.00037897
v 0.00059542 0.01070773 -0.00048025
v 0.00033290 0.01185760 -0.00038523
v 0.00033290 0.01185760 -0.00038523
v 0.00059542 0.01070773 -0.00048025
v 0.00059626 0.01070773 -0.00048659
v 0.00033290 0.01185760 -0.00038523
v 0.00059626 0.01070773 -0.00048659
v 0.00033114 0.01185760 -0.00039125
v 0.00033114 0.01185760 -0.00039125
v 0.00059626 0.01070773 -0.00048659
v 0.00059438 0.01070773 -0.00049261
v 0.00033114 0.01185760 -0.00039125
v 0.00059438 0.01070773 -0.00049261
v 0.00032703 0.01185760 -0.00039700
v 0.00032703 0.01185760 -0.00039700
v 0.00059438 0.01070773 -0.00049261
v 0.00059009 0.01070773 -0.00049829
v 0.00032703 0.01185760 -0.00039700
v 0.00059009 0.01070773 -0.00049829
v 0.00031326 0.01185760 -0.00040752
v 0.00031326 0.01185760 -0.00040752
v 0.00059009 0.01070773 -0.00049829
v 0.00057583 0.01070773 -0.00050847
v 0.00031326 0.01185760 -0.00040752
v 0.00057583 0.01070773 -0.00050847
v 0.00027400 0.01185760 -0.00042357
v 0.00027400 0.01185760 -0.00042357
v 0.00057583 0.01070773 -0.00050847
v 0.00053544 0.01070773 -0.00052342
v 0.00027400 0.01185760 -0.00042357
v 0.00053544 0.01070773 -0.00052342
v 0.00020327 0.01185760 -0.00043448
v 0.00020327 0.01185760 -0.00043448
v 0.00053544 0.01070773 -0.00052342
v 0.00046341 0.01070773 -0.00053210
v 0.00020327 0.01185760 -0.00043448
v 0.00046341 0.01070773 -0.00053210
v 0.00006214 0.01185760 -0.00043856
v 0.00006214 0.01185760 -0.00043856
v 0.00046341 0.01070773 -0.00053210
v 0.00032021 0.01070773 -0.00053171
v 0.00006214 0.01185760 -0.00043856
v 0.00032021 0.01070773 -0.00053171
v -0.00021873 0.01185760 -0.00042197
v -0.00021873 0.01185760 -0.00042197
v 0.00032021 0.01070773 -0.00053171
v 0.00003605 0.01070773 -0.00050613
v -0.00021873 0.01185760 -0.00042197
v 0.00003605 0.01070773 -0.00050613
v -0.00052668 0.01070773 -0.00040960
v -0.00042559 0.01413660 -0.00020199
v -0.00041555 0.01413660 -0.00019112
v -0.00001818 0.01300031 -0.00029567
v -0.00001818 0.01300031 -0.00029567
v -0.00041555 0.01413660 -0.00019112
v -0.00020424 0.01356984 -0.00023949
v -0.00001818 0.01300031 -0.00029567
v -0.00020424 0.01356984 -0.00023949
v -0.00001409 0.01300031 -0.00028996
v -0.00001409 0.01300031 -0.00028996
v -0.00020424 0.01356984 -0.00023949
v -0.00020276 0.01356984 -0.00023362
v -0.00001409 0.01300031 -0.00028996
v -0.00020276 0.01356984 -0.00023362
v -0.00001216 0.01300031 -0.00028404
v -0.00001216 0.01300031 -0.00028404
v -0.00020276 0.01356984 -0.00023362
v -0.00020365 0.01356984 -0.00022762
v -0.00001216 0.01300031 -0.00028404
v -0.00020365 0.01356984 -0.00022762
v -0.00001273 0.01300031 -0.00027795
v -0.00001273 0.01300031 -0.00027795
v -0.00020365 0.01356984 -0.00022762
v -0.00001565 0.01300031 -0.00027177
v -0.00090837 0.01525851 -0.00006708
v -0.00091955 0.01525851 -0.00005659
v -0.00043036 0.01413660 -0.00015644
v -0.00043036 0.01413660 -0.00015644
v -0.00091955 0.01525851 -0.00005659
v -0.00046160 0.01413660 -0.00013712
v -0.00043036 0.01413660 -0.00015644
v -0.00046160 0.01413660 -0.00013712
v -0.00005989 0.01300031 -0.00023792
v -0.00005989 0.01300031 -0.00023792
v -0.00046160 0.01413660 -0.00013712
v -0.00012132 0.01300031 -0.00021142
v -0.00002698 0.01300031 -0.00025948
v -0.00001565 0.01300031 -0.00027177
v -0.00041846 0.01413660 -0.00016782
v -0.00041846 0.01413660 -0.00016782
v -0.00001565 0.01300031 -0.00027177
v -0.00020365 0.01356984 -0.00022762
v -0.00041846 0.01413660 -0.00016782
v -0.00020365 0.01356984 -0.00022762
v -0.00041466 0.01413660 -0.00017370
v -0.00041466 0.01413660 -0.00017370
v -0.00020365 0.01356984 -0.00022762
v -0.00020276 0.01356984 -0.00023362
v -0.00041466 0.01413660 -0.00017370
v -0.00020276 0.01356984 -0.00023362
v -0.00041277 0.01413660 -0.00017958
v -0.00041277 0.01413660 -0.00017958
v -0.00020276 0.01356984 -0.00023362
v -0.00020424 0.01356984 -0.00023949
v -0.00041277 0.01413660 -0.00017958
v -0.00020424 0.01356984 -0.00023949
v -0.00041310 0.01413660 -0.00018541
v -0.00041310 0.01413660 -0.00018541
v -0.00020424 0.01356984 -0.00023949
v -0.00041555 0.01413660 -0.00019112
v -0.00465966 0.01691802 0.00046366
v -0.00462136 0.01636593 0.00048289
v -0.00461850 0.01636593 0.00048449
v -0.00461850 0.01636593 0.00048449
v -0.00462136 0.01636593 0.00048289
v -0.00451976 0.01525851 0.00052229
v -0.00445731 0.01469967 0.00054159
v -0.00451976 0.01525851 0.00052229
v -0.00452052 0.01525851 0.00052018
v -0.00452052 0.01525851 0.00052018
v -0.00451976 0.01525851 0.00052229
v -0.00462136 0.01636593 0.00048289
v -0.00452052 0.01525851 0.00052018
v -0.00462136 0.01636593 0.00048289
v -0.00451659 0.01525851 0.00051776
v -0.00451659 0.01525851 0.00051776
v -0.00462136 0.01636593 0.00048289
v -0.00465966 0.01691802 0.00046366
v -0.00451659 0.01525851 0.00051776
v -0.00465966 0.01691802 0.00046366
v -0.00468695 0.01745580 0.00044252
v -0.00451771 0.01525851 0.00052258
v -0.00468786 0.01745580 0.00044703
v -0.00465751 0.01691802 0.00046540
v -0.00465751 0.01691802 0.00046540
v -0.00468786 0.01745580 0.00044703
v -0.00469014 0.01745580 0.00044607
v -0.00465751 0.01691802 0.00046540
v -0.00461850 0.01636593 0.00048449
v -0.00451771 0.01525851 0.00052258
v -0.00438551 0.01413660 0.00056106
v -0.00434857 0.01385363 0.00057063
v -0.00438262 0.01413660 0.00056113
v -0.00445731 0.01469967 0.00054159
v -0.00445731 0.01469967 0.00054159
v -0.00438262 0.01413660 0.00056113
v -0.00451771 0.01525851 0.00052258
v -0.00445731 0.01469967 0.00054159
v -0.00451771 0.01525851 0.00052258
v -0.00451976 0.01525851 0.00052229
v -0.00461850 0.01636593 0.00048449
v -0.00461850 0.01636593 0.00048449
v -0.00465751 0.01691802 0.00046540
v -0.00465966 0.01691802 0.00046366
v -0.00465966 0.01691802 0.00046366
v -0.00465751 0.01691802 0.00046540
v -0.00469014 0.01745580 0.00044607
v -0.00465966 0.01691802 0.00046366
v -0.00469014 0.01745580 0.00044607
v -0.00468695 0.01745580 0.00044252
v -0.00271433 0.01525851 0.00025333
v -0.00303615 0.01636593 0.00028133
v -0.00383583 0.01636593 0.00038042
v -0.00471204 0.01796618 0.00042666
v -0.00471167 0.01796618 0.00042931
v -0.00472134 0.01821496 0.00041963
v -0.00468320 0.01745580 0.00044749
v -0.00472465 0.01846289 0.00041290
v -0.00471167 0.01796618 0.00042931
v -0.00471167 0.01796618 0.00042931
v -0.00472465 0.01846289 0.00041290
v -0.00472705 0.01846289 0.00041221
v -0.00471167 0.01796618 0.00042931
v -0.00472705 0.01846289 0.00041221
v -0.00472134 0.01821496 0.00041963
v -0.00473716 0.01946560 0.00037589
v -0.00472414 0.01846289 0.00040803
v -0.00473879 0.01946560 0.00037876
v -0.00473879 0.01946560 0.00037876
v -0.00472414 0.01846289 0.00040803
v -0.00472677 0.01846289 0.00040977
v -0.00471204 0.01796618 0.00042666
v -0.00472134 0.01821496 0.00041963
v -0.00472677 0.01846289 0.00040977
v -0.00472677 0.01846289 0.00040977
v -0.00472134 0.01821496 0.00041963
v -0.00472705 0.01846289 0.00041221
v -0.00472677 0.01846289 0.00040977
v -0.00472705 0.01846289 0.00041221
v -0.00473879 0.01946560 0.00037876
v -0.00473879 0.01946560 0.00037876
v -0.00472705 0.01846289 0.00041221
v -0.00472465 0.01846289 0.00041290
v -0.00473879 0.01946560 0.00037876
v -0.00472465 0.01846289 0.00041290
v -0.00472225 0.01946560 0.00037870
v -0.00472225 0.01946560 0.00037870
v -0.00472465 0.01846289 0.00041290
v -0.00464613 0.01745580 0.00044533
v -0.00472225 0.01946560 0.00037870
v -0.00464613 0.01745580 0.00044533
v -0.00467328 0.01946560 0.00037491
v -0.00147131 0.01636593 0.00003191
v -0.00146523 0.01636593 0.00002193
v -0.00210076 0.01745580 0.00012109
v -0.00025127 0.01300031 -0.00017082
v -0.00012132 0.01300031 -0.00021142
v -0.00051961 0.01413660 -0.00011353
v -0.00051961 0.01413660 -0.00011353
v -0.00012132 0.01300031 -0.00021142
v -0.00046160 0.01413660 -0.00013712
v -0.00051961 0.01413660 -0.00011353
v -0.00046160 0.01413660 -0.00013712
v -0.00094771 0.01525851 -0.00003913
v -0.00094771 0.01525851 -0.00003913
v -0.00094771 0.01525851 -0.00003913
v -0.00091955 0.01525851 -0.00005659
v -0.00119004 0.01581319 -0.00001207
v -0.00119004 0.01581319 -0.00001207
v -0.00091955 0.01525851 -0.00005659
v -0.00090837 0.01525851 -0.00006708
v -0.00119004 0.01581319 -0.00001207
v -0.00090837 0.01525851 -0.00006708
v -0.00118125 0.01581319 -0.00002230
v -0.00118125 0.01581319 -0.00002230
v -0.00090837 0.01525851 -0.00006708
v -0.00117865 0.01581319 -0.00002758
v -0.00118125 0.01581319 -0.00002230
v -0.00117865 0.01581319 -0.00002758
v -0.00146406 0.01636593 0.00001684
v -0.00146406 0.01636593 0.00001684
v -0.00117865 0.01581319 -0.00002758
v -0.00146430 0.01636593 0.00001175
v -0.00146406 0.01636593 0.00001684
v -0.00146430 0.01636593 0.00001175
v -0.00210035 0.01745580 0.00011212
v -0.00210035 0.01745580 0.00011212
v -0.00146430 0.01636593 0.00001175
v -0.00146593 0.01636593 0.00000668
v -0.00210035 0.01745580 0.00011212
v -0.00146593 0.01636593 0.00000668
v -0.00210353 0.01745580 0.00010322
v -0.00149258 0.01636593 0.00004963
v -0.00147131 0.01636593 0.00003191
v -0.00210474 0.01745580 0.00012988
v -0.00210474 0.01745580 0.00012988
v -0.00147131 0.01636593 0.00003191
v -0.00210076 0.01745580 0.00012109
v -0.00210474 0.01745580 0.00012988
v -0.00210076 0.01745580 0.00012109
v -0.00252832 0.01796618 0.00018276
v -0.00252832 0.01796618 0.00018276
v -0.00210076 0.01745580 0.00012109
v -0.00252571 0.01796618 0.00017501
v -0.00252832 0.01796618 0.00018276
v -0.00252571 0.01796618 0.00017501
v -0.00299353 0.01846289 0.00023187
v -0.00299353 0.01846289 0.00023187
v -0.00252571 0.01796618 0.00017501
v -0.00299229 0.01846289 0.00022547
v -0.00390478 0.01946560 0.00031350
v -0.00391701 0.01946560 0.00032210
v -0.00302365 0.01846289 0.00026145
v -0.00302365 0.01846289 0.00026145
v -0.00391701 0.01946560 0.00032210
v -0.00307609 0.01846289 0.00027978
v -0.00302365 0.01846289 0.00026145
v -0.00307609 0.01846289 0.00027978
v -0.00256969 0.01796618 0.00021646
v -0.00256969 0.01796618 0.00021646
v -0.00307609 0.01846289 0.00027978
v -0.00223647 0.01745580 0.00018980
v -0.00256969 0.01796618 0.00021646
v -0.00223647 0.01745580 0.00018980
v -0.00215721 0.01745580 0.00016611
v -0.00215721 0.01745580 0.00016611
v -0.00223647 0.01745580 0.00018980
v -0.00163594 0.01636593 0.00009911
v -0.00390082 0.01946560 0.00030676
v -0.00390478 0.01946560 0.00031350
v -0.00300071 0.01846289 0.00024400
v -0.00300071 0.01846289 0.00024400
v -0.00390478 0.01946560 0.00031350
v -0.00302365 0.01846289 0.00026145
v -0.00300071 0.01846289 0.00024400
v -0.00302365 0.01846289 0.00026145
v -0.00253942 0.01796618 0.00019707
v -0.00253942 0.01796618 0.00019707
v -0.00302365 0.01846289 0.00026145
v -0.00256969 0.01796618 0.00021646
v -0.00253942 0.01796618 0.00019707
v -0.00256969 0.01796618 0.00021646
v -0.00211997 0.01745580 0.00014581
v -0.00211997 0.01745580 0.00014581
v -0.00256969 0.01796618 0.00021646
v -0.00215721 0.01745580 0.00016611
v -0.00211997 0.01745580 0.00014581
v -0.00215721 0.01745580 0.00016611
v -0.00153890 0.01636593 0.00007133
v -0.00153890 0.01636593 0.00007133
v -0.00215721 0.01745580 0.00016611
v -0.00163594 0.01636593 0.00009911
v -0.00153890 0.01636593 0.00007133
v -0.00163594 0.01636593 0.00009911
v -0.00111258 0.01525851 0.00001310
v -0.00089170 0.01413660 -0.00002481
v -0.00111258 0.01525851 0.00001310
v -0.00133960 0.01525851 0.00005721
v -0.00133960 0.01525851 0.00005721
v -0.00111258 0.01525851 0.00001310
v -0.00163594 0.01636593 0.00009911
v -0.00133960 0.01525851 0.00005721
v -0.00163594 0.01636593 0.00009911
v -0.00183436 0.01636593 0.00013549
v -0.00183436 0.01636593 0.00013549
v -0.00163594 0.01636593 0.00009911
v -0.00223647 0.01745580 0.00018980
v -0.00183436 0.01636593 0.00013549
v -0.00223647 0.01745580 0.00018980
v -0.00239982 0.01745580 0.00021779
v -0.00239982 0.01745580 0.00021779
v -0.00223647 0.01745580 0.00018980
v -0.00307609 0.01846289 0.00027978
v -0.00318610 0.01846289 0.00029845
v -0.00318610 0.01846289 0.00029845
v -0.00307609 0.01846289 0.00027978
v -0.00391701 0.01946560 0.00032210
v -0.00318610 0.01846289 0.00029845
v -0.00391701 0.01946560 0.00032210
v -0.00398304 0.01946560 0.00033667
v -0.00104647 0.01300031 -0.00000627
v -0.00089170 0.01413660 -0.00002481
v -0.00139415 0.01413660 0.00006013
v -0.00133960 0.01525851 0.00005721
v -0.00139415 0.01413660 0.00006013
v -0.00133960 0.01525851 0.00005721
v -0.00179749 0.01525851 0.00012486
v -0.00183436 0.01636593 0.00013549
v -0.00179749 0.01525851 0.00012486
v -0.00183436 0.01636593 0.00013549
v -0.00223462 0.01636593 0.00018667
v -0.00239982 0.01745580 0.00021779
v -0.00223462 0.01636593 0.00018667
v -0.00239982 0.01745580 0.00021779
v -0.00272950 0.01745580 0.00025195
v -0.00272950 0.01745580 0.00025195
v -0.00239982 0.01745580 0.00021779
v -0.00318610 0.01846289 0.00029845
v -0.00272950 0.01745580 0.00025195
v -0.00318610 0.01846289 0.00029845
v -0.00340850 0.01846289 0.00031624
v -0.00340850 0.01846289 0.00031624
v -0.00318610 0.01846289 0.00029845
v -0.00398304 0.01946560 0.00033667
v -0.00340850 0.01846289 0.00031624
v -0.00398304 0.01946560 0.00033667
v -0.00403016 0.01946560 0.00034088
v -0.00051469 0.01300031 -0.00010885
v -0.00025127 0.01300031 -0.00017082
v -0.00064265 0.01413660 -0.00007773
v -0.00064265 0.01413660 -0.00007773
v -0.00025127 0.01300031 -0.00017082
v -0.00051961 0.01413660 -0.00011353
v -0.00064265 0.01413660 -0.00007773
v -0.00051961 0.01413660 -0.00011353
v -0.00100047 0.01525851 -0.00001808
v -0.00100047 0.01525851 -0.00001808
v -0.00051961 0.01413660 -0.00011353
v -0.00094771 0.01525851 -0.00003913
v -0.00100047 0.01525851 -0.00001808
v -0.00094771 0.01525851 -0.00003913
v -0.00149258 0.01636593 0.00004963
v -0.00149258 0.01636593 0.00004963
v -0.00094771 0.01525851 -0.00003913
v -0.00119004 0.01581319 -0.00001207
v -0.00149258 0.01636593 0.00004963
v -0.00119004 0.01581319 -0.00001207
v -0.00147131 0.01636593 0.00003191
v -0.00147131 0.01636593 0.00003191
v -0.00119004 0.01581319 -0.00001207
v -0.00118125 0.01581319 -0.00002230
v -0.00147131 0.01636593 0.00003191
v -0.00118125 0.01581319 -0.00002230
v -0.00146523 0.01636593 0.00002193
v -0.00146523 0.01636593 0.00002193
v -0.00118125 0.01581319 -0.00002230
v -0.00146406 0.01636593 0.00001684
v -0.00146523 0.01636593 0.00002193
v -0.00146406 0.01636593 0.00001684
v -0.00210076 0.01745580 0.00012109
v -0.00210076 0.01745580 0.00012109
v -0.00146406 0.01636593 0.00001684
v -0.00210035 0.01745580 0.00011212
v -0.00210076 0.01745580 0.00012109
v -0.00210035 0.01745580 0.00011212
v -0.00252571 0.01796618 0.00017501
v -0.00252571 0.01796618 0.00017501
v -0.00210035 0.01745580 0.00011212
v -0.00252574 0.01796618 0.00016716
v -0.00252571 0.01796618 0.00017501
v -0.00252574 0.01796618 0.00016716
v -0.00299229 0.01846289 0.00022547
v -0.00299229 0.01846289 0.00022547
v -0.00252574 0.01796618 0.00016716
v -0.00299294 0.01846289 0.00021904
v -0.00383583 0.01636593 0.00038042
v -0.00303615 0.01636593 0.00028133
v -0.00404841 0.01745580 0.00037724
v -0.00404841 0.01745580 0.00037724
v -0.00303615 0.01636593 0.00028133
v -0.00338970 0.01745580 0.00031238
v -0.00404841 0.01745580 0.00037724
v -0.00338970 0.01745580 0.00031238
v -0.00385388 0.01846289 0.00034436
v -0.00464613 0.01745580 0.00044533
v -0.00454000 0.01745580 0.00043288
v -0.00467328 0.01946560 0.00037491
v -0.00438213 0.01745580 0.00041452
v -0.00467328 0.01946560 0.00037491
v -0.00438213 0.01745580 0.00041452
v -0.00459776 0.01946560 0.00036946
v -0.00459776 0.01946560 0.00036946
v -0.00438213 0.01745580 0.00041452
v -0.00404841 0.01745580 0.00037724
v -0.00459776 0.01946560 0.00036946
v -0.00404841 0.01745580 0.00037724
v -0.00451127 0.01946560 0.00036382
v -0.00451127 0.01946560 0.00036382
v -0.00404841 0.01745580 0.00037724
v -0.00385388 0.01846289 0.00034436
v -0.00451127 0.01946560 0.00036382
v -0.00385388 0.01846289 0.00034436
v -0.00431896 0.01946560 0.00035392
v -0.00162949 0.01070773 -0.00011348
v -0.00213948 0.01300031 -0.00005013
v -0.00108024 0.01300031 -0.00027517
v -0.00108024 0.01300031 -0.00027517
v -0.00213948 0.01300031 -0.00005013
v -0.00141113 0.01413660 -0.00020777
v -0.00108024 0.01300031 -0.00027517
v -0.00141113 0.01413660 -0.00020777
v -0.00090351 0.01413660 -0.00025078
v -0.00090351 0.01413660 -0.00025078
v -0.00141113 0.01413660 -0.00020777
v -0.00134096 0.01525851 -0.00016507
v -0.00134096 0.01525851 -0.00016507
v -0.00064889 0.01413660 -0.00024963
v -0.00110986 0.01525851 -0.00015529
v -0.00052218 0.01413660 -0.00023685
v -0.00052218 0.01413660 -0.00023685
v -0.00099577 0.01525851 -0.00013835
v -0.00045796 0.01413660 -0.00022017
v -0.00045796 0.01413660 -0.00022017
v -0.00099577 0.01525851 -0.00013835
v -0.00093760 0.01525851 -0.00011852
v -0.00045796 0.01413660 -0.00022017
v -0.00093760 0.01525851 -0.00011852
v -0.00042559 0.01413660 -0.00020199
v -0.00042559 0.01413660 -0.00020199
v -0.00093760 0.01525851 -0.00011852
v -0.00091064 0.01525851 -0.00009982
v -0.00042559 0.01413660 -0.00020199
v -0.00091064 0.01525851 -0.00009982
v -0.00041555 0.01413660 -0.00019112
v -0.00041555 0.01413660 -0.00019112
v -0.00091064 0.01525851 -0.00009982
v -0.00090316 0.01525851 -0.00008915
v -0.00041555 0.01413660 -0.00019112
v -0.00090316 0.01525851 -0.00008915
v -0.00041310 0.01413660 -0.00018541
v -0.00041310 0.01413660 -0.00018541
v -0.00090316 0.01525851 -0.00008915
v -0.00090174 0.01525851 -0.00008365
v -0.00041310 0.01413660 -0.00018541
v -0.00090174 0.01525851 -0.00008365
v -0.00041277 0.01413660 -0.00017958
v -0.00041277 0.01413660 -0.00017958
v -0.00090174 0.01525851 -0.00008365
v -0.00090218 0.01525851 -0.00007810
v -0.00041277 0.01413660 -0.00017958
v -0.00090218 0.01525851 -0.00007810
v -0.00041466 0.01413660 -0.00017370
v -0.00041466 0.01413660 -0.00017370
v -0.00090218 0.01525851 -0.00007810
v -0.00090450 0.01525851 -0.00007255
v -0.00041466 0.01413660 -0.00017370
v -0.00090450 0.01525851 -0.00007255
v -0.00041846 0.01413660 -0.00016782
v -0.00100453 0.00183933 0.00052961
v -0.00105884 0.00212563 0.00055887
v -0.00100444 0.00183933 0.00052748
v -0.00109454 0.00226794 0.00057344
v -0.00113579 0.00240963 0.00059208
v -0.00113469 0.00240963 0.00058845
v -0.00113469 0.00240963 0.00058845
v -0.00113579 0.00240963 0.00059208
v -0.00118346 0.00255070 0.00061026
v -0.00113469 0.00240963 0.00058845
v -0.00118346 0.00255070 0.00061026
v -0.00123633 0.00269126 0.00062920
v -0.00113337 0.00240963 0.00059242
v -0.00113579 0.00240963 0.00059208
v -0.00109343 0.00226794 0.00057534
v -0.00105686 0.00212563 0.00055966
v -0.00109343 0.00226794 0.00057534
v -0.00105884 0.00212563 0.00055887
v -0.00105686 0.00212563 0.00055966
v -0.00105884 0.00212563 0.00055887
v -0.00100290 0.00183933 0.00053092
v -0.00100290 0.00183933 0.00053092
v -0.00105884 0.00212563 0.00055887
v -0.00100453 0.00183933 0.00052961
v -0.00100290 0.00183933 0.00053092
v -0.00100453 0.00183933 0.00052961
v -0.00099783 0.00179534 0.00052581
v -0.00113337 0.00240963 0.00059242
v -0.00109343 0.00226794 0.00057534
v -0.00105686 0.00212563 0.00055966
v -0.00123337 0.00269126 0.00062915
v -0.00123633 0.00269126 0.00062920
v -0.00118346 0.00255070 0.00061026
v -0.00111612 0.00240963 0.00058842
v -0.00112914 0.00240963 0.00059185
v -0.00105317 0.00212563 0.00055962
v -0.00122855 0.00269126 0.00062815
v -0.00112914 0.00240963 0.00059185
v -0.00121421 0.00269126 0.00062371
v -0.00121421 0.00269126 0.00062371
v -0.00112914 0.00240963 0.00059185
v -0.00111612 0.00240963 0.00058842
v -0.00121421 0.00269126 0.00062371
v -0.00111612 0.00240963 0.00058842
v -0.00112709 0.00269126 0.00058963
v -0.00159760 0.00353156 0.00073648
v -0.00170836 0.00381321 0.00076191
v -0.00147489 0.00325113 0.00070013
v -0.00159760 0.00353156 0.00073648
v -0.00147489 0.00325113 0.00070013
v -0.00147752 0.00325113 0.00070467
v -0.00135418 0.00297139 0.00066634
v -0.00147752 0.00325113 0.00070467
v -0.00135418 0.00297139 0.00066634
v -0.00135282 0.00297139 0.00066786
v -0.00135282 0.00297139 0.00066786
v -0.00135418 0.00297139 0.00066634
v -0.00129436 0.00283145 0.00064765
v -0.00135282 0.00297139 0.00066786
v -0.00147125 0.00325113 0.00070443
v -0.00135282 0.00297139 0.00066786
v -0.00123337 0.00269126 0.00062915
v -0.00113337 0.00240963 0.00059242
v -0.00123337 0.00269126 0.00062915
v -0.00118346 0.00255070 0.00061026
v -0.00113337 0.00240963 0.00059242
v -0.00118346 0.00255070 0.00061026
v -0.00113579 0.00240963 0.00059208
v -0.00099611 0.00179629 0.00052710
v -0.00099970 0.00183933 0.00053148
v -0.00100290 0.00183933 0.00053092
v -0.00100290 0.00183933 0.00053092
v -0.00099970 0.00183933 0.00053148
v -0.00105317 0.00212563 0.00055962
v -0.00100290 0.00183933 0.00053092
v -0.00105317 0.00212563 0.00055962
v -0.00105686 0.00212563 0.00055966
v -0.00105686 0.00212563 0.00055966
v -0.00105317 0.00212563 0.00055962
v -0.00112914 0.00240963 0.00059185
v -0.00105686 0.00212563 0.00055966
v -0.00112914 0.00240963 0.00059185
v -0.00113337 0.00240963 0.00059242
v -0.00122855 0.00269126 0.00062815
v -0.00113337 0.00240963 0.00059242
v -0.00122855 0.00269126 0.00062815
v -0.00123337 0.00269126 0.00062915
v -0.00123337 0.00269126 0.00062915
v -0.00122855 0.00269126 0.00062815
v -0.00146511 0.00325113 0.00070270
v -0.00123337 0.00269126 0.00062915
v -0.00146511 0.00325113 0.00070270
v -0.00147125 0.00325113 0.00070443
v -0.00169306 0.00381321 0.00076179
v -0.00170604 0.00381321 0.00076561
v -0.00147546 0.00325113 0.00070513
v -0.00147546 0.00325113 0.00070513
v -0.00170604 0.00381321 0.00076561
v -0.00159623 0.00353156 0.00073818
v -0.00099611 0.00179629 0.00052710
v -0.00099205 0.00179854 0.00052786
v -0.00099970 0.00183933 0.00053148
v -0.00105317 0.00212563 0.00055962
v -0.00099970 0.00183933 0.00053148
v -0.00104147 0.00212563 0.00055740
v -0.00111612 0.00240963 0.00058842
v -0.00111612 0.00240963 0.00058842
v -0.00104147 0.00212563 0.00055740
v -0.00096546 0.00212563 0.00053340
v -0.00096546 0.00212563 0.00053340
v -0.00112709 0.00269126 0.00058963
v -0.00112709 0.00269126 0.00058963
v -0.00084300 0.00212563 0.00049434
v -0.00099166 0.00269126 0.00053501
v -0.00099166 0.00269126 0.00053501
v -0.00084300 0.00212563 0.00049434
v -0.00058847 0.00212563 0.00041501
v -0.00170928 0.00381321 0.00076573
v -0.00181585 0.00409592 0.00078891
v -0.00181670 0.00409592 0.00078689
v -0.00191638 0.00437949 0.00080171
v -0.00192109 0.00437949 0.00080674
v -0.00212784 0.00494854 0.00083574
v -0.00170928 0.00381321 0.00076573
v -0.00170604 0.00381321 0.00076561
v -0.00181585 0.00409592 0.00078891
v -0.00181585 0.00409592 0.00078891
v -0.00170604 0.00381321 0.00076561
v -0.00191547 0.00437949 0.00080779
v -0.00181585 0.00409592 0.00078891
v -0.00191547 0.00437949 0.00080779
v -0.00191972 0.00437949 0.00080847
v -0.00232180 0.00551943 0.00084734
v -0.00212128 0.00494854 0.00083715
v -0.00207896 0.00494854 0.00082090
v -0.00207896 0.00494854 0.00082090
v -0.00212128 0.00494854 0.00083715
v -0.00191547 0.00437949 0.00080779
v -0.00192109 0.00437949 0.00080674
v -0.00202518 0.00466374 0.00082455
v -0.00212784 0.00494854 0.00083574
v -0.00212784 0.00494854 0.00083574
v -0.00202518 0.00466374 0.00082455
v -0.00212862 0.00494854 0.00083780
v -0.00223031 0.00523380 0.00084434
v -0.00223031 0.00523380 0.00084434
v -0.00212862 0.00494854 0.00083780
v -0.00222989 0.00523380 0.00084660
v -0.00233095 0.00551943 0.00084879
v -0.00192109 0.00437949 0.00080674
v -0.00191972 0.00437949 0.00080847
v -0.00202518 0.00466374 0.00082455
v -0.00192109 0.00437949 0.00080674
v -0.00181670 0.00409592 0.00078689
v -0.00181585 0.00409592 0.00078891
v -0.00181585 0.00409592 0.00078891
v -0.00202518 0.00466374 0.00082455
v -0.00191972 0.00437949 0.00080847
v -0.00202323 0.00466374 0.00082514
v -0.00202518 0.00466374 0.00082455
v -0.00202323 0.00466374 0.00082514
v -0.00212862 0.00494854 0.00083780
v -0.00212862 0.00494854 0.00083780
v -0.00202323 0.00466374 0.00082514
v -0.00212636 0.00494854 0.00083823
v -0.00212862 0.00494854 0.00083780
v -0.00212636 0.00494854 0.00083823
v -0.00222989 0.00523380 0.00084660
v -0.00233095 0.00551943 0.00084879
v -0.00222989 0.00523380 0.00084660
v -0.00232785 0.00551943 0.00084884
v -0.00233095 0.00551943 0.00084879
v -0.00232785 0.00551943 0.00084884
v -0.00242717 0.00580541 0.00084550
v -0.00191972 0.00437949 0.00080847
v -0.00191547 0.00437949 0.00080779
v -0.00202323 0.00466374 0.00082514
v -0.00202323 0.00466374 0.00082514
v -0.00191547 0.00437949 0.00080779
v -0.00212128 0.00494854 0.00083715
v -0.00202323 0.00466374 0.00082514
v -0.00212128 0.00494854 0.00083715
v -0.00212636 0.00494854 0.00083823
v -0.00212636 0.00494854 0.00083823
v -0.00212128 0.00494854 0.00083715
v -0.00232180 0.00551943 0.00084734
v -0.00212636 0.00494854 0.00083823
v -0.00232180 0.00551943 0.00084734
v -0.00232785 0.00551943 0.00084884
v -0.00191638 0.00437949 0.00080171
v -0.00212784 0.00494854 0.00083574
v -0.00212422 0.00494854 0.00083215
v -0.00212422 0.00494854 0.00083215
v -0.00212784 0.00494854 0.00083574
v -0.00223031 0.00523380 0.00084434
v -0.00212422 0.00494854 0.00083215
v -0.00223031 0.00523380 0.00084434
v -0.00232761 0.00551943 0.00084371
v -0.00232761 0.00551943 0.00084371
v -0.00223031 0.00523380 0.00084434
v -0.00233095 0.00551943 0.00084879
v -0.00232761 0.00551943 0.00084371
v -0.00233095 0.00551943 0.00084879
v -0.00242899 0.00580541 0.00084392
v -0.00242899 0.00580541 0.00084392
v -0.00233095 0.00551943 0.00084879
v -0.00242717 0.00580541 0.00084550
v -0.00242899 0.00580541 0.00084392
v -0.00242717 0.00580541 0.00084550
v -0.00252494 0.00609177 0.00083669
v -0.00147546 0.00325113 0.00070513
v -0.00135282 0.00297139 0.00066786
v -0.00147125 0.00325113 0.00070443
v -0.00147546 0.00325113 0.00070513
v -0.00147125 0.00325113 0.00070443
v -0.00169306 0.00381321 0.00076179
v -0.00169306 0.00381321 0.00076179
v -0.00147125 0.00325113 0.00070443
v -0.00146511 0.00325113 0.00070270
v -0.00169306 0.00381321 0.00076179
v -0.00146511 0.00325113 0.00070270
v -0.00167319 0.00381321 0.00075413
v -0.00167319 0.00381321 0.00075413
v -0.00146511 0.00325113 0.00070270
v -0.00121421 0.00269126 0.00062371
v -0.00167319 0.00381321 0.00075413
v -0.00121421 0.00269126 0.00062371
v -0.00156737 0.00381321 0.00070775
v -0.00156737 0.00381321 0.00070775
v -0.00121421 0.00269126 0.00062371
v -0.00112709 0.00269126 0.00058963
v -0.00112709 0.00269126 0.00058963
v -0.00140759 0.00381321 0.00063757
v -0.00140759 0.00381321 0.00063757
v -0.00112709 0.00269126 0.00058963
v -0.00099166 0.00269126 0.00053501
v -0.00071484 0.00269126 0.00042499
v -0.00071484 0.00269126 0.00042499
v -0.00099166 0.00269126 0.00053501
v -0.00058847 0.00212563 0.00041501
v -0.00071484 0.00269126 0.00042499
v -0.00058847 0.00212563 0.00041501
v -0.00006935 0.00212563 0.00025898
v -0.00006935 0.00212563 0.00025898
v -0.00058847 0.00212563 0.00041501
v -0.00042676 0.00200918 0.00037854
v -0.00006935 0.00212563 0.00025898
v -0.00042676 0.00200918 0.00037854
v -0.00019470 0.00204475 0.00030908
v -0.00252247 0.00609177 0.00083377
v -0.00252494 0.00609177 0.00083669
v -0.00288888 0.00724180 0.00079639
v -0.00222989 0.00523380 0.00084660
v -0.00212636 0.00494854 0.00083823
v -0.00232785 0.00551943 0.00084884
v -0.00242717 0.00580541 0.00084550
v -0.00252233 0.00609177 0.00083789
v -0.00252494 0.00609177 0.00083669
v -0.00252494 0.00609177 0.00083669
v -0.00252233 0.00609177 0.00083789
v -0.00288797 0.00724180 0.00079846
v -0.00210784 0.00609177 0.00057876
v -0.00252247 0.00609177 0.00083377
v -0.00322091 0.00839619 0.00075562
v -0.00322091 0.00839619 0.00075562
v -0.00252247 0.00609177 0.00083377
v -0.00288888 0.00724180 0.00079639
v -0.00322091 0.00839619 0.00075562
v -0.00288888 0.00724180 0.00079639
v -0.00322265 0.00839619 0.00075797
v -0.00322265 0.00839619 0.00075797
v -0.00288888 0.00724180 0.00079639
v -0.00306014 0.00781866 0.00077775
v -0.00322030 0.00839619 0.00075867
v -0.00305828 0.00781866 0.00077861
v -0.00320444 0.00839619 0.00075551
v -0.00252233 0.00609177 0.00083789
v -0.00320444 0.00839619 0.00075551
v -0.00288797 0.00724180 0.00079846
v -0.00288797 0.00724180 0.00079846
v -0.00320444 0.00839619 0.00075551
v -0.00305828 0.00781866 0.00077861
v -0.00305828 0.00781866 0.00077861
v -0.00322030 0.00839619 0.00075867
v -0.00322265 0.00839619 0.00075797
v -0.00322265 0.00839619 0.00075797
v -0.00322030 0.00839619 0.00075867
v -0.00352240 0.00955253 0.00071866
v -0.00352240 0.00955253 0.00071866
v -0.00379032 0.01070773 0.00067832
v -0.00378869 0.01070773 0.00067617
v -0.00378869 0.01070773 0.00067617
v -0.00379032 0.01070773 0.00067832
v -0.00402344 0.01185760 0.00063864
v -0.00378869 0.01070773 0.00067617
v -0.00402344 0.01185760 0.00063864
v -0.00422114 0.01300031 0.00059732
v -0.00170928 0.00381321 0.00076573
v -0.00159623 0.00353156 0.00073818
v -0.00170604 0.00381321 0.00076561
v -0.00191547 0.00437949 0.00080779
v -0.00170604 0.00381321 0.00076561
v -0.00169306 0.00381321 0.00076179
v -0.00191547 0.00437949 0.00080779
v -0.00169306 0.00381321 0.00076179
v -0.00207896 0.00494854 0.00082090
v -0.00207896 0.00494854 0.00082090
v -0.00169306 0.00381321 0.00076179
v -0.00167319 0.00381321 0.00075413
v -0.00207896 0.00494854 0.00082090
v -0.00167319 0.00381321 0.00075413
v -0.00195389 0.00494854 0.00076520
v -0.00195389 0.00494854 0.00076520
v -0.00167319 0.00381321 0.00075413
v -0.00156737 0.00381321 0.00070775
v -0.00176758 0.00494854 0.00068227
v -0.00140759 0.00381321 0.00063757
v -0.00107298 0.00381321 0.00049237
v -0.00107298 0.00381321 0.00049237
v -0.00140759 0.00381321 0.00063757
v -0.00071484 0.00269126 0.00042499
v -0.00107298 0.00381321 0.00049237
v -0.00071484 0.00269126 0.00042499
v -0.00017019 0.00269126 0.00021863
v -0.00017019 0.00269126 0.00021863
v -0.00071484 0.00269126 0.00042499
v -0.00006935 0.00212563 0.00025898
v -0.00017019 0.00269126 0.00021863
v -0.00006935 0.00212563 0.00025898
v 0.00045189 0.00212563 0.00009463
v 0.00045189 0.00212563 0.00009463
v -0.00006935 0.00212563 0.00025898
v 0.00007769 0.00205253 0.00022781
v 0.00045189 0.00212563 0.00009463
v 0.00007769 0.00205253 0.00022781
v 0.00043043 0.00200839 0.00012791
v -0.00252233 0.00609177 0.00083789
v -0.00251981 0.00609177 0.00083746
v -0.00320444 0.00839619 0.00075551
v -0.00320444 0.00839619 0.00075551
v -0.00251981 0.00609177 0.00083746
v -0.00251254 0.00609177 0.00083547
v -0.00320444 0.00839619 0.00075551
v -0.00251254 0.00609177 0.00083547
v -0.00313991 0.00839619 0.00073569
v -0.00313991 0.00839619 0.00073569
v -0.00251254 0.00609177 0.00083547
v -0.00246037 0.00609177 0.00081577
v -0.00313991 0.00839619 0.00073569
v -0.00246037 0.00609177 0.00081577
v -0.00297342 0.00839619 0.00067914
v -0.00297342 0.00839619 0.00067914
v -0.00246037 0.00609177 0.00081577
v -0.00231893 0.00609177 0.00075603
v -0.00297342 0.00839619 0.00067914
v -0.00231893 0.00609177 0.00075603
v -0.00272777 0.00839619 0.00059631
v -0.00272777 0.00839619 0.00059631
v -0.00231893 0.00609177 0.00075603
v -0.00210963 0.00609177 0.00066805
v -0.00272777 0.00839619 0.00059631
v -0.00210963 0.00609177 0.00066805
v -0.00220369 0.00839619 0.00042116
v -0.00220369 0.00839619 0.00042116
v -0.00210963 0.00609177 0.00066805
v -0.00166507 0.00609177 0.00048282
v -0.00220369 0.00839619 0.00042116
v -0.00166507 0.00609177 0.00048282
v -0.00078570 0.00609177 0.00012625
v -0.00078570 0.00609177 0.00012625
v -0.00166507 0.00609177 0.00048282
v -0.00040788 0.00381321 0.00021317
v -0.00078570 0.00609177 0.00012625
v -0.00040788 0.00381321 0.00021317
v 0.00026006 0.00381321 -0.00006361
v 0.00026006 0.00381321 -0.00006361
v -0.00040788 0.00381321 0.00021317
v 0.00037693 0.00269126 0.00002108
v 0.00026006 0.00381321 -0.00006361
v 0.00037693 0.00269126 0.00002108
v 0.00065185 0.00269126 -0.00007956
v 0.00065185 0.00269126 -0.00007956
v 0.00037693 0.00269126 0.00002108
v 0.00076995 0.00190423 0.00002976
v 0.00065185 0.00269126 -0.00007956
v 0.00076995 0.00190423 0.00002976
v 0.00088993 0.00185120 -0.00002445
v 0.00053677 0.00609177 -0.00040633
v 0.00059197 0.00381321 -0.00020548
v 0.00075232 0.00609177 -0.00050589
v 0.00075232 0.00609177 -0.00050589
v 0.00059197 0.00381321 -0.00020548
v 0.00075331 0.00381321 -0.00028573
v 0.00075232 0.00609177 -0.00050589
v 0.00075331 0.00381321 -0.00028573
v 0.00085643 0.00609177 -0.00056435
v 0.00085643 0.00609177 -0.00056435
v 0.00075331 0.00381321 -0.00028573
v 0.00082981 0.00381321 -0.00033387
v 0.00085643 0.00609177 -0.00056435
v 0.00082981 0.00381321 -0.00033387
v 0.00090399 0.00609177 -0.00059857
v 0.00090399 0.00609177 -0.00059857
v 0.00082981 0.00381321 -0.00033387
v 0.00086388 0.00381321 -0.00036269
v 0.00090399 0.00609177 -0.00059857
v 0.00086388 0.00381321 -0.00036269
v 0.00092756 0.00609177 -0.00062314
v 0.00092756 0.00609177 -0.00062314
v 0.00086388 0.00381321 -0.00036269
v 0.00087897 0.00381321 -0.00038257
v 0.00092756 0.00609177 -0.00062314
v 0.00087897 0.00381321 -0.00038257
v 0.00093541 0.00609177 -0.00063618
v 0.00093541 0.00609177 -0.00063618
v 0.00087897 0.00381321 -0.00038257
v 0.00088400 0.00381321 -0.00039324
v 0.00093541 0.00609177 -0.00063618
v 0.00088400 0.00381321 -0.00039324
v 0.00093736 0.00609177 -0.00064241
v 0.00093736 0.00609177 -0.00064241
v 0.00088400 0.00381321 -0.00039324
v 0.00088587 0.00381321 -0.00040350
v 0.00093736 0.00609177 -0.00064241
v 0.00088587 0.00381321 -0.00040350
v 0.00093760 0.00609177 -0.00064828
v 0.00093760 0.00609177 -0.00064828
v 0.00088587 0.00381321 -0.00040350
v 0.00093592 0.00609177 -0.00065365
v 0.00089262 0.00269126 -0.00023601
v 0.00089112 0.00269126 -0.00024413
v 0.00088523 0.00381321 -0.00040825
v 0.00085643 0.00381321 -0.00043268
v 0.00091216 0.00494854 -0.00056413
v 0.00087715 0.00381321 -0.00042060
v 0.00087715 0.00381321 -0.00042060
v 0.00091216 0.00494854 -0.00056413
v 0.00092049 0.00494854 -0.00055580
v 0.00087715 0.00381321 -0.00042060
v 0.00092049 0.00494854 -0.00055580
v 0.00088349 0.00381321 -0.00041269
v 0.00092049 0.00494854 -0.00055580
v 0.00088523 0.00381321 -0.00040825
v 0.00088349 0.00381321 -0.00041269
v 0.00088349 0.00381321 -0.00041269
v 0.00088523 0.00381321 -0.00040825
v 0.00089112 0.00269126 -0.00024413
v 0.00088349 0.00381321 -0.00041269
v 0.00089112 0.00269126 -0.00024413
v 0.00087715 0.00381321 -0.00042060
v 0.00087715 0.00381321 -0.00042060
v 0.00089112 0.00269126 -0.00024413
v 0.00088697 0.00269126 -0.00025151
v 0.00088697 0.00269126 -0.00025151
v 0.00085643 0.00381321 -0.00043268
v 0.00088697 0.00269126 -0.00025151
v 0.00087276 0.00269126 -0.00026395
v 0.00085643 0.00381321 -0.00043268
v 0.00087276 0.00269126 -0.00026395
v 0.00080849 0.00381321 -0.00044308
v 0.00080849 0.00381321 -0.00044308
v 0.00087276 0.00269126 -0.00026395
v 0.00083532 0.00269126 -0.00027918
v 0.00080849 0.00381321 -0.00044308
v 0.00083532 0.00269126 -0.00027918
v 0.00071923 0.00381321 -0.00044083
v -0.00402344 0.01185760 0.00063864
v -0.00379032 0.01070773 0.00067832
v -0.00378753 0.01070773 0.00067903
v -0.00352240 0.00955253 0.00071866
v -0.00378753 0.01070773 0.00067903
v -0.00352240 0.00955253 0.00071866
v -0.00322030 0.00839619 0.00075867
v -0.00378753 0.01070773 0.00067903
v -0.00322030 0.00839619 0.00075867
v -0.00377005 0.01070773 0.00067663
v -0.00377005 0.01070773 0.00067663
v -0.00322030 0.00839619 0.00075867
v -0.00320444 0.00839619 0.00075551
v -0.00377005 0.01070773 0.00067663
v -0.00320444 0.00839619 0.00075551
v -0.00370025 0.01070773 0.00066045
v -0.00370025 0.01070773 0.00066045
v -0.00320444 0.00839619 0.00075551
v -0.00313991 0.00839619 0.00073569
v -0.00370025 0.01070773 0.00066045
v -0.00313991 0.00839619 0.00073569
v -0.00352206 0.01070773 0.00061400
v -0.00352206 0.01070773 0.00061400
v -0.00313991 0.00839619 0.00073569
v -0.00297342 0.00839619 0.00067914
v -0.00297342 0.00839619 0.00067914
v -0.00325929 0.01070773 0.00054614
v -0.00325929 0.01070773 0.00054614
v -0.00297342 0.00839619 0.00067914
v -0.00272777 0.00839619 0.00059631
v -0.00325929 0.01070773 0.00054614
v -0.00272777 0.00839619 0.00059631
v -0.00269816 0.01070773 0.00040276
v -0.00269816 0.01070773 0.00040276
v -0.00272777 0.00839619 0.00059631
v -0.00220369 0.00839619 0.00042116
v -0.00269816 0.01070773 0.00040276
v -0.00220369 0.00839619 0.00042116
v -0.00116873 0.00839619 0.00008508
v -0.00078570 0.00609177 0.00012625
v -0.00116873 0.00839619 0.00008508
v -0.00078570 0.00609177 0.00012625
v -0.00000760 0.00724180 -0.00026532
v -0.00000760 0.00724180 -0.00026532
v -0.00078570 0.00609177 0.00012625
v 0.00009689 0.00609177 -0.00022659
v -0.00000760 0.00724180 -0.00026532
v 0.00009689 0.00609177 -0.00022659
v 0.00053677 0.00609177 -0.00040633
v 0.00053677 0.00609177 -0.00040633
v 0.00009689 0.00609177 -0.00022659
v 0.00026006 0.00381321 -0.00006361
v 0.00053677 0.00609177 -0.00040633
v 0.00026006 0.00381321 -0.00006361
v 0.00059197 0.00381321 -0.00020548
v 0.00059197 0.00381321 -0.00020548
v 0.00026006 0.00381321 -0.00006361
v 0.00065185 0.00269126 -0.00007956
v 0.00059197 0.00381321 -0.00020548
v 0.00065185 0.00269126 -0.00007956
v 0.00075331 0.00381321 -0.00028573
v 0.00075331 0.00381321 -0.00028573
v 0.00065185 0.00269126 -0.00007956
v 0.00078619 0.00269126 -0.00013934
v 0.00075331 0.00381321 -0.00028573
v 0.00078619 0.00269126 -0.00013934
v 0.00082981 0.00381321 -0.00033387
v 0.00082981 0.00381321 -0.00033387
v 0.00078619 0.00269126 -0.00013934
v 0.00084938 0.00269126 -0.00017744
v 0.00082981 0.00381321 -0.00033387
v 0.00084938 0.00269126 -0.00017744
v 0.00086388 0.00381321 -0.00036269
v 0.00086388 0.00381321 -0.00036269
v 0.00084938 0.00269126 -0.00017744
v 0.00087693 0.00269126 -0.00020182
v 0.00086388 0.00381321 -0.00036269
v 0.00087693 0.00269126 -0.00020182
v 0.00087897 0.00381321 -0.00038257
v 0.00087897 0.00381321 -0.00038257
v 0.00087693 0.00269126 -0.00020182
v 0.00088789 0.00269126 -0.00021842
v 0.00087897 0.00381321 -0.00038257
v 0.00088789 0.00269126 -0.00021842
v 0.00088400 0.00381321 -0.00039324
v 0.00088400 0.00381321 -0.00039324
v 0.00088789 0.00269126 -0.00021842
v 0.00089262 0.00269126 -0.00023601
v 0.00088400 0.00381321 -0.00039324
v 0.00089262 0.00269126 -0.00023601
v 0.00088587 0.00381321 -0.00040350
v 0.00088587 0.00381321 -0.00040350
v 0.00089262 0.00269126 -0.00023601
v 0.00088523 0.00381321 -0.00040825
v 0.00088587 0.00381321 -0.00040350
v 0.00088523 0.00381321 -0.00040825
v 0.00093592 0.00609177 -0.00065365
v 0.00093592 0.00609177 -0.00065365
v 0.00088523 0.00381321 -0.00040825
v 0.00092049 0.00494854 -0.00055580
v 0.00093592 0.00609177 -0.00065365
v 0.00092049 0.00494854 -0.00055580
v 0.00093246 0.00609177 -0.00065851
v 0.00093246 0.00609177 -0.00065851
v 0.00092049 0.00494854 -0.00055580
v 0.00091216 0.00494854 -0.00056413
v 0.00093246 0.00609177 -0.00065851
v 0.00091216 0.00494854 -0.00056413
v 0.00092121 0.00609177 -0.00066674
v 0.00092121 0.00609177 -0.00066674
v 0.00091216 0.00494854 -0.00056413
v 0.00088859 0.00609177 -0.00067762
v 0.00088859 0.00609177 -0.00067762
v 0.00091216 0.00494854 -0.00056413
v 0.00085643 0.00381321 -0.00043268
v 0.00088859 0.00609177 -0.00067762
v 0.00085643 0.00381321 -0.00043268
v 0.00082656 0.00609177 -0.00068142
v 0.00082656 0.00609177 -0.00068142
v 0.00085643 0.00381321 -0.00043268
v 0.00080849 0.00381321 -0.00044308
v 0.00082656 0.00609177 -0.00068142
v 0.00080849 0.00381321 -0.00044308
v 0.00070856 0.00609177 -0.00066924
v 0.00070856 0.00609177 -0.00066924
v 0.00080849 0.00381321 -0.00044308
v 0.00071923 0.00381321 -0.00044083
v 0.00070856 0.00609177 -0.00066924
v 0.00071923 0.00381321 -0.00044083
v 0.00047608 0.00609177 -0.00062101
v 0.00092905 0.00183188 -0.00007148
v 0.00092953 0.00183164 -0.00007697
v 0.00089262 0.00269126 -0.00023601
v 0.00089262 0.00269126 -0.00023601
v 0.00092953 0.00183164 -0.00007697
v 0.00092928 0.00183176 -0.00008058
v 0.00089262 0.00269126 -0.00023601
v 0.00092928 0.00183176 -0.00008058
v 0.00089112 0.00269126 -0.00024413
v 0.00091347 0.00212563 -0.00015184
v 0.00089112 0.00269126 -0.00024413
v 0.00091347 0.00212563 -0.00015184
v 0.00088697 0.00269126 -0.00025151
v 0.00088697 0.00269126 -0.00025151
v 0.00091347 0.00212563 -0.00015184
v 0.00090223 0.00212563 -0.00016422
v 0.00090223 0.00212563 -0.00016422
v 0.00087276 0.00269126 -0.00026395
v 0.00090223 0.00212563 -0.00016422
v 0.00087089 0.00212563 -0.00018147
v 0.00087276 0.00269126 -0.00026395
v 0.00087089 0.00212563 -0.00018147
v 0.00083532 0.00269126 -0.00027918
v 0.00083532 0.00269126 -0.00027918
v 0.00087089 0.00212563 -0.00018147
v 0.00076253 0.00269126 -0.00028705
v 0.00083532 0.00269126 -0.00027918
v 0.00076253 0.00269126 -0.00028705
v 0.00071923 0.00381321 -0.00044083
v 0.00071923 0.00381321 -0.00044083
v 0.00076253 0.00269126 -0.00028705
v 0.00054142 0.00381321 -0.00041226
v 0.00071923 0.00381321 -0.00044083
v 0.00054142 0.00381321 -0.00041226
v 0.00047608 0.00609177 -0.00062101
v 0.00047608 0.00609177 -0.00062101
v 0.00054142 0.00381321 -0.00041226
v 0.00002216 0.00609177 -0.00048099
v -0.00004925 0.00205341 -0.00001282
v -0.00010099 0.00212563 0.00000481
v 0.00032829 0.00269126 -0.00021465
v 0.00032829 0.00269126 -0.00021465
v -0.00010099 0.00212563 0.00000481
v -0.00021080 0.00269126 0.00000714
v 0.00032829 0.00269126 -0.00021465
v -0.00021080 0.00269126 0.00000714
v 0.00019534 0.00381321 -0.00031169
v 0.00019534 0.00381321 -0.00031169
v -0.00021080 0.00269126 0.00000714
v -0.00046295 0.00381321 -0.00001534
v 0.00019534 0.00381321 -0.00031169
v -0.00046295 0.00381321 -0.00001534
v -0.00084997 0.00609177 -0.00010416
v -0.00097138 0.00269126 0.00044660
v -0.00082077 0.00212563 0.00038969
v -0.00104926 0.00212563 0.00054724
v -0.00105884 0.00212563 0.00055887
v -0.00109454 0.00226794 0.00057344
v -0.00105723 0.00212563 0.00055459
v -0.00105723 0.00212563 0.00055459
v -0.00109454 0.00226794 0.00057344
v -0.00113469 0.00240963 0.00058845
v -0.00105723 0.00212563 0.00055459
v -0.00113469 0.00240963 0.00058845
v -0.00104926 0.00212563 0.00054724
v -0.00104926 0.00212563 0.00054724
v -0.00113469 0.00240963 0.00058845
v -0.00112658 0.00240963 0.00058134
v -0.00104926 0.00212563 0.00054724
v -0.00112658 0.00240963 0.00058134
v -0.00097138 0.00269126 0.00044660
v -0.00058821 0.00212563 0.00024783
v -0.00082077 0.00212563 0.00038969
v -0.00071931 0.00269126 0.00028889
v -0.00071931 0.00269126 0.00028889
v -0.00082077 0.00212563 0.00038969
v -0.00097138 0.00269126 0.00044660
v -0.00071931 0.00269126 0.00028889
v -0.00097138 0.00269126 0.00044660
v -0.00108851 0.00381321 0.00034457
v -0.00175905 0.00494854 0.00059014
v -0.00139635 0.00381321 0.00054363
v -0.00170434 0.00381321 0.00075806
v -0.00170434 0.00381321 0.00075806
v -0.00139635 0.00381321 0.00054363
v -0.00122814 0.00269126 0.00061915
v -0.00170434 0.00381321 0.00075806
v -0.00122814 0.00269126 0.00061915
v -0.00147489 0.00325113 0.00070013
v -0.00147489 0.00325113 0.00070013
v -0.00122814 0.00269126 0.00061915
v -0.00123294 0.00269126 0.00062306
v -0.00147489 0.00325113 0.00070013
v -0.00123294 0.00269126 0.00062306
v -0.00135418 0.00297139 0.00066634
v -0.00135418 0.00297139 0.00066634
v -0.00123294 0.00269126 0.00062306
v -0.00123604 0.00269126 0.00062612
v -0.00135418 0.00297139 0.00066634
v -0.00123604 0.00269126 0.00062612
v -0.00129436 0.00283145 0.00064765
v -0.00210784 0.00609177 0.00057876
v -0.00139378 0.00494854 0.00036309
v -0.00175905 0.00494854 0.00059014
v -0.00175905 0.00494854 0.00059014
v -0.00139378 0.00494854 0.00036309
v -0.00108851 0.00381321 0.00034457
v -0.00175905 0.00494854 0.00059014
v -0.00108851 0.00381321 0.00034457
v -0.00139635 0.00381321 0.00054363
v -0.00139635 0.00381321 0.00054363
v -0.00108851 0.00381321 0.00034457
v -0.00097138 0.00269126 0.00044660
v -0.00139635 0.00381321 0.00054363
v -0.00097138 0.00269126 0.00044660
v -0.00122814 0.00269126 0.00061915
v -0.00122814 0.00269126 0.00061915
v -0.00097138 0.00269126 0.00044660
v -0.00112658 0.00240963 0.00058134
v -0.00122814 0.00269126 0.00061915
v -0.00112658 0.00240963 0.00058134
v -0.00123294 0.00269126 0.00062306
v -0.00123294 0.00269126 0.00062306
v -0.00112658 0.00240963 0.00058134
v -0.00113469 0.00240963 0.00058845
v -0.00123294 0.00269126 0.00062306
v -0.00113469 0.00240963 0.00058845
v -0.00123604 0.00269126 0.00062612
v -0.00123604 0.00269126 0.00062612
v -0.00113469 0.00240963 0.00058845
v -0.00123633 0.00269126 0.00062920
v -0.00123604 0.00269126 0.00062612
v -0.00123633 0.00269126 0.00062920
v -0.00129436 0.00283145 0.00064765
v 0.00002216 0.00609177 -0.00048099
v -0.00007678 0.00724180 -0.00052510
v 0.00047608 0.00609177 -0.00062101
v 0.00047608 0.00609177 -0.00062101
v -0.00007678 0.00724180 -0.00052510
v 0.00041926 0.00724180 -0.00066430
v 0.00047608 0.00609177 -0.00062101
v 0.00041926 0.00724180 -0.00066430
v 0.00070856 0.00609177 -0.00066924
v 0.00070856 0.00609177 -0.00066924
v 0.00041926 0.00724180 -0.00066430
v 0.00067233 0.00724180 -0.00071184
v 0.00070856 0.00609177 -0.00066924
v 0.00067233 0.00724180 -0.00071184
v 0.00082656 0.00609177 -0.00068142
v 0.00082656 0.00609177 -0.00068142
v 0.00067233 0.00724180 -0.00071184
v 0.00080069 0.00724180 -0.00072353
v 0.00082656 0.00609177 -0.00068142
v 0.00080069 0.00724180 -0.00072353
v 0.00088859 0.00609177 -0.00067762
v 0.00086732 0.00724180 -0.00071979
v 0.00088859 0.00609177 -0.00067762
v 0.00086732 0.00724180 -0.00071979
v 0.00092121 0.00609177 -0.00066674
v 0.00092121 0.00609177 -0.00066674
v 0.00086732 0.00724180 -0.00071979
v 0.00090351 0.00724180 -0.00070833
v 0.00092121 0.00609177 -0.00066674
v 0.00090351 0.00724180 -0.00070833
v 0.00093246 0.00609177 -0.00065851
v 0.00093246 0.00609177 -0.00065851
v 0.00090351 0.00724180 -0.00070833
v 0.00091606 0.00724180 -0.00069965
v 0.00093246 0.00609177 -0.00065851
v 0.00091606 0.00724180 -0.00069965
v 0.00093592 0.00609177 -0.00065365
v 0.00093592 0.00609177 -0.00065365
v 0.00091606 0.00724180 -0.00069965
v 0.00091986 0.00724180 -0.00069454
v 0.00093592 0.00609177 -0.00065365
v 0.00091986 0.00724180 -0.00069454
v 0.00093760 0.00609177 -0.00064828
v 0.00093760 0.00609177 -0.00064828
v 0.00091986 0.00724180 -0.00069454
v 0.00092159 0.00724180 -0.00068891
v 0.00093760 0.00609177 -0.00064828
v 0.00092159 0.00724180 -0.00068891
v 0.00093736 0.00609177 -0.00064241
v 0.00093736 0.00609177 -0.00064241
v 0.00092159 0.00724180 -0.00068891
v 0.00092108 0.00724180 -0.00068278
v 0.00093736 0.00609177 -0.00064241
v 0.00092108 0.00724180 -0.00068278
v 0.00093541 0.00609177 -0.00063618
v 0.00093541 0.00609177 -0.00063618
v 0.00092108 0.00724180 -0.00068278
v 0.00091859 0.00724180 -0.00067628
v 0.00093541 0.00609177 -0.00063618
v 0.00091859 0.00724180 -0.00067628
v 0.00092756 0.00609177 -0.00062314
v 0.00092756 0.00609177 -0.00062314
v 0.00091859 0.00724180 -0.00067628
v 0.00090910 0.00724180 -0.00066273
v 0.00092756 0.00609177 -0.00062314
v 0.00090910 0.00724180 -0.00066273
v 0.00090399 0.00609177 -0.00059857
v 0.00090399 0.00609177 -0.00059857
v 0.00090910 0.00724180 -0.00066273
v 0.00088165 0.00724180 -0.00063751
v 0.00090399 0.00609177 -0.00059857
v 0.00088165 0.00724180 -0.00063751
v 0.00085643 0.00609177 -0.00056435
v 0.00085643 0.00609177 -0.00056435
v 0.00088165 0.00724180 -0.00063751
v 0.00082846 0.00724180 -0.00060308
v 0.00085643 0.00609177 -0.00056435
v 0.00082846 0.00724180 -0.00060308
v 0.00075232 0.00609177 -0.00050589
v 0.00075232 0.00609177 -0.00050589
v 0.00082846 0.00724180 -0.00060308
v 0.00071296 0.00724180 -0.00054431
v 0.00075232 0.00609177 -0.00050589
v 0.00071296 0.00724180 -0.00054431
v 0.00053677 0.00609177 -0.00040633
v 0.00053677 0.00609177 -0.00040633
v 0.00071296 0.00724180 -0.00054431
v 0.00047551 0.00724180 -0.00044470
v 0.00053677 0.00609177 -0.00040633
v 0.00047551 0.00724180 -0.00044470
v -0.00000760 0.00724180 -0.00026532
v -0.00000760 0.00724180 -0.00026532
v 0.00047551 0.00724180 -0.00044470
v -0.00013059 0.00839619 -0.00024697
v -0.00000760 0.00724180 -0.00026532
v -0.00013059 0.00839619 -0.00024697
v -0.00116873 0.00839619 0.00008508
v -0.00116873 0.00839619 0.00008508
v -0.00013059 0.00839619 -0.00024697
v -0.00159099 0.01070773 0.00012952
v -0.00116873 0.00839619 0.00008508
v -0.00159099 0.01070773 0.00012952
v -0.00269816 0.01070773 0.00040276
v -0.00211152 0.01300031 0.00019156
v -0.00269816 0.01070773 0.00040276
v -0.00211152 0.01300031 0.00019156
v -0.00317396 0.01300031 0.00039377
v -0.00317396 0.01300031 0.00039377
v -0.00211152 0.01300031 0.00019156
v -0.00271433 0.01525851 0.00025333
v -0.00317396 0.01300031 0.00039377
v -0.00271433 0.01525851 0.00025333
v -0.00362899 0.01525851 0.00038623
v -0.00383583 0.01636593 0.00038042
v -0.00362899 0.01525851 0.00038623
v -0.00383583 0.01636593 0.00038042
v -0.00409241 0.01525851 0.00045822
v -0.00409241 0.01525851 0.00045822
v -0.00383583 0.01636593 0.00038042
v -0.00438213 0.01745580 0.00041452
v -0.00409241 0.01525851 0.00045822
v -0.00438213 0.01745580 0.00041452
v -0.00431158 0.01525851 0.00049299
v -0.00431158 0.01525851 0.00049299
v -0.00454000 0.01745580 0.00043288
v -0.00445943 0.01525851 0.00051661
v -0.00445943 0.01525851 0.00051661
v -0.00445943 0.01525851 0.00051661
v -0.00464613 0.01745580 0.00044533
v -0.00451116 0.01525851 0.00052258
v -0.00451116 0.01525851 0.00052258
v -0.00007678 0.00724180 -0.00052510
v -0.00019381 0.00839619 -0.00051105
v 0.00041926 0.00724180 -0.00066430
v 0.00041926 0.00724180 -0.00066430
v -0.00019381 0.00839619 -0.00051105
v 0.00033553 0.00839619 -0.00063986
v 0.00041926 0.00724180 -0.00066430
v 0.00033553 0.00839619 -0.00063986
v 0.00067233 0.00724180 -0.00071184
v 0.00067233 0.00724180 -0.00071184
v 0.00033553 0.00839619 -0.00063986
v 0.00060451 0.00839619 -0.00068195
v 0.00067233 0.00724180 -0.00071184
v 0.00060451 0.00839619 -0.00068195
v 0.00080069 0.00724180 -0.00072353
v 0.00080069 0.00724180 -0.00072353
v 0.00060451 0.00839619 -0.00068195
v 0.00074074 0.00839619 -0.00069080
v 0.00080069 0.00724180 -0.00072353
v 0.00074074 0.00839619 -0.00069080
v 0.00086732 0.00724180 -0.00071979
v 0.00086732 0.00724180 -0.00071979
v 0.00074074 0.00839619 -0.00069080
v 0.00081028 0.00839619 -0.00068613
v 0.00086732 0.00724180 -0.00071979
v 0.00081028 0.00839619 -0.00068613
v 0.00090351 0.00724180 -0.00070833
v 0.00084912 0.00839619 -0.00067382
v 0.00090351 0.00724180 -0.00070833
v 0.00084912 0.00839619 -0.00067382
v 0.00091606 0.00724180 -0.00069965
v 0.00091606 0.00724180 -0.00069965
v 0.00084912 0.00839619 -0.00067382
v 0.00086296 0.00839619 -0.00066472
v 0.00091606 0.00724180 -0.00069965
v 0.00086296 0.00839619 -0.00066472
v 0.00091986 0.00724180 -0.00069454
v 0.00091986 0.00724180 -0.00069454
v 0.00086296 0.00839619 -0.00066472
v 0.00086725 0.00839619 -0.00065943
v 0.00091986 0.00724180 -0.00069454
v 0.00086725 0.00839619 -0.00065943
v 0.00092159 0.00724180 -0.00068891
v 0.00092159 0.00724180 -0.00068891
v 0.00086725 0.00839619 -0.00065943
v 0.00086932 0.00839619 -0.00065366
v 0.00092159 0.00724180 -0.00068891
v 0.00086932 0.00839619 -0.00065366
v 0.00092108 0.00724180 -0.00068278
v 0.00092108 0.00724180 -0.00068278
v 0.00086932 0.00839619 -0.00065366
v 0.00086890 0.00839619 -0.00064743
v 0.00086890 0.00839619 -0.00064743
v 0.00091859 0.00724180 -0.00067628
v 0.00086890 0.00839619 -0.00064743
v 0.00086623 0.00839619 -0.00064084
v 0.00091859 0.00724180 -0.00067628
v 0.00086623 0.00839619 -0.00064084
v 0.00090910 0.00724180 -0.00066273
v 0.00090910 0.00724180 -0.00066273
v 0.00086623 0.00839619 -0.00064084
v 0.00085572 0.00839619 -0.00062716
v 0.00090910 0.00724180 -0.00066273
v 0.00085572 0.00839619 -0.00062716
v 0.00088165 0.00724180 -0.00063751
v 0.00088165 0.00724180 -0.00063751
v 0.00085572 0.00839619 -0.00062716
v 0.00082515 0.00839619 -0.00060187
v 0.00088165 0.00724180 -0.00063751
v 0.00082515 0.00839619 -0.00060187
v 0.00082846 0.00724180 -0.00060308
v 0.00082846 0.00724180 -0.00060308
v 0.00082515 0.00839619 -0.00060187
v 0.00076723 0.00839619 -0.00056816
v 0.00082846 0.00724180 -0.00060308
v 0.00076723 0.00839619 -0.00056816
v 0.00071296 0.00724180 -0.00054431
v 0.00071296 0.00724180 -0.00054431
v 0.00076723 0.00839619 -0.00056816
v 0.00064246 0.00839619 -0.00051144
v 0.00071296 0.00724180 -0.00054431
v 0.00064246 0.00839619 -0.00051144
v 0.00047551 0.00724180 -0.00044470
v 0.00047551 0.00724180 -0.00044470
v 0.00064246 0.00839619 -0.00051144
v 0.00038729 0.00839619 -0.00041649
v 0.00047551 0.00724180 -0.00044470
v 0.00038729 0.00839619 -0.00041649
v -0.00013059 0.00839619 -0.00024697
v -0.00019381 0.00839619 -0.00051105
v -0.00033505 0.00955253 -0.00046802
v 0.00033553 0.00839619 -0.00063986
v 0.00033553 0.00839619 -0.00063986
v -0.00033505 0.00955253 -0.00046802
v 0.00021782 0.00955253 -0.00058170
v 0.00033553 0.00839619 -0.00063986
v 0.00021782 0.00955253 -0.00058170
v 0.00060451 0.00839619 -0.00068195
v 0.00060451 0.00839619 -0.00068195
v 0.00021782 0.00955253 -0.00058170
v 0.00049779 0.00955253 -0.00061598
v 0.00060451 0.00839619 -0.00068195
v 0.00049779 0.00955253 -0.00061598
v 0.00074074 0.00839619 -0.00069080
v 0.00074074 0.00839619 -0.00069080
v 0.00049779 0.00955253 -0.00061598
v 0.00063922 0.00955253 -0.00062078
v 0.00074074 0.00839619 -0.00069080
v 0.00063922 0.00955253 -0.00062078
v 0.00081028 0.00839619 -0.00068613
v 0.00081028 0.00839619 -0.00068613
v 0.00063922 0.00955253 -0.00062078
v 0.00071085 0.00955253 -0.00061418
v 0.00081028 0.00839619 -0.00068613
v 0.00071085 0.00955253 -0.00061418
v 0.00084912 0.00839619 -0.00067382
v 0.00084912 0.00839619 -0.00067382
v 0.00071085 0.00955253 -0.00061418
v 0.00075102 0.00955253 -0.00060047
v 0.00084912 0.00839619 -0.00067382
v 0.00075102 0.00955253 -0.00060047
v 0.00086296 0.00839619 -0.00066472
v 0.00086296 0.00839619 -0.00066472
v 0.00075102 0.00955253 -0.00060047
v 0.00076522 0.00955253 -0.00059076
v 0.00086296 0.00839619 -0.00066472
v 0.00076522 0.00955253 -0.00059076
v 0.00086725 0.00839619 -0.00065943
v 0.00086725 0.00839619 -0.00065943
v 0.00076522 0.00955253 -0.00059076
v 0.00076952 0.00955253 -0.00058523
v 0.00086725 0.00839619 -0.00065943
v 0.00076952 0.00955253 -0.00058523
v 0.00086932 0.00839619 -0.00065366
v 0.00086932 0.00839619 -0.00065366
v 0.00076952 0.00955253 -0.00058523
v 0.00077145 0.00955253 -0.00057928
v 0.00086932 0.00839619 -0.00065366
v 0.00077145 0.00955253 -0.00057928
v 0.00086890 0.00839619 -0.00064743
v 0.00086890 0.00839619 -0.00064743
v 0.00077145 0.00955253 -0.00057928
v 0.00077072 0.00955253 -0.00057294
v 0.00086890 0.00839619 -0.00064743
v 0.00077072 0.00955253 -0.00057294
v 0.00086623 0.00839619 -0.00064084
v 0.00086623 0.00839619 -0.00064084
v 0.00077072 0.00955253 -0.00057294
v 0.00076761 0.00955253 -0.00056632
v 0.00086623 0.00839619 -0.00064084
v 0.00076761 0.00955253 -0.00056632
v 0.00085572 0.00839619 -0.00062716
v 0.00085572 0.00839619 -0.00062716
v 0.00076761 0.00955253 -0.00056632
v 0.00075592 0.00955253 -0.00055275
v 0.00075592 0.00955253 -0.00055275
v 0.00082515 0.00839619 -0.00060187
v 0.00075592 0.00955253 -0.00055275
v 0.00072281 0.00955253 -0.00052812
v 0.00082515 0.00839619 -0.00060187
v 0.00072281 0.00955253 -0.00052812
v 0.00076723 0.00839619 -0.00056816
v 0.00076723 0.00839619 -0.00056816
v 0.00072281 0.00955253 -0.00052812
v 0.00066137 0.00955253 -0.00049599
v 0.00076723 0.00839619 -0.00056816
v 0.00066137 0.00955253 -0.00049599
v 0.00064246 0.00839619 -0.00051144
v 0.00064246 0.00839619 -0.00051144
v 0.00066137 0.00955253 -0.00049599
v 0.00052971 0.00955253 -0.00044266
v 0.00064246 0.00839619 -0.00051144
v 0.00052971 0.00955253 -0.00044266
v 0.00038729 0.00839619 -0.00041649
v 0.00038729 0.00839619 -0.00041649
v 0.00052971 0.00955253 -0.00044266
v 0.00026166 0.00955253 -0.00035484
v -0.00013059 0.00839619 -0.00024697
v -0.00013059 0.00839619 -0.00024697
v 0.00026166 0.00955253 -0.00035484
v -0.00048086 0.01070773 -0.00013946
v -0.00013059 0.00839619 -0.00024697
v -0.00048086 0.01070773 -0.00013946
v -0.00159099 0.01070773 0.00012952
v -0.00159099 0.01070773 0.00012952
v -0.00048086 0.01070773 -0.00013946
v -0.00073797 0.01185760 -0.00007288
v -0.00159099 0.01070773 0.00012952
v -0.00073797 0.01185760 -0.00007288
v -0.00211152 0.01300031 0.00019156
v -0.00222405 0.00839619 0.00027334
v -0.00122282 0.00839619 -0.00015288
v -0.00168995 0.00609177 0.00033739
v -0.00168995 0.00609177 0.00033739
v -0.00122282 0.00839619 -0.00015288
v -0.00103566 0.00724180 -0.00014795
v -0.00168995 0.00609177 0.00033739
v -0.00103566 0.00724180 -0.00014795
v -0.00084997 0.00609177 -0.00010416
v -0.00025868 0.00203765 0.00007763
v -0.00010099 0.00212563 0.00000481
v -0.00010099 0.00212563 0.00000481
v -0.00058821 0.00212563 0.00024783
v -0.00021080 0.00269126 0.00000714
v -0.00021080 0.00269126 0.00000714
v -0.00058821 0.00212563 0.00024783
v -0.00071931 0.00269126 0.00028889
v -0.00021080 0.00269126 0.00000714
v -0.00071931 0.00269126 0.00028889
v -0.00046295 0.00381321 -0.00001534
v -0.00046295 0.00381321 -0.00001534
v -0.00071931 0.00269126 0.00028889
v -0.00108851 0.00381321 0.00034457
v -0.00084997 0.00609177 -0.00010416
v -0.00084997 0.00609177 -0.00010416
v -0.00108851 0.00381321 0.00034457
v -0.00139378 0.00494854 0.00036309
v -0.00084997 0.00609177 -0.00010416
v -0.00139378 0.00494854 0.00036309
v -0.00168995 0.00609177 0.00033739
v -0.00168995 0.00609177 0.00033739
v -0.00139378 0.00494854 0.00036309
v -0.00210784 0.00609177 0.00057876
v -0.00168995 0.00609177 0.00033739
v -0.00210784 0.00609177 0.00057876
v -0.00272519 0.00839619 0.00050803
v -0.00272519 0.00839619 0.00050803
v -0.00210784 0.00609177 0.00057876
v -0.00322091 0.00839619 0.00075562
v -0.00042848 0.00200881 0.00016070
v -0.00060267 0.00196360 0.00025494
v -0.00058821 0.00212563 0.00024783
v -0.00058821 0.00212563 0.00024783
v -0.00060267 0.00196360 0.00025494
v -0.00091579 0.00183855 0.00045878
v -0.00058821 0.00212563 0.00024783
v -0.00091579 0.00183855 0.00045878
v -0.00082077 0.00212563 0.00038969
v -0.00082077 0.00212563 0.00038969
v -0.00091579 0.00183855 0.00045878
v -0.00098869 0.00180039 0.00051232
v -0.00082077 0.00212563 0.00038969
v -0.00098869 0.00180039 0.00051232
v -0.00104926 0.00212563 0.00054724
v -0.00104926 0.00212563 0.00054724
v -0.00098869 0.00180039 0.00051232
v -0.00099656 0.00179605 0.00052073
v -0.00104926 0.00212563 0.00054724
v -0.00099656 0.00179605 0.00052073
v -0.00105723 0.00212563 0.00055459
v -0.00105723 0.00212563 0.00055459
v -0.00099656 0.00179605 0.00052073
v -0.00100444 0.00183933 0.00052748
v -0.00105723 0.00212563 0.00055459
v -0.00100444 0.00183933 0.00052748
v -0.00105884 0.00212563 0.00055887
v -0.00109454 0.00226794 0.00057344
v -0.00105884 0.00212563 0.00055887
v -0.00109343 0.00226794 0.00057534
v -0.00109454 0.00226794 0.00057344
v -0.00109343 0.00226794 0.00057534
v -0.00113579 0.00240963 0.00059208
v -0.00129436 0.00283145 0.00064765
v -0.00123633 0.00269126 0.00062920
v -0.00135282 0.00297139 0.00066786
v -0.00135282 0.00297139 0.00066786
v -0.00147546 0.00325113 0.00070513
v -0.00147752 0.00325113 0.00070467
v -0.00147752 0.00325113 0.00070467
v -0.00147546 0.00325113 0.00070513
v -0.00159623 0.00353156 0.00073818
v -0.00147752 0.00325113 0.00070467
v -0.00159623 0.00353156 0.00073818
v -0.00159760 0.00353156 0.00073648
v -0.00159760 0.00353156 0.00073648
v -0.00159623 0.00353156 0.00073818
v -0.00170928 0.00381321 0.00076573
v -0.00159760 0.00353156 0.00073648
v -0.00170928 0.00381321 0.00076573
v -0.00170836 0.00381321 0.00076191
v -0.00170836 0.00381321 0.00076191
v -0.00170928 0.00381321 0.00076573
v -0.00181670 0.00409592 0.00078689
v -0.00170836 0.00381321 0.00076191
v -0.00181670 0.00409592 0.00078689
v -0.00192109 0.00437949 0.00080674
v -0.00192109 0.00437949 0.00080674
v -0.00170434 0.00381321 0.00075806
v -0.00170434 0.00381321 0.00075806
v -0.00191638 0.00437949 0.00080171
v -0.00175905 0.00494854 0.00059014
v -0.00175905 0.00494854 0.00059014
v -0.00191638 0.00437949 0.00080171
v -0.00212422 0.00494854 0.00083215
v -0.00175905 0.00494854 0.00059014
v -0.00212422 0.00494854 0.00083215
v -0.00210784 0.00609177 0.00057876
v -0.00210784 0.00609177 0.00057876
v -0.00212422 0.00494854 0.00083215
v -0.00232761 0.00551943 0.00084371
v -0.00210784 0.00609177 0.00057876
v -0.00232761 0.00551943 0.00084371
v -0.00252247 0.00609177 0.00083377
v -0.00252247 0.00609177 0.00083377
v -0.00232761 0.00551943 0.00084371
v -0.00242899 0.00580541 0.00084392
v -0.00252247 0.00609177 0.00083377
v -0.00242899 0.00580541 0.00084392
v -0.00252494 0.00609177 0.00083669
v -0.00288888 0.00724180 0.00079639
v -0.00252494 0.00609177 0.00083669
v -0.00288797 0.00724180 0.00079846
v -0.00288888 0.00724180 0.00079639
v -0.00288797 0.00724180 0.00079846
v -0.00306014 0.00781866 0.00077775
v -0.00005989 0.01300031 -0.00023792
v -0.00002698 0.01300031 -0.00025948
v -0.00043036 0.01413660 -0.00015644
v -0.00043036 0.01413660 -0.00015644
v -0.00002698 0.01300031 -0.00025948
v -0.00041846 0.01413660 -0.00016782
v -0.00043036 0.01413660 -0.00015644
v -0.00041846 0.01413660 -0.00016782
v -0.00090837 0.01525851 -0.00006708
v -0.00090837 0.01525851 -0.00006708
v -0.00041846 0.01413660 -0.00016782
v -0.00090450 0.01525851 -0.00007255
v -0.00090837 0.01525851 -0.00006708
v -0.00090450 0.01525851 -0.00007255
v -0.00117865 0.01581319 -0.00002758
v -0.00117865 0.01581319 -0.00002758
v -0.00090450 0.01525851 -0.00007255
v -0.00117756 0.01581319 -0.00003291
v -0.00117865 0.01581319 -0.00002758
v -0.00117756 0.01581319 -0.00003291
v -0.00146430 0.01636593 0.00001175
v -0.00146430 0.01636593 0.00001175
v -0.00117756 0.01581319 -0.00003291
v -0.00117811 0.01581319 -0.00003823
v -0.00146430 0.01636593 0.00001175
v -0.00117811 0.01581319 -0.00003823
v -0.00146593 0.01636593 0.00000668
v -0.00146593 0.01636593 0.00000668
v -0.00117811 0.01581319 -0.00003823
v -0.00146877 0.01636593 0.00000169
v -0.00146593 0.01636593 0.00000668
v -0.00146877 0.01636593 0.00000169
v -0.00210353 0.01745580 0.00010322
v -0.00210353 0.01745580 0.00010322
v -0.00146877 0.01636593 0.00000169
v -0.00210952 0.01745580 0.00009459
v -0.00210353 0.01745580 0.00010322
v -0.00210952 0.01745580 0.00009459
v -0.00252574 0.01796618 0.00016716
v -0.00252574 0.01796618 0.00016716
v -0.00210952 0.01745580 0.00009459
v -0.00299886 0.01846289 0.00020649
v -0.00252574 0.01796618 0.00016716
v -0.00299886 0.01846289 0.00020649
v -0.00299294 0.01846289 0.00021904
v -0.00299294 0.01846289 0.00021904
v -0.00299886 0.01846289 0.00020649
v -0.00390066 0.01946560 0.00030150
v -0.00299294 0.01846289 0.00021904
v -0.00390066 0.01946560 0.00030150
v -0.00299229 0.01846289 0.00022547
v -0.00299229 0.01846289 0.00022547
v -0.00390066 0.01946560 0.00030150
v -0.00390082 0.01946560 0.00030676
v -0.00299229 0.01846289 0.00022547
v -0.00390082 0.01946560 0.00030676
v -0.00299353 0.01846289 0.00023187
v -0.00299353 0.01846289 0.00023187
v -0.00252832 0.01796618 0.00018276
v -0.00252832 0.01796618 0.00018276
v -0.00300071 0.01846289 0.00024400
v -0.00253942 0.01796618 0.00019707
v -0.00252832 0.01796618 0.00018276
v -0.00253942 0.01796618 0.00019707
v -0.00210474 0.01745580 0.00012988
v -0.00210474 0.01745580 0.00012988
v -0.00253942 0.01796618 0.00019707
v -0.00211997 0.01745580 0.00014581
v -0.00210474 0.01745580 0.00012988
v -0.00211997 0.01745580 0.00014581
v -0.00149258 0.01636593 0.00004963
v -0.00149258 0.01636593 0.00004963
v -0.00211997 0.01745580 0.00014581
v -0.00153890 0.01636593 0.00007133
v -0.00149258 0.01636593 0.00004963
v -0.00153890 0.01636593 0.00007133
v -0.00100047 0.01525851 -0.00001808
v -0.00100047 0.01525851 -0.00001808
v -0.00153890 0.01636593 0.00007133
v -0.00111258 0.01525851 0.00001310
v -0.00100047 0.01525851 -0.00001808
v -0.00111258 0.01525851 0.00001310
v -0.00064265 0.01413660 -0.00007773
v -0.00064265 0.01413660 -0.00007773
v -0.00111258 0.01525851 0.00001310
v -0.00089170 0.01413660 -0.00002481
v -0.00064265 0.01413660 -0.00007773
v -0.00089170 0.01413660 -0.00002481
v -0.00051469 0.01300031 -0.00010885
v -0.00051469 0.01300031 -0.00010885
v -0.00089170 0.01413660 -0.00002481
v -0.00104647 0.01300031 -0.00000627
v -0.00473716 0.01946560 0.00037589
v -0.00469896 0.01946560 0.00036311
v -0.00472414 0.01846289 0.00040803
v -0.00472414 0.01846289 0.00040803
v -0.00469896 0.01946560 0.00036311
v -0.00468695 0.01745580 0.00044252
v -0.00472414 0.01846289 0.00040803
v -0.00468695 0.01745580 0.00044252
v -0.00471204 0.01796618 0.00042666
v -0.00471204 0.01796618 0.00042666
v -0.00471204 0.01796618 0.00042666
v -0.00469014 0.01745580 0.00044607
v -0.00471167 0.01796618 0.00042931
v -0.00471167 0.01796618 0.00042931
v -0.00471167 0.01796618 0.00042931
v -0.00468786 0.01745580 0.00044703
v -0.00468320 0.01745580 0.00044749
v -0.00451771 0.01525851 0.00052258
v -0.00468320 0.01745580 0.00044749
v -0.00451771 0.01525851 0.00052258
v -0.00451116 0.01525851 0.00052258
v -0.00438262 0.01413660 0.00056113
v -0.00438262 0.01413660 0.00056113
v -0.00437426 0.01413660 0.00056062
v -0.00434857 0.01385363 0.00057063
v -0.00437426 0.01413660 0.00056062
v -0.00434857 0.01385363 0.00057063
v -0.00430762 0.01356984 0.00058049
v -0.00270938 0.01070773 0.00025304
v -0.00325183 0.01070773 0.00045808
v -0.00370299 0.01300031 0.00041497
v -0.00325183 0.01070773 0.00045808
v -0.00422114 0.01300031 0.00059732
v -0.00430791 0.01356984 0.00057743
v -0.00422114 0.01300031 0.00059732
v -0.00426654 0.01328535 0.00059001
v -0.00430791 0.01356984 0.00057743
v -0.00426654 0.01328535 0.00059001
v -0.00430983 0.01356984 0.00057949
v -0.00426654 0.01328535 0.00059001
v -0.00432983 0.01371183 0.00057515
v -0.00430762 0.01356984 0.00058049
v -0.00434857 0.01385363 0.00057063
v -0.00434857 0.01385363 0.00057063
v -0.00445708 0.01469967 0.00053846
v -0.00452052 0.01525851 0.00052018
v -0.00445472 0.01469967 0.00053713
v -0.00445472 0.01469967 0.00053713
v -0.00452052 0.01525851 0.00052018
v -0.00451659 0.01525851 0.00051776
v -0.00445472 0.01469967 0.00053713
v -0.00451659 0.01525851 0.00051776
v -0.00406325 0.01525851 0.00037087
v -0.00451659 0.01525851 0.00051776
v -0.00468695 0.01745580 0.00044252
v -0.00406325 0.01525851 0.00037087
v -0.00468695 0.01745580 0.00044252
v -0.00436311 0.01745580 0.00033407
v -0.00436311 0.01745580 0.00033407
v -0.00468695 0.01745580 0.00044252
v -0.00469896 0.01946560 0.00036311
v -0.00463227 0.01946560 0.00034046
v 0.00073537 0.00168799 -0.00012640
v 0.00076253 0.00269126 -0.00028705
v 0.00073537 0.00168799 -0.00012640
v 0.00061519 0.00269126 -0.00027776
v 0.00076253 0.00269126 -0.00028705
v 0.00061519 0.00269126 -0.00027776
v 0.00054142 0.00381321 -0.00041226
v 0.00054142 0.00381321 -0.00041226
v 0.00061519 0.00269126 -0.00027776
v 0.00019534 0.00381321 -0.00031169
v 0.00054142 0.00381321 -0.00041226
v 0.00019534 0.00381321 -0.00031169
v 0.00002216 0.00609177 -0.00048099
v 0.00002216 0.00609177 -0.00048099
v 0.00019534 0.00381321 -0.00031169
v -0.00084997 0.00609177 -0.00010416
v 0.00002216 0.00609177 -0.00048099
v -0.00084997 0.00609177 -0.00010416
v -0.00007678 0.00724180 -0.00052510
v -0.00007678 0.00724180 -0.00052510
v -0.00084997 0.00609177 -0.00010416
v -0.00103566 0.00724180 -0.00014795
v -0.00007678 0.00724180 -0.00052510
v -0.00103566 0.00724180 -0.00014795
v -0.00019381 0.00839619 -0.00051105
v -0.00019381 0.00839619 -0.00051105
v -0.00103566 0.00724180 -0.00014795
v -0.00122282 0.00839619 -0.00015288
v -0.00019381 0.00839619 -0.00051105
v -0.00122282 0.00839619 -0.00015288
v -0.00033505 0.00955253 -0.00046802
v -0.00052668 0.01070773 -0.00040960
v -0.00033505 0.00955253 -0.00046802
v -0.00052668 0.01070773 -0.00040960
v 0.00021782 0.00955253 -0.00058170
v 0.00021782 0.00955253 -0.00058170
v -0.00052668 0.01070773 -0.00040960
v 0.00003605 0.01070773 -0.00050613
v 0.00003605 0.01070773 -0.00050613
v 0.00049779 0.00955253 -0.00061598
v 0.00003605 0.01070773 -0.00050613
v 0.00032021 0.01070773 -0.00053171
v 0.00049779 0.00955253 -0.00061598
v 0.00032021 0.01070773 -0.00053171
v 0.00063922 0.00955253 -0.00062078
v 0.00063922 0.00955253 -0.00062078
v 0.00063922 0.00955253 -0.00062078
v 0.00046341 0.01070773 -0.00053210
v 0.00071085 0.00955253 -0.00061418
v 0.00071085 0.00955253 -0.00061418
v 0.00046341 0.01070773 -0.00053210
v 0.00053544 0.01070773 -0.00052342
v 0.00071085 0.00955253 -0.00061418
v 0.00053544 0.01070773 -0.00052342
v 0.00075102 0.00955253 -0.00060047
v 0.00075102 0.00955253 -0.00060047
v 0.00053544 0.01070773 -0.00052342
v 0.00057583 0.01070773 -0.00050847
v 0.00075102 0.00955253 -0.00060047
v 0.00057583 0.01070773 -0.00050847
v 0.00076522 0.00955253 -0.00059076
v 0.00076522 0.00955253 -0.00059076
v 0.00057583 0.01070773 -0.00050847
v 0.00059009 0.01070773 -0.00049829
v 0.00076522 0.00955253 -0.00059076
v 0.00059009 0.01070773 -0.00049829
v 0.00076952 0.00955253 -0.00058523
v 0.00076952 0.00955253 -0.00058523
v 0.00059009 0.01070773 -0.00049829
v 0.00059438 0.01070773 -0.00049261
v 0.00076952 0.00955253 -0.00058523
v 0.00059438 0.01070773 -0.00049261
v 0.00077145 0.00955253 -0.00057928
v 0.00077145 0.00955253 -0.00057928
v 0.00059438 0.01070773 -0.00049261
v 0.00059626 0.01070773 -0.00048659
v 0.00077145 0.00955253 -0.00057928
v 0.00059626 0.01070773 -0.00048659
v 0.00077072 0.00955253 -0.00057294
v 0.00077072 0.00955253 -0.00057294
v 0.00059626 0.01070773 -0.00048659
v 0.00059542 0.01070773 -0.00048025
v 0.00077072 0.00955253 -0.00057294
v 0.00059542 0.01070773 -0.00048025
v 0.00076761 0.00955253 -0.00056632
v 0.00076761 0.00955253 -0.00056632
v 0.00059542 0.01070773 -0.00048025
v 0.00059212 0.01070773 -0.00047369
v 0.00076761 0.00955253 -0.00056632
v 0.00059212 0.01070773 -0.00047369
v 0.00075592 0.00955253 -0.00055275
v 0.00075592 0.00955253 -0.00055275
v 0.00059212 0.01070773 -0.00047369
v 0.00057989 0.01070773 -0.00046043
v 0.00075592 0.00955253 -0.00055275
v 0.00057989 0.01070773 -0.00046043
v 0.00072281 0.00955253 -0.00052812
v 0.00072281 0.00955253 -0.00052812
v 0.00057989 0.01070773 -0.00046043
v 0.00054549 0.01070773 -0.00043670
v 0.00072281 0.00955253 -0.00052812
v 0.00054549 0.01070773 -0.00043670
v 0.00066137 0.00955253 -0.00049599
v 0.00066137 0.00955253 -0.00049599
v 0.00054549 0.01070773 -0.00043670
v 0.00048223 0.01070773 -0.00040640
v 0.00066137 0.00955253 -0.00049599
v 0.00048223 0.01070773 -0.00040640
v 0.00052971 0.00955253 -0.00044266
v 0.00052971 0.00955253 -0.00044266
v 0.00048223 0.01070773 -0.00040640
v 0.00034727 0.01070773 -0.00035709
v 0.00034727 0.01070773 -0.00035709
v 0.00026166 0.00955253 -0.00035484
v 0.00034727 0.01070773 -0.00035709
v 0.00007326 0.01070773 -0.00027753
v 0.00026166 0.00955253 -0.00035484
v 0.00007326 0.01070773 -0.00027753
v -0.00048086 0.01070773 -0.00013946
v -0.00048086 0.01070773 -0.00013946
v 0.00007326 0.01070773 -0.00027753
v -0.00018782 0.01185760 -0.00019317
v -0.00048086 0.01070773 -0.00013946
v -0.00018782 0.01185760 -0.00019317
v -0.00073797 0.01185760 -0.00007288
v 0.00043043 0.00200839 0.00012791
v 0.00076995 0.00190423 0.00002976
v 0.00045189 0.00212563 0.00009463
v 0.00045189 0.00212563 0.00009463
v 0.00076995 0.00190423 0.00002976
v 0.00037693 0.00269126 0.00002108
v 0.00045189 0.00212563 0.00009463
v 0.00037693 0.00269126 0.00002108
v -0.00017019 0.00269126 0.00021863
v -0.00017019 0.00269126 0.00021863
v 0.00037693 0.00269126 0.00002108
v -0.00040788 0.00381321 0.00021317
v -0.00017019 0.00269126 0.00021863
v -0.00040788 0.00381321 0.00021317
v -0.00107298 0.00381321 0.00049237
v -0.00107298 0.00381321 0.00049237
v -0.00166507 0.00609177 0.00048282
v -0.00107298 0.00381321 0.00049237
v -0.00166507 0.00609177 0.00048282
v -0.00176758 0.00494854 0.00068227
v -0.00176758 0.00494854 0.00068227
v -0.00166507 0.00609177 0.00048282
v -0.00210963 0.00609177 0.00066805
v -0.00176758 0.00494854 0.00068227
v -0.00210963 0.00609177 0.00066805
v -0.00195389 0.00494854 0.00076520
v -0.00195389 0.00494854 0.00076520
v -0.00195389 0.00494854 0.00076520
v -0.00231893 0.00609177 0.00075603
v -0.00207896 0.00494854 0.00082090
v -0.00207896 0.00494854 0.00082090
v -0.00231893 0.00609177 0.00075603
v -0.00246037 0.00609177 0.00081577
v -0.00207896 0.00494854 0.00082090
v -0.00246037 0.00609177 0.00081577
v -0.00232180 0.00551943 0.00084734
v -0.00232180 0.00551943 0.00084734
v -0.00232180 0.00551943 0.00084734
v -0.00251254 0.00609177 0.00083547
v -0.00232785 0.00551943 0.00084884
v -0.00232785 0.00551943 0.00084884
v -0.00232785 0.00551943 0.00084884
v -0.00251981 0.00609177 0.00083746
v -0.00242717 0.00580541 0.00084550
v -0.00242717 0.00580541 0.00084550
v -0.00288797 0.00724180 0.00079846
v -0.00305828 0.00781866 0.00077861
v -0.00306014 0.00781866 0.00077775
v -0.00306014 0.00781866 0.00077775
v -0.00305828 0.00781866 0.00077861
v -0.00322265 0.00839619 0.00075797
v -0.00322265 0.00839619 0.00075797
v -0.00352240 0.00955253 0.00071866
v -0.00322091 0.00839619 0.00075562
v -0.00322091 0.00839619 0.00075562
v -0.00352240 0.00955253 0.00071866
v -0.00378869 0.01070773 0.00067617
v -0.00322091 0.00839619 0.00075562
v -0.00378869 0.01070773 0.00067617
v -0.00272519 0.00839619 0.00050803
v -0.00272519 0.00839619 0.00050803
v -0.00378869 0.01070773 0.00067617
v -0.00325183 0.01070773 0.00045808
v -0.00325183 0.01070773 0.00045808
v -0.00222405 0.00839619 0.00027334
v -0.00325183 0.01070773 0.00045808
v -0.00270938 0.01070773 0.00025304
v -0.00222405 0.00839619 0.00027334
v -0.00270938 0.01070773 0.00025304
v -0.00122282 0.00839619 -0.00015288
v -0.00122282 0.00839619 -0.00015288
v -0.00270938 0.01070773 0.00025304
v -0.00162949 0.01070773 -0.00011348
v -0.00122282 0.00839619 -0.00015288
v -0.00162949 0.01070773 -0.00011348
v -0.00052668 0.01070773 -0.00040960
v -0.00052668 0.01070773 -0.00040960
v -0.00162949 0.01070773 -0.00011348
v -0.00077624 0.01185760 -0.00034339
v -0.00052668 0.01070773 -0.00040960
v -0.00077624 0.01185760 -0.00034339
v -0.00021873 0.01185760 -0.00042197
v -0.00054223 0.01300031 -0.00033609
v -0.00021873 0.01185760 -0.00042197
v -0.00054223 0.01300031 -0.00033609
v 0.00006214 0.01185760 -0.00043856
v 0.00006214 0.01185760 -0.00043856
v -0.00027176 0.01300031 -0.00034399
v 0.00020327 0.01185760 -0.00043448
v 0.00020327 0.01185760 -0.00043448
v -0.00013623 0.01300031 -0.00033568
v 0.00027400 0.01185760 -0.00042357
v 0.00027400 0.01185760 -0.00042357
v -0.00013623 0.01300031 -0.00033568
v -0.00006870 0.01300031 -0.00032292
v 0.00027400 0.01185760 -0.00042357
v -0.00006870 0.01300031 -0.00032292
v 0.00031326 0.01185760 -0.00040752
v 0.00031326 0.01185760 -0.00040752
v -0.00006870 0.01300031 -0.00032292
v -0.00003144 0.01300031 -0.00030627
v 0.00031326 0.01185760 -0.00040752
v -0.00003144 0.01300031 -0.00030627
v 0.00032703 0.01185760 -0.00039700
v 0.00032703 0.01185760 -0.00039700
v -0.00003144 0.01300031 -0.00030627
v -0.00001818 0.01300031 -0.00029567
v 0.00032703 0.01185760 -0.00039700
v -0.00001818 0.01300031 -0.00029567
v 0.00033114 0.01185760 -0.00039125
v 0.00033114 0.01185760 -0.00039125
v -0.00001818 0.01300031 -0.00029567
v -0.00001409 0.01300031 -0.00028996
v 0.00033114 0.01185760 -0.00039125
v -0.00001409 0.01300031 -0.00028996
v 0.00033290 0.01185760 -0.00038523
v 0.00033290 0.01185760 -0.00038523
v -0.00001409 0.01300031 -0.00028996
v -0.00001216 0.01300031 -0.00028404
v 0.00033290 0.01185760 -0.00038523
v -0.00001216 0.01300031 -0.00028404
v 0.00033199 0.01185760 -0.00037897
v 0.00033199 0.01185760 -0.00037897
v -0.00001216 0.01300031 -0.00028404
v -0.00001273 0.01300031 -0.00027795
v 0.00033199 0.01185760 -0.00037897
v -0.00001273 0.01300031 -0.00027795
v 0.00032866 0.01185760 -0.00037257
v 0.00032866 0.01185760 -0.00037257
v -0.00001273 0.01300031 -0.00027795
v -0.00001565 0.01300031 -0.00027177
v 0.00032866 0.01185760 -0.00037257
v -0.00001565 0.01300031 -0.00027177
v 0.00031643 0.01185760 -0.00035976
v 0.00031643 0.01185760 -0.00035976
v -0.00001565 0.01300031 -0.00027177
v -0.00002698 0.01300031 -0.00025948
v 0.00031643 0.01185760 -0.00035976
v -0.00002698 0.01300031 -0.00025948
v 0.00028207 0.01185760 -0.00033717
v -0.00005989 0.01300031 -0.00023792
v 0.00028207 0.01185760 -0.00033717
v -0.00005989 0.01300031 -0.00023792
v 0.00021886 0.01185760 -0.00030886
v 0.00021886 0.01185760 -0.00030886
v -0.00005989 0.01300031 -0.00023792
v -0.00012132 0.01300031 -0.00021142
v 0.00021886 0.01185760 -0.00030886
v -0.00012132 0.01300031 -0.00021142
v 0.00008451 0.01185760 -0.00026392
v 0.00008451 0.01185760 -0.00026392
v -0.00012132 0.01300031 -0.00021142
v -0.00025127 0.01300031 -0.00017082
v 0.00008451 0.01185760 -0.00026392
v -0.00025127 0.01300031 -0.00017082
v -0.00018782 0.01185760 -0.00019317
v -0.00018782 0.01185760 -0.00019317
v -0.00025127 0.01300031 -0.00017082
v -0.00051469 0.01300031 -0.00010885
v -0.00051469 0.01300031 -0.00010885
v -0.00073797 0.01185760 -0.00007288
v -0.00073797 0.01185760 -0.00007288
v -0.00104647 0.01300031 -0.00000627
v -0.00211152 0.01300031 0.00019156
v -0.00211152 0.01300031 0.00019156
v -0.00104647 0.01300031 -0.00000627
v -0.00139415 0.01413660 0.00006013
v -0.00211152 0.01300031 0.00019156
v -0.00139415 0.01413660 0.00006013
v -0.00271433 0.01525851 0.00025333
v -0.00271433 0.01525851 0.00025333
v -0.00139415 0.01413660 0.00006013
v -0.00179749 0.01525851 0.00012486
v -0.00271433 0.01525851 0.00025333
v -0.00179749 0.01525851 0.00012486
v -0.00303615 0.01636593 0.00028133
v -0.00303615 0.01636593 0.00028133
v -0.00179749 0.01525851 0.00012486
v -0.00223462 0.01636593 0.00018667
v -0.00223462 0.01636593 0.00018667
v -0.00338970 0.01745580 0.00031238
v -0.00338970 0.01745580 0.00031238
v -0.00223462 0.01636593 0.00018667
v -0.00272950 0.01745580 0.00025195
v -0.00338970 0.01745580 0.00031238
v -0.00272950 0.01745580 0.00025195
v -0.00385388 0.01846289 0.00034436
v -0.00385388 0.01846289 0.00034436
v -0.00272950 0.01745580 0.00025195
v -0.00340850 0.01846289 0.00031624
v -0.00340850 0.01846289 0.00031624
v -0.00431896 0.01946560 0.00035392
v -0.00431896 0.01946560 0.00035392
v -0.00340850 0.01846289 0.00031624
v -0.00403016 0.01946560 0.00034088
v -0.00104773 0.00118265 0.00000000
v -0.00037812 0.00153409 0.00000000
v -0.00000000 0.00099540 0.00000000
v 0.00037812 0.00153409 0.00000000
v 0.00049770 0.00086204 0.00000000
v 0.00104773 0.00118265 0.00000000
v 0.00086204 0.00049770 0.00000000
v 0.00147733 0.00056028 0.00000000
v 0.00099540 -0.00000000 0.00000000
v 0.00156848 -0.00019045 0.00000000
v 0.00086204 -0.00049770 0.00000000
v 0.00130031 -0.00089754 0.00000000
v 0.00049770 -0.00086204 0.00000000
v 0.00073426 -0.00139902 0.00000000
v -0.00000000 -0.00099540 0.00000000
v -0.00000000 -0.00158000 0.00000000
v -0.00049770 -0.00086204 0.00000000
v -0.00073426 -0.00139902 0.00000000
v -0.00086204 -0.00049770 0.00000000
v -0.00130031 -0.00089754 0.00000000
v -0.00099540 -0.00000000 0.00000000
v -0.00156848 -0.00019045 0.00000000
v -0.00086204 0.00049770 0.00000000
v -0.00147733 0.00056028 0.00000000
v -0.00049770 0.00086204 0.00000000
v -0.00000000 -0.00158000 0.00000000
v -0.00000000 -0.00158000 -0.00012640
v -0.00073426 -0.00139902 0.00000000
v -0.00073426 -0.00139902 -0.00012640
v -0.00073426 -0.00139902 0.00000000
v -0.00073426 -0.00139902 -0.00012640
v -0.00130031 -0.00089754 0.00000000
v -0.00130031 -0.00089754 -0.00012640
v -0.00130031 -0.00089754 0.00000000
v -0.00130031 -0.00089754 -0.00012640
v -0.00156848 -0.00019045 0.00000000
v -0.00156848 -0.00019045 -0.00012640
v -0.00156848 -0.00019045 0.00000000
v -0.00156848 -0.00019045 -0.00012640
v -0.00147733 0.00056028 0.00000000
v -0.00147733 0.00056028 -0.00012640
v -0.00147733 0.00056028 0.00000000
v -0.00147733 0.00056028 -0.00012640
v -0.00104773 0.00118265 0.00000000
v -0.00104773 0.00118265 -0.00012640
v -0.00104773 0.00118265 0.00000000
v -0.00104773 0.00118265 -0.00012640
v -0.00037812 0.00153409 0.00000000
v -0.00037812 0.00153409 -0.00012640
v -0.00037812 0.00153409 0.00000000
v -0.00037812 0.00153409 -0.00012640
v 0.00037812 0.00153409 0.00000000
v 0.00037812 0.00153409 -0.00012640
v 0.00037812 0.00153409 0.00000000
v 0.00037812 0.00153409 -0.00012640
v 0.00104773 0.00118265 0.00000000
v 0.00104773 0.00118265 -0.00012640
v 0.00104773 0.00118265 0.00000000
v 0.00104773 0.00118265 -0.00012640
v 0.00147733 0.00056028 0.00000000
v 0.00147733 0.00056028 -0.00012640
v 0.00147733 0.00056028 0.00000000
v 0.00147733 0.00056028 -0.00012640
v 0.00156848 -0.00019045 0.00000000
v 0.00156848 -0.00019045 -0.00012640
v 0.00156848 -0.00019045 0.00000000
v 0.00156848 -0.00019045 -0.00012640
v 0.00130031 -0.00089754 0.00000000
v 0.00130031 -0.00089754 -0.00012640
v 0.00130031 -0.00089754 0.00000000
v 0.00130031 -0.00089754 -0.00012640
v 0.00073426 -0.00139902 0.00000000
v 0.00073426 -0.00139902 -0.00012640
v 0.00073426 -0.00139902 0.00000000
v 0.00073426 -0.00139902 -0.00012640
v -0.00000000 -0.00158000 0.00000000
v -0.00000000 -0.00158000 -0.00012640
v 0.00049770 -0.00086204 0.00022120
v 0.00063200 -0.00109466 0.00022120
v 0.00086204 -0.00049770 0.00022120
v 0.00109466 -0.00063200 0.00022120
v 0.00099540 -0.00000000 0.00022120
v 0.00126400 -0.00000000 0.00022120
v 0.00086204 0.00049770 0.00022120
v 0.00109466 0.00063200 0.00022120
v 0.00049770 0.00086204 0.00022120
v 0.00063200 0.00109466 0.00022120
v -0.00000000 0.00099540 0.00022120
v -0.00000000 0.00126400 0.00022120
v -0.00049770 0.00086204 0.00022120
v -0.00063200 0.00109466 0.00022120
v -0.00086204 0.00049770 0.00022120
v -0.00109466 0.00063200 0.00022120
v -0.00099540 -0.00000000 0.00022120
v -0.00126400 -0.00000000 0.00022120
v -0.00086204 -0.00049770 0.00022120
v -0.00109466 -0.00063200 0.00022120
v -0.00049770 -0.00086204 0.00022120
v -0.00063200 -0.00109466 0.00022120
v -0.00000000 -0.00099540 0.00022120
v -0.00000000 -0.00126400 0.00022120
v -0.00000000 0.00126400 0.00022120
v -0.00000000 0.00126400 0.00093220
v -0.00063200 0.00109466 0.00022120
v -0.00063200 0.00109466 0.00093220
v -0.00063200 0.00109466 0.00022120
v -0.00063200 0.00109466 0.00093220
v -0.00109466 0.00063200 0.00022120
v -0.00109466 0.00063200 0.00093220
v -0.00109466 0.00063200 0.00022120
v -0.00109466 0.00063200 0.00093220
v -0.00126400 -0.00000000 0.00022120
v -0.00126400 -0.00000000 0.00093220
v -0.00126400 -0.00000000 0.00022120
v -0.00126400 -0.00000000 0.00093220
v -0.00109466 -0.00063200 0.00022120
v -0.00109466 -0.00063200 0.00093220
v -0.00109466 -0.00063200 0.00022120
v -0.00109466 -0.00063200 0.00093220
v -0.00063200 -0.00109466 0.00022120
v -0.00063200 -0.00109466 0.00093220
v -0.00063200 -0.00109466 0.00022120
v -0.00063200 -0.00109466 0.00093220
v -0.00000000 -0.00126400 0.00022120
v -0.00000000 -0.00126400 0.00093220
v -0.00000000 -0.00126400 0.00022120
v -0.00000000 -0.00126400 0.00093220
v 0.00063200 -0.00109466 0.00022120
v 0.00063200 -0.00109466 0.00093220
v 0.00063200 -0.00109466 0.00022120
v 0.00063200 -0.00109466 0.00093220
v 0.00109466 -0.00063200 0.00022120
v 0.00109466 -0.00063200 0.00093220
v 0.00109466 -0.00063200 0.00022120
v 0.00109466 -0.00063200 0.00093220
v 0.00126400 -0.00000000 0.00022120
v 0.00126400 -0.00000000 0.00093220
v 0.00126400 -0.00000000 0.00022120
v 0.00126400 -0.00000000 0.00093220
v 0.00109466 0.00063200 0.00022120
v 0.00109466 0.00063200 0.00093220
v 0.00109466 0.00063200 0.00022120
v 0.00109466 0.00063200 0.00093220
v 0.00063200 0.00109466 0.00022120
v 0.00063200 0.00109466 0.00093220
v 0.00063200 0.00109466 0.00022120
v 0.00063200 0.00109466 0.00093220
v -0.00000000 0.00126400 0.00022120
v -0.00000000 0.00126400 0.00093220
f 1 2 3
f 3 2 4
f 5 6 7
f 7 6 8
f 9 10 11
f 11 10 12
f 13 14 15
f 15 14 16
f 17 18 19
f 19 18 20
f 21 22 23
f 23 22 24
f 25 26 27
f 27 26 28
f 29 30 31
f 31 30 32
f 33 34 35
f 35 34 36
f 37 38 39
f 39 38 40
f 41 42 43
f 43 42 44
f 45 46 47
f 47 46 48
f 49 50 51
f 52 53 54
f 54 53 55
f 54 55 56
f 56 55 57
f 56 57 58
f 58 57 59
f 58 59 60
f 60 59 61
f 60 61 62
f 62 61 63
f 63 61 64
f 63 64 51
f 51 64 65
f 51 65 49
f 66 52 54
f 67 68 69
f 69 68 49
f 69 49 70
f 70 49 65
f 71 72 73
f 74 75 76
f 77 78 79
f 80 81 82
f 83 84 85
f 86 87 88
f 89 90 91
f 92 93 94
f 95 96 97
f 98 99 100
f 101 102 103
f 104 105 106
f 107 108 109
f 110 111 112
f 113 114 115
f 116 117 118
f 119 120 121
f 122 123 124
f 125 126 127
f 128 129 130
f 131 132 133
f 134 135 136
f 137 138 139
f 140 141 142
f 143 144 145
f 146 147 148
f 149 150 151
f 152 153 154
f 155 156 157
f 158 159 160
f 161 162 163
f 164 165 166
f 167 168 169
f 170 171 172
f 173 174 175
f 176 177 178
f 179 180 181
f 179 181 182
f 183 184 185
f 186 187 188
f 189 190 191
f 192 193 194
f 195 196 197
f 198 199 200
f 201 202 203
f 204 205 206
f 207 208 209
f 210 211 212
f 213 214 215
f 216 217 218
f 219 220 221
f 222 223 224
f 225 226 227
f 228 229 230
f 231 232 233
f 234 235 236
f 237 238 239
f 240 241 242
f 243 244 245
f 246 247 248
f 249 250 251
f 252 253 254
f 255 256 257
f 258 259 260
f 261 262 263
f 264 265 266
f 267 268 269
f 270 271 272
f 273 274 275
f 276 277 278
f 279 280 281
f 282 283 284
f 285 286 287
f 288 289 290
f 291 292 293
f 294 295 296
f 297 298 299
f 300 301 302
f 303 304 305
f 306 307 308
f 308 307 309
f 310 311 312
f 313 314 315
f 287 316 285
f 317 318 319
f 320 321 322
f 323 324 325
f 326 327 328
f 329 330 331
f 332 333 334
f 335 336 337
f 338 339 340
f 341 342 343
f 343 342 344
f 343 344 345
f 346 347 348
f 349 350 351
f 352 353 354
f 355 356 357
f 358 359 360
f 361 362 363
f 344 364 345
f 365 366 367
f 368 369 370
f 371 372 373
f 374 375 376
f 374 376 377
f 378 379 380
f 381 382 383
f 384 385 386
f 387 388 389
f 390 391 392
f 393 394 395
f 396 397 398
f 399 400 401
f 402 403 404
f 405 406 407
f 408 409 410
f 411 407 412
f 413 414 415
f 416 417 418
f 419 420 421
f 422 423 424
f 425 426 427
f 428 429 430
f 431 432 433
f 434 435 436
f 437 438 439
f 247 440 248
f 441 442 443
f 253 444 254
f 445 446 447
f 346 448 347
f 449 450 451
f 350 452 351
f 453 454 455
f 456 457 458
f 459 460 461
f 462 463 464
f 465 466 467
f 468 469 470
f 471 472 473
f 369 474 370
f 475 99 98
f 475 98 476
f 477 478 479
f 480 481 482
f 483 484 485
f 486 487 488
f 489 490 491
f 492 493 494
f 495 496 497
f 498 499 500
f 501 502 503
f 429 504 430
f 505 506 507
f 508 509 510
f 511 512 513
f 514 515 516
f 517 518 519
f 520 521 522
f 412 523 524
f 525 522 526
f 527 528 529
f 530 531 532
f 533 534 535
f 536 537 538
f 539 540 541
f 542 543 544
f 545 546 547
f 548 549 550
f 551 552 553
f 554 555 556
f 557 558 559
f 560 561 562
f 563 564 565
f 566 567 568
f 569 570 571
f 572 573 574
f 575 576 577
f 578 579 580
f 581 582 583
f 584 585 586
f 587 588 589
f 590 591 592
f 593 594 595
f 596 597 598
f 599 600 601
f 602 603 604
f 605 606 607
f 608 609 610
f 611 612 613
f 614 615 616
f 617 618 619
f 620 621 622
f 623 624 625
f 626 627 628
f 629 630 631
f 632 633 634
f 635 636 637
f 638 639 640
f 641 642 643
f 644 645 646
f 647 648 649
f 650 651 652
f 653 654 655
f 656 657 658
f 659 660 661
f 662 663 664
f 665 666 667
f 668 669 670
f 671 672 673
f 674 675 676
f 677 678 679
f 680 681 682
f 683 684 685
f 686 687 688
f 689 690 691
f 692 693 694
f 695 696 697
f 698 699 700
f 701 702 703
f 704 705 706
f 707 708 709
f 709 708 710
f 711 712 713
f 713 712 714
f 715 716 717
f 718 719 720
f 721 722 723
f 724 725 726
f 727 728 729
f 730 731 732
f 733 734 735
f 736 737 738
f 739 740 741
f 742 743 744
f 745 746 747
f 748 749 750
f 751 752 753
f 754 755 756
f 757 758 759
f 760 761 762
f 763 764 765
f 766 767 768
f 769 649 648
f 770 771 772
f 773 774 775
f 776 777 778
f 779 780 781
f 782 783 784
f 785 786 787
f 788 789 790
f 791 792 793
f 794 795 796
f 797 798 799
f 800 801 802
f 803 804 805
f 806 807 808
f 809 810 811
f 812 813 814
f 815 816 817
f 818 819 820
f 821 822 823
f 824 825 826
f 827 828 829
f 830 831 832
f 833 834 835
f 836 837 838
f 839 840 841
f 842 843 844
f 845 846 847
f 848 849 850
f 851 852 853
f 854 855 856
f 857 858 859
f 860 861 862
f 863 864 865
f 866 867 868
f 869 870 871
f 872 873 874
f 875 876 877
f 875 877 878
f 879 880 881
f 882 883 884
f 885 886 887
f 887 886 888
f 889 890 891
f 891 890 892
f 893 894 895
f 895 894 896
f 897 898 899
f 900 901 902
f 903 904 905
f 906 907 908
f 909 910 911
f 912 913 914
f 915 916 917
f 918 919 920
f 921 922 923
f 924 925 926
f 927 928 929
f 930 931 932
f 933 934 935
f 936 937 938
f 939 940 941
f 942 943 944
f 945 946 947
f 948 949 950
f 951 952 953
f 954 955 956
f 957 958 959
f 960 961 962
f 963 964 965
f 966 967 968
f 969 970 971
f 971 970 972
f 973 974 975
f 976 977 978
f 979 980 981
f 982 983 984
f 985 986 987
f 988 989 990
f 991 992 993
f 994 995 996
f 997 998 999
f 212 1000 210
f 1001 290 289
f 206 1002 204
f 1003 284 283
f 1004 1005 1006
f 1007 1008 1009
f 1010 1011 1012
f 1013 1014 1015
f 1016 1017 1018
f 1019 1020 1021
f 1022 1023 1024
f 1025 1026 1027
f 1028 1029 1030
f 1031 1032 1033
f 1034 1035 1036
f 1037 1038 1039
f 1040 1041 1042
f 1043 1044 1045
f 1046 1047 1048
f 1049 1050 1051
f 1052 1053 1054
f 1055 1056 1057
f 1058 1059 1060
f 1061 1062 1063
f 1064 1065 1066
f 1067 1068 1069
f 1070 1071 1072
f 1073 1074 1075
f 1076 1077 1078
f 1079 1080 1081
f 1082 1083 1084
f 1085 1086 1087
f 1088 1089 1090
f 1091 1092 1093
f 1094 1095 1096
f 1097 1098 1099
f 1099 1098 1100
f 1101 1102 1103
f 1104 1105 1106
f 1107 1108 1109
f 1110 1111 1112
f 1113 1114 1115
f 1116 1117 1118
f 1119 1120 1121
f 1121 1120 1122
f 1123 1124 1125
f 1126 1127 1128
f 1129 1130 1131
f 1132 1133 1134
f 1135 1136 1137
f 1138 1139 1140
f 1141 1142 1143
f 1144 1145 1146
f 1147 1148 1149
f 1150 1151 1152
f 1150 1152 1153
f 1154 175 174
f 1089 1155 1090
f 1156 169 168
f 1157 1158 1159
f 1160 1161 1162
f 1163 1164 1165
f 1166 1167 1168
f 1169 1170 1171
f 1172 1173 1174
f 1175 1176 1177
f 1178 1179 1180
f 1181 1182 1183
f 1184 1185 1186
f 1184 1186 1187
f 1163 1188 1164
f 1189 1190 1191
f 1192 1193 1194
f 1195 1196 1197
f 1198 1199 1200
f 1201 1202 1203
f 1204 1205 1206
f 1207 1208 1209
f 1210 1211 1212
f 1213 1214 1215
f 1213 1215 1216
f 1217 1218 1219
f 1220 1221 1222
f 1223 1224 1225
f 1226 1227 1228
f 1229 1230 1231
f 1232 1233 1234
f 1235 1236 1237
f 1238 1239 1240
f 1237 1241 1242
f 1243 1244 1245
f 1243 1245 1246
f 1247 1248 1249
f 1250 1251 1252
f 1253 1254 1255
f 1256 1257 1258
f 1259 1260 1261
f 1262 1263 1264
f 1265 1266 1267
f 1268 1269 1270
f 1271 1272 1273
f 1274 1275 1276
f 1277 1278 1279
f 1280 1281 1282
f 1283 1284 1285
f 1286 1287 1288
f 1289 1290 1291
f 1292 1293 1294
f 1295 1296 1297
f 1298 1299 1300
f 1301 1302 1303
f 1304 1305 1306
f 1307 1308 1309
f 1310 1311 1312
f 1313 1314 1315
f 1316 1317 1318
f 1319 1320 1321
f 1322 1323 1324
f 1325 1326 1327
f 1328 1329 1330
f 1331 1332 1333
f 1334 1335 1336
f 1337 1338 1339
f 1337 1339 1340
f 1340 1339 1341
f 1340 1341 1342
f 1343 1344 1345
f 1346 1347 1348
f 1349 1350 1351
f 1352 1353 1354
f 1355 1356 1357
f 1358 1359 1360
f 1361 1362 1363
f 1364 1365 1366
f 1367 1368 1369
f 1370 1371 1372
f 1373 1374 1375
f 1376 1377 1378
f 1379 1380 1381
f 1382 1383 1384
f 1385 1386 1387
f 1388 1389 1390
f 1391 1392 1393
f 1394 1395 1396
f 1397 1398 1399
f 1400 1401 1402
f 1403 1404 1405
f 1406 1407 1408
f 1409 1410 1411
f 1412 1413 1414
f 1415 1416 1417
f 1418 1419 1420
f 1421 1422 1423
f 1424 1425 1426
f 1408 1427 1406
f 1428 1429 1430
f 1431 1432 1433
f 1434 1435 1436
f 1437 1438 1439
f 1440 1441 1442
f 1443 1444 1445
f 1446 1447 1448
f 1449 1450 1451
f 1452 1453 1454
f 1455 1456 1457
f 1458 1459 1460
f 1461 1462 1463
f 1464 1465 1466
f 1467 1468 1469
f 1466 1470 1471
f 1472 1473 1474
f 1475 1476 1477
f 1478 1479 1480
f 1481 1482 1483
f 1483 1482 1484
f 1485 1486 1487
f 1488 1489 1490
f 1491 1492 1493
f 1494 1495 1496
f 1497 1498 1499
f 1500 1501 1502
f 1503 1504 1505
f 1506 1507 1508
f 1509 1510 1511
f 1512 1513 1514
f 1515 1516 1517
f 1518 1519 1520
f 1521 1522 1523
f 1524 1525 1526
f 1527 1528 1529
f 1530 1531 1532
f 1533 1534 1535
f 1536 1537 1538
f 1539 1540 1541
f 1542 1543 1544
f 1545 1546 1547
f 1548 1549 1550
f 1551 1552 1553
f 1554 1555 1556
f 1557 1558 1559
f 1560 1561 1562
f 1563 1564 1565
f 1566 1567 1568
f 1569 1570 1571
f 1572 1573 1574
f 1575 1576 1577
f 1578 1579 1580
f 1581 1582 1583
f 1584 1585 1586
f 1587 1588 1589
f 1590 1591 1592
f 1593 1594 1595
f 1596 1597 1598
f 1599 1600 1601
f 1602 1603 1604
f 1605 1606 1607
f 1608 1609 1610
f 1611 1612 1613
f 1614 1615 1616
f 1617 1618 1619
f 1620 1621 1622
f 1623 1624 1625
f 1626 1627 1628
f 1629 1630 1631
f 1632 1633 1634
f 1635 1636 1637
f 1638 1639 1640
f 1641 1642 1643
f 1644 1645 1646
f 1647 1648 1649
f 1650 1651 1652
f 1653 1654 1655
f 1656 1657 1658
f 1659 1660 1661
f 1662 1663 1664
f 1429 1665 1430
f 1666 1667 1668
f 1669 1670 1671
f 1672 1673 1674
f 1675 1676 1677
f 1678 1679 1680
f 1681 1682 1683
f 1684 1685 1686
f 1687 1688 1689
f 1690 1691 1692
f 1693 1694 1695
f 1696 1697 1698
f 1699 1700 1701
f 1702 1703 1704
f 1705 1706 1707
f 1708 1709 1710
f 1711 1712 1713
f 1714 1715 1716
f 1717 1718 1719
f 1719 1718 1720
f 1721 1722 1723
f 1724 1725 1726
f 1727 1728 1729
f 1730 1731 1732
f 1733 1734 1735
f 1736 1737 1738
f 1739 1740 1741
f 1742 1743 1744
f 1745 1746 1747
f 1748 1749 1750
f 1751 1752 1753
f 1754 1755 1756
f 1757 1758 1759
f 1760 1761 1762
f 1763 1764 1765
f 1766 1767 1768
f 1769 1770 1771
f 1772 1773 1774
f 1775 1776 1777
f 1778 1779 1780
f 1781 1782 1783
f 1784 1785 1786
f 1787 1788 1789
f 1790 1791 1792
f 1793 1794 1795
f 1796 1797 1798
f 1799 1800 1801
f 1802 1803 1804
f 1805 1806 1807
f 1808 1809 1810
f 1811 1812 1813
f 1813 1812 1814
f 1815 1816 1817
f 1818 1819 1820
f 1821 1822 1823
f 1824 1825 1826
f 1827 1828 1829
f 1830 1831 1832
f 1833 1834 1835
f 1836 1837 1838
f 1839 1840 1841
f 1842 1843 1844
f 1845 1846 1847
f 1848 1849 1850
f 1851 1852 1853
f 1854 1855 1856
f 1857 1858 1859
f 1860 1861 1862
f 1863 1864 1865
f 1866 1867 1868
f 1869 1870 1871
f 1872 1873 1874
f 1875 1876 1877
f 1878 1879 1880
f 1881 1882 1883
f 1884 1885 1886
f 1887 1888 1889
f 1890 1891 1892
f 1893 1894 1895
f 1895 1894 1896
f 1897 1898 1899
f 1900 1901 1902
f 1903 1904 1905
f 1905 1904 1906
f 1907 1908 1909
f 1910 1911 1912
f 1913 1914 1915
f 1916 972 970
f 1915 1917 1918
f 1919 970 969
f 1920 1921 1922
f 1923 88 87
f 1924 1925 1926
f 1927 1928 1929
f 1930 1931 1932
f 1933 1934 1935
f 1936 1937 1938
f 1939 1940 1941
f 1942 1943 1944
f 1945 1946 1947
f 1948 1949 1950
f 1950 1949 1951
f 1952 1953 1954
f 1955 1956 1957
f 1958 1959 1960
f 1961 1962 1963
f 1964 1965 1966
f 1967 1968 1969
f 1970 1971 1972
f 1973 1974 1975
f 1849 1976 1850
f 1977 1978 1979
f 1980 1981 1982
f 1983 1984 1985
f 1986 1987 1988
f 1989 1990 1991
f 1992 1993 1994
f 1995 1996 1997
f 1998 1999 2000
f 2001 2002 2003
f 2004 2005 2006
f 2007 2008 2009
f 2010 2011 2012
f 2013 2014 2015
f 2016 2017 2018
f 2019 2020 2021
f 2022 2023 2024
f 2025 2026 2027
f 2028 2029 2030
f 2031 2032 2033
f 2034 2035 2036
f 2037 2038 2039
f 2040 2041 2042
f 2043 2044 2045
f 2046 2047 2048
f 2049 2050 2051
f 2052 2053 2054
f 2055 2056 2057
f 2058 2059 2060
f 2061 2062 2063
f 2064 2065 2066
f 2067 2068 2069
f 2070 2071 2072
f 2073 2074 2075
f 2076 2077 2078
f 1990 2079 1991
f 2080 2081 2082
f 2083 2084 2085
f 2086 2087 2088
f 2089 2090 2091
f 2092 2093 2094
f 2095 2096 2097
f 2098 2099 2100
f 2098 2100 2101
f 2102 2103 2104
f 2105 2106 2107
f 2108 2109 2110
f 2111 2112 2113
f 2114 2115 2116
f 2117 2118 2119
f 2120 2121 2122
f 2123 2124 2125
f 2126 2127 2128
f 2129 2130 2131
f 2132 2133 2134
f 2135 2136 2137
f 2138 2139 2140
f 2138 2140 2141
f 2142 2143 2144
f 2145 2146 2147
f 2148 2149 2150
f 2151 2152 2153
f 2154 2155 2156
f 2157 2158 2159
f 2160 2161 2162
f 2163 2164 2165
f 2166 2167 2168
f 2169 2170 2171
f 2172 2173 2174
f 2175 2176 2177
f 2178 2179 2180
f 2181 2182 2183
f 2184 2185 2186
f 2187 2188 2189
f 2190 2191 2192
f 2193 2194 2195
f 2196 2197 2198
f 2199 2200 2201
f 2202 2203 2204
f 2205 2206 2207
f 2208 2209 2210
f 2211 2212 2213
f 2214 2215 2216
f 2217 2218 2219
f 2220 2221 2222
f 2223 2224 2225
f 2226 2227 2228
f 2229 2230 2231
f 2232 2233 2234
f 2235 2236 2237
f 2238 2239 2240
f 2241 2242 2243
f 2244 2245 2246
f 2247 2248 2249
f 2250 2251 2252
f 2253 2254 2255
f 2256 2257 2258
f 2259 2260 2261
f 2262 2263 2264
f 2265 2266 2267
f 2268 2269 2270
f 2271 2272 2273
f 2274 833 835
f 2274 835 2275
f 2276 2277 2278
f 2279 2280 2281
f 2282 2283 2284
f 2285 2286 2287
f 2288 2289 2290
f 2291 2292 2293
f 2294 2295 2296
f 2297 2298 2299
f 2300 2301 2302
f 2303 2304 2305
f 2306 2307 2308
f 2309 2310 2311
f 2312 2313 2314
f 2315 2316 2317
f 2318 2319 2320
f 2321 694 693
f 2322 2323 2324
f 2324 2323 2325
f 2326 2327 2328
f 2328 2327 2329
f 1923 2330 2331
f 2331 2330 2332
f 2333 2334 2335
f 2336 2337 2338
f 478 2339 2340
f 478 2340 479
f 2341 2342 2343
f 2344 2345 2346
f 2347 2348 2349
f 2347 2349 2350
f 2351 2352 2353
f 2354 2355 2356
f 2356 2355 2357
f 2358 2359 2360
f 2361 2362 2363
f 2364 2365 2366
f 2367 2368 2369
f 2370 2371 475
f 2372 2373 2374
f 2375 2376 2377
f 2378 2379 2380
f 2378 2380 2381
f 2382 2383 2384
f 2385 2386 2387
f 2388 2389 2390
f 2391 2392 2393
f 2394 2395 2396
f 2397 2398 2399
f 2400 2401 2402
f 2403 2404 2405
f 2406 2407 2408
f 2409 2410 2411
f 2412 2413 2414
f 2415 2416 2417
f 2418 2419 2420
f 2421 2422 2423
f 2424 2425 2426
f 2426 2425 2427
f 2428 2429 2430
f 2431 2432 2433
f 2023 2434 2024
f 2435 2436 2437
f 2438 2439 2440
f 2441 610 609
f 2442 2443 2444
f 2445 2446 2447
f 2448 2449 2450
f 2451 2452 2453
f 2454 2455 2456
f 2457 2458 2459
f 2460 2461 2462
f 2463 2464 2465
f 2466 2467 2468
f 2469 2470 2471
f 2472 2473 2474
f 2475 2476 2477
f 2478 2479 2480
f 2481 2482 2483
f 2484 2485 2486
f 2487 2488 2489
f 2490 2491 2492
f 2493 2494 2495
f 2496 2497 2498
f 2499 2500 2501
f 2502 2503 2504
f 2505 2506 2507
f 2099 2508 2100
f 2509 2510 2511
f 2512 2513 2514
f 2515 2516 2517
f 2518 2519 2520
f 2521 2522 2523
f 2524 2525 2526
f 2527 2528 2529
f 2530 2531 2532
f 2533 2534 2535
f 2536 1612 2537
f 2538 2539 2540
f 2541 2542 2543
f 2544 2545 2546
f 2547 1598 1597
f 2548 2549 2550
f 2551 2552 2553
f 2554 2555 2556
f 2557 1586 1585
f 2558 2559 2560
f 2561 1580 1579
f 2562 2563 2564
f 2565 2566 2567
f 2568 2569 2570
f 2571 2572 2573
f 2574 2575 2576
f 2577 2578 2579
f 71 2580 72
f 2581 2582 2583
f 2584 2585 2586
f 2587 2588 2589
f 2590 2591 2592
f 2593 2594 2595
f 2596 2597 2598
f 2598 2597 2599
f 2600 2601 2602
f 2603 215 214
f 607 2604 605
f 2605 209 208
f 2606 2607 2608
f 2609 2610 2611
f 2612 2613 2614
f 2615 2616 2617
f 2618 2619 2620
f 2621 2622 2623
f 2624 2625 2626
f 2627 2628 2629
f 2630 2631 2632
f 2633 2634 2635
f 2636 2637 2638
f 2639 2640 2641
f 2642 2643 2644
f 2645 2646 2647
f 2648 2649 2650
f 2651 2652 2653
f 2654 2655 2656
f 2656 2655 2657
f 2658 2659 2660
f 2661 2662 2663
f 2664 2665 2666
f 2667 2668 2669
f 2670 2671 2672
f 2673 2674 2675
f 2519 2676 2520
f 2677 2306 2308
f 2678 2679 2680
f 2681 2682 2683
f 2684 2685 2686
f 2687 2688 2689
f 2690 2691 2692
f 2693 2694 2695
f 719 2696 2697
f 2698 2699 2700
f 2701 2702 2703
f 2704 2705 2706
f 984 2707 2708
f 2709 2710 2711
f 2712 2713 2714
f 2715 2716 2717
f 2718 2719 2720
f 2721 2722 2723
f 2724 2725 2726
f 2727 2728 2729
f 2730 2731 2732
f 2733 2734 2735
f 2736 2737 2738
f 2739 2740 2741
f 2742 2743 2744
f 2745 2746 2747
f 2748 2749 2750
f 2751 2752 2753
f 2754 2755 2756
f 2757 2758 2759
f 2760 2761 2762
f 2763 2764 2765
f 2766 2767 2768
f 2769 2770 2771
f 2772 2773 2774
f 2775 2776 2777
f 2778 2779 2780
f 2781 2782 2783
f 2784 2785 2786
f 2787 2788 2789
f 2790 2791 2792
f 2793 2794 2795
f 2796 2797 2798
f 2799 2800 2801
f 2802 2803 2804
f 2805 2806 2807
f 2808 2809 2810
f 2811 2812 2813
f 2814 2815 2816
f 2817 2818 2819
f 2820 2821 2822
f 2823 2824 2825
f 2826 2827 2828
f 2829 2830 2831
f 2832 2833 2834
f 2835 2836 2837
f 2838 2839 2840
f 2841 2842 2843
f 2844 2845 2846
f 2847 2848 2849
f 2850 2851 2852
f 2853 2854 2855
f 2856 2857 2858
f 2859 2860 2861
f 2862 2863 2864
f 2865 2866 2867
f 2868 2869 2870
f 2871 2872 2873
f 2874 2875 2876
f 2877 2878 2879
f 2880 2881 2882
f 2883 2884 2885
f 2886 2887 2888
f 2889 2890 2891
f 2892 2893 2894
f 2895 2896 2897
f 2898 2899 2900
f 2901 2902 2903
f 2904 2905 2906
f 2907 2908 2909
f 2910 2911 2912
f 2913 2914 2915
f 2916 2917 2918
f 2916 2918 2919
f 2920 2921 2922
f 2920 2922 2923
f 2924 2925 2926
f 2924 2926 2927
f 2928 2929 2930
f 2928 2930 2931
f 2932 2933 2934
f 2935 2936 2937
f 2938 2939 2940
f 2941 2942 2943
f 2941 2943 2944
f 2945 2946 2947
f 2945 2947 2948
f 2949 2950 2951
f 2949 2951 2952
f 2953 2954 2955
f 2953 2955 2956
f 2957 2958 2959
f 2960 2961 2962
f 2963 2964 2965
f 2965 2964 2966
f 2965 2966 2967
f 2967 2966 2968
f 2967 2968 2969
f 2969 2968 2970
f 2969 2970 2971
f 2970 2972 2971
f 2971 2972 2973
f 2971 2973 2974
f 2974 2973 2975
f 2974 2975 2976
f 2976 2975 2977
f 2976 2977 2978
f 2978 2977 2979
f 2978 2979 2980
f 2979 2981 2980
f 2980 2981 2982
f 2980 2982 2983
f 2983 2982 2984
f 2983 2984 2985
f 2985 2984 2986
f 2985 2986 2987
f 2987 2986 2988
f 2987 2988 2963
f 2963 2988 2989
f 2963 2989 2964
f 2990 2991 2992
f 2992 2991 2993
f 2992 2993 2994
f 2994 2993 2995
f 2994 2995 2996
f 2996 2995 2997
f 2996 2997 2998
f 135 2999 136
f 136 2999 2996
f 136 2996 3000
f 3000 2996 2998
f 3001 3002 3003
f 3003 3002 3004
f 3003 3004 2990
f 2990 3004 3005
f 2990 3005 2991
f 135 134 2999
f 2999 134 3006
f 2999 3006 3007
f 3007 3008 2999
f 2999 3008 3009
f 2999 3009 3010
f 3010 3009 3011
f 3010 3011 3012
f 3011 3013 3012
f 3012 3013 3014
f 3012 3014 3015
f 3015 3014 3016
f 3015 3016 3017
f 3017 3016 3018
f 3017 3018 3019
f 3019 3018 3020
f 3019 3020 3021
f 3022 3001 3023
f 3023 3001 3024
f 3023 3024 3025
f 3021 3026 3019
f 3019 3026 3027
f 3019 3027 3024
f 3024 3027 3028
f 3024 3028 3025
f 3022 3029 3001
f 3001 3029 3030
f 3001 3030 3002
f 3002 3030 3031
f 3002 3031 3032
f 3033 3034 3035
f 3036 3037 3038
f 3038 3037 3039
f 3038 3039 3040
f 3040 3039 3041
f 3040 3041 3042
f 3042 3041 3043
f 3042 3043 3044
f 3044 3043 3045
f 3044 3045 3046
f 3046 3045 3047
f 3047 3045 3048
f 3047 3048 3035
f 3035 3048 3049
f 3035 3049 3033
f 3050 3036 3038
f 3051 3052 3053
f 3053 3052 3033
f 3053 3033 3054
f 3054 3033 3049
f 3055 3056 3057
f 3058 3059 3060
f 3061 3062 3063
f 3064 3065 3066
f 3067 3068 3069
f 3070 3071 3072
f 3073 3074 3075
f 3076 3077 3078
f 3079 3080 3081
f 3082 3083 3084
f 3085 3086 3087
f 3088 3089 3090
f 3091 3092 3093
f 3094 3095 3096
f 3097 3098 3099
f 3100 3101 3102
f 3103 3104 3105
f 3106 3107 3108
f 3109 3110 3111
f 3112 3113 3114
f 3115 3116 3117
f 3118 3119 3120
f 3121 3122 3123
f 3124 3125 3126
f 3127 3128 3129
f 3130 3131 3132
f 3133 3134 3135
f 3136 3137 3138
f 3139 3140 3141
f 3142 3143 3144
f 3145 3146 3147
f 3148 3149 3150
f 3151 3152 3153
f 3154 3155 3156
f 3157 3158 3159
f 3160 3161 3162
f 3163 3164 3165
f 3166 3167 3168
f 3169 3170 3171
f 3172 3173 3174
f 3175 3176 3177
f 3178 3179 3180
f 3181 3182 3183
f 3184 3185 3186
f 3187 3188 3189
f 3190 3191 3192
f 3193 3194 3195
f 3196 3197 3198
f 3199 3200 3201
f 3202 3203 3204
f 3205 3206 3207
f 3208 3209 3210
f 3211 3212 3213
f 3214 3215 3216
f 3217 3218 3219
f 3220 3221 3222
f 3223 3224 3225
f 3226 3227 3228
f 3229 3230 3231
f 3232 3233 3234
f 3235 3236 3237
f 3238 3239 3240
f 3241 3242 3243
f 3244 3245 3246
f 3247 3248 3249
f 3250 3251 3252
f 3253 3254 3255
f 3256 3257 3258
f 3259 3260 3261
f 3262 3263 3264
f 3265 3266 3267
f 3268 3269 3270
f 3271 3272 3273
f 3274 3275 3276
f 3277 3278 3279
f 3280 3281 3282
f 3283 3284 3285
f 3286 3287 3288
f 3289 3290 3291
f 3292 3293 3294
f 3295 3296 3297
f 3298 3299 3300
f 3301 3302 3303
f 3304 3305 3306
f 3307 3308 3309
f 3310 3311 3312
f 3313 3314 3315
f 3316 3317 3318
f 3319 3320 3321
f 3322 3323 3324
f 3325 3326 3327
f 3328 3329 3330
f 3330 3329 3331
f 3332 3333 3334
f 3335 3336 3337
f 3309 3338 3307
f 3339 3340 3341
f 3342 3343 3344
f 3345 3346 3347
f 3348 3349 3350
f 3351 3352 3353
f 3354 3355 3356
f 3357 3358 3359
f 3360 3361 3362
f 3363 3364 3365
f 3365 3364 3366
f 3365 3366 3367
f 3368 3369 3370
f 3371 3372 3373
f 3374 3375 3376
f 3377 3378 3379
f 3380 3381 3382
f 3383 3384 3385
f 3366 3386 3367
f 3387 3388 3389
f 3390 3391 3392
f 3393 3394 3395
f 3396 3397 3398
f 3396 3398 3399
f 3400 3401 3402
f 3403 3404 3405
f 3406 3407 3408
f 3409 3410 3411
f 3412 3413 3414
f 3415 3416 3417
f 3418 3419 3420
f 3421 3422 3423
f 3424 3425 3426
f 3427 3428 3429
f 3430 3431 3432
f 3433 3429 3434
f 3435 3436 3437
f 3438 3439 3440
f 3441 3442 3443
f 3444 3445 3446
f 3447 3448 3449
f 3450 3451 3452
f 3453 3454 3455
f 3456 3457 3458
f 3459 3460 3461
f 3269 3462 3270
f 3463 3464 3465
f 3275 3466 3276
f 3467 3468 3469
f 3368 3470 3369
f 3471 3472 3473
f 3372 3474 3373
f 3475 3476 3477
f 3478 3479 3480
f 3481 3482 3483
f 3484 3485 3486
f 3487 3488 3489
f 3490 3491 3492
f 3493 3494 3495
f 3391 3496 3392
f 3497 3083 3082
f 3497 3082 3498
f 3499 3500 3501
f 3502 3503 3504
f 3505 3506 3507
f 3508 3509 3510
f 3511 3512 3513
f 3514 3515 3516
f 3516 3515 3517
f 3518 3519 3520
f 3520 3519 3521
f 3522 3523 3524
f 3525 3526 3527
f 3528 3529 3530
f 3451 3531 3452
f 3532 3533 3534
f 3535 3536 3537
f 3538 3539 3540
f 3541 3542 3543
f 3544 3545 3546
f 3547 3548 3549
f 3550 3551 3552
f 3553 3554 3555
f 3556 3557 3558
f 3559 3560 3561
f 3434 3562 3563
f 3564 3561 3565
f 3566 3567 3568
f 3569 3570 3571
f 3572 3573 3574
f 3575 3576 3577
f 3578 3579 3580
f 3581 3582 3583
f 3584 3585 3586
f 3587 3588 3589
f 3590 3591 3592
f 3593 3594 3595
f 3596 3597 3598
f 3599 3600 3601
f 3602 3603 3604
f 3605 3606 3607
f 3608 3609 3610
f 3611 3612 3613
f 3614 3615 3616
f 3617 3618 3619
f 3620 3621 3622
f 3623 3624 3625
f 3626 3627 3628
f 3629 3630 3631
f 3632 3633 3634
f 3635 3636 3637
f 3638 3639 3640
f 3641 3642 3643
f 3644 3645 3646
f 3647 3648 3649
f 3650 3651 3652
f 3653 3654 3655
f 3656 3657 3658
f 3659 3660 3661
f 3662 3663 3664
f 3665 3666 3667
f 3668 3669 3670
f 3671 3672 3673
f 3674 3675 3676
f 3677 3678 3679
f 3680 3681 3682
f 3683 3684 3685
f 3686 3687 3688
f 3689 3690 3691
f 3692 3693 3694
f 3695 3696 3697
f 3698 3699 3700
f 3701 3702 3703
f 3704 3705 3706
f 3707 3708 3709
f 3710 3711 3712
f 3713 3714 3715
f 3716 3717 3718
f 3719 3720 3721
f 3722 3723 3724
f 3725 3726 3727
f 3728 3729 3730
f 3731 3732 3733
f 3734 3735 3736
f 3737 3738 3739
f 3740 3741 3742
f 3743 3744 3745
f 3746 3747 3748
f 3749 3750 3751
f 3749 3751 3752
f 3753 3754 3755
f 3756 3757 3758
f 3758 3757 3759
f 3760 3761 3762
f 3763 3764 3765
f 3766 3767 3768
f 3769 3770 3771
f 3772 3773 3774
f 3775 3776 3777
f 3778 3779 3780
f 3781 3782 3783
f 3784 3785 3786
f 3787 3788 3789
f 3790 3791 3792
f 3793 3794 3795
f 3796 3797 3798
f 3799 3800 3801
f 3802 3803 3804
f 3805 3806 3807
f 3808 3809 3810
f 3811 3812 3813
f 3814 3815 3816
f 3817 3818 3819
f 3820 3821 3822
f 3823 3688 3687
f 3824 3825 3826
f 3827 3828 3829
f 3830 3831 3832
f 3833 3834 3835
f 3836 3837 3838
f 3839 3840 3841
f 3842 3843 3844
f 3845 3846 3847
f 3848 3849 3850
f 3851 3852 3853
f 3854 3855 3856
f 3857 3858 3859
f 3860 3861 3862
f 3863 3864 3865
f 3866 3867 3868
f 3869 3870 3871
f 3872 3873 3874
f 3875 3876 3877
f 3878 3879 3880
f 3881 3882 3883
f 3884 3885 3886
f 3887 3888 3889
f 3890 3891 3892
f 3893 3894 3895
f 3896 3897 3898
f 3899 3900 3901
f 3902 3903 3904
f 3905 3906 3907
f 3908 3909 3910
f 3911 3912 3913
f 3914 3915 3916
f 3917 3918 3919
f 3920 3921 3922
f 3923 3924 3925
f 3926 3927 3928
f 3929 3930 3931
f 3929 3931 3932
f 3933 3934 3935
f 3936 3937 3938
f 3939 3940 3941
f 3941 3940 3942
f 3943 3944 3945
f 3945 3944 3946
f 3947 3948 3949
f 3949 3948 3950
f 3951 3952 3953
f 3954 3955 3956
f 3957 3958 3959
f 3960 3961 3962
f 3963 3964 3965
f 3966 3967 3968
f 3969 3970 3971
f 3972 3973 3974
f 3975 3976 3977
f 3978 3979 3980
f 3981 3982 3983
f 3984 3985 3986
f 3987 3988 3989
f 3990 3991 3992
f 3993 3994 3995
f 3996 3997 3998
f 3999 4000 4001
f 4002 4003 4004
f 4005 4006 4007
f 4008 4009 4010
f 4011 4012 4013
f 4014 4015 4016
f 4017 4018 4019
f 4020 4021 4022
f 4023 4024 4025
f 4025 4024 4026
f 4027 4028 4029
f 4030 4031 4032
f 4033 4034 4035
f 4036 4037 4038
f 4039 4040 4041
f 4042 4043 4044
f 4045 4046 4047
f 4048 4049 4050
f 4051 4052 4053
f 3234 4054 3232
f 4055 3312 3311
f 3228 4056 3226
f 4057 3306 3305
f 4058 4059 4060
f 4061 4062 4063
f 4064 4065 4066
f 4067 4068 4069
f 4070 4071 4072
f 4073 4074 4075
f 4076 4077 4078
f 4079 4080 4081
f 4082 4083 4084
f 4085 4086 4087
f 4088 4089 4090
f 4091 4092 4093
f 4094 4095 4096
f 4097 4098 4099
f 4100 4101 4102
f 4103 4104 4105
f 4106 4107 4108
f 4109 4110 4111
f 4112 4113 4114
f 4115 4116 4117
f 4118 4119 4120
f 4121 4122 4123
f 4124 4125 4126
f 4127 4128 4129
f 4130 4131 4132
f 4133 4134 4135
f 4136 4137 4138
f 4139 4140 4141
f 4142 4143 4144
f 4145 4146 4147
f 4147 4146 4148
f 4149 4150 4151
f 4152 4153 4154
f 4128 4127 4155
f 4156 4157 4158
f 4159 4160 4161
f 4162 4163 4164
f 4165 4166 4167
f 4168 4169 4170
f 4171 4172 4173
f 4174 4175 4176
f 4177 4178 4179
f 4179 4178 4180
f 4181 4182 4183
f 4184 4185 4186
f 4187 4188 4189
f 4190 4191 4192
f 4193 4194 4195
f 4196 4197 4198
f 4199 4200 4201
f 4199 4201 4202
f 4203 4204 4205
f 4140 4206 4141
f 4207 3162 3161
f 4208 4209 4210
f 4211 4212 4213
f 4214 4215 4216
f 4217 4218 4219
f 4220 4221 4222
f 4223 4224 4225
f 4226 4227 4228
f 4229 4230 4231
f 4232 4233 4234
f 4235 4236 4237
f 4238 4239 4240
f 4238 4240 4241
f 4242 4243 4244
f 4242 4244 4245
f 4246 4247 4248
f 4249 4250 4251
f 4246 4252 4247
f 4253 4254 4255
f 4256 4257 4258
f 4259 4260 4261
f 4262 4263 4264
f 4265 4266 4267
f 4268 4269 4270
f 4271 4272 4273
f 4274 4275 4276
f 4277 4278 4279
f 4280 4281 4282
f 4283 4284 4285
f 4286 4287 4288
f 4289 4290 4291
f 4292 4293 4294
f 4295 4296 4297
f 4298 4299 4300
f 4301 4302 4303
f 4304 4305 4306
f 4307 4308 4309
f 4310 4311 4312
f 4313 4314 4315
f 4316 4317 4318
f 4319 4320 4321
f 4322 4323 4324
f 4325 4326 4327
f 4324 4328 4329
f 4330 4331 4332
f 4330 4332 4333
f 4334 4335 4336
f 4337 4338 4339
f 4340 4341 4342
f 4343 4344 4345
f 4346 4347 4348
f 4349 4350 4351
f 4352 4353 4354
f 4355 4356 4357
f 4358 4359 4360
f 4361 4362 4363
f 4364 4365 4366
f 4367 4368 4369
f 4370 4371 4372
f 4373 4374 4375
f 4376 4377 4378
f 4379 4380 4381
f 4382 4383 4384
f 4385 4386 4387
f 4388 4389 4390
f 4391 4392 4393
f 4394 4395 4396
f 4397 4398 4399
f 4400 4401 4402
f 4403 4404 4405
f 4406 4407 4408
f 4409 4410 4411
f 4409 4411 4412
f 4412 4411 4413
f 4412 4413 4414
f 4415 4416 4417
f 4418 4419 4420
f 4421 4422 4423
f 4424 4425 4426
f 4427 4428 4429
f 4430 4431 4432
f 4433 4434 4435
f 4436 4437 4438
f 4439 4440 4441
f 4442 4443 4444
f 4445 4446 4447
f 4448 4449 4450
f 4451 4452 4453
f 4454 4455 4456
f 4457 4458 4459
f 4460 4461 4462
f 4463 4464 4465
f 4466 4467 4468
f 4469 4470 4471
f 4472 4473 4474
f 4475 4476 4477
f 4478 4479 4480
f 4481 4482 4483
f 4484 4485 4486
f 4487 4488 4489
f 4490 4491 4492
f 4493 4494 4495
f 4496 4497 4498
f 4499 4500 4501
f 4502 4503 4504
f 4505 4506 4507
f 4508 4509 4510
f 4511 4512 4513
f 4514 4515 4516
f 4517 4518 4519
f 4520 4521 4522
f 4523 4524 4525
f 4526 4527 4528
f 4529 4530 4531
f 4532 4533 4534
f 4535 4536 4537
f 4538 4539 4540
f 4541 4542 4543
f 4544 4545 4546
f 4547 4548 4549
f 4531 4550 4529
f 4551 4552 4553
f 4554 4555 4556
f 4557 4558 4559
f 4560 4561 4562
f 4563 4564 4565
f 4565 4564 4566
f 4567 4568 4569
f 4570 4571 4572
f 4573 4574 4575
f 4576 4577 4578
f 4579 4580 4581
f 4582 4583 4584
f 4585 4586 4587
f 4584 4588 4589
f 4590 4591 4592
f 4593 4594 4595
f 4596 4597 4598
f 4599 4600 4601
f 4601 4600 4602
f 4603 4604 4605
f 4606 4607 4608
f 4609 4610 4611
f 4612 4613 4614
f 4615 4616 4617
f 4618 4619 4620
f 4621 4622 4623
f 4624 4625 4626
f 4627 4628 4629
f 4630 4631 4632
f 4633 4634 4635
f 4636 4637 4638
f 4639 4640 4641
f 4642 4643 4644
f 4645 4646 4647
f 4648 4649 4650
f 4651 4652 4653
f 4654 4655 4656
f 4657 4658 4659
f 4660 4661 4662
f 4663 4664 4665
f 4666 4667 4668
f 4669 4670 4671
f 4672 4673 4674
f 4675 4676 4677
f 4678 4679 4680
f 4681 4682 4683
f 4684 4685 4686
f 4687 4688 4689
f 4690 4691 4692
f 4693 4694 4695
f 4696 4697 4698
f 4699 4700 4701
f 4701 4700 4702
f 4703 4704 4705
f 4706 4707 4708
f 4552 4709 4553
f 4710 4711 4712
f 4713 4714 4715
f 4716 4717 4718
f 4719 4720 4721
f 4722 4723 4724
f 4725 4726 4727
f 4728 4729 4730
f 4731 4732 4733
f 4734 4735 4736
f 4737 4738 4739
f 4740 4741 4742
f 4743 4744 4745
f 4746 4747 4748
f 4749 4750 4751
f 4752 4753 4754
f 4755 4756 4757
f 4758 4759 4760
f 4761 4762 4763
f 4764 4765 4766
f 4767 4768 4769
f 4770 4771 4772
f 4773 4774 4775
f 4776 4777 4778
f 4779 4780 4781
f 4782 4783 4784
f 4785 4786 4787
f 4788 4789 4790
f 4791 4792 4793
f 4794 4795 4796
f 4797 4798 4799
f 4800 4801 4802
f 4803 4804 4805
f 4806 4807 4808
f 4809 4810 4811
f 4812 4813 4814
f 4815 4816 4817
f 4818 4819 4820
f 4821 4822 4823
f 4824 4825 4826
f 4827 4828 4829
f 4830 4831 4832
f 4833 4834 4835
f 4836 4837 4838
f 4839 4840 4841
f 4842 4843 4844
f 4845 4846 4847
f 4847 4846 4848
f 4849 4850 4851
f 4852 4853 4854
f 4855 4856 4857
f 4858 4859 4860
f 4861 4862 4863
f 4864 4865 4866
f 4867 4868 4869
f 4870 4871 4872
f 4873 4874 4875
f 4876 4877 4878
f 4879 4880 4881
f 4882 4883 4884
f 4885 4886 4887
f 4888 4889 4890
f 4891 4892 4893
f 4894 4895 4896
f 4897 4898 4899
f 4900 4901 4902
f 4903 4904 4905
f 4906 4907 4908
f 4909 4910 4911
f 4912 4913 4914
f 4915 4916 4917
f 4918 4919 4920
f 4921 4922 4923
f 4924 4925 4926
f 4927 4928 4929
f 4929 4928 4930
f 4931 4932 4933
f 4934 4935 4936
f 4937 4938 4939
f 4939 4938 4940
f 4941 4942 4943
f 4944 4945 4946
f 4947 4948 4949
f 4950 4026 4024
f 4949 4951 4952
f 4953 4024 4023
f 4954 4955 4956
f 4957 3072 3071
f 4958 4959 4960
f 4961 4962 4963
f 4964 4965 4966
f 4967 4968 4969
f 4970 4971 4972
f 4973 4974 4975
f 4976 4977 4978
f 4979 4980 4981
f 4982 4983 4984
f 4984 4983 4985
f 4986 4987 4988
f 4989 4990 4991
f 4992 4993 4994
f 4995 4996 4997
f 4998 4999 5000
f 5001 5002 5003
f 5004 5005 5006
f 5007 5008 5009
f 4883 5010 4884
f 5011 5012 5013
f 5014 5015 5016
f 5017 5018 5019
f 5020 5021 5022
f 5023 5024 5025
f 5026 5027 5028
f 5029 5030 5031
f 5032 5033 5034
f 5035 5036 5037
f 5038 5039 5040
f 5041 5042 5043
f 5044 5045 5046
f 5047 5048 5049
f 5050 5051 5052
f 5053 5054 5055
f 5056 5057 5058
f 5059 5060 5061
f 5062 5063 5064
f 5065 5066 5067
f 5068 5069 5070
f 5071 5072 5073
f 5074 5075 5076
f 5077 5078 5079
f 5080 5081 5082
f 5083 5084 5085
f 5086 5087 5088
f 5089 5090 5091
f 5092 5093 5094
f 5095 5096 5097
f 5098 5099 5100
f 5101 5102 5103
f 5104 5105 5106
f 5107 5108 5109
f 5110 5111 5112
f 5024 5113 5025
f 5114 5115 5116
f 5117 5118 5119
f 5120 5121 5122
f 5123 5124 5125
f 5126 5127 5128
f 5129 5130 5131
f 5132 5133 5134
f 5132 5134 5135
f 5136 5137 5138
f 5139 5140 5141
f 5142 5143 5144
f 5145 5146 5147
f 5148 5149 5150
f 5151 5152 5153
f 5154 5155 5156
f 4731 5157 4732
f 5158 3184 3186
f 5159 5160 5161
f 5162 5163 5164
f 5165 5166 5167
f 5168 5169 5170
f 5168 5170 5171
f 5172 5173 5174
f 5175 5176 5177
f 5178 5179 5180
f 5181 5182 5183
f 5184 5185 5186
f 5187 5188 5189
f 5190 5191 5192
f 5193 5194 5195
f 5196 5197 5198
f 5199 5200 5201
f 5202 5203 5204
f 5205 5206 5207
f 5208 5209 5210
f 5211 5212 5213
f 5214 5215 5216
f 5217 5218 5219
f 5220 5221 5222
f 5223 5224 5225
f 5226 5227 5228
f 5229 5230 5231
f 5232 5233 5234
f 5235 5236 5237
f 5238 5239 5240
f 5241 5242 5243
f 3068 5244 3069
f 5245 4218 4217
f 5246 5247 5248
f 5249 5250 5251
f 5252 5253 5254
f 5255 5256 5257
f 5258 5259 5260
f 5261 5262 5263
f 5264 5265 5266
f 5267 5268 5269
f 5270 5271 5272
f 5273 5274 5275
f 5276 5277 5278
f 5279 5280 5281
f 5282 5283 5284
f 5285 5286 5287
f 5288 5289 5290
f 5291 5292 5293
f 5294 5295 5296
f 5297 5298 5299
f 5300 5301 5302
f 5303 5304 5305
f 5306 5307 5308
f 5309 5310 5311
f 5312 5313 5314
f 5315 5316 5317
f 5318 5319 5320
f 5321 5322 5323
f 5324 5325 5326
f 5327 5328 5329
f 5330 3887 3889
f 5330 3889 5331
f 5332 5333 5334
f 5335 5336 5337
f 5338 5339 5340
f 5341 5342 5343
f 5344 5345 5346
f 5347 5348 5349
f 5350 5351 5352
f 5353 5354 5355
f 5356 5357 5358
f 5359 5360 5361
f 5362 5363 5364
f 5365 5366 5367
f 5368 5369 5370
f 5371 5372 5373
f 5374 3768 3767
f 5375 5376 5377
f 5378 3745 3744
f 5379 5380 5381
f 5381 5380 5382
f 5383 5384 5385
f 5385 5384 5386
f 4957 5387 5388
f 5388 5387 5389
f 5390 5391 5392
f 5393 5394 5395
f 3500 5396 5397
f 3500 5397 3501
f 5398 5399 5400
f 5401 5402 5403
f 3512 5404 3513
f 5405 5406 5407
f 5408 3542 3541
f 5409 5410 5411
f 5412 5413 5414
f 5415 5416 3497
f 5417 5418 5419
f 5420 5421 5422
f 5423 5424 5425
f 5423 5425 5426
f 3104 5427 3105
f 5428 5429 5430
f 5431 5432 5433
f 5434 5435 5436
f 5437 5438 5439
f 5440 5441 5442
f 5443 5444 5445
f 5446 5447 5448
f 5449 5450 5451
f 5452 5453 5454
f 5455 5456 5457
f 5457 5456 5458
f 5459 5460 5461
f 5462 5463 5464
f 5057 5465 5058
f 5466 5467 5468
f 5469 5470 5471
f 5472 3649 3648
f 5473 5474 5475
f 5476 5477 5478
f 5479 5480 5481
f 5482 5483 5484
f 5485 5486 5487
f 5488 5489 5490
f 5491 5492 5493
f 5494 5495 5496
f 5497 5498 5499
f 5500 5501 5502
f 5503 5504 5505
f 5506 5507 5508
f 5509 5510 5511
f 5512 5513 5514
f 5515 5516 5517
f 5518 5519 5520
f 5521 5522 5523
f 5524 5525 5526
f 5527 5528 5529
f 5530 5531 5532
f 5533 5534 5535
f 5536 5537 5538
f 5133 5539 5134
f 5540 5541 5542
f 5543 5544 5545
f 5546 5547 5548
f 5549 5550 5551
f 5552 5553 5554
f 5555 5556 5557
f 5558 5559 5560
f 5561 5562 5563
f 5564 5565 5566
f 5567 4470 5568
f 5569 5570 5571
f 5572 5573 5574
f 5575 5576 5577
f 5578 4456 4455
f 5579 5580 5581
f 5582 5583 5584
f 5585 5586 5587
f 5588 4444 4443
f 5589 5590 5591
f 5592 4438 4437
f 5593 5594 5595
f 5596 4434 4433
f 5597 5598 5599
f 5600 5601 5602
f 5603 5604 5605
f 5606 5607 5608
f 5609 5610 5611
f 5612 5613 5614
f 3055 5615 3056
f 5616 5617 5618
f 5619 5620 5621
f 5622 5623 5624
f 5625 5626 5627
f 5628 5629 5630
f 5631 5632 5633
f 5633 5632 5634
f 5635 5636 5637
f 5638 3237 3236
f 3646 5639 3644
f 5640 3231 3230
f 5641 5642 5643
f 5644 5645 5646
f 5647 5648 5649
f 5650 5651 5652
f 5653 5654 5655
f 5656 5657 5658
f 5659 5660 5661
f 5662 5663 5664
f 5665 5666 5667
f 5668 5669 5670
f 5671 5672 5673
f 5674 5675 5676
f 5677 5678 5679
f 5680 5681 5682
f 5683 5684 5685
f 5686 5687 5688
f 5689 5690 5691
f 5691 5690 5692
f 5693 5694 5695
f 5696 5697 5698
f 5699 5700 5701
f 5702 5703 5704
f 5705 5706 5707
f 5708 5709 5710
f 5550 5711 5551
f 5712 5362 5364
f 5713 5714 5715
f 5716 5717 5718
f 5719 5720 5721
f 5722 5723 5724
f 5725 5726 5727
f 5728 5729 5730
f 3770 5731 5732
f 5733 5734 5735
f 5736 5737 5738
f 5739 5740 5741
f 4038 5742 5743
f 5744 5745 5746
f 5747 5748 5749
f 5749 5748 5750
f 5749 5750 5751
f 5751 5750 5752
f 5751 5752 5753
f 5753 5752 5754
f 5753 5754 5755
f 5755 5754 5756
f 5755 5756 5757
f 5757 5756 5758
f 5757 5758 5759
f 5759 5758 5760
f 5759 5760 5761
f 5761 5760 5762
f 5761 5762 5763
f 5763 5762 5764
f 5763 5764 5765
f 5765 5764 5766
f 5765 5766 5767
f 5767 5766 5768
f 5767 5768 5769
f 5769 5768 5770
f 5769 5770 5771
f 5771 5770 5747
f 5771 5747 5749
f 5772 5773 5774
f 5774 5773 5775
f 5776 5777 5778
f 5778 5777 5779
f 5780 5781 5782
f 5782 5781 5783
f 5784 5785 5786
f 5786 5785 5787
f 5788 5789 5790
f 5790 5789 5791
f 5792 5793 5794
f 5794 5793 5795
f 5796 5797 5798
f 5798 5797 5799
f 5800 5801 5802
f 5802 5801 5803
f 5804 5805 5806
f 5806 5805 5807
f 5808 5809 5810
f 5810 5809 5811
f 5812 5813 5814
f 5814 5813 5815
f 5816 5817 5818
f 5818 5817 5819
f 5820 5821 5822
f 5822 5821 5823
f 5824 5825 5826
f 5826 5825 5827
f 5826 5827 5828
f 5828 5827 5829
f 5828 5829 5830
f 5830 5829 5831
f 5830 5831 5832
f 5832 5831 5833
f 5832 5833 5834
f 5834 5833 5835
f 5834 5835 5836
f 5836 5835 5837
f 5836 5837 5838
f 5838 5837 5839
f 5838 5839 5840
f 5840 5839 5841
f 5840 5841 5842
f 5842 5841 5843
f 5842 5843 5844
f 5844 5843 5845
f 5844 5845 5846
f 5846 5845 5847
f 5846 5847 5824
f 5824 5847 5825
f 5848 5849 5850
f 5850 5849 5851
f 5852 5853 5854
f 5854 5853 5855
f 5856 5857 5858
f 5858 5857 5859
f 5860 5861 5862
f 5862 5861 5863
f 5864 5865 5866
f 5866 5865 5867
f 5868 5869 5870
f 5870 5869 5871
f 5872 5873 5874
f 5874 5873 5875
f 5876 5877 5878
f 5878 5877 5879
f 5880 5881 5882
f 5882 5881 5883
f 5884 5885 5886
f 5886 5885 5887
f 5888 5889 5890
f 5890 5889 5891
f 5892 5893 5894
f 5894 5893 5895

