# https://github.com/mikedh/trimesh

o mesh_1
v 0.00035059 -0.00088079 0.00022120
v 0.00035059 -0.00088079 0.00000000
v -0.00013678 -0.00093808 0.00022120
v -0.00013678 -0.00093808 0.00000000
v -0.00013678 -0.00093808 0.00022120
v -0.00013678 -0.00093808 0.00000000
v -0.00058749 -0.00074401 0.00022120
v -0.00058749 -0.00074401 0.00000000
v -0.00058749 -0.00074401 0.00022120
v -0.00058749 -0.00074401 0.00000000
v -0.00088079 -0.00035059 0.00022120
v -0.00088079 -0.00035059 0.00000000
v -0.00088079 -0.00035059 0.00022120
v -0.00088079 -0.00035059 0.00000000
v -0.00093808 0.00013678 0.00022120
v -0.00093808 0.00013678 0.00000000
v -0.00093808 0.00013678 0.00022120
v -0.00093808 0.00013678 0.00000000
v -0.00074401 0.00058749 0.00022120
v -0.00074401 0.00058749 0.00000000
v -0.00074401 0.00058749 0.00022120
v -0.00074401 0.00058749 0.00000000
v -0.00035059 0.00088079 0.00022120
v -0.00035059 0.00088079 0.00000000
v -0.00035059 0.00088079 0.00022120
v -0.00035059 0.00088079 0.00000000
v 0.00013678 0.00093808 0.00022120
v 0.00013678 0.00093808 0.00000000
v 0.00013678 0.00093808 0.00022120
v 0.00013678 0.00093808 0.00000000
v 0.00058749 0.00074401 0.00022120
v 0.00058749 0.00074401 0.00000000
v 0.00058749 0.00074401 0.00022120
v 0.00058749 0.00074401 0.00000000
v 0.00088079 0.00035059 0.00022120
v 0.00088079 0.00035059 0.00000000
v 0.00088079 0.00035059 0.00022120
v 0.00088079 0.00035059 0.00000000
v 0.00093808 -0.00013678 0.00022120
v 0.00093808 -0.00013678 0.00000000
v 0.00093808 -0.00013678 0.00022120
v 0.00093808 -0.00013678 0.00000000
v 0.00074401 -0.00058749 0.00022120
v 0.00074401 -0.00058749 0.00000000
v 0.00074401 -0.00058749 0.00022120
v 0.00074401 -0.00058749 0.00000000
v 0.00035059 -0.00088079 0.00022120
v 0.00035059 -0.00088079 0.00000000
v 0.00281093 -0.01983209 0.00037060
v 0.00293185 -0.01978396 0.00032825
v 0.00296565 -0.01977050 0.00036662
v 0.00325334 -0.01965599 0.00035043
v 0.00311727 -0.01971016 0.00027759
v 0.00334342 -0.01962014 0.00024507
v 0.00353005 -0.01954585 0.00033150
v 0.00349212 -0.01956095 0.00025720
v 0.00352085 -0.01954952 0.00026498
v 0.00281335 -0.01983113 0.00037856
v 0.00279817 -0.01983717 0.00037904
v 0.00279562 -0.01983819 0.00037869
v 0.00356610 -0.01953150 0.00028804
v 0.00357412 -0.01952831 0.00029948
v 0.00357483 -0.01952803 0.00030502
v 0.00357280 -0.01952883 0.00031072
v 0.00357010 -0.01952991 0.00031435
v 0.00355934 -0.01953419 0.00028249
v 0.00356221 -0.01953305 0.00032065
v 0.00355736 -0.01953498 0.00032308
v 0.00334484 -0.00587296 -0.00068308
v 0.00354327 -0.00641237 -0.00068932
v 0.00354146 -0.00641309 -0.00069491
v 0.00291629 -0.00481228 -0.00060325
v 0.00291655 -0.00481218 -0.00060050
v 0.00313425 -0.00534018 -0.00064333
v 0.00247402 -0.00376409 -0.00050172
v 0.00223906 -0.00324934 -0.00042552
v 0.00224243 -0.00324800 -0.00042172
v 0.00166554 -0.00227220 -0.00010862
v 0.00140986 -0.00237397 -0.00000298
v 0.00171067 -0.00345966 -0.00008820
v 0.00200948 -0.00273669 -0.00028457
v 0.00202178 -0.00273180 -0.00030250
v 0.00183435 -0.00220501 -0.00023153
v 0.00213264 -0.00298907 -0.00037321
v 0.00213057 -0.00298989 -0.00037735
v 0.00202276 -0.00273141 -0.00033881
v 0.00192727 -0.00246884 -0.00029447
v 0.00183205 -0.00220592 -0.00025632
v 0.00183530 -0.00220463 -0.00024869
v 0.00266617 -0.00552649 -0.00061238
v 0.00224448 -0.00569434 -0.00046819
v 0.00155280 -0.00352250 -0.00029533
v 0.00393471 -0.01830548 0.00014601
v 0.00383325 -0.01834587 0.00012358
v 0.00418369 -0.01712429 0.00000667
v 0.00418369 -0.01712429 0.00000667
v 0.00387605 -0.01724674 0.00000396
v 0.00392922 -0.01605606 -0.00006691
v 0.00192957 -0.01744465 0.00046225
v 0.00209962 -0.01795383 0.00044366
v 0.00209931 -0.01795395 0.00044662
v 0.00141518 -0.01098114 0.00026504
v 0.00241805 -0.01058195 -0.00010252
v 0.00279246 -0.01289462 -0.00004162
v 0.00065074 -0.01252003 0.00063867
v 0.00088897 -0.01365229 0.00059671
v 0.00088730 -0.01365295 0.00059876
v 0.00427218 -0.01763710 0.00020744
v 0.00425791 -0.01764278 0.00021573
v 0.00402203 -0.01827073 0.00025956
v 0.00479179 -0.01452236 -0.00010388
v 0.00480085 -0.01451875 -0.00009351
v 0.00468972 -0.01575335 0.00000663
v 0.00424420 -0.01108969 -0.00020014
v 0.00406329 -0.00992708 -0.00028547
v 0.00354862 -0.01013194 -0.00014666
v 0.00151900 -0.00138259 -0.00002807
v 0.00178761 -0.00222361 -0.00017685
v 0.00181440 -0.00221295 -0.00019950
v 0.00140986 -0.00237397 -0.00000298
v 0.00166554 -0.00227220 -0.00010862
v 0.00127043 -0.00182287 0.00006892
v 0.00075946 -0.00190844 0.00024919
v 0.00058950 -0.00196759 0.00030233
v 0.00078582 -0.00201576 0.00023460
v -0.00008428 -0.00205227 0.00039949
v 0.00018661 -0.00204551 0.00024480
v 0.00019875 -0.00224944 0.00028216
v 0.00142666 -0.00135386 -0.00012640
v 0.00150141 -0.00140167 -0.00012640
v 0.00149001 -0.00173547 -0.00020513
v 0.00107785 -0.00152481 -0.00012640
v 0.00112987 -0.00142096 -0.00012640
v 0.00151820 -0.00233085 -0.00027299
v 0.00142666 -0.00135386 -0.00012640
v 0.00149001 -0.00173547 -0.00020513
v 0.00133114 -0.00132907 -0.00012640
v 0.00133114 -0.00132907 -0.00012640
v 0.00149001 -0.00173547 -0.00020513
v 0.00151820 -0.00233085 -0.00027299
v 0.00133114 -0.00132907 -0.00012640
v 0.00151820 -0.00233085 -0.00027299
v 0.00123923 -0.00133959 -0.00012640
v 0.00123923 -0.00133959 -0.00012640
v 0.00151820 -0.00233085 -0.00027299
v 0.00112987 -0.00142096 -0.00012640
v 0.00123923 -0.00133959 -0.00012640
v 0.00112987 -0.00142096 -0.00012640
v 0.00117787 -0.00137149 -0.00012640
v -0.00025782 -0.00203775 0.00051198
v -0.00023801 -0.00204016 0.00049746
v -0.00018075 -0.00240050 0.00054841
v -0.00018075 -0.00240050 0.00054841
v -0.00023801 -0.00204016 0.00049746
v -0.00011758 -0.00237536 0.00050244
v -0.00018075 -0.00240050 0.00054841
v -0.00011758 -0.00237536 0.00050244
v -0.00006624 -0.00296152 0.00056736
v -0.00026324 -0.00203706 0.00051965
v -0.00019199 -0.00240497 0.00056010
v -0.00024430 -0.00211905 0.00052783
v -0.00024430 -0.00211905 0.00052783
v -0.00019199 -0.00240497 0.00056010
v -0.00019091 -0.00240454 0.00056204
v -0.00024302 -0.00211854 0.00053005
v -0.00026189 -0.00203724 0.00052127
v -0.00026324 -0.00203706 0.00051965
v -0.00018805 -0.00240341 0.00056221
v -0.00017808 -0.00239944 0.00056031
v -0.00024022 -0.00211742 0.00053054
v -0.00024022 -0.00211742 0.00053054
v -0.00017808 -0.00239944 0.00056031
v -0.00024909 -0.00203884 0.00052204
v -0.00024022 -0.00211742 0.00053054
v -0.00024909 -0.00203884 0.00052204
v -0.00025944 -0.00203755 0.00052199
v -0.00004775 -0.00205344 0.00048064
v -0.00008224 -0.00205235 0.00048820
v -0.00017808 -0.00239944 0.00056031
v -0.00020859 -0.00204338 0.00051522
v -0.00017808 -0.00239944 0.00056031
v -0.00020859 -0.00204338 0.00051522
v -0.00024909 -0.00203884 0.00052204
v 0.00075946 -0.00190844 0.00024919
v 0.00078582 -0.00201576 0.00023460
v 0.00095569 -0.00181813 0.00018673
v 0.00110647 -0.00173050 0.00013916
v 0.00127043 -0.00182287 0.00006892
v 0.00128119 -0.00160545 0.00008375
v 0.00128119 -0.00160545 0.00008375
v 0.00127043 -0.00182287 0.00006892
v 0.00166554 -0.00227220 -0.00010862
v 0.00128119 -0.00160545 0.00008375
v 0.00166554 -0.00227220 -0.00010862
v 0.00144778 -0.00145700 0.00001842
v 0.00144778 -0.00145700 0.00001842
v 0.00166554 -0.00227220 -0.00010862
v 0.00147088 -0.00143368 0.00000640
v 0.00151900 -0.00138259 -0.00002807
v 0.00181440 -0.00221295 -0.00019950
v 0.00153271 -0.00136738 -0.00004462
v 0.00153271 -0.00136738 -0.00004462
v 0.00181440 -0.00221295 -0.00019950
v 0.00164663 -0.00167313 -0.00012389
v 0.00153271 -0.00136738 -0.00004462
v 0.00164663 -0.00167313 -0.00012389
v 0.00153889 -0.00136041 -0.00005785
v 0.00153352 -0.00136647 -0.00009575
v 0.00153861 -0.00136073 -0.00008638
v 0.00164892 -0.00167222 -0.00015519
v 0.00161002 -0.00168770 -0.00018589
v 0.00150982 -0.00139261 -0.00012050
v 0.00153084 -0.00136947 -0.00009959
v 0.00406329 -0.00992708 -0.00028547
v 0.00424420 -0.01108969 -0.00020014
v 0.00431750 -0.00982590 -0.00036686
v 0.00431750 -0.00982590 -0.00036686
v 0.00424420 -0.01108969 -0.00020014
v 0.00449678 -0.01098915 -0.00027275
v 0.00431750 -0.00982590 -0.00036686
v 0.00449678 -0.01098915 -0.00027275
v 0.00444038 -0.00977698 -0.00041840
v 0.00479666 -0.01209687 -0.00027606
v 0.00483013 -0.01269491 -0.00022852
v 0.00479745 -0.01209656 -0.00028215
v 0.00479745 -0.01209656 -0.00028215
v 0.00483013 -0.01269491 -0.00022852
v 0.00483046 -0.01269477 -0.00023152
v 0.00484393 -0.01329751 -0.00017566
v 0.00484456 -0.01329726 -0.00017860
v 0.00483013 -0.01269491 -0.00022852
v 0.00483013 -0.01269491 -0.00022852
v 0.00484456 -0.01329726 -0.00017860
v 0.00484467 -0.01329722 -0.00018153
v 0.00483013 -0.01269491 -0.00022852
v 0.00484467 -0.01329722 -0.00018153
v 0.00483046 -0.01269477 -0.00023152
v 0.00481012 -0.01331097 -0.00014264
v 0.00478104 -0.01452664 -0.00005073
v 0.00483181 -0.01390647 -0.00011796
v 0.00483181 -0.01390647 -0.00011796
v 0.00478104 -0.01452664 -0.00005073
v 0.00480155 -0.01451847 -0.00007150
v 0.00483181 -0.01390647 -0.00011796
v 0.00480155 -0.01451847 -0.00007150
v 0.00483490 -0.01390524 -0.00012368
v 0.00483490 -0.01390524 -0.00012368
v 0.00480155 -0.01451847 -0.00007150
v 0.00480383 -0.01451756 -0.00007704
v 0.00483490 -0.01390524 -0.00012368
v 0.00480383 -0.01451756 -0.00007704
v 0.00483630 -0.01390468 -0.00012942
v 0.00483630 -0.01390468 -0.00012942
v 0.00480383 -0.01451756 -0.00007704
v 0.00480453 -0.01451728 -0.00008259
v 0.00436048 -0.01227049 -0.00011483
v 0.00373342 -0.01129300 -0.00007907
v 0.00386682 -0.01246698 -0.00001144
v 0.00386682 -0.01246698 -0.00001144
v 0.00373342 -0.01129300 -0.00007907
v 0.00251701 -0.01054256 0.00012159
v 0.00386682 -0.01246698 -0.00001144
v 0.00251701 -0.01054256 0.00012159
v 0.00287772 -0.01286068 0.00018581
v 0.00469179 -0.01575253 0.00001678
v 0.00480453 -0.01451728 -0.00008259
v 0.00469084 -0.01575291 0.00002188
v 0.00469084 -0.01575291 0.00002188
v 0.00480453 -0.01451728 -0.00008259
v 0.00480383 -0.01451756 -0.00007704
v 0.00469084 -0.01575291 0.00002188
v 0.00480383 -0.01451756 -0.00007704
v 0.00468867 -0.01575377 0.00002692
v 0.00468867 -0.01575377 0.00002692
v 0.00480383 -0.01451756 -0.00007704
v 0.00480155 -0.01451847 -0.00007150
v 0.00468867 -0.01575377 0.00002692
v 0.00480155 -0.01451847 -0.00007150
v 0.00468133 -0.01575669 0.00003667
v 0.00468133 -0.01575669 0.00003667
v 0.00480155 -0.01451847 -0.00007150
v 0.00478104 -0.01452664 -0.00005073
v 0.00468133 -0.01575669 0.00003667
v 0.00478104 -0.01452664 -0.00005073
v 0.00467129 -0.01576069 0.00004564
v 0.00456120 -0.01580451 0.00009181
v 0.00464917 -0.01576949 0.00005981
v 0.00475503 -0.01453699 -0.00003499
v 0.00462189 -0.01637300 0.00006203
v 0.00469179 -0.01575253 0.00001678
v 0.00462184 -0.01637302 0.00006687
v 0.00462184 -0.01637302 0.00006687
v 0.00469179 -0.01575253 0.00001678
v 0.00469084 -0.01575291 0.00002188
v 0.00462184 -0.01637302 0.00006687
v 0.00469084 -0.01575291 0.00002188
v 0.00462075 -0.01637345 0.00007169
v 0.00462075 -0.01637345 0.00007169
v 0.00469084 -0.01575291 0.00002188
v 0.00468867 -0.01575377 0.00002692
v 0.00462075 -0.01637345 0.00007169
v 0.00468867 -0.01575377 0.00002692
v 0.00461867 -0.01637428 0.00007644
v 0.00461867 -0.01637428 0.00007644
v 0.00468867 -0.01575377 0.00002692
v 0.00468133 -0.01575669 0.00003667
v 0.00461867 -0.01637428 0.00007644
v 0.00468133 -0.01575669 0.00003667
v 0.00461572 -0.01637545 0.00008110
v 0.00461572 -0.01637545 0.00008110
v 0.00468133 -0.01575669 0.00003667
v 0.00467129 -0.01576069 0.00004564
v 0.00429764 -0.01762697 0.00017361
v 0.00450193 -0.01699762 0.00012515
v 0.00449701 -0.01699958 0.00013377
v 0.00449701 -0.01699958 0.00013377
v 0.00450193 -0.01699762 0.00012515
v 0.00460784 -0.01637859 0.00008992
v 0.00449701 -0.01699958 0.00013377
v 0.00460784 -0.01637859 0.00008992
v 0.00448991 -0.01700240 0.00014181
v 0.00448991 -0.01700240 0.00014181
v 0.00460784 -0.01637859 0.00008992
v 0.00464917 -0.01576949 0.00005981
v 0.00448991 -0.01700240 0.00014181
v 0.00464917 -0.01576949 0.00005981
v 0.00448162 -0.01700570 0.00014897
v 0.00481012 -0.01331097 -0.00014264
v 0.00472318 -0.01212612 -0.00022159
v 0.00478188 -0.01332221 -0.00012745
v 0.00478188 -0.01332221 -0.00012745
v 0.00472318 -0.01212612 -0.00022159
v 0.00467056 -0.01336652 -0.00008796
v 0.00478188 -0.01332221 -0.00012745
v 0.00467056 -0.01336652 -0.00008796
v 0.00465414 -0.01457715 0.00000145
v 0.00465414 -0.01457715 0.00000145
v 0.00467056 -0.01336652 -0.00008796
v 0.00444378 -0.01466088 0.00004912
v 0.00465414 -0.01457715 0.00000145
v 0.00444378 -0.01466088 0.00004912
v 0.00437736 -0.01587768 0.00013083
v 0.00437736 -0.01587768 0.00013083
v 0.00444378 -0.01466088 0.00004912
v 0.00401886 -0.01483001 0.00011850
v 0.00437736 -0.01587768 0.00013083
v 0.00401886 -0.01483001 0.00011850
v 0.00400588 -0.01602555 0.00018328
v 0.00404616 -0.01826112 0.00021529
v 0.00429722 -0.01762713 0.00016575
v 0.00429764 -0.01762697 0.00017361
v 0.00429764 -0.01762697 0.00017361
v 0.00429722 -0.01762713 0.00016575
v 0.00450331 -0.01699707 0.00012071
v 0.00429764 -0.01762697 0.00017361
v 0.00450331 -0.01699707 0.00012071
v 0.00450193 -0.01699762 0.00012515
v 0.00450226 -0.01699749 0.00010728
v 0.00450346 -0.01699701 0.00011174
v 0.00429722 -0.01762713 0.00016575
v 0.00429722 -0.01762713 0.00016575
v 0.00450346 -0.01699701 0.00011174
v 0.00450384 -0.01699686 0.00011623
v 0.00429722 -0.01762713 0.00016575
v 0.00450384 -0.01699686 0.00011623
v 0.00450331 -0.01699707 0.00012071
v 0.00404616 -0.01826112 0.00021529
v 0.00403930 -0.01826385 0.00020297
v 0.00429722 -0.01762713 0.00016575
v 0.00429722 -0.01762713 0.00016575
v 0.00403930 -0.01826385 0.00020297
v 0.00449775 -0.01699928 0.00009850
v 0.00429722 -0.01762713 0.00016575
v 0.00449775 -0.01699928 0.00009850
v 0.00450226 -0.01699749 0.00010728
v 0.00450226 -0.01699749 0.00010728
v 0.00449775 -0.01699928 0.00009850
v 0.00462189 -0.01637300 0.00006203
v 0.00450226 -0.01699749 0.00010728
v 0.00462189 -0.01637300 0.00006203
v 0.00450346 -0.01699701 0.00011174
v 0.00450346 -0.01699701 0.00011174
v 0.00462189 -0.01637300 0.00006203
v 0.00462184 -0.01637302 0.00006687
v 0.00450346 -0.01699701 0.00011174
v 0.00462184 -0.01637302 0.00006687
v 0.00450384 -0.01699686 0.00011623
v 0.00450384 -0.01699686 0.00011623
v 0.00462184 -0.01637302 0.00006687
v 0.00462075 -0.01637345 0.00007169
v 0.00450384 -0.01699686 0.00011623
v 0.00462075 -0.01637345 0.00007169
v 0.00450331 -0.01699707 0.00012071
v 0.00450331 -0.01699707 0.00012071
v 0.00462075 -0.01637345 0.00007169
v 0.00461867 -0.01637428 0.00007644
v 0.00450331 -0.01699707 0.00012071
v 0.00461867 -0.01637428 0.00007644
v 0.00450193 -0.01699762 0.00012515
v 0.00450193 -0.01699762 0.00012515
v 0.00461867 -0.01637428 0.00007644
v 0.00461572 -0.01637545 0.00008110
v 0.00450193 -0.01699762 0.00012515
v 0.00461572 -0.01637545 0.00008110
v 0.00460784 -0.01637859 0.00008992
v 0.00461572 -0.01637545 0.00008110
v 0.00467129 -0.01576069 0.00004564
v 0.00460784 -0.01637859 0.00008992
v 0.00467129 -0.01576069 0.00004564
v 0.00464917 -0.01576949 0.00005981
v 0.00464917 -0.01576949 0.00005981
v 0.00467129 -0.01576069 0.00004564
v 0.00478104 -0.01452664 -0.00005073
v 0.00464917 -0.01576949 0.00005981
v 0.00478104 -0.01452664 -0.00005073
v 0.00475503 -0.01453699 -0.00003499
v 0.00475503 -0.01453699 -0.00003499
v 0.00478104 -0.01452664 -0.00005073
v 0.00481012 -0.01331097 -0.00014264
v 0.00428567 -0.01763173 0.00019590
v 0.00404246 -0.01826260 0.00024060
v 0.00429139 -0.01762945 0.00018891
v 0.00429139 -0.01762945 0.00018891
v 0.00404246 -0.01826260 0.00024060
v 0.00404758 -0.01826056 0.00022813
v 0.00429139 -0.01762945 0.00018891
v 0.00404758 -0.01826056 0.00022813
v 0.00429559 -0.01762778 0.00018140
v 0.00429559 -0.01762778 0.00018140
v 0.00404758 -0.01826056 0.00022813
v 0.00404769 -0.01826051 0.00022170
v 0.00402203 -0.01827073 0.00025956
v 0.00425791 -0.01764278 0.00021573
v 0.00399846 -0.01828011 0.00027054
v 0.00402203 -0.01827073 0.00025956
v 0.00356221 -0.01953305 0.00032065
v 0.00357010 -0.01952991 0.00031435
v 0.00427218 -0.01763710 0.00020744
v 0.00402203 -0.01827073 0.00025956
v 0.00403304 -0.01826634 0.00025145
v 0.00357010 -0.01952991 0.00031435
v 0.00403304 -0.01826634 0.00025145
v 0.00357010 -0.01952991 0.00031435
v 0.00357280 -0.01952883 0.00031072
v 0.00357412 -0.01952831 0.00029948
v 0.00404769 -0.01826051 0.00022170
v 0.00357483 -0.01952803 0.00030502
v 0.00357483 -0.01952803 0.00030502
v 0.00404769 -0.01826051 0.00022170
v 0.00404758 -0.01826056 0.00022813
v 0.00357483 -0.01952803 0.00030502
v 0.00404758 -0.01826056 0.00022813
v 0.00357280 -0.01952883 0.00031072
v 0.00357280 -0.01952883 0.00031072
v 0.00404758 -0.01826056 0.00022813
v 0.00404246 -0.01826260 0.00024060
v 0.00357280 -0.01952883 0.00031072
v 0.00404246 -0.01826260 0.00024060
v 0.00403304 -0.01826634 0.00025145
v 0.00403304 -0.01826634 0.00025145
v 0.00404246 -0.01826260 0.00024060
v 0.00428567 -0.01763173 0.00019590
v 0.00403304 -0.01826634 0.00025145
v 0.00428567 -0.01763173 0.00019590
v 0.00427218 -0.01763710 0.00020744
v 0.00448162 -0.01700570 0.00014897
v 0.00464917 -0.01576949 0.00005981
v 0.00444691 -0.01701952 0.00016784
v 0.00444691 -0.01701952 0.00016784
v 0.00464917 -0.01576949 0.00005981
v 0.00456120 -0.01580451 0.00009181
v 0.00444691 -0.01701952 0.00016784
v 0.00456120 -0.01580451 0.00009181
v 0.00441048 -0.01703402 0.00018074
v 0.00441048 -0.01703402 0.00018074
v 0.00456120 -0.01580451 0.00009181
v 0.00425940 -0.01709415 0.00021274
v 0.00441048 -0.01703402 0.00018074
v 0.00425940 -0.01709415 0.00021274
v 0.00389724 -0.01832040 0.00029424
v 0.00389724 -0.01832040 0.00029424
v 0.00425940 -0.01709415 0.00021274
v 0.00395340 -0.01721596 0.00024886
v 0.00389724 -0.01832040 0.00029424
v 0.00395340 -0.01721596 0.00024886
v 0.00369079 -0.01840257 0.00031436
v 0.00356221 -0.01953305 0.00032065
v 0.00402203 -0.01827073 0.00025956
v 0.00355736 -0.01953498 0.00032308
v 0.00355736 -0.01953498 0.00032308
v 0.00402203 -0.01827073 0.00025956
v 0.00399846 -0.01828011 0.00027054
v 0.00355736 -0.01953498 0.00032308
v 0.00399846 -0.01828011 0.00027054
v 0.00353005 -0.01954585 0.00033150
v 0.00481012 -0.01331097 -0.00014264
v 0.00478188 -0.01332221 -0.00012745
v 0.00475503 -0.01453699 -0.00003499
v 0.00475503 -0.01453699 -0.00003499
v 0.00478188 -0.01332221 -0.00012745
v 0.00465414 -0.01457715 0.00000145
v 0.00475503 -0.01453699 -0.00003499
v 0.00465414 -0.01457715 0.00000145
v 0.00456120 -0.01580451 0.00009181
v 0.00456120 -0.01580451 0.00009181
v 0.00465414 -0.01457715 0.00000145
v 0.00437736 -0.01587768 0.00013083
v 0.00437736 -0.01587768 0.00013083
v 0.00425940 -0.01709415 0.00021274
v 0.00437736 -0.01587768 0.00013083
v 0.00400588 -0.01602555 0.00018328
v 0.00425940 -0.01709415 0.00021274
v 0.00400588 -0.01602555 0.00018328
v 0.00395340 -0.01721596 0.00024886
v 0.00356610 -0.01953150 0.00028804
v 0.00403930 -0.01826385 0.00020297
v 0.00357412 -0.01952831 0.00029948
v 0.00357412 -0.01952831 0.00029948
v 0.00403930 -0.01826385 0.00020297
v 0.00404616 -0.01826112 0.00021529
v 0.00357412 -0.01952831 0.00029948
v 0.00404616 -0.01826112 0.00021529
v 0.00404769 -0.01826051 0.00022170
v 0.00404769 -0.01826051 0.00022170
v 0.00404616 -0.01826112 0.00021529
v 0.00429764 -0.01762697 0.00017361
v 0.00404769 -0.01826051 0.00022170
v 0.00429764 -0.01762697 0.00017361
v 0.00429559 -0.01762778 0.00018140
v 0.00429559 -0.01762778 0.00018140
v 0.00429764 -0.01762697 0.00017361
v 0.00449701 -0.01699958 0.00013377
v 0.00429559 -0.01762778 0.00018140
v 0.00449701 -0.01699958 0.00013377
v 0.00429139 -0.01762945 0.00018891
v 0.00429139 -0.01762945 0.00018891
v 0.00449701 -0.01699958 0.00013377
v 0.00448991 -0.01700240 0.00014181
v 0.00429139 -0.01762945 0.00018891
v 0.00448991 -0.01700240 0.00014181
v 0.00428567 -0.01763173 0.00019590
v 0.00428567 -0.01763173 0.00019590
v 0.00448991 -0.01700240 0.00014181
v 0.00448162 -0.01700570 0.00014897
v 0.00428567 -0.01763173 0.00019590
v 0.00448162 -0.01700570 0.00014897
v 0.00427218 -0.01763710 0.00020744
v 0.00427218 -0.01763710 0.00020744
v 0.00448162 -0.01700570 0.00014897
v 0.00444691 -0.01701952 0.00016784
v 0.00427218 -0.01763710 0.00020744
v 0.00444691 -0.01701952 0.00016784
v 0.00425791 -0.01764278 0.00021573
v 0.00425791 -0.01764278 0.00021573
v 0.00444691 -0.01701952 0.00016784
v 0.00441048 -0.01703402 0.00018074
v 0.00425791 -0.01764278 0.00021573
v 0.00441048 -0.01703402 0.00018074
v 0.00399846 -0.01828011 0.00027054
v 0.00399846 -0.01828011 0.00027054
v 0.00441048 -0.01703402 0.00018074
v 0.00389724 -0.01832040 0.00029424
v 0.00399846 -0.01828011 0.00027054
v 0.00389724 -0.01832040 0.00029424
v 0.00353005 -0.01954585 0.00033150
v 0.00353005 -0.01954585 0.00033150
v 0.00389724 -0.01832040 0.00029424
v 0.00369079 -0.01840257 0.00031436
v 0.00353005 -0.01954585 0.00033150
v 0.00369079 -0.01840257 0.00031436
v 0.00325334 -0.01965599 0.00035043
v 0.00251899 -0.01661739 0.00037626
v 0.00231798 -0.01550703 0.00037881
v 0.00188674 -0.01567868 0.00045054
v 0.00189091 -0.01325347 0.00038745
v 0.00188674 -0.01567868 0.00045054
v 0.00189091 -0.01325347 0.00038745
v 0.00139008 -0.01345283 0.00049451
v 0.00148800 -0.01095215 0.00039409
v 0.00139008 -0.01345283 0.00049451
v 0.00148800 -0.01095215 0.00039409
v 0.00096593 -0.01115995 0.00053718
v 0.00251701 -0.01054256 0.00012159
v 0.00148800 -0.01095215 0.00039409
v 0.00287772 -0.01286068 0.00018581
v 0.00287772 -0.01286068 0.00018581
v 0.00148800 -0.01095215 0.00039409
v 0.00189091 -0.01325347 0.00038745
v 0.00287772 -0.01286068 0.00018581
v 0.00189091 -0.01325347 0.00038745
v 0.00316752 -0.01516888 0.00024646
v 0.00316752 -0.01516888 0.00024646
v 0.00189091 -0.01325347 0.00038745
v 0.00231798 -0.01550703 0.00037881
v 0.00316752 -0.01516888 0.00024646
v 0.00231798 -0.01550703 0.00037881
v 0.00326165 -0.01632178 0.00027758
v 0.00326165 -0.01632178 0.00027758
v 0.00231798 -0.01550703 0.00037881
v 0.00251899 -0.01661739 0.00037626
v 0.00241771 -0.01782722 0.00041039
v 0.00286382 -0.01873174 0.00037372
v 0.00272827 -0.01770361 0.00037338
v 0.00272827 -0.01770361 0.00037338
v 0.00286382 -0.01873174 0.00037372
v 0.00327694 -0.01856731 0.00034219
v 0.00272827 -0.01770361 0.00037338
v 0.00327694 -0.01856731 0.00034219
v 0.00334023 -0.01746002 0.00030893
v 0.00065074 -0.01252003 0.00063867
v 0.00088730 -0.01365295 0.00059876
v 0.00088959 -0.01365204 0.00059968
v 0.00088897 -0.01365229 0.00059671
v 0.00065074 -0.01252003 0.00063867
v 0.00044298 -0.01136811 0.00067550
v 0.00088897 -0.01365229 0.00059671
v 0.00044298 -0.01136811 0.00067550
v 0.00090293 -0.01364673 0.00058957
v 0.00090293 -0.01364673 0.00058957
v 0.00044298 -0.01136811 0.00067550
v 0.00045722 -0.01136244 0.00066735
v 0.00090293 -0.01364673 0.00058957
v 0.00045722 -0.01136244 0.00066735
v 0.00096210 -0.01362318 0.00056642
v 0.00101804 -0.01421227 0.00057743
v 0.00101684 -0.01421275 0.00057933
v 0.00095188 -0.01393326 0.00058959
v 0.00095188 -0.01393326 0.00058959
v 0.00101684 -0.01421275 0.00057933
v 0.00101949 -0.01421170 0.00058017
v 0.00144960 -0.01585268 0.00052246
v 0.00115694 -0.01476508 0.00056080
v 0.00115470 -0.01476597 0.00056062
v 0.00129631 -0.01531374 0.00054116
v 0.00115482 -0.01476592 0.00055748
v 0.00129627 -0.01531375 0.00053887
v 0.00129631 -0.01531374 0.00054116
v 0.00129627 -0.01531375 0.00053887
v 0.00144518 -0.01585444 0.00052204
v 0.00144518 -0.01585444 0.00052204
v 0.00129627 -0.01531375 0.00053887
v 0.00144623 -0.01585402 0.00051873
v 0.00144518 -0.01585444 0.00052204
v 0.00144623 -0.01585402 0.00051873
v 0.00176041 -0.01691934 0.00048348
v 0.00145154 -0.01585191 0.00051590
v 0.00144623 -0.01585402 0.00051873
v 0.00115709 -0.01476502 0.00055610
v 0.00176041 -0.01691934 0.00048348
v 0.00192869 -0.01744500 0.00046467
v 0.00144960 -0.01585268 0.00052246
v 0.00115470 -0.01476597 0.00056062
v 0.00129631 -0.01531374 0.00054116
v 0.00144960 -0.01585268 0.00052246
v 0.00129631 -0.01531374 0.00054116
v 0.00144518 -0.01585444 0.00052204
v 0.00176041 -0.01691934 0.00048348
v 0.00139008 -0.01345283 0.00049451
v 0.00115694 -0.01476508 0.00056080
v 0.00188674 -0.01567868 0.00045054
v 0.00188674 -0.01567868 0.00045054
v 0.00115694 -0.01476508 0.00056080
v 0.00144960 -0.01585268 0.00052246
v 0.00210270 -0.01795261 0.00044729
v 0.00210270 -0.01795261 0.00044729
v 0.00144960 -0.01585268 0.00052246
v 0.00192869 -0.01744500 0.00046467
v 0.00210270 -0.01795261 0.00044729
v 0.00192869 -0.01744500 0.00046467
v 0.00209931 -0.01795395 0.00044662
v 0.00209931 -0.01795395 0.00044662
v 0.00192869 -0.01744500 0.00046467
v 0.00192957 -0.01744465 0.00046225
v 0.00192957 -0.01744465 0.00046225
v 0.00192869 -0.01744500 0.00046467
v 0.00176194 -0.01691873 0.00048089
v 0.00192957 -0.01744465 0.00046225
v 0.00176194 -0.01691873 0.00048089
v 0.00144623 -0.01585402 0.00051873
v 0.00209962 -0.01795383 0.00044366
v 0.00192957 -0.01744465 0.00046225
v 0.00144623 -0.01585402 0.00051873
v 0.00209962 -0.01795383 0.00044366
v 0.00144623 -0.01585402 0.00051873
v 0.00210322 -0.01795240 0.00044141
v 0.00226723 -0.01843515 0.00042945
v 0.00210270 -0.01795261 0.00044729
v 0.00218347 -0.01819759 0.00043794
v 0.00218347 -0.01819759 0.00043794
v 0.00218347 -0.01819759 0.00043794
v 0.00209931 -0.01795395 0.00044662
v 0.00214025 -0.01807718 0.00044111
v 0.00218294 -0.01819780 0.00043525
v 0.00222432 -0.01831739 0.00043322
v 0.00218347 -0.01819759 0.00043794
v 0.00226613 -0.01843558 0.00042698
v 0.00226723 -0.01843515 0.00042945
v 0.00222432 -0.01831739 0.00043322
v 0.00226613 -0.01843558 0.00042698
v 0.00222432 -0.01831739 0.00043322
v 0.00218294 -0.01819780 0.00043525
v 0.00214025 -0.01807718 0.00044111
v 0.00218294 -0.01819780 0.00043525
v 0.00218347 -0.01819759 0.00043794
v 0.00218347 -0.01819759 0.00043794
v 0.00222432 -0.01831739 0.00043322
v 0.00226723 -0.01843515 0.00042945
v 0.00235043 -0.01866944 0.00042064
v 0.00226723 -0.01843515 0.00042945
v 0.00226613 -0.01843558 0.00042698
v 0.00235043 -0.01866944 0.00042064
v 0.00226613 -0.01843558 0.00042698
v 0.00243555 -0.01890221 0.00041063
v 0.00144623 -0.01585402 0.00051873
v 0.00145154 -0.01585191 0.00051590
v 0.00210322 -0.01795240 0.00044141
v 0.00210322 -0.01795240 0.00044141
v 0.00145154 -0.01585191 0.00051590
v 0.00213491 -0.01793979 0.00042854
v 0.00210322 -0.01795240 0.00044141
v 0.00213491 -0.01793979 0.00042854
v 0.00243713 -0.01890158 0.00040909
v 0.00243713 -0.01890158 0.00040909
v 0.00213491 -0.01793979 0.00042854
v 0.00281093 -0.01983209 0.00037060
v 0.00243713 -0.01890158 0.00040909
v 0.00281093 -0.01983209 0.00037060
v 0.00279562 -0.01983819 0.00037869
v 0.00293185 -0.01978396 0.00032825
v 0.00281093 -0.01983209 0.00037060
v 0.00223011 -0.01790189 0.00039604
v 0.00223011 -0.01790189 0.00039604
v 0.00281093 -0.01983209 0.00037060
v 0.00213491 -0.01793979 0.00042854
v 0.00223011 -0.01790189 0.00039604
v 0.00213491 -0.01793979 0.00042854
v 0.00149667 -0.01583394 0.00049870
v 0.00149667 -0.01583394 0.00049870
v 0.00213491 -0.01793979 0.00042854
v 0.00145154 -0.01585191 0.00051590
v 0.00149667 -0.01583394 0.00049870
v 0.00145154 -0.01585191 0.00051590
v 0.00116403 -0.01476226 0.00055272
v 0.00116403 -0.01476226 0.00055272
v 0.00145154 -0.01585191 0.00051590
v 0.00115709 -0.01476502 0.00055610
v 0.00116403 -0.01476226 0.00055272
v 0.00115709 -0.01476502 0.00055610
v 0.00101804 -0.01421227 0.00057743
v 0.00461889 -0.01637419 0.00005242
v 0.00448283 -0.01700522 0.00008232
v 0.00467368 -0.01575974 -0.00001244
v 0.00467368 -0.01575974 -0.00001244
v 0.00448283 -0.01700522 0.00008232
v 0.00458327 -0.01579573 -0.00004986
v 0.00467368 -0.01575974 -0.00001244
v 0.00458327 -0.01579573 -0.00004986
v 0.00467281 -0.01456971 -0.00014623
v 0.00467281 -0.01456971 -0.00014623
v 0.00458327 -0.01579573 -0.00004986
v 0.00456517 -0.01461256 -0.00015907
v 0.00467281 -0.01456971 -0.00014623
v 0.00456517 -0.01461256 -0.00015907
v 0.00458485 -0.01340064 -0.00025086
v 0.00458485 -0.01340064 -0.00025086
v 0.00456517 -0.01461256 -0.00015907
v 0.00434844 -0.01349474 -0.00024840
v 0.00458485 -0.01340064 -0.00025086
v 0.00434844 -0.01349474 -0.00024840
v 0.00427484 -0.01230457 -0.00033294
v 0.00427484 -0.01230457 -0.00033294
v 0.00434844 -0.01349474 -0.00024840
v 0.00377551 -0.01250333 -0.00026938
v 0.00427484 -0.01230457 -0.00033294
v 0.00377551 -0.01250333 -0.00026938
v 0.00363406 -0.01133255 -0.00033616
v 0.00045722 -0.01136244 0.00066735
v 0.00051830 -0.01133813 0.00063987
v 0.00096210 -0.01362318 0.00056642
v 0.00096210 -0.01362318 0.00056642
v 0.00051830 -0.01133813 0.00063987
v 0.00111628 -0.01356181 0.00051040
v 0.00096210 -0.01362318 0.00056642
v 0.00111628 -0.01356181 0.00051040
v 0.00162994 -0.01578090 0.00045415
v 0.00162994 -0.01578090 0.00045415
v 0.00111628 -0.01356181 0.00051040
v 0.00182615 -0.01570280 0.00038532
v 0.00162994 -0.01578090 0.00045415
v 0.00182615 -0.01570280 0.00038532
v 0.00237042 -0.01784604 0.00034506
v 0.00237042 -0.01784604 0.00034506
v 0.00182615 -0.01570280 0.00038532
v 0.00246254 -0.01663986 0.00024788
v 0.00266913 -0.01772714 0.00024873
v 0.00266913 -0.01772714 0.00024873
v 0.00246254 -0.01663986 0.00024788
v 0.00318918 -0.01635063 0.00005695
v 0.00266913 -0.01772714 0.00024873
v 0.00318918 -0.01635063 0.00005695
v 0.00326649 -0.01748937 0.00009351
v 0.00326649 -0.01748937 0.00009351
v 0.00318918 -0.01635063 0.00005695
v 0.00392922 -0.01605606 -0.00006691
v 0.00418369 -0.01712429 0.00000667
v 0.00383325 -0.01834587 0.00012358
v 0.00387605 -0.01724674 0.00000396
v 0.00387605 -0.01724674 0.00000396
v 0.00383325 -0.01834587 0.00012358
v 0.00362648 -0.01842817 0.00011029
v 0.00387605 -0.01724674 0.00000396
v 0.00362648 -0.01842817 0.00011029
v 0.00321525 -0.01859186 0.00016302
v 0.00321525 -0.01859186 0.00016302
v 0.00362648 -0.01842817 0.00011029
v 0.00311727 -0.01971016 0.00027759
v 0.00321525 -0.01859186 0.00016302
v 0.00311727 -0.01971016 0.00027759
v 0.00293185 -0.01978396 0.00032825
v 0.00241805 -0.01058195 -0.00010252
v 0.00363406 -0.01133255 -0.00033616
v 0.00279246 -0.01289462 -0.00004162
v 0.00279246 -0.01289462 -0.00004162
v 0.00363406 -0.01133255 -0.00033616
v 0.00377551 -0.01250333 -0.00026938
v 0.00279246 -0.01289462 -0.00004162
v 0.00377551 -0.01250333 -0.00026938
v 0.00387741 -0.01368223 -0.00020153
v 0.00387741 -0.01368223 -0.00020153
v 0.00377551 -0.01250333 -0.00026938
v 0.00434844 -0.01349474 -0.00024840
v 0.00387741 -0.01368223 -0.00020153
v 0.00434844 -0.01349474 -0.00024840
v 0.00435048 -0.01469802 -0.00016431
v 0.00435048 -0.01469802 -0.00016431
v 0.00434844 -0.01349474 -0.00024840
v 0.00456517 -0.01461256 -0.00015907
v 0.00435048 -0.01469802 -0.00016431
v 0.00456517 -0.01461256 -0.00015907
v 0.00449029 -0.01583274 -0.00006670
v 0.00449029 -0.01583274 -0.00006670
v 0.00456517 -0.01461256 -0.00015907
v 0.00458327 -0.01579573 -0.00004986
v 0.00449029 -0.01583274 -0.00006670
v 0.00458327 -0.01579573 -0.00004986
v 0.00441150 -0.01703361 0.00004709
v 0.00441150 -0.01703361 0.00004709
v 0.00458327 -0.01579573 -0.00004986
v 0.00448283 -0.01700522 0.00008232
v 0.00441150 -0.01703361 0.00004709
v 0.00448283 -0.01700522 0.00008232
v 0.00402924 -0.01826786 0.00019192
v 0.00392922 -0.01605606 -0.00006691
v 0.00387605 -0.01724674 0.00000396
v 0.00326649 -0.01748937 0.00009351
v 0.00326649 -0.01748937 0.00009351
v 0.00387605 -0.01724674 0.00000396
v 0.00321525 -0.01859186 0.00016302
v 0.00321525 -0.01859186 0.00016302
v 0.00266913 -0.01772714 0.00024873
v 0.00321525 -0.01859186 0.00016302
v 0.00293185 -0.01978396 0.00032825
v 0.00266913 -0.01772714 0.00024873
v 0.00293185 -0.01978396 0.00032825
v 0.00237042 -0.01784604 0.00034506
v 0.00237042 -0.01784604 0.00034506
v 0.00293185 -0.01978396 0.00032825
v 0.00223011 -0.01790189 0.00039604
v 0.00237042 -0.01784604 0.00034506
v 0.00223011 -0.01790189 0.00039604
v 0.00162994 -0.01578090 0.00045415
v 0.00162994 -0.01578090 0.00045415
v 0.00162994 -0.01578090 0.00045415
v 0.00149667 -0.01583394 0.00049870
v 0.00096210 -0.01362318 0.00056642
v 0.00096210 -0.01362318 0.00056642
v 0.00149667 -0.01583394 0.00049870
v 0.00116403 -0.01476226 0.00055272
v 0.00096210 -0.01362318 0.00056642
v 0.00116403 -0.01476226 0.00055272
v 0.00090293 -0.01364673 0.00058957
v 0.00090293 -0.01364673 0.00058957
v 0.00116403 -0.01476226 0.00055272
v 0.00101804 -0.01421227 0.00057743
v 0.00090293 -0.01364673 0.00058957
v 0.00101804 -0.01421227 0.00057743
v 0.00088897 -0.01365229 0.00059671
v 0.00088897 -0.01365229 0.00059671
v 0.00101804 -0.01421227 0.00057743
v 0.00095188 -0.01393326 0.00058959
v 0.00088897 -0.01365229 0.00059671
v 0.00095188 -0.01393326 0.00058959
v 0.00088730 -0.01365295 0.00059876
v 0.00088730 -0.01365295 0.00059876
v 0.00095188 -0.01393326 0.00058959
v 0.00088959 -0.01365204 0.00059968
v 0.00468972 -0.01575335 0.00000663
v 0.00468325 -0.01575593 -0.00000321
v 0.00479179 -0.01452236 -0.00010388
v 0.00479179 -0.01452236 -0.00010388
v 0.00468325 -0.01575593 -0.00000321
v 0.00477917 -0.01452738 -0.00011334
v 0.00479179 -0.01452236 -0.00010388
v 0.00477917 -0.01452738 -0.00011334
v 0.00482276 -0.01330594 -0.00020854
v 0.00482276 -0.01330594 -0.00020854
v 0.00477917 -0.01452738 -0.00011334
v 0.00470382 -0.01335328 -0.00024138
v 0.00482276 -0.01330594 -0.00020854
v 0.00470382 -0.01335328 -0.00024138
v 0.00465263 -0.01215420 -0.00033742
v 0.00465263 -0.01215420 -0.00033742
v 0.00470382 -0.01335328 -0.00024138
v 0.00452593 -0.01220463 -0.00034335
v 0.00465263 -0.01215420 -0.00033742
v 0.00452593 -0.01220463 -0.00034335
v 0.00441221 -0.01102282 -0.00043661
v 0.00441221 -0.01102282 -0.00043661
v 0.00452593 -0.01220463 -0.00034335
v 0.00415150 -0.01112659 -0.00041743
v 0.00396446 -0.00996642 -0.00050043
v 0.00396446 -0.00996642 -0.00050043
v 0.00415150 -0.01112659 -0.00041743
v 0.00344203 -0.01017437 -0.00040127
v 0.00241805 -0.01058195 -0.00010252
v 0.00344203 -0.01017437 -0.00040127
v 0.00363406 -0.01133255 -0.00033616
v 0.00363406 -0.01133255 -0.00033616
v 0.00344203 -0.01017437 -0.00040127
v 0.00415150 -0.01112659 -0.00041743
v 0.00427484 -0.01230457 -0.00033294
v 0.00427484 -0.01230457 -0.00033294
v 0.00415150 -0.01112659 -0.00041743
v 0.00452593 -0.01220463 -0.00034335
v 0.00427484 -0.01230457 -0.00033294
v 0.00452593 -0.01220463 -0.00034335
v 0.00458485 -0.01340064 -0.00025086
v 0.00458485 -0.01340064 -0.00025086
v 0.00452593 -0.01220463 -0.00034335
v 0.00470382 -0.01335328 -0.00024138
v 0.00458485 -0.01340064 -0.00025086
v 0.00470382 -0.01335328 -0.00024138
v 0.00467281 -0.01456971 -0.00014623
v 0.00467281 -0.01456971 -0.00014623
v 0.00470382 -0.01335328 -0.00024138
v 0.00477917 -0.01452738 -0.00011334
v 0.00467281 -0.01456971 -0.00014623
v 0.00477917 -0.01452738 -0.00011334
v 0.00467368 -0.01575974 -0.00001244
v 0.00467368 -0.01575974 -0.00001244
v 0.00477917 -0.01452738 -0.00011334
v 0.00468325 -0.01575593 -0.00000321
v 0.00467368 -0.01575974 -0.00001244
v 0.00468325 -0.01575593 -0.00000321
v 0.00461889 -0.01637419 0.00005242
v 0.00461889 -0.01637419 0.00005242
v 0.00468325 -0.01575593 -0.00000321
v 0.00468972 -0.01575335 0.00000663
v 0.00461889 -0.01637419 0.00005242
v 0.00468972 -0.01575335 0.00000663
v 0.00469139 -0.01575269 0.00001169
v 0.00469139 -0.01575269 0.00001169
v 0.00468972 -0.01575335 0.00000663
v 0.00480085 -0.01451875 -0.00009351
v 0.00469139 -0.01575269 0.00001169
v 0.00480085 -0.01451875 -0.00009351
v 0.00480349 -0.01451770 -0.00008809
v 0.00480349 -0.01451770 -0.00008809
v 0.00480085 -0.01451875 -0.00009351
v 0.00483577 -0.01390489 -0.00013511
v 0.00480349 -0.01451770 -0.00008809
v 0.00483577 -0.01390489 -0.00013511
v 0.00483629 -0.01390469 -0.00013227
v -0.00019091 -0.00240454 0.00056204
v -0.00024302 -0.00211854 0.00053005
v -0.00024430 -0.00211905 0.00052783
v -0.00024430 -0.00211905 0.00052783
v -0.00024302 -0.00211854 0.00053005
v -0.00026324 -0.00203706 0.00051965
v -0.00025944 -0.00203755 0.00052199
v -0.00026189 -0.00203724 0.00052127
v -0.00024022 -0.00211742 0.00053054
v -0.00024022 -0.00211742 0.00053054
v -0.00026189 -0.00203724 0.00052127
v -0.00024302 -0.00211854 0.00053005
v -0.00024022 -0.00211742 0.00053054
v -0.00024302 -0.00211854 0.00053005
v -0.00018805 -0.00240341 0.00056221
v -0.00018805 -0.00240341 0.00056221
v -0.00024302 -0.00211854 0.00053005
v -0.00019091 -0.00240454 0.00056204
v -0.00018805 -0.00240341 0.00056221
v -0.00019091 -0.00240454 0.00056204
v -0.00016115 -0.00269713 0.00059702
v -0.00016115 -0.00269713 0.00059702
v -0.00019091 -0.00240454 0.00056204
v -0.00019199 -0.00240497 0.00056010
v -0.00016115 -0.00269713 0.00059702
v -0.00019199 -0.00240497 0.00056010
v -0.00016181 -0.00269740 0.00059508
v -0.00016181 -0.00269740 0.00059508
v -0.00019199 -0.00240497 0.00056010
v -0.00015280 -0.00299597 0.00063118
v -0.00015280 -0.00299597 0.00063118
v -0.00019199 -0.00240497 0.00056010
v -0.00014963 -0.00299471 0.00062793
v -0.00017034 -0.00360435 0.00070970
v -0.00015969 -0.00329953 0.00067318
v -0.00017187 -0.00360496 0.00070820
v -0.00017187 -0.00360496 0.00070820
v -0.00015969 -0.00329953 0.00067318
v -0.00016046 -0.00329984 0.00067132
v -0.00017187 -0.00360496 0.00070820
v -0.00016046 -0.00329984 0.00067132
v -0.00016876 -0.00360372 0.00070403
v -0.00015969 -0.00329953 0.00067318
v -0.00015371 -0.00299633 0.00063468
v -0.00016046 -0.00329984 0.00067132
v -0.00016046 -0.00329984 0.00067132
v -0.00015371 -0.00299633 0.00063468
v -0.00015280 -0.00299597 0.00063118
v -0.00016046 -0.00329984 0.00067132
v -0.00015280 -0.00299597 0.00063118
v -0.00016876 -0.00360372 0.00070403
v 0.00027945 -0.00282392 0.00032408
v 0.00004647 -0.00291665 0.00048457
v 0.00019875 -0.00224944 0.00028216
v 0.00019875 -0.00224944 0.00028216
v 0.00004647 -0.00291665 0.00048457
v -0.00001539 -0.00233468 0.00042646
v 0.00019875 -0.00224944 0.00028216
v -0.00001539 -0.00233468 0.00042646
v -0.00008428 -0.00205227 0.00039949
v -0.00008428 -0.00205227 0.00039949
v -0.00001539 -0.00233468 0.00042646
v -0.00015457 -0.00204818 0.00044546
v -0.00016170 -0.00481321 0.00081044
v -0.00016940 -0.00420801 0.00076708
v -0.00017454 -0.00421005 0.00076847
v -0.00017454 -0.00421005 0.00076847
v -0.00016940 -0.00420801 0.00076708
v -0.00014121 -0.00299136 0.00063225
v -0.00017454 -0.00421005 0.00076847
v -0.00014121 -0.00299136 0.00063225
v -0.00014702 -0.00299367 0.00063398
v -0.00017454 -0.00421005 0.00076847
v -0.00017111 -0.00451238 0.00079135
v -0.00016170 -0.00481321 0.00081044
v -0.00016157 -0.00481316 0.00080543
v -0.00016422 -0.00481421 0.00081028
v -0.00017243 -0.00451291 0.00078966
v -0.00017243 -0.00451291 0.00078966
v -0.00016422 -0.00481421 0.00081028
v -0.00017111 -0.00451238 0.00079135
v -0.00017111 -0.00451238 0.00079135
v -0.00017755 -0.00421125 0.00076861
v -0.00017243 -0.00451291 0.00078966
v -0.00017243 -0.00451291 0.00078966
v -0.00017755 -0.00421125 0.00076861
v -0.00017655 -0.00421085 0.00076474
v -0.00017243 -0.00451291 0.00078966
v -0.00017655 -0.00421085 0.00076474
v -0.00016157 -0.00481316 0.00080543
v -0.00014586 -0.00541804 0.00083695
v -0.00014656 -0.00541832 0.00083901
v -0.00015127 -0.00526720 0.00083330
v -0.00015127 -0.00526720 0.00083330
v -0.00014656 -0.00541832 0.00083901
v -0.00014443 -0.00541747 0.00083944
v -0.00015127 -0.00526720 0.00083330
v -0.00014443 -0.00541747 0.00083944
v -0.00015490 -0.00511577 0.00082685
v -0.00015490 -0.00511577 0.00082685
v -0.00014443 -0.00541747 0.00083944
v -0.00016170 -0.00481321 0.00081044
v -0.00016170 -0.00481321 0.00081044
v -0.00014443 -0.00541747 0.00083944
v -0.00015677 -0.00481124 0.00080919
v -0.00016170 -0.00481321 0.00081044
v -0.00015677 -0.00481124 0.00080919
v -0.00016940 -0.00420801 0.00076708
v -0.00015490 -0.00511577 0.00082685
v -0.00016422 -0.00481421 0.00081028
v -0.00015533 -0.00511595 0.00082462
v -0.00015533 -0.00511595 0.00082462
v -0.00016422 -0.00481421 0.00081028
v -0.00016157 -0.00481316 0.00080543
v -0.00015533 -0.00511595 0.00082462
v -0.00016157 -0.00481316 0.00080543
v -0.00014253 -0.00541671 0.00083337
v -0.00014253 -0.00541671 0.00083337
v -0.00016157 -0.00481316 0.00080543
v -0.00010853 -0.00540318 0.00080720
v -0.00017755 -0.00421125 0.00076861
v -0.00017773 -0.00390869 0.00074173
v -0.00017852 -0.00390901 0.00073976
v -0.00017852 -0.00390901 0.00073976
v -0.00016157 -0.00481316 0.00080543
v -0.00017655 -0.00421085 0.00076474
v -0.00017281 -0.00420936 0.00076090
v -0.00010853 -0.00540318 0.00080720
v -0.00015969 -0.00329953 0.00067318
v -0.00017034 -0.00360435 0.00070970
v -0.00015126 -0.00299536 0.00063483
v -0.00015126 -0.00299536 0.00063483
v -0.00015371 -0.00299633 0.00063468
v -0.00015969 -0.00329953 0.00067318
v -0.00017773 -0.00390869 0.00074173
v -0.00017034 -0.00360435 0.00070970
v -0.00017187 -0.00360496 0.00070820
v -0.00017773 -0.00390869 0.00074173
v -0.00017187 -0.00360496 0.00070820
v -0.00017852 -0.00390901 0.00073976
v -0.00017852 -0.00390901 0.00073976
v -0.00017187 -0.00360496 0.00070820
v -0.00017655 -0.00421085 0.00076474
v -0.00017655 -0.00421085 0.00076474
v -0.00017187 -0.00360496 0.00070820
v -0.00016876 -0.00360372 0.00070403
v -0.00017655 -0.00421085 0.00076474
v -0.00016876 -0.00360372 0.00070403
v -0.00017281 -0.00420936 0.00076090
v -0.00017281 -0.00420936 0.00076090
v -0.00016876 -0.00360372 0.00070403
v -0.00016719 -0.00420713 0.00075595
v -0.00017281 -0.00420936 0.00076090
v -0.00016719 -0.00420713 0.00075595
v -0.00010853 -0.00540318 0.00080720
v -0.00012188 -0.00602159 0.00084889
v -0.00010735 -0.00632292 0.00084486
v -0.00011751 -0.00601985 0.00084810
v -0.00011751 -0.00601985 0.00084810
v -0.00010735 -0.00632292 0.00084486
v -0.00008919 -0.00662324 0.00083701
v -0.00010735 -0.00632292 0.00084486
v -0.00012188 -0.00602159 0.00084889
v -0.00012184 -0.00602158 0.00084555
v -0.00010735 -0.00632292 0.00084486
v -0.00012184 -0.00602158 0.00084555
v -0.00010768 -0.00632306 0.00084255
v -0.00008919 -0.00662324 0.00083701
v -0.00010735 -0.00632292 0.00084486
v -0.00009115 -0.00662402 0.00083558
v -0.00009115 -0.00662402 0.00083558
v -0.00010735 -0.00632292 0.00084486
v -0.00010768 -0.00632306 0.00084255
v 0.00000650 -0.00782015 0.00078730
v -0.00008854 -0.00662298 0.00083251
v -0.00008310 -0.00662082 0.00082792
v -0.00012184 -0.00602158 0.00084555
v -0.00023801 -0.00204016 0.00049746
v -0.00015457 -0.00204818 0.00044546
v -0.00011758 -0.00237536 0.00050244
v -0.00001539 -0.00233468 0.00042646
v -0.00011758 -0.00237536 0.00050244
v -0.00001539 -0.00233468 0.00042646
v -0.00006624 -0.00296152 0.00056736
v 0.00004647 -0.00291665 0.00048457
v -0.00006624 -0.00296152 0.00056736
v 0.00004647 -0.00291665 0.00048457
v 0.00007282 -0.00411160 0.00057650
v 0.00007282 -0.00411160 0.00057650
v 0.00004647 -0.00291665 0.00048457
v 0.00027945 -0.00282392 0.00032408
v 0.00007282 -0.00411160 0.00057650
v 0.00027945 -0.00282392 0.00032408
v 0.00035838 -0.00399793 0.00037537
v -0.00026205 -0.00203721 0.00051646
v -0.00025782 -0.00203775 0.00051198
v -0.00018928 -0.00240389 0.00055618
v -0.00018928 -0.00240389 0.00055618
v -0.00025782 -0.00203775 0.00051198
v -0.00018075 -0.00240050 0.00054841
v -0.00018928 -0.00240389 0.00055618
v -0.00018075 -0.00240050 0.00054841
v -0.00013885 -0.00299042 0.00061900
v -0.00013885 -0.00299042 0.00061900
v -0.00018075 -0.00240050 0.00054841
v -0.00006624 -0.00296152 0.00056736
v -0.00013885 -0.00299042 0.00061900
v -0.00006624 -0.00296152 0.00056736
v -0.00006150 -0.00416506 0.00067779
v -0.00006150 -0.00416506 0.00067779
v -0.00006624 -0.00296152 0.00056736
v 0.00007282 -0.00411160 0.00057650
v -0.00006150 -0.00416506 0.00067779
v 0.00007282 -0.00411160 0.00057650
v 0.00015776 -0.00529719 0.00061896
v 0.00015776 -0.00529719 0.00061896
v 0.00007282 -0.00411160 0.00057650
v 0.00035838 -0.00399793 0.00037537
v 0.00015776 -0.00529719 0.00061896
v 0.00035838 -0.00399793 0.00037537
v 0.00065210 -0.00632818 0.00035718
v 0.00033181 -0.00645566 0.00065069
v -0.00011751 -0.00601985 0.00084810
v -0.00008699 -0.00662236 0.00083665
v -0.00008699 -0.00662236 0.00083665
v -0.00011751 -0.00601985 0.00084810
v -0.00008919 -0.00662324 0.00083701
v -0.00008699 -0.00662236 0.00083665
v -0.00008919 -0.00662324 0.00083701
v -0.00004987 -0.00722419 0.00081734
v -0.00004987 -0.00722419 0.00081734
v 0.00011655 -0.00901593 0.00075782
v 0.00005224 -0.00842136 0.00077773
v 0.00011468 -0.00901667 0.00075781
v 0.00011468 -0.00901667 0.00075781
v 0.00005224 -0.00842136 0.00077773
v 0.00005161 -0.00842161 0.00077556
v 0.00044392 -0.01136774 0.00067841
v 0.00026318 -0.01019923 0.00071798
v 0.00065074 -0.01252003 0.00063867
v 0.00044392 -0.01136774 0.00067841
v 0.00044140 -0.01136874 0.00067766
v 0.00044140 -0.01136874 0.00067766
v 0.00044392 -0.01136774 0.00067841
v 0.00026318 -0.01019923 0.00071798
v 0.00026318 -0.01019923 0.00071798
v 0.00011468 -0.00901667 0.00075781
v 0.00011473 -0.00901665 0.00075531
v 0.00011473 -0.00901665 0.00075531
v 0.00011468 -0.00901667 0.00075781
v 0.00005161 -0.00842161 0.00077556
v 0.00011473 -0.00901665 0.00075531
v 0.00005161 -0.00842161 0.00077556
v 0.00012712 -0.00901172 0.00074663
v 0.00044392 -0.01136774 0.00067841
v 0.00065074 -0.01252003 0.00063867
v 0.00088959 -0.01365204 0.00059968
v 0.00192869 -0.01744500 0.00046467
v 0.00176041 -0.01691934 0.00048348
v 0.00176194 -0.01691873 0.00048089
v 0.00176194 -0.01691873 0.00048089
v 0.00176041 -0.01691934 0.00048348
v 0.00144623 -0.01585402 0.00051873
v 0.00144623 -0.01585402 0.00051873
v 0.00129627 -0.01531375 0.00053887
v 0.00115709 -0.01476502 0.00055610
v 0.00115709 -0.01476502 0.00055610
v 0.00129627 -0.01531375 0.00053887
v 0.00115482 -0.01476592 0.00055748
v 0.00115709 -0.01476502 0.00055610
v 0.00115482 -0.01476592 0.00055748
v 0.00101804 -0.01421227 0.00057743
v 0.00101804 -0.01421227 0.00057743
v 0.00115482 -0.01476592 0.00055748
v 0.00101684 -0.01421275 0.00057933
v 0.00101684 -0.01421275 0.00057933
v 0.00115482 -0.01476592 0.00055748
v 0.00108534 -0.01448999 0.00057022
v 0.00108534 -0.01448999 0.00057022
v 0.00095188 -0.01393326 0.00058959
v 0.00101949 -0.01421170 0.00058017
v 0.00088959 -0.01365204 0.00059968
v 0.00065074 -0.01252003 0.00063867
v 0.00044140 -0.01136874 0.00067766
v 0.00044298 -0.01136811 0.00067550
v 0.00044298 -0.01136811 0.00067550
v 0.00044140 -0.01136874 0.00067766
v 0.00026318 -0.01019923 0.00071798
v 0.00044298 -0.01136811 0.00067550
v 0.00026318 -0.01019923 0.00071798
v 0.00011473 -0.00901665 0.00075531
v 0.00044298 -0.01136811 0.00067550
v 0.00011473 -0.00901665 0.00075531
v 0.00045722 -0.01136244 0.00066735
v 0.00045722 -0.01136244 0.00066735
v 0.00011473 -0.00901665 0.00075531
v 0.00012712 -0.00901172 0.00074663
v 0.00045722 -0.01136244 0.00066735
v 0.00012712 -0.00901172 0.00074663
v 0.00051830 -0.01133813 0.00063987
v 0.00307536 -0.01520556 0.00002515
v 0.00224358 -0.01553664 0.00025185
v 0.00182696 -0.01327893 0.00025541
v 0.00182696 -0.01327893 0.00025541
v 0.00224358 -0.01553664 0.00025185
v 0.00134189 -0.01347200 0.00042504
v 0.00182696 -0.01327893 0.00025541
v 0.00134189 -0.01347200 0.00042504
v 0.00091204 -0.01118140 0.00047038
v 0.00091204 -0.01118140 0.00047038
v 0.00134189 -0.01347200 0.00042504
v 0.00067817 -0.01127449 0.00057246
v 0.00091204 -0.01118140 0.00047038
v 0.00067817 -0.01127449 0.00057246
v 0.00033042 -0.00893079 0.00063907
v 0.00033042 -0.00893079 0.00063907
v 0.00067817 -0.01127449 0.00057246
v 0.00018264 -0.00898962 0.00071592
v 0.00033042 -0.00893079 0.00063907
v 0.00018264 -0.00898962 0.00071592
v -0.00003968 -0.00660353 0.00079792
v 0.00402924 -0.01826786 0.00019192
v 0.00398397 -0.01828588 0.00016411
v 0.00441150 -0.01703361 0.00004709
v 0.00441150 -0.01703361 0.00004709
v 0.00398397 -0.01828588 0.00016411
v 0.00433628 -0.01706355 0.00002752
v 0.00441150 -0.01703361 0.00004709
v 0.00433628 -0.01706355 0.00002752
v 0.00449029 -0.01583274 -0.00006670
v 0.00449029 -0.01583274 -0.00006670
v 0.00433628 -0.01706355 0.00002752
v 0.00430352 -0.01590708 -0.00008029
v 0.00449029 -0.01583274 -0.00006670
v 0.00430352 -0.01590708 -0.00008029
v 0.00435048 -0.01469802 -0.00016431
v 0.00435048 -0.01469802 -0.00016431
v 0.00430352 -0.01590708 -0.00008029
v 0.00392177 -0.01486866 -0.00013380
v 0.00435048 -0.01469802 -0.00016431
v 0.00392177 -0.01486866 -0.00013380
v 0.00387741 -0.01368223 -0.00020153
v 0.00387741 -0.01368223 -0.00020153
v 0.00392177 -0.01486866 -0.00013380
v 0.00307536 -0.01520556 0.00002515
v 0.00387741 -0.01368223 -0.00020153
v 0.00307536 -0.01520556 0.00002515
v 0.00279246 -0.01289462 -0.00004162
v 0.00279246 -0.01289462 -0.00004162
v 0.00307536 -0.01520556 0.00002515
v 0.00182696 -0.01327893 0.00025541
v 0.00279246 -0.01289462 -0.00004162
v 0.00182696 -0.01327893 0.00025541
v 0.00141518 -0.01098114 0.00026504
v 0.00141518 -0.01098114 0.00026504
v 0.00182696 -0.01327893 0.00025541
v 0.00091204 -0.01118140 0.00047038
v 0.00141518 -0.01098114 0.00026504
v 0.00091204 -0.01118140 0.00047038
v 0.00054638 -0.00884483 0.00052321
v 0.00054638 -0.00884483 0.00052321
v 0.00091204 -0.01118140 0.00047038
v 0.00033042 -0.00893079 0.00063907
v 0.00054638 -0.00884483 0.00052321
v 0.00033042 -0.00893079 0.00063907
v 0.00008365 -0.00655444 0.00071876
v 0.00008365 -0.00655444 0.00071876
v 0.00033042 -0.00893079 0.00063907
v -0.00003968 -0.00660353 0.00079792
v 0.00008365 -0.00655444 0.00071876
v -0.00003968 -0.00660353 0.00079792
v -0.00010853 -0.00540318 0.00080720
v -0.00010853 -0.00540318 0.00080720
v -0.00003968 -0.00660353 0.00079792
v -0.00011757 -0.00601987 0.00084149
v -0.00010853 -0.00540318 0.00080720
v -0.00011757 -0.00601987 0.00084149
v -0.00014253 -0.00541671 0.00083337
v -0.00014253 -0.00541671 0.00083337
v -0.00011757 -0.00601987 0.00084149
v -0.00014586 -0.00541804 0.00083695
v -0.00014253 -0.00541671 0.00083337
v -0.00014586 -0.00541804 0.00083695
v -0.00015533 -0.00511595 0.00082462
v -0.00015533 -0.00511595 0.00082462
v -0.00014586 -0.00541804 0.00083695
v -0.00015127 -0.00526720 0.00083330
v -0.00015127 -0.00526720 0.00083330
v -0.00016422 -0.00481421 0.00081028
v -0.00015490 -0.00511577 0.00082685
v -0.00016170 -0.00481321 0.00081044
v -0.00016422 -0.00481421 0.00081028
v -0.00016170 -0.00481321 0.00081044
v -0.00017111 -0.00451238 0.00079135
v -0.00017755 -0.00421125 0.00076861
v -0.00017111 -0.00451238 0.00079135
v -0.00017454 -0.00421005 0.00076847
v -0.00017755 -0.00421125 0.00076861
v -0.00017454 -0.00421005 0.00076847
v -0.00017773 -0.00390869 0.00074173
v -0.00017773 -0.00390869 0.00074173
v -0.00017454 -0.00421005 0.00076847
v -0.00017034 -0.00360435 0.00070970
v -0.00017034 -0.00360435 0.00070970
v -0.00017454 -0.00421005 0.00076847
v -0.00014702 -0.00299367 0.00063398
v -0.00017034 -0.00360435 0.00070970
v -0.00014702 -0.00299367 0.00063398
v -0.00015126 -0.00299536 0.00063483
v 0.00103730 -0.00177283 -0.00012640
v 0.00107785 -0.00152481 -0.00012640
v 0.00125204 -0.00243679 -0.00019915
v 0.00125204 -0.00243679 -0.00019915
v 0.00107785 -0.00152481 -0.00012640
v 0.00151820 -0.00233085 -0.00027299
v 0.00125204 -0.00243679 -0.00019915
v 0.00151820 -0.00233085 -0.00027299
v 0.00155280 -0.00352250 -0.00029533
v 0.00155280 -0.00352250 -0.00029533
v 0.00151820 -0.00233085 -0.00027299
v 0.00187417 -0.00339459 -0.00040361
v 0.00187417 -0.00339459 -0.00040361
v 0.00161002 -0.00168770 -0.00018589
v 0.00179308 -0.00222143 -0.00028226
v 0.00165523 -0.00227630 -0.00029152
v 0.00165523 -0.00227630 -0.00029152
v 0.00179308 -0.00222143 -0.00028226
v 0.00220798 -0.00326172 -0.00044181
v 0.00165523 -0.00227630 -0.00029152
v 0.00220798 -0.00326172 -0.00044181
v 0.00203912 -0.00332893 -0.00043892
v 0.00224448 -0.00569434 -0.00046819
v 0.00143363 -0.00601710 -0.00008678
v 0.00155280 -0.00352250 -0.00029533
v 0.00155280 -0.00352250 -0.00029533
v 0.00143363 -0.00601710 -0.00008678
v 0.00094081 -0.00376610 0.00001004
v 0.00155280 -0.00352250 -0.00029533
v 0.00094081 -0.00376610 0.00001004
v 0.00125204 -0.00243679 -0.00019915
v 0.00125204 -0.00243679 -0.00019915
v 0.00094081 -0.00376610 0.00001004
v 0.00075207 -0.00263580 0.00003512
v 0.00125204 -0.00243679 -0.00019915
v 0.00075207 -0.00263580 0.00003512
v 0.00103730 -0.00177283 -0.00012640
v 0.00103730 -0.00177283 -0.00012640
v 0.00075207 -0.00263580 0.00003512
v 0.00064859 -0.00207039 0.00003163
v 0.00103730 -0.00177283 -0.00012640
v 0.00064859 -0.00207039 0.00003163
v 0.00078900 -0.00189642 -0.00004148
v 0.00078900 -0.00189642 -0.00004148
v 0.00064859 -0.00207039 0.00003163
v 0.00053587 -0.00198287 0.00006918
v 0.00018661 -0.00204551 0.00024480
v 0.00053587 -0.00198287 0.00006918
v 0.00019875 -0.00224944 0.00028216
v 0.00019875 -0.00224944 0.00028216
v 0.00053587 -0.00198287 0.00006918
v 0.00064859 -0.00207039 0.00003163
v 0.00019875 -0.00224944 0.00028216
v 0.00064859 -0.00207039 0.00003163
v 0.00027945 -0.00282392 0.00032408
v 0.00027945 -0.00282392 0.00032408
v 0.00064859 -0.00207039 0.00003163
v 0.00075207 -0.00263580 0.00003512
v 0.00027945 -0.00282392 0.00032408
v 0.00075207 -0.00263580 0.00003512
v 0.00035838 -0.00399793 0.00037537
v 0.00035838 -0.00399793 0.00037537
v 0.00075207 -0.00263580 0.00003512
v 0.00094081 -0.00376610 0.00001004
v 0.00035838 -0.00399793 0.00037537
v 0.00094081 -0.00376610 0.00001004
v 0.00065210 -0.00632818 0.00035718
v 0.00065210 -0.00632818 0.00035718
v 0.00094081 -0.00376610 0.00001004
v 0.00143363 -0.00601710 -0.00008678
v 0.00168680 -0.00715132 -0.00013177
v 0.00168680 -0.00715132 -0.00013177
v 0.00143363 -0.00601710 -0.00008678
v 0.00224448 -0.00569434 -0.00046819
v 0.00168680 -0.00715132 -0.00013177
v 0.00224448 -0.00569434 -0.00046819
v 0.00257795 -0.00679661 -0.00051250
v 0.00257795 -0.00679661 -0.00051250
v 0.00224448 -0.00569434 -0.00046819
v 0.00266617 -0.00552649 -0.00061238
v 0.00257795 -0.00679661 -0.00051250
v 0.00266617 -0.00552649 -0.00061238
v 0.00303868 -0.00661322 -0.00065517
v 0.00303868 -0.00661322 -0.00065517
v 0.00266617 -0.00552649 -0.00061238
v 0.00327359 -0.00651972 -0.00070598
v 0.00303868 -0.00661322 -0.00065517
v 0.00327359 -0.00651972 -0.00070598
v 0.00363982 -0.00761352 -0.00067668
v 0.00363982 -0.00761352 -0.00067668
v 0.00327359 -0.00651972 -0.00070598
v 0.00376718 -0.00756283 -0.00068827
v 0.00363982 -0.00761352 -0.00067668
v 0.00376718 -0.00756283 -0.00068827
v 0.00409903 -0.00867241 -0.00061900
v 0.00409903 -0.00867241 -0.00061900
v 0.00376718 -0.00756283 -0.00068827
v 0.00423490 -0.00861833 -0.00059947
v 0.00409903 -0.00867241 -0.00061900
v 0.00423490 -0.00861833 -0.00059947
v 0.00449886 -0.00975371 -0.00050680
v 0.00449886 -0.00975371 -0.00050680
v 0.00423490 -0.00861833 -0.00059947
v 0.00451201 -0.00974848 -0.00049657
v 0.00449886 -0.00975371 -0.00050680
v 0.00451201 -0.00974848 -0.00049657
v 0.00469083 -0.01091192 -0.00039549
v 0.00469083 -0.01091192 -0.00039549
v 0.00451201 -0.00974848 -0.00049657
v 0.00469460 -0.01091041 -0.00038973
v 0.00469083 -0.01091192 -0.00039549
v 0.00469460 -0.01091041 -0.00038973
v 0.00479594 -0.01209716 -0.00028809
v 0.00479594 -0.01209716 -0.00028809
v 0.00469460 -0.01091041 -0.00038973
v 0.00479745 -0.01209656 -0.00028215
v 0.00479594 -0.01209716 -0.00028809
v 0.00479745 -0.01209656 -0.00028215
v 0.00483026 -0.01269486 -0.00023449
v 0.00483026 -0.01269486 -0.00023449
v 0.00479745 -0.01209656 -0.00028215
v 0.00483046 -0.01269477 -0.00023152
v 0.00483026 -0.01269486 -0.00023449
v 0.00483046 -0.01269477 -0.00023152
v 0.00484429 -0.01329737 -0.00018444
v 0.00484429 -0.01329737 -0.00018444
v 0.00483046 -0.01269477 -0.00023152
v 0.00484467 -0.01329722 -0.00018153
v 0.00484033 -0.01329895 -0.00019295
v 0.00483567 -0.01330080 -0.00019840
v 0.00479238 -0.01209857 -0.00029382
v 0.00479238 -0.01209857 -0.00029382
v 0.00483567 -0.01330080 -0.00019840
v 0.00478040 -0.01210334 -0.00030449
v 0.00479238 -0.01209857 -0.00029382
v 0.00478040 -0.01210334 -0.00030449
v 0.00467809 -0.01091698 -0.00040603
v 0.00467809 -0.01091698 -0.00040603
v 0.00478040 -0.01210334 -0.00030449
v 0.00454412 -0.01097031 -0.00043499
v 0.00467809 -0.01091698 -0.00040603
v 0.00454412 -0.01097031 -0.00043499
v 0.00436209 -0.00980815 -0.00053144
v 0.00436209 -0.00980815 -0.00053144
v 0.00454412 -0.01097031 -0.00043499
v 0.00422827 -0.00986141 -0.00052857
v 0.00436209 -0.00980815 -0.00053144
v 0.00422827 -0.00986141 -0.00052857
v 0.00396683 -0.00872503 -0.00061161
v 0.00396683 -0.00872503 -0.00061161
v 0.00422827 -0.00986141 -0.00052857
v 0.00370690 -0.00882849 -0.00057469
v 0.00396683 -0.00872503 -0.00061161
v 0.00370690 -0.00882849 -0.00057469
v 0.00339007 -0.00771293 -0.00063183
v 0.00339007 -0.00771293 -0.00063183
v 0.00370690 -0.00882849 -0.00057469
v 0.00289840 -0.00790864 -0.00050016
v 0.00203912 -0.00332893 -0.00043892
v 0.00220798 -0.00326172 -0.00044181
v 0.00246495 -0.00437883 -0.00056790
v 0.00246495 -0.00437883 -0.00056790
v 0.00220798 -0.00326172 -0.00044181
v 0.00266445 -0.00429942 -0.00057887
v 0.00246495 -0.00437883 -0.00056790
v 0.00266445 -0.00429942 -0.00057887
v 0.00288195 -0.00544061 -0.00066445
v 0.00183597 -0.00220436 -0.00024459
v 0.00164892 -0.00167222 -0.00015519
v 0.00165041 -0.00167163 -0.00015165
v 0.00165041 -0.00167163 -0.00015165
v 0.00164892 -0.00167222 -0.00015519
v 0.00153861 -0.00136073 -0.00008638
v 0.00165041 -0.00167163 -0.00015165
v 0.00153861 -0.00136073 -0.00008638
v 0.00153958 -0.00135963 -0.00008394
v 0.00192894 -0.00246817 -0.00027720
v 0.00183597 -0.00220436 -0.00024459
v 0.00183601 -0.00220435 -0.00024034
v 0.00165041 -0.00167163 -0.00015165
v 0.00183601 -0.00220435 -0.00024034
v 0.00165041 -0.00167163 -0.00015165
v 0.00165135 -0.00167125 -0.00014796
v 0.00165135 -0.00167125 -0.00014796
v 0.00165041 -0.00167163 -0.00015165
v 0.00153958 -0.00135963 -0.00008394
v 0.00165135 -0.00167125 -0.00014796
v 0.00153958 -0.00135963 -0.00008394
v 0.00154135 -0.00135763 -0.00007617
v 0.00154124 -0.00135775 -0.00006798
v 0.00153889 -0.00136041 -0.00005785
v 0.00165159 -0.00167115 -0.00014016
v 0.00165159 -0.00167115 -0.00014016
v 0.00153889 -0.00136041 -0.00005785
v 0.00164663 -0.00167313 -0.00012389
v 0.00165159 -0.00167115 -0.00014016
v 0.00164663 -0.00167313 -0.00012389
v 0.00183435 -0.00220501 -0.00023153
v 0.00183205 -0.00220592 -0.00025632
v 0.00192727 -0.00246884 -0.00029447
v 0.00182658 -0.00220810 -0.00026315
v 0.00213384 -0.00298860 -0.00036878
v 0.00213264 -0.00298907 -0.00037321
v 0.00202701 -0.00272972 -0.00033088
v 0.00202701 -0.00272972 -0.00033088
v 0.00213264 -0.00298907 -0.00037321
v 0.00202276 -0.00273141 -0.00033881
v 0.00202701 -0.00272972 -0.00033088
v 0.00202276 -0.00273141 -0.00033881
v 0.00192727 -0.00246884 -0.00029447
v 0.00224535 -0.00324684 -0.00039807
v 0.00213415 -0.00298847 -0.00036410
v 0.00213358 -0.00298870 -0.00035918
v 0.00213358 -0.00298870 -0.00035918
v 0.00213415 -0.00298847 -0.00036410
v 0.00202798 -0.00272933 -0.00032654
v 0.00213358 -0.00298870 -0.00035918
v 0.00202798 -0.00272933 -0.00032654
v 0.00202810 -0.00272928 -0.00032196
v 0.00202810 -0.00272928 -0.00032196
v 0.00202798 -0.00272933 -0.00032654
v 0.00192954 -0.00246793 -0.00028621
v 0.00181942 -0.00221095 -0.00026916
v 0.00202276 -0.00273141 -0.00033881
v 0.00223906 -0.00324934 -0.00042552
v 0.00223906 -0.00324934 -0.00042552
v 0.00202276 -0.00273141 -0.00033881
v 0.00213057 -0.00298989 -0.00037735
v 0.00223906 -0.00324934 -0.00042552
v 0.00213057 -0.00298989 -0.00037735
v 0.00224243 -0.00324800 -0.00042172
v 0.00269409 -0.00428763 -0.00056323
v 0.00268962 -0.00428940 -0.00056719
v 0.00247402 -0.00376409 -0.00050172
v 0.00247402 -0.00376409 -0.00050172
v 0.00268962 -0.00428940 -0.00056719
v 0.00223031 -0.00325283 -0.00043218
v 0.00247402 -0.00376409 -0.00050172
v 0.00223031 -0.00325283 -0.00043218
v 0.00223906 -0.00324934 -0.00042552
v 0.00223906 -0.00324934 -0.00042552
v 0.00223031 -0.00325283 -0.00043218
v 0.00181110 -0.00221426 -0.00027436
v 0.00223906 -0.00324934 -0.00042552
v 0.00181110 -0.00221426 -0.00027436
v 0.00181942 -0.00221095 -0.00026916
v 0.00192727 -0.00246884 -0.00029447
v 0.00202276 -0.00273141 -0.00033881
v 0.00182658 -0.00220810 -0.00026315
v 0.00182658 -0.00220810 -0.00026315
v 0.00202276 -0.00273141 -0.00033881
v 0.00181942 -0.00221095 -0.00026916
v 0.00182658 -0.00220810 -0.00026315
v 0.00181942 -0.00221095 -0.00026916
v 0.00161002 -0.00168770 -0.00018589
v 0.00161002 -0.00168770 -0.00018589
v 0.00161002 -0.00168770 -0.00018589
v 0.00181110 -0.00221426 -0.00027436
v 0.00179308 -0.00222143 -0.00028226
v 0.00179308 -0.00222143 -0.00028226
v 0.00181110 -0.00221426 -0.00027436
v 0.00223031 -0.00325283 -0.00043218
v 0.00179308 -0.00222143 -0.00028226
v 0.00223031 -0.00325283 -0.00043218
v 0.00220798 -0.00326172 -0.00044181
v 0.00220798 -0.00326172 -0.00044181
v 0.00223031 -0.00325283 -0.00043218
v 0.00268962 -0.00428940 -0.00056719
v 0.00220798 -0.00326172 -0.00044181
v 0.00268962 -0.00428940 -0.00056719
v 0.00266445 -0.00429942 -0.00057887
v 0.00213384 -0.00298860 -0.00036878
v 0.00224702 -0.00324617 -0.00040832
v 0.00213264 -0.00298907 -0.00037321
v 0.00213264 -0.00298907 -0.00037321
v 0.00224702 -0.00324617 -0.00040832
v 0.00224647 -0.00324639 -0.00041310
v 0.00213264 -0.00298907 -0.00037321
v 0.00224647 -0.00324639 -0.00041310
v 0.00213057 -0.00298989 -0.00037735
v 0.00213057 -0.00298989 -0.00037735
v 0.00224647 -0.00324639 -0.00041310
v 0.00224494 -0.00324700 -0.00041758
v 0.00213057 -0.00298989 -0.00037735
v 0.00224494 -0.00324700 -0.00041758
v 0.00224243 -0.00324800 -0.00042172
v 0.00247681 -0.00376298 -0.00049738
v 0.00224243 -0.00324800 -0.00042172
v 0.00247681 -0.00376298 -0.00049738
v 0.00247402 -0.00376409 -0.00050172
v 0.00247402 -0.00376409 -0.00050172
v 0.00247681 -0.00376298 -0.00049738
v 0.00269742 -0.00428630 -0.00055883
v 0.00247402 -0.00376409 -0.00050172
v 0.00269742 -0.00428630 -0.00055883
v 0.00269409 -0.00428763 -0.00056323
v 0.00269409 -0.00428763 -0.00056323
v 0.00269742 -0.00428630 -0.00055883
v 0.00291463 -0.00481294 -0.00060841
v 0.00291321 -0.00481351 -0.00061080
v 0.00313083 -0.00534154 -0.00065973
v 0.00290933 -0.00481505 -0.00061522
v 0.00290933 -0.00481505 -0.00061522
v 0.00313083 -0.00534154 -0.00065973
v 0.00312648 -0.00534327 -0.00066420
v 0.00183530 -0.00220463 -0.00024869
v 0.00192954 -0.00246793 -0.00028621
v 0.00192727 -0.00246884 -0.00029447
v 0.00192727 -0.00246884 -0.00029447
v 0.00192954 -0.00246793 -0.00028621
v 0.00202798 -0.00272933 -0.00032654
v 0.00192727 -0.00246884 -0.00029447
v 0.00202798 -0.00272933 -0.00032654
v 0.00202701 -0.00272972 -0.00033088
v 0.00202701 -0.00272972 -0.00033088
v 0.00202798 -0.00272933 -0.00032654
v 0.00213415 -0.00298847 -0.00036410
v 0.00202701 -0.00272972 -0.00033088
v 0.00213415 -0.00298847 -0.00036410
v 0.00213384 -0.00298860 -0.00036878
v 0.00213384 -0.00298860 -0.00036878
v 0.00213415 -0.00298847 -0.00036410
v 0.00224535 -0.00324684 -0.00039807
v 0.00213384 -0.00298860 -0.00036878
v 0.00224535 -0.00324684 -0.00039807
v 0.00224702 -0.00324617 -0.00040832
v 0.00224702 -0.00324617 -0.00040832
v 0.00224535 -0.00324684 -0.00039807
v 0.00247803 -0.00376249 -0.00048209
v 0.00247803 -0.00376249 -0.00048209
v 0.00224647 -0.00324639 -0.00041310
v 0.00247803 -0.00376249 -0.00048209
v 0.00247881 -0.00376218 -0.00048753
v 0.00247881 -0.00376218 -0.00048753
v 0.00224494 -0.00324700 -0.00041758
v 0.00247881 -0.00376218 -0.00048753
v 0.00247844 -0.00376233 -0.00049265
v 0.00224494 -0.00324700 -0.00041758
v 0.00247844 -0.00376233 -0.00049265
v 0.00247681 -0.00376298 -0.00049738
v 0.00247681 -0.00376298 -0.00049738
v 0.00247844 -0.00376233 -0.00049265
v 0.00269946 -0.00428549 -0.00055398
v 0.00247681 -0.00376298 -0.00049738
v 0.00269946 -0.00428549 -0.00055398
v 0.00269742 -0.00428630 -0.00055883
v 0.00313215 -0.00534102 -0.00063704
v 0.00291596 -0.00481241 -0.00059470
v 0.00291093 -0.00481441 -0.00058229
v 0.00161002 -0.00168770 -0.00018589
v 0.00153084 -0.00136947 -0.00009959
v 0.00182658 -0.00220810 -0.00026315
v 0.00182658 -0.00220810 -0.00026315
v 0.00153084 -0.00136947 -0.00009959
v 0.00153352 -0.00136647 -0.00009575
v 0.00182658 -0.00220810 -0.00026315
v 0.00153352 -0.00136647 -0.00009575
v 0.00183205 -0.00220592 -0.00025632
v 0.00183205 -0.00220592 -0.00025632
v 0.00153352 -0.00136647 -0.00009575
v 0.00164892 -0.00167222 -0.00015519
v 0.00164892 -0.00167222 -0.00015519
v 0.00183530 -0.00220463 -0.00024869
v 0.00164892 -0.00167222 -0.00015519
v 0.00183597 -0.00220436 -0.00024459
v 0.00192954 -0.00246793 -0.00028621
v 0.00192954 -0.00246793 -0.00028621
v 0.00183597 -0.00220436 -0.00024459
v 0.00192894 -0.00246817 -0.00027720
v 0.00192954 -0.00246793 -0.00028621
v 0.00192894 -0.00246817 -0.00027720
v 0.00202810 -0.00272928 -0.00032196
v 0.00202810 -0.00272928 -0.00032196
v 0.00192894 -0.00246817 -0.00027720
v 0.00202607 -0.00273009 -0.00031231
v 0.00202810 -0.00272928 -0.00032196
v 0.00202607 -0.00273009 -0.00031231
v 0.00213358 -0.00298870 -0.00035918
v 0.00213358 -0.00298870 -0.00035918
v 0.00202607 -0.00273009 -0.00031231
v 0.00224060 -0.00324873 -0.00038736
v 0.00213358 -0.00298870 -0.00035918
v 0.00224060 -0.00324873 -0.00038736
v 0.00224535 -0.00324684 -0.00039807
v 0.00224535 -0.00324684 -0.00039807
v 0.00224060 -0.00324873 -0.00038736
v 0.00247362 -0.00376424 -0.00047068
v 0.00224535 -0.00324684 -0.00039807
v 0.00247362 -0.00376424 -0.00047068
v 0.00247803 -0.00376249 -0.00048209
v 0.00247803 -0.00376249 -0.00048209
v 0.00247362 -0.00376424 -0.00047068
v 0.00269749 -0.00428627 -0.00053711
v 0.00247803 -0.00376249 -0.00048209
v 0.00269749 -0.00428627 -0.00053711
v 0.00247881 -0.00376218 -0.00048753
v 0.00247881 -0.00376218 -0.00048753
v 0.00269749 -0.00428627 -0.00053711
v 0.00269942 -0.00428551 -0.00054305
v 0.00247881 -0.00376218 -0.00048753
v 0.00269942 -0.00428551 -0.00054305
v 0.00247844 -0.00376233 -0.00049265
v 0.00247844 -0.00376233 -0.00049265
v 0.00269942 -0.00428551 -0.00054305
v 0.00270013 -0.00428522 -0.00054871
v 0.00247844 -0.00376233 -0.00049265
v 0.00270013 -0.00428522 -0.00054871
v 0.00269946 -0.00428549 -0.00055398
v 0.00202178 -0.00273180 -0.00030250
v 0.00200948 -0.00273669 -0.00028457
v 0.00223398 -0.00325136 -0.00037695
v 0.00223398 -0.00325136 -0.00037695
v 0.00200948 -0.00273669 -0.00028457
v 0.00220265 -0.00326384 -0.00034498
v 0.00223398 -0.00325136 -0.00037695
v 0.00220265 -0.00326384 -0.00034498
v 0.00267238 -0.00429627 -0.00050244
v 0.00220265 -0.00326384 -0.00034498
v 0.00299790 -0.00539445 -0.00052804
v 0.00267238 -0.00429627 -0.00050244
v 0.00267238 -0.00429627 -0.00050244
v 0.00299790 -0.00539445 -0.00052804
v 0.00309124 -0.00535730 -0.00058992
v 0.00267238 -0.00429627 -0.00050244
v 0.00309124 -0.00535730 -0.00058992
v 0.00269086 -0.00428891 -0.00052489
v 0.00269086 -0.00428891 -0.00052489
v 0.00309124 -0.00535730 -0.00058992
v 0.00311382 -0.00534831 -0.00061118
v 0.00269086 -0.00428891 -0.00052489
v 0.00311382 -0.00534831 -0.00061118
v 0.00291093 -0.00481441 -0.00058229
v 0.00291093 -0.00481441 -0.00058229
v 0.00311382 -0.00534831 -0.00061118
v 0.00312444 -0.00534408 -0.00062398
v 0.00291093 -0.00481441 -0.00058229
v 0.00312444 -0.00534408 -0.00062398
v 0.00313215 -0.00534102 -0.00063704
v 0.00183435 -0.00220501 -0.00023153
v 0.00182604 -0.00220831 -0.00021421
v 0.00200948 -0.00273669 -0.00028457
v 0.00200948 -0.00273669 -0.00028457
v 0.00182604 -0.00220831 -0.00021421
v 0.00199553 -0.00274225 -0.00027033
v 0.00199553 -0.00274225 -0.00027033
v 0.00220265 -0.00326384 -0.00034498
v 0.00199553 -0.00274225 -0.00027033
v 0.00216829 -0.00327751 -0.00031933
v 0.00220265 -0.00326384 -0.00034498
v 0.00216829 -0.00327751 -0.00031933
v 0.00299790 -0.00539445 -0.00052804
v 0.00299790 -0.00539445 -0.00052804
v 0.00216829 -0.00327751 -0.00031933
v 0.00279808 -0.00547399 -0.00042559
v 0.00038909 -0.00278028 0.00040486
v 0.00030265 -0.00220808 0.00039403
v -0.00017808 -0.00239944 0.00056031
v -0.00017808 -0.00239944 0.00056031
v 0.00030265 -0.00220808 0.00039403
v 0.00034136 -0.00202544 0.00037689
v -0.00017808 -0.00239944 0.00056031
v 0.00034136 -0.00202544 0.00037689
v -0.00004775 -0.00205344 0.00048064
v 0.00046489 -0.00395553 0.00047106
v 0.00108659 -0.00370807 0.00019020
v 0.00038909 -0.00278028 0.00040486
v 0.00038909 -0.00278028 0.00040486
v 0.00108659 -0.00370807 0.00019020
v 0.00089841 -0.00257755 0.00019647
v 0.00038909 -0.00278028 0.00040486
v 0.00089841 -0.00257755 0.00019647
v 0.00030265 -0.00220808 0.00039403
v 0.00030265 -0.00220808 0.00039403
v 0.00089841 -0.00257755 0.00019647
v 0.00078582 -0.00201576 0.00023460
v 0.00030265 -0.00220808 0.00039403
v 0.00078582 -0.00201576 0.00023460
v 0.00034136 -0.00202544 0.00037689
v 0.00034136 -0.00202544 0.00037689
v 0.00078582 -0.00201576 0.00023460
v 0.00058950 -0.00196759 0.00030233
v 0.00018264 -0.00898962 0.00071592
v 0.00000650 -0.00782015 0.00078730
v -0.00003968 -0.00660353 0.00079792
v -0.00003968 -0.00660353 0.00079792
v 0.00000650 -0.00782015 0.00078730
v -0.00008310 -0.00662082 0.00082792
v -0.00011757 -0.00601987 0.00084149
v -0.00011757 -0.00601987 0.00084149
v -0.00008310 -0.00662082 0.00082792
v -0.00012184 -0.00602158 0.00084555
v -0.00011757 -0.00601987 0.00084149
v -0.00012184 -0.00602158 0.00084555
v -0.00014586 -0.00541804 0.00083695
v -0.00014586 -0.00541804 0.00083695
v -0.00012184 -0.00602158 0.00084555
v -0.00013601 -0.00572047 0.00084658
v -0.00013601 -0.00572047 0.00084658
v -0.00014656 -0.00541832 0.00083901
v -0.00013601 -0.00572047 0.00084658
v -0.00013414 -0.00571973 0.00084718
v -0.00014656 -0.00541832 0.00083901
v -0.00013414 -0.00571973 0.00084718
v -0.00014443 -0.00541747 0.00083944
v -0.00014443 -0.00541747 0.00083944
v -0.00013414 -0.00571973 0.00084718
v -0.00013964 -0.00541557 0.00083834
v -0.00014443 -0.00541747 0.00083944
v -0.00013964 -0.00541557 0.00083834
v -0.00015677 -0.00481124 0.00080919
v -0.00015677 -0.00481124 0.00080919
v -0.00013964 -0.00541557 0.00083834
v 0.00023435 -0.00526670 0.00066196
v -0.00015677 -0.00481124 0.00080919
v 0.00023435 -0.00526670 0.00066196
v -0.00016940 -0.00420801 0.00076708
v -0.00016940 -0.00420801 0.00076708
v 0.00023435 -0.00526670 0.00066196
v 0.00015122 -0.00408039 0.00061733
v -0.00016940 -0.00420801 0.00076708
v 0.00015122 -0.00408039 0.00061733
v -0.00014121 -0.00299136 0.00063225
v 0.00046489 -0.00395553 0.00047106
v 0.00015122 -0.00408039 0.00061733
v 0.00046489 -0.00395553 0.00047106
v 0.00038909 -0.00278028 0.00040486
v 0.00015122 -0.00408039 0.00061733
v 0.00038909 -0.00278028 0.00040486
v -0.00014121 -0.00299136 0.00063225
v -0.00014121 -0.00299136 0.00063225
v 0.00038909 -0.00278028 0.00040486
v -0.00017808 -0.00239944 0.00056031
v -0.00014121 -0.00299136 0.00063225
v -0.00017808 -0.00239944 0.00056031
v -0.00014702 -0.00299367 0.00063398
v -0.00014702 -0.00299367 0.00063398
v -0.00017808 -0.00239944 0.00056031
v -0.00018805 -0.00240341 0.00056221
v -0.00015126 -0.00299536 0.00063483
v -0.00015126 -0.00299536 0.00063483
v -0.00018805 -0.00240341 0.00056221
v -0.00016115 -0.00269713 0.00059702
v -0.00015126 -0.00299536 0.00063483
v -0.00016115 -0.00269713 0.00059702
v -0.00015371 -0.00299633 0.00063468
v -0.00015371 -0.00299633 0.00063468
v -0.00016115 -0.00269713 0.00059702
v -0.00016181 -0.00269740 0.00059508
v -0.00015371 -0.00299633 0.00063468
v -0.00016181 -0.00269740 0.00059508
v -0.00015280 -0.00299597 0.00063118
v -0.00016876 -0.00360372 0.00070403
v -0.00015280 -0.00299597 0.00063118
v -0.00014963 -0.00299471 0.00062793
v -0.00016876 -0.00360372 0.00070403
v -0.00014963 -0.00299471 0.00062793
v -0.00016719 -0.00420713 0.00075595
v -0.00016719 -0.00420713 0.00075595
v -0.00014963 -0.00299471 0.00062793
v -0.00015132 -0.00420081 0.00074334
v -0.00016719 -0.00420713 0.00075595
v -0.00015132 -0.00420081 0.00074334
v -0.00010853 -0.00540318 0.00080720
v -0.00010853 -0.00540318 0.00080720
v -0.00015132 -0.00420081 0.00074334
v -0.00000085 -0.00536032 0.00073251
v -0.00010853 -0.00540318 0.00080720
v -0.00000085 -0.00536032 0.00073251
v 0.00008365 -0.00655444 0.00071876
v 0.00008365 -0.00655444 0.00071876
v -0.00000085 -0.00536032 0.00073251
v 0.00026400 -0.00648265 0.00059937
v 0.00008365 -0.00655444 0.00071876
v 0.00026400 -0.00648265 0.00059937
v 0.00054638 -0.00884483 0.00052321
v 0.00054638 -0.00884483 0.00052321
v 0.00026400 -0.00648265 0.00059937
v 0.00101158 -0.00865967 0.00028823
v 0.00054638 -0.00884483 0.00052321
v 0.00101158 -0.00865967 0.00028823
v 0.00141518 -0.01098114 0.00026504
v 0.00141518 -0.01098114 0.00026504
v 0.00101158 -0.00865967 0.00028823
v 0.00194225 -0.00828922 -0.00013915
v 0.00141518 -0.01098114 0.00026504
v 0.00194225 -0.00828922 -0.00013915
v 0.00241805 -0.01058195 -0.00010252
v 0.00241805 -0.01058195 -0.00010252
v 0.00194225 -0.00828922 -0.00013915
v 0.00289840 -0.00790864 -0.00050016
v 0.00241805 -0.01058195 -0.00010252
v 0.00289840 -0.00790864 -0.00050016
v 0.00344203 -0.01017437 -0.00040127
v 0.00344203 -0.01017437 -0.00040127
v 0.00289840 -0.00790864 -0.00050016
v 0.00370690 -0.00882849 -0.00057469
v 0.00344203 -0.01017437 -0.00040127
v 0.00370690 -0.00882849 -0.00057469
v 0.00396446 -0.00996642 -0.00050043
v 0.00396446 -0.00996642 -0.00050043
v 0.00370690 -0.00882849 -0.00057469
v 0.00422827 -0.00986141 -0.00052857
v 0.00396446 -0.00996642 -0.00050043
v 0.00422827 -0.00986141 -0.00052857
v 0.00441221 -0.01102282 -0.00043661
v 0.00441221 -0.01102282 -0.00043661
v 0.00422827 -0.00986141 -0.00052857
v 0.00454412 -0.01097031 -0.00043499
v 0.00441221 -0.01102282 -0.00043661
v 0.00454412 -0.01097031 -0.00043499
v 0.00465263 -0.01215420 -0.00033742
v 0.00465263 -0.01215420 -0.00033742
v 0.00454412 -0.01097031 -0.00043499
v 0.00478040 -0.01210334 -0.00030449
v 0.00465263 -0.01215420 -0.00033742
v 0.00478040 -0.01210334 -0.00030449
v 0.00482276 -0.01330594 -0.00020854
v 0.00482276 -0.01330594 -0.00020854
v 0.00478040 -0.01210334 -0.00030449
v 0.00483567 -0.01330080 -0.00019840
v 0.00482276 -0.01330594 -0.00020854
v 0.00483567 -0.01330080 -0.00019840
v 0.00479179 -0.01452236 -0.00010388
v 0.00479179 -0.01452236 -0.00010388
v 0.00483567 -0.01330080 -0.00019840
v 0.00484033 -0.01329895 -0.00019295
v 0.00479179 -0.01452236 -0.00010388
v 0.00484033 -0.01329895 -0.00019295
v 0.00480085 -0.01451875 -0.00009351
v 0.00480085 -0.01451875 -0.00009351
v 0.00484033 -0.01329895 -0.00019295
v 0.00484342 -0.01329772 -0.00018731
v 0.00480085 -0.01451875 -0.00009351
v 0.00484342 -0.01329772 -0.00018731
v 0.00483577 -0.01390489 -0.00013511
v 0.00151900 -0.00138259 -0.00002807
v 0.00147088 -0.00143368 0.00000640
v 0.00178761 -0.00222361 -0.00017685
v 0.00178761 -0.00222361 -0.00017685
v 0.00147088 -0.00143368 0.00000640
v 0.00166554 -0.00227220 -0.00010862
v 0.00178761 -0.00222361 -0.00017685
v 0.00166554 -0.00227220 -0.00010862
v 0.00201973 -0.00333665 -0.00023360
v 0.00201973 -0.00333665 -0.00023360
v 0.00166554 -0.00227220 -0.00010862
v 0.00171067 -0.00345966 -0.00008820
v 0.00201973 -0.00333665 -0.00023360
v 0.00171067 -0.00345966 -0.00008820
v 0.00238878 -0.00563691 -0.00024429
v 0.00238878 -0.00563691 -0.00024429
v 0.00171067 -0.00345966 -0.00008820
v 0.00156641 -0.00596424 0.00010860
v 0.00353247 -0.00641667 -0.00070454
v 0.00310694 -0.00535105 -0.00067470
v 0.00312090 -0.00534550 -0.00066817
v 0.00312090 -0.00534550 -0.00066817
v 0.00310694 -0.00535105 -0.00067470
v 0.00288419 -0.00482506 -0.00062832
v 0.00312090 -0.00534550 -0.00066817
v 0.00288419 -0.00482506 -0.00062832
v 0.00289825 -0.00481946 -0.00062266
v 0.00353777 -0.00641456 -0.00069999
v 0.00312648 -0.00534327 -0.00066420
v 0.00334270 -0.00587381 -0.00068845
v 0.00334270 -0.00587381 -0.00068845
v 0.00312648 -0.00534327 -0.00066420
v 0.00313083 -0.00534154 -0.00065973
v 0.00334270 -0.00587381 -0.00068845
v 0.00313083 -0.00534154 -0.00065973
v 0.00313368 -0.00534041 -0.00065476
v 0.00313368 -0.00534041 -0.00065476
v 0.00313083 -0.00534154 -0.00065973
v 0.00291321 -0.00481351 -0.00061080
v 0.00313368 -0.00534041 -0.00065476
v 0.00291321 -0.00481351 -0.00061080
v 0.00313448 -0.00534009 -0.00065208
v 0.00291566 -0.00481253 -0.00060589
v 0.00291629 -0.00481228 -0.00060325
v 0.00313475 -0.00533998 -0.00064635
v 0.00313475 -0.00533998 -0.00064635
v 0.00291629 -0.00481228 -0.00060325
v 0.00313425 -0.00534018 -0.00064333
v 0.00313475 -0.00533998 -0.00064635
v 0.00313425 -0.00534018 -0.00064333
v 0.00334347 -0.00587351 -0.00067088
v 0.00334347 -0.00587351 -0.00067088
v 0.00313425 -0.00534018 -0.00064333
v 0.00334030 -0.00587477 -0.00066428
v 0.00353719 -0.00641479 -0.00067002
v 0.00353719 -0.00641479 -0.00067002
v 0.00334030 -0.00587477 -0.00066428
v 0.00351336 -0.00642428 -0.00064361
v 0.00353719 -0.00641479 -0.00067002
v 0.00354306 -0.00641246 -0.00068324
v 0.00334347 -0.00587351 -0.00067088
v 0.00334347 -0.00587351 -0.00067088
v 0.00354306 -0.00641246 -0.00068324
v 0.00334508 -0.00587286 -0.00067720
v 0.00334347 -0.00587351 -0.00067088
v 0.00334508 -0.00587286 -0.00067720
v 0.00313475 -0.00533998 -0.00064635
v 0.00313475 -0.00533998 -0.00064635
v 0.00334508 -0.00587286 -0.00067720
v 0.00313483 -0.00533995 -0.00064928
v 0.00313475 -0.00533998 -0.00064635
v 0.00313483 -0.00533995 -0.00064928
v 0.00291566 -0.00481253 -0.00060589
v 0.00391713 -0.00750314 -0.00066003
v 0.00353247 -0.00641667 -0.00070454
v 0.00353777 -0.00641456 -0.00069999
v 0.00353777 -0.00641456 -0.00069999
v 0.00353247 -0.00641667 -0.00070454
v 0.00312090 -0.00534550 -0.00066817
v 0.00353777 -0.00641456 -0.00069999
v 0.00312090 -0.00534550 -0.00066817
v 0.00312648 -0.00534327 -0.00066420
v 0.00312648 -0.00534327 -0.00066420
v 0.00312090 -0.00534550 -0.00066817
v 0.00289825 -0.00481946 -0.00062266
v 0.00312648 -0.00534327 -0.00066420
v 0.00289825 -0.00481946 -0.00062266
v 0.00290933 -0.00481505 -0.00061522
v 0.00390956 -0.00750616 -0.00062824
v 0.00391838 -0.00750265 -0.00064185
v 0.00373400 -0.00695587 -0.00066952
v 0.00291655 -0.00481218 -0.00060050
v 0.00291596 -0.00481241 -0.00059470
v 0.00313425 -0.00534018 -0.00064333
v 0.00313425 -0.00534018 -0.00064333
v 0.00291596 -0.00481241 -0.00059470
v 0.00313215 -0.00534102 -0.00063704
v 0.00334030 -0.00587477 -0.00066428
v 0.00334030 -0.00587477 -0.00066428
v 0.00334030 -0.00587477 -0.00066428
v 0.00312444 -0.00534408 -0.00062398
v 0.00351336 -0.00642428 -0.00064361
v 0.00351336 -0.00642428 -0.00064361
v 0.00312444 -0.00534408 -0.00062398
v 0.00311382 -0.00534831 -0.00061118
v 0.00351336 -0.00642428 -0.00064361
v 0.00311382 -0.00534831 -0.00061118
v 0.00348795 -0.00643439 -0.00062329
v 0.00348795 -0.00643439 -0.00062329
v 0.00311382 -0.00534831 -0.00061118
v 0.00309124 -0.00535730 -0.00058992
v 0.00348795 -0.00643439 -0.00062329
v 0.00309124 -0.00535730 -0.00058992
v 0.00338375 -0.00647587 -0.00056178
v 0.00338375 -0.00647587 -0.00056178
v 0.00309124 -0.00535730 -0.00058992
v 0.00299790 -0.00539445 -0.00052804
v 0.00338375 -0.00647587 -0.00056178
v 0.00299790 -0.00539445 -0.00052804
v 0.00316351 -0.00656353 -0.00045975
v 0.00316351 -0.00656353 -0.00045975
v 0.00299790 -0.00539445 -0.00052804
v 0.00279808 -0.00547399 -0.00042559
v 0.00316351 -0.00656353 -0.00045975
v 0.00279808 -0.00547399 -0.00042559
v 0.00271426 -0.00674235 -0.00027925
v 0.00271426 -0.00674235 -0.00027925
v 0.00302272 -0.00785915 -0.00025734
v 0.00316351 -0.00656353 -0.00045975
v 0.00316351 -0.00656353 -0.00045975
v 0.00302272 -0.00785915 -0.00025734
v 0.00350414 -0.00766753 -0.00042767
v 0.00316351 -0.00656353 -0.00045975
v 0.00350414 -0.00766753 -0.00042767
v 0.00338375 -0.00647587 -0.00056178
v 0.00338375 -0.00647587 -0.00056178
v 0.00350414 -0.00766753 -0.00042767
v 0.00374092 -0.00757328 -0.00052461
v 0.00338375 -0.00647587 -0.00056178
v 0.00374092 -0.00757328 -0.00052461
v 0.00348795 -0.00643439 -0.00062329
v 0.00348795 -0.00643439 -0.00062329
v 0.00374092 -0.00757328 -0.00052461
v 0.00385416 -0.00752821 -0.00058364
v 0.00348795 -0.00643439 -0.00062329
v 0.00385416 -0.00752821 -0.00058364
v 0.00351336 -0.00642428 -0.00064361
v 0.00390956 -0.00750616 -0.00062824
v 0.00351336 -0.00642428 -0.00064361
v 0.00390956 -0.00750616 -0.00062824
v 0.00353719 -0.00641479 -0.00067002
v 0.00353719 -0.00641479 -0.00067002
v 0.00390956 -0.00750616 -0.00062824
v 0.00373400 -0.00695587 -0.00066952
v 0.00353719 -0.00641479 -0.00067002
v 0.00373400 -0.00695587 -0.00066952
v 0.00354306 -0.00641246 -0.00068324
v 0.00483688 -0.01330032 -0.00016393
v 0.00484122 -0.01329859 -0.00016977
v 0.00481836 -0.01269959 -0.00021052
v 0.00481836 -0.01269959 -0.00021052
v 0.00484122 -0.01329859 -0.00016977
v 0.00482793 -0.01269578 -0.00022249
v 0.00481836 -0.01269959 -0.00021052
v 0.00482793 -0.01269578 -0.00022249
v 0.00478291 -0.01210234 -0.00025766
v 0.00478291 -0.01210234 -0.00025766
v 0.00482793 -0.01269578 -0.00022249
v 0.00479374 -0.01209803 -0.00026988
v 0.00478291 -0.01210234 -0.00025766
v 0.00479374 -0.01209803 -0.00026988
v 0.00469218 -0.01091138 -0.00037104
v 0.00469218 -0.01091138 -0.00037104
v 0.00479374 -0.01209803 -0.00026988
v 0.00469530 -0.01091014 -0.00037744
v 0.00469218 -0.01091138 -0.00037104
v 0.00469530 -0.01091014 -0.00037744
v 0.00451672 -0.00974660 -0.00047850
v 0.00451672 -0.00974660 -0.00047850
v 0.00469530 -0.01091014 -0.00037744
v 0.00451758 -0.00974626 -0.00048485
v 0.00451672 -0.00974660 -0.00047850
v 0.00451758 -0.00974626 -0.00048485
v 0.00425479 -0.00861041 -0.00057849
v 0.00425479 -0.00861041 -0.00057849
v 0.00451758 -0.00974626 -0.00048485
v 0.00425271 -0.00861124 -0.00058439
v 0.00425479 -0.00861041 -0.00057849
v 0.00425271 -0.00861124 -0.00058439
v 0.00391713 -0.00750314 -0.00066003
v 0.00391713 -0.00750314 -0.00066003
v 0.00425271 -0.00861124 -0.00058439
v 0.00391253 -0.00750497 -0.00066516
v 0.00391713 -0.00750314 -0.00066003
v 0.00391253 -0.00750497 -0.00066516
v 0.00353247 -0.00641667 -0.00070454
v 0.00353247 -0.00641667 -0.00070454
v 0.00391253 -0.00750497 -0.00066516
v 0.00351817 -0.00642236 -0.00071215
v 0.00353247 -0.00641667 -0.00070454
v 0.00351817 -0.00642236 -0.00071215
v 0.00310694 -0.00535105 -0.00067470
v 0.00310694 -0.00535105 -0.00067470
v 0.00351817 -0.00642236 -0.00071215
v 0.00299250 -0.00539660 -0.00068040
v 0.00310694 -0.00535105 -0.00067470
v 0.00299250 -0.00539660 -0.00068040
v 0.00288419 -0.00482506 -0.00062832
v 0.00479666 -0.01209687 -0.00027606
v 0.00479745 -0.01209656 -0.00028215
v 0.00469618 -0.01090979 -0.00038370
v 0.00469618 -0.01090979 -0.00038370
v 0.00479745 -0.01209656 -0.00028215
v 0.00469460 -0.01091041 -0.00038973
v 0.00469618 -0.01090979 -0.00038370
v 0.00469460 -0.01091041 -0.00038973
v 0.00451592 -0.00974692 -0.00049088
v 0.00451592 -0.00974692 -0.00049088
v 0.00469460 -0.01091041 -0.00038973
v 0.00451201 -0.00974848 -0.00049657
v 0.00451592 -0.00974692 -0.00049088
v 0.00451201 -0.00974848 -0.00049657
v 0.00424847 -0.00861293 -0.00058986
v 0.00424847 -0.00861293 -0.00058986
v 0.00451201 -0.00974848 -0.00049657
v 0.00423490 -0.00861833 -0.00059947
v 0.00424847 -0.00861293 -0.00058986
v 0.00423490 -0.00861833 -0.00059947
v 0.00389875 -0.00751046 -0.00067395
v 0.00389875 -0.00751046 -0.00067395
v 0.00423490 -0.00861833 -0.00059947
v 0.00376718 -0.00756283 -0.00068827
v 0.00389875 -0.00751046 -0.00067395
v 0.00376718 -0.00756283 -0.00068827
v 0.00339371 -0.00647191 -0.00072091
v 0.00339371 -0.00647191 -0.00072091
v 0.00376718 -0.00756283 -0.00068827
v 0.00327359 -0.00651972 -0.00070598
v 0.00339371 -0.00647191 -0.00072091
v 0.00327359 -0.00651972 -0.00070598
v 0.00288195 -0.00544061 -0.00066445
v 0.00288195 -0.00544061 -0.00066445
v 0.00327359 -0.00651972 -0.00070598
v 0.00266617 -0.00552649 -0.00061238
v 0.00288195 -0.00544061 -0.00066445
v 0.00266617 -0.00552649 -0.00061238
v 0.00246495 -0.00437883 -0.00056790
v 0.00246495 -0.00437883 -0.00056790
v 0.00266617 -0.00552649 -0.00061238
v 0.00187417 -0.00339459 -0.00040361
v 0.00246495 -0.00437883 -0.00056790
v 0.00187417 -0.00339459 -0.00040361
v 0.00203912 -0.00332893 -0.00043892
v 0.00203912 -0.00332893 -0.00043892
v 0.00187417 -0.00339459 -0.00040361
v 0.00151820 -0.00233085 -0.00027299
v 0.00203912 -0.00332893 -0.00043892
v 0.00151820 -0.00233085 -0.00027299
v 0.00165523 -0.00227630 -0.00029152
v 0.00165523 -0.00227630 -0.00029152
v 0.00151820 -0.00233085 -0.00027299
v 0.00149001 -0.00173547 -0.00020513
v 0.00165523 -0.00227630 -0.00029152
v 0.00149001 -0.00173547 -0.00020513
v 0.00161002 -0.00168770 -0.00018589
v 0.00161002 -0.00168770 -0.00018589
v 0.00149001 -0.00173547 -0.00020513
v 0.00150141 -0.00140167 -0.00012640
v 0.00161002 -0.00168770 -0.00018589
v 0.00150141 -0.00140167 -0.00012640
v 0.00150982 -0.00139261 -0.00012050
v 0.00484122 -0.01329859 -0.00016977
v 0.00484393 -0.01329751 -0.00017566
v 0.00482793 -0.01269578 -0.00022249
v 0.00482793 -0.01269578 -0.00022249
v 0.00484393 -0.01329751 -0.00017566
v 0.00483013 -0.01269491 -0.00022852
v 0.00482793 -0.01269578 -0.00022249
v 0.00483013 -0.01269491 -0.00022852
v 0.00479374 -0.01209803 -0.00026988
v 0.00479374 -0.01209803 -0.00026988
v 0.00483013 -0.01269491 -0.00022852
v 0.00479666 -0.01209687 -0.00027606
v 0.00479374 -0.01209803 -0.00026988
v 0.00479666 -0.01209687 -0.00027606
v 0.00469530 -0.01091014 -0.00037744
v 0.00469530 -0.01091014 -0.00037744
v 0.00479666 -0.01209687 -0.00027606
v 0.00469618 -0.01090979 -0.00038370
v 0.00469530 -0.01091014 -0.00037744
v 0.00469618 -0.01090979 -0.00038370
v 0.00451758 -0.00974626 -0.00048485
v 0.00451758 -0.00974626 -0.00048485
v 0.00469618 -0.01090979 -0.00038370
v 0.00451592 -0.00974692 -0.00049088
v 0.00451758 -0.00974626 -0.00048485
v 0.00451592 -0.00974692 -0.00049088
v 0.00425271 -0.00861124 -0.00058439
v 0.00425271 -0.00861124 -0.00058439
v 0.00451592 -0.00974692 -0.00049088
v 0.00424847 -0.00861293 -0.00058986
v 0.00425271 -0.00861124 -0.00058439
v 0.00424847 -0.00861293 -0.00058986
v 0.00391253 -0.00750497 -0.00066516
v 0.00391253 -0.00750497 -0.00066516
v 0.00424847 -0.00861293 -0.00058986
v 0.00389875 -0.00751046 -0.00067395
v 0.00391253 -0.00750497 -0.00066516
v 0.00389875 -0.00751046 -0.00067395
v 0.00351817 -0.00642236 -0.00071215
v 0.00351817 -0.00642236 -0.00071215
v 0.00389875 -0.00751046 -0.00067395
v 0.00339371 -0.00647191 -0.00072091
v 0.00351817 -0.00642236 -0.00071215
v 0.00339371 -0.00647191 -0.00072091
v 0.00299250 -0.00539660 -0.00068040
v 0.00299250 -0.00539660 -0.00068040
v 0.00339371 -0.00647191 -0.00072091
v 0.00288195 -0.00544061 -0.00066445
v 0.00299250 -0.00539660 -0.00068040
v 0.00288195 -0.00544061 -0.00066445
v 0.00288419 -0.00482506 -0.00062832
v 0.00288419 -0.00482506 -0.00062832
v 0.00288195 -0.00544061 -0.00066445
v 0.00266445 -0.00429942 -0.00057887
v 0.00266445 -0.00429942 -0.00057887
v 0.00289825 -0.00481946 -0.00062266
v 0.00266445 -0.00429942 -0.00057887
v 0.00268962 -0.00428940 -0.00056719
v 0.00268962 -0.00428940 -0.00056719
v 0.00290933 -0.00481505 -0.00061522
v 0.00268962 -0.00428940 -0.00056719
v 0.00269409 -0.00428763 -0.00056323
v 0.00269409 -0.00428763 -0.00056323
v 0.00291321 -0.00481351 -0.00061080
v 0.00269409 -0.00428763 -0.00056323
v 0.00291463 -0.00481294 -0.00060841
v 0.00291321 -0.00481351 -0.00061080
v 0.00291463 -0.00481294 -0.00060841
v 0.00313448 -0.00534009 -0.00065208
v 0.00354146 -0.00641309 -0.00069491
v 0.00354327 -0.00641237 -0.00068932
v 0.00373375 -0.00695597 -0.00068164
v 0.00373375 -0.00695597 -0.00068164
v 0.00354327 -0.00641237 -0.00068932
v 0.00373492 -0.00695551 -0.00067580
v 0.00373375 -0.00695597 -0.00068164
v 0.00373492 -0.00695551 -0.00067580
v 0.00391976 -0.00750210 -0.00065442
v 0.00391976 -0.00750210 -0.00065442
v 0.00373492 -0.00695551 -0.00067580
v 0.00392015 -0.00750194 -0.00064833
v 0.00391976 -0.00750210 -0.00065442
v 0.00392015 -0.00750194 -0.00064833
v 0.00425442 -0.00861056 -0.00057220
v 0.00425442 -0.00861056 -0.00057220
v 0.00392015 -0.00750194 -0.00064833
v 0.00425180 -0.00861160 -0.00056560
v 0.00425442 -0.00861056 -0.00057220
v 0.00425180 -0.00861160 -0.00056560
v 0.00451358 -0.00974785 -0.00047194
v 0.00451358 -0.00974785 -0.00047194
v 0.00425180 -0.00861160 -0.00056560
v 0.00450212 -0.00975241 -0.00045868
v 0.00451358 -0.00974785 -0.00047194
v 0.00450212 -0.00975241 -0.00045868
v 0.00468079 -0.01091591 -0.00035825
v 0.00468079 -0.01091591 -0.00035825
v 0.00450212 -0.00975241 -0.00045868
v 0.00461911 -0.01094046 -0.00032003
v 0.00468079 -0.01091591 -0.00035825
v 0.00461911 -0.01094046 -0.00032003
v 0.00472318 -0.01212612 -0.00022159
v 0.00472318 -0.01212612 -0.00022159
v 0.00461911 -0.01094046 -0.00032003
v 0.00460479 -0.01217324 -0.00017863
v 0.00472318 -0.01212612 -0.00022159
v 0.00460479 -0.01217324 -0.00017863
v 0.00467056 -0.01336652 -0.00008796
v 0.00467056 -0.01336652 -0.00008796
v 0.00460479 -0.01217324 -0.00017863
v 0.00443968 -0.01345842 -0.00003232
v 0.00467056 -0.01336652 -0.00008796
v 0.00443968 -0.01345842 -0.00003232
v 0.00444378 -0.01466088 0.00004912
v 0.00444378 -0.01466088 0.00004912
v 0.00443968 -0.01345842 -0.00003232
v 0.00397335 -0.01364404 0.00005390
v 0.00397335 -0.01364404 0.00005390
v 0.00302272 -0.00785915 -0.00025734
v 0.00330885 -0.00898693 -0.00020856
v 0.00350414 -0.00766753 -0.00042767
v 0.00350414 -0.00766753 -0.00042767
v 0.00330885 -0.00898693 -0.00020856
v 0.00381328 -0.00878615 -0.00036421
v 0.00381328 -0.00878615 -0.00036421
v 0.00374092 -0.00757328 -0.00052461
v 0.00381328 -0.00878615 -0.00036421
v 0.00406199 -0.00868715 -0.00045392
v 0.00406199 -0.00868715 -0.00045392
v 0.00385416 -0.00752821 -0.00058364
v 0.00406199 -0.00868715 -0.00045392
v 0.00418171 -0.00863950 -0.00050950
v 0.00418171 -0.00863950 -0.00050950
v 0.00390956 -0.00750616 -0.00062824
v 0.00418171 -0.00863950 -0.00050950
v 0.00424129 -0.00861578 -0.00055205
v 0.00390956 -0.00750616 -0.00062824
v 0.00424129 -0.00861578 -0.00055205
v 0.00391838 -0.00750265 -0.00064185
v 0.00205696 -0.00824357 0.00007399
v 0.00156641 -0.00596424 0.00010860
v 0.00109398 -0.00862687 0.00040936
v 0.00109398 -0.00862687 0.00040936
v 0.00156641 -0.00596424 0.00010860
v 0.00074682 -0.00629047 0.00046523
v 0.00109398 -0.00862687 0.00040936
v 0.00074682 -0.00629047 0.00046523
v 0.00060578 -0.00882119 0.00058426
v -0.00004987 -0.00722419 0.00081734
v -0.00000257 -0.00782376 0.00079756
v -0.00000047 -0.00782292 0.00079737
v -0.00004987 -0.00722419 0.00081734
v -0.00000047 -0.00782292 0.00079737
v -0.00008699 -0.00662236 0.00083665
v -0.00008699 -0.00662236 0.00083665
v -0.00000047 -0.00782292 0.00079737
v 0.00060578 -0.00882119 0.00058426
v -0.00008699 -0.00662236 0.00083665
v 0.00060578 -0.00882119 0.00058426
v 0.00033181 -0.00645566 0.00065069
v 0.00074682 -0.00629047 0.00046523
v 0.00033181 -0.00645566 0.00065069
v 0.00074682 -0.00629047 0.00046523
v 0.00060146 -0.00512058 0.00048829
v 0.00060146 -0.00512058 0.00048829
v 0.00074682 -0.00629047 0.00046523
v 0.00156641 -0.00596424 0.00010860
v 0.00096593 -0.01115995 0.00053718
v 0.00109398 -0.00862687 0.00040936
v 0.00096593 -0.01115995 0.00053718
v 0.00148800 -0.01095215 0.00039409
v 0.00148800 -0.01095215 0.00039409
v 0.00205696 -0.00824357 0.00007399
v 0.00148800 -0.01095215 0.00039409
v 0.00251701 -0.01054256 0.00012159
v 0.00354862 -0.01013194 -0.00014666
v 0.00354862 -0.01013194 -0.00014666
v 0.00251701 -0.01054256 0.00012159
v 0.00373342 -0.01129300 -0.00007907
v 0.00354862 -0.01013194 -0.00014666
v 0.00373342 -0.01129300 -0.00007907
v 0.00424420 -0.01108969 -0.00020014
v 0.00436048 -0.01227049 -0.00011483
v 0.00424420 -0.01108969 -0.00020014
v 0.00436048 -0.01227049 -0.00011483
v 0.00449678 -0.01098915 -0.00027275
v 0.00183435 -0.00220501 -0.00023153
v 0.00164663 -0.00167313 -0.00012389
v 0.00182604 -0.00220831 -0.00021421
v 0.00182604 -0.00220831 -0.00021421
v 0.00164663 -0.00167313 -0.00012389
v 0.00181440 -0.00221295 -0.00019950
v 0.00182604 -0.00220831 -0.00021421
v 0.00181440 -0.00221295 -0.00019950
v 0.00199553 -0.00274225 -0.00027033
v 0.00199553 -0.00274225 -0.00027033
v 0.00181440 -0.00221295 -0.00019950
v 0.00178761 -0.00222361 -0.00017685
v 0.00199553 -0.00274225 -0.00027033
v 0.00178761 -0.00222361 -0.00017685
v 0.00216829 -0.00327751 -0.00031933
v 0.00216829 -0.00327751 -0.00031933
v 0.00178761 -0.00222361 -0.00017685
v 0.00201973 -0.00333665 -0.00023360
v 0.00216829 -0.00327751 -0.00031933
v 0.00201973 -0.00333665 -0.00023360
v 0.00279808 -0.00547399 -0.00042559
v 0.00279808 -0.00547399 -0.00042559
v 0.00201973 -0.00333665 -0.00023360
v 0.00238878 -0.00563691 -0.00024429
v 0.00279808 -0.00547399 -0.00042559
v 0.00238878 -0.00563691 -0.00024429
v 0.00271426 -0.00674235 -0.00027925
v 0.00271426 -0.00674235 -0.00027925
v 0.00238878 -0.00563691 -0.00024429
v 0.00156641 -0.00596424 0.00010860
v 0.00271426 -0.00674235 -0.00027925
v 0.00156641 -0.00596424 0.00010860
v 0.00302272 -0.00785915 -0.00025734
v 0.00302272 -0.00785915 -0.00025734
v 0.00302272 -0.00785915 -0.00025734
v 0.00205696 -0.00824357 0.00007399
v 0.00330885 -0.00898693 -0.00020856
v 0.00354862 -0.01013194 -0.00014666
v 0.00330885 -0.00898693 -0.00020856
v 0.00354862 -0.01013194 -0.00014666
v 0.00381328 -0.00878615 -0.00036421
v 0.00381328 -0.00878615 -0.00036421
v 0.00381328 -0.00878615 -0.00036421
v 0.00406329 -0.00992708 -0.00028547
v 0.00406199 -0.00868715 -0.00045392
v 0.00406199 -0.00868715 -0.00045392
v 0.00406329 -0.00992708 -0.00028547
v 0.00431750 -0.00982590 -0.00036686
v 0.00406199 -0.00868715 -0.00045392
v 0.00431750 -0.00982590 -0.00036686
v 0.00418171 -0.00863950 -0.00050950
v 0.00418171 -0.00863950 -0.00050950
v 0.00431750 -0.00982590 -0.00036686
v 0.00444038 -0.00977698 -0.00041840
v 0.00418171 -0.00863950 -0.00050950
v 0.00444038 -0.00977698 -0.00041840
v 0.00424129 -0.00861578 -0.00055205
v 0.00356610 -0.01953150 0.00028804
v 0.00355934 -0.01953419 0.00028249
v 0.00393471 -0.01830548 0.00014601
v 0.00393471 -0.01830548 0.00014601
v 0.00355934 -0.01953419 0.00028249
v 0.00352085 -0.01954952 0.00026498
v 0.00393471 -0.01830548 0.00014601
v 0.00352085 -0.01954952 0.00026498
v 0.00383325 -0.01834587 0.00012358
v 0.00383325 -0.01834587 0.00012358
v 0.00352085 -0.01954952 0.00026498
v 0.00349212 -0.01956095 0.00025720
v 0.00383325 -0.01834587 0.00012358
v 0.00349212 -0.01956095 0.00025720
v 0.00362648 -0.01842817 0.00011029
v 0.00362648 -0.01842817 0.00011029
v 0.00349212 -0.01956095 0.00025720
v 0.00334342 -0.01962014 0.00024507
v 0.00362648 -0.01842817 0.00011029
v 0.00334342 -0.01962014 0.00024507
v 0.00311727 -0.01971016 0.00027759
v 0.00005224 -0.00842136 0.00077773
v -0.00000257 -0.00782376 0.00079756
v -0.00000367 -0.00782420 0.00079561
v 0.00005224 -0.00842136 0.00077773
v -0.00000367 -0.00782420 0.00079561
v 0.00005161 -0.00842161 0.00077556
v 0.00005161 -0.00842161 0.00077556
v -0.00000367 -0.00782420 0.00079561
v 0.00000650 -0.00782015 0.00078730
v 0.00005161 -0.00842161 0.00077556
v 0.00000650 -0.00782015 0.00078730
v 0.00012712 -0.00901172 0.00074663
v 0.00012712 -0.00901172 0.00074663
v 0.00000650 -0.00782015 0.00078730
v 0.00018264 -0.00898962 0.00071592
v 0.00012712 -0.00901172 0.00074663
v 0.00018264 -0.00898962 0.00071592
v 0.00051830 -0.01133813 0.00063987
v 0.00051830 -0.01133813 0.00063987
v 0.00018264 -0.00898962 0.00071592
v 0.00067817 -0.01127449 0.00057246
v 0.00051830 -0.01133813 0.00063987
v 0.00067817 -0.01127449 0.00057246
v 0.00111628 -0.01356181 0.00051040
v 0.00111628 -0.01356181 0.00051040
v 0.00067817 -0.01127449 0.00057246
v 0.00134189 -0.01347200 0.00042504
v 0.00111628 -0.01356181 0.00051040
v 0.00134189 -0.01347200 0.00042504
v 0.00182615 -0.01570280 0.00038532
v 0.00182615 -0.01570280 0.00038532
v 0.00134189 -0.01347200 0.00042504
v 0.00224358 -0.01553664 0.00025185
v 0.00182615 -0.01570280 0.00038532
v 0.00224358 -0.01553664 0.00025185
v 0.00246254 -0.01663986 0.00024788
v 0.00246254 -0.01663986 0.00024788
v 0.00224358 -0.01553664 0.00025185
v 0.00307536 -0.01520556 0.00002515
v 0.00307536 -0.01520556 0.00002515
v 0.00318918 -0.01635063 0.00005695
v 0.00307536 -0.01520556 0.00002515
v 0.00392177 -0.01486866 -0.00013380
v 0.00318918 -0.01635063 0.00005695
v 0.00392177 -0.01486866 -0.00013380
v 0.00392922 -0.01605606 -0.00006691
v 0.00392922 -0.01605606 -0.00006691
v 0.00392177 -0.01486866 -0.00013380
v 0.00430352 -0.01590708 -0.00008029
v 0.00392922 -0.01605606 -0.00006691
v 0.00430352 -0.01590708 -0.00008029
v 0.00418369 -0.01712429 0.00000667
v 0.00418369 -0.01712429 0.00000667
v 0.00430352 -0.01590708 -0.00008029
v 0.00433628 -0.01706355 0.00002752
v 0.00418369 -0.01712429 0.00000667
v 0.00433628 -0.01706355 0.00002752
v 0.00393471 -0.01830548 0.00014601
v 0.00393471 -0.01830548 0.00014601
v 0.00433628 -0.01706355 0.00002752
v 0.00398397 -0.01828588 0.00016411
v 0.00393471 -0.01830548 0.00014601
v 0.00398397 -0.01828588 0.00016411
v 0.00356610 -0.01953150 0.00028804
v 0.00356610 -0.01953150 0.00028804
v 0.00356610 -0.01953150 0.00028804
v 0.00402924 -0.01826786 0.00019192
v 0.00403930 -0.01826385 0.00020297
v 0.00448283 -0.01700522 0.00008232
v 0.00403930 -0.01826385 0.00020297
v 0.00448283 -0.01700522 0.00008232
v 0.00449775 -0.01699928 0.00009850
v 0.00449775 -0.01699928 0.00009850
v 0.00448283 -0.01700522 0.00008232
v 0.00461889 -0.01637419 0.00005242
v 0.00449775 -0.01699928 0.00009850
v 0.00461889 -0.01637419 0.00005242
v 0.00462189 -0.01637300 0.00006203
v 0.00462189 -0.01637300 0.00006203
v 0.00461889 -0.01637419 0.00005242
v 0.00469139 -0.01575269 0.00001169
v 0.00462189 -0.01637300 0.00006203
v 0.00469139 -0.01575269 0.00001169
v 0.00469179 -0.01575253 0.00001678
v 0.00469179 -0.01575253 0.00001678
v 0.00469139 -0.01575269 0.00001169
v 0.00480349 -0.01451770 -0.00008809
v 0.00469179 -0.01575253 0.00001678
v 0.00480349 -0.01451770 -0.00008809
v 0.00480453 -0.01451728 -0.00008259
v 0.00480453 -0.01451728 -0.00008259
v 0.00480349 -0.01451770 -0.00008809
v 0.00483629 -0.01390469 -0.00013227
v 0.00480453 -0.01451728 -0.00008259
v 0.00483629 -0.01390469 -0.00013227
v 0.00483630 -0.01390468 -0.00012942
v 0.00243555 -0.01890221 0.00041063
v 0.00243710 -0.01890159 0.00041266
v 0.00235043 -0.01866944 0.00042064
v 0.00235043 -0.01866944 0.00042064
v 0.00243710 -0.01890159 0.00041266
v 0.00226723 -0.01843515 0.00042945
v 0.00226723 -0.01843515 0.00042945
v 0.00243710 -0.01890159 0.00041266
v 0.00244018 -0.01890036 0.00041316
v 0.00226723 -0.01843515 0.00042945
v 0.00244018 -0.01890036 0.00041316
v 0.00210270 -0.01795261 0.00044729
v 0.00210270 -0.01795261 0.00044729
v 0.00244018 -0.01890036 0.00041316
v 0.00241771 -0.01782722 0.00041039
v 0.00210270 -0.01795261 0.00044729
v 0.00241771 -0.01782722 0.00041039
v 0.00188674 -0.01567868 0.00045054
v 0.00272827 -0.01770361 0.00037338
v 0.00188674 -0.01567868 0.00045054
v 0.00272827 -0.01770361 0.00037338
v 0.00251899 -0.01661739 0.00037626
v 0.00251899 -0.01661739 0.00037626
v 0.00251899 -0.01661739 0.00037626
v 0.00334023 -0.01746002 0.00030893
v 0.00326165 -0.01632178 0.00027758
v 0.00334484 -0.00587296 -0.00068308
v 0.00334508 -0.00587286 -0.00067720
v 0.00354327 -0.00641237 -0.00068932
v 0.00354327 -0.00641237 -0.00068932
v 0.00334508 -0.00587286 -0.00067720
v 0.00354306 -0.00641246 -0.00068324
v 0.00354327 -0.00641237 -0.00068932
v 0.00354306 -0.00641246 -0.00068324
v 0.00373492 -0.00695551 -0.00067580
v 0.00373492 -0.00695551 -0.00067580
v 0.00354306 -0.00641246 -0.00068324
v 0.00373400 -0.00695587 -0.00066952
v 0.00373492 -0.00695551 -0.00067580
v 0.00373400 -0.00695587 -0.00066952
v 0.00392015 -0.00750194 -0.00064833
v 0.00392015 -0.00750194 -0.00064833
v 0.00373400 -0.00695587 -0.00066952
v 0.00391838 -0.00750265 -0.00064185
v 0.00392015 -0.00750194 -0.00064833
v 0.00391838 -0.00750265 -0.00064185
v 0.00425180 -0.00861160 -0.00056560
v 0.00425180 -0.00861160 -0.00056560
v 0.00391838 -0.00750265 -0.00064185
v 0.00424129 -0.00861578 -0.00055205
v 0.00425180 -0.00861160 -0.00056560
v 0.00424129 -0.00861578 -0.00055205
v 0.00450212 -0.00975241 -0.00045868
v 0.00450212 -0.00975241 -0.00045868
v 0.00424129 -0.00861578 -0.00055205
v 0.00444038 -0.00977698 -0.00041840
v 0.00450212 -0.00975241 -0.00045868
v 0.00444038 -0.00977698 -0.00041840
v 0.00461911 -0.01094046 -0.00032003
v 0.00461911 -0.01094046 -0.00032003
v 0.00444038 -0.00977698 -0.00041840
v 0.00449678 -0.01098915 -0.00027275
v 0.00461911 -0.01094046 -0.00032003
v 0.00449678 -0.01098915 -0.00027275
v 0.00460479 -0.01217324 -0.00017863
v 0.00460479 -0.01217324 -0.00017863
v 0.00449678 -0.01098915 -0.00027275
v 0.00436048 -0.01227049 -0.00011483
v 0.00460479 -0.01217324 -0.00017863
v 0.00436048 -0.01227049 -0.00011483
v 0.00443968 -0.01345842 -0.00003232
v 0.00443968 -0.01345842 -0.00003232
v 0.00436048 -0.01227049 -0.00011483
v 0.00386682 -0.01246698 -0.00001144
v 0.00443968 -0.01345842 -0.00003232
v 0.00386682 -0.01246698 -0.00001144
v 0.00397335 -0.01364404 0.00005390
v 0.00397335 -0.01364404 0.00005390
v 0.00386682 -0.01246698 -0.00001144
v 0.00287772 -0.01286068 0.00018581
v 0.00397335 -0.01364404 0.00005390
v 0.00287772 -0.01286068 0.00018581
v 0.00401886 -0.01483001 0.00011850
v 0.00401886 -0.01483001 0.00011850
v 0.00287772 -0.01286068 0.00018581
v 0.00316752 -0.01516888 0.00024646
v 0.00401886 -0.01483001 0.00011850
v 0.00316752 -0.01516888 0.00024646
v 0.00400588 -0.01602555 0.00018328
v 0.00400588 -0.01602555 0.00018328
v 0.00316752 -0.01516888 0.00024646
v 0.00326165 -0.01632178 0.00027758
v 0.00400588 -0.01602555 0.00018328
v 0.00326165 -0.01632178 0.00027758
v 0.00395340 -0.01721596 0.00024886
v 0.00395340 -0.01721596 0.00024886
v 0.00326165 -0.01632178 0.00027758
v 0.00334023 -0.01746002 0.00030893
v 0.00334023 -0.01746002 0.00030893
v 0.00369079 -0.01840257 0.00031436
v 0.00334023 -0.01746002 0.00030893
v 0.00327694 -0.01856731 0.00034219
v 0.00369079 -0.01840257 0.00031436
v 0.00327694 -0.01856731 0.00034219
v 0.00325334 -0.01965599 0.00035043
v 0.00325334 -0.01965599 0.00035043
v 0.00286382 -0.01873174 0.00037372
v 0.00296565 -0.01977050 0.00036662
v 0.00296565 -0.01977050 0.00036662
v 0.00286382 -0.01873174 0.00037372
v 0.00241771 -0.01782722 0.00041039
v 0.00281335 -0.01983113 0.00037856
v 0.00281335 -0.01983113 0.00037856
v 0.00241771 -0.01782722 0.00041039
v 0.00244018 -0.01890036 0.00041316
v -0.00026324 -0.00203706 0.00051965
v -0.00026205 -0.00203721 0.00051646
v -0.00019199 -0.00240497 0.00056010
v -0.00019199 -0.00240497 0.00056010
v -0.00026205 -0.00203721 0.00051646
v -0.00018928 -0.00240389 0.00055618
v -0.00019199 -0.00240497 0.00056010
v -0.00018928 -0.00240389 0.00055618
v -0.00014963 -0.00299471 0.00062793
v -0.00014963 -0.00299471 0.00062793
v -0.00018928 -0.00240389 0.00055618
v -0.00013885 -0.00299042 0.00061900
v -0.00014963 -0.00299471 0.00062793
v -0.00013885 -0.00299042 0.00061900
v -0.00015132 -0.00420081 0.00074334
v -0.00015132 -0.00420081 0.00074334
v -0.00013885 -0.00299042 0.00061900
v -0.00006150 -0.00416506 0.00067779
v -0.00015132 -0.00420081 0.00074334
v -0.00006150 -0.00416506 0.00067779
v -0.00000085 -0.00536032 0.00073251
v -0.00000085 -0.00536032 0.00073251
v -0.00006150 -0.00416506 0.00067779
v 0.00015776 -0.00529719 0.00061896
v -0.00000085 -0.00536032 0.00073251
v 0.00015776 -0.00529719 0.00061896
v 0.00026400 -0.00648265 0.00059937
v 0.00026400 -0.00648265 0.00059937
v 0.00015776 -0.00529719 0.00061896
v 0.00065210 -0.00632818 0.00035718
v 0.00026400 -0.00648265 0.00059937
v 0.00065210 -0.00632818 0.00035718
v 0.00101158 -0.00865967 0.00028823
v 0.00101158 -0.00865967 0.00028823
v 0.00065210 -0.00632818 0.00035718
v 0.00168680 -0.00715132 -0.00013177
v 0.00101158 -0.00865967 0.00028823
v 0.00168680 -0.00715132 -0.00013177
v 0.00194225 -0.00828922 -0.00013915
v 0.00194225 -0.00828922 -0.00013915
v 0.00168680 -0.00715132 -0.00013177
v 0.00257795 -0.00679661 -0.00051250
v 0.00194225 -0.00828922 -0.00013915
v 0.00257795 -0.00679661 -0.00051250
v 0.00289840 -0.00790864 -0.00050016
v 0.00289840 -0.00790864 -0.00050016
v 0.00257795 -0.00679661 -0.00051250
v 0.00303868 -0.00661322 -0.00065517
v 0.00289840 -0.00790864 -0.00050016
v 0.00303868 -0.00661322 -0.00065517
v 0.00339007 -0.00771293 -0.00063183
v 0.00339007 -0.00771293 -0.00063183
v 0.00303868 -0.00661322 -0.00065517
v 0.00363982 -0.00761352 -0.00067668
v 0.00339007 -0.00771293 -0.00063183
v 0.00363982 -0.00761352 -0.00067668
v 0.00396683 -0.00872503 -0.00061161
v 0.00396683 -0.00872503 -0.00061161
v 0.00363982 -0.00761352 -0.00067668
v 0.00409903 -0.00867241 -0.00061900
v 0.00396683 -0.00872503 -0.00061161
v 0.00409903 -0.00867241 -0.00061900
v 0.00436209 -0.00980815 -0.00053144
v 0.00436209 -0.00980815 -0.00053144
v 0.00409903 -0.00867241 -0.00061900
v 0.00449886 -0.00975371 -0.00050680
v 0.00436209 -0.00980815 -0.00053144
v 0.00449886 -0.00975371 -0.00050680
v 0.00467809 -0.01091698 -0.00040603
v 0.00467809 -0.01091698 -0.00040603
v 0.00449886 -0.00975371 -0.00050680
v 0.00469083 -0.01091192 -0.00039549
v 0.00467809 -0.01091698 -0.00040603
v 0.00469083 -0.01091192 -0.00039549
v 0.00479238 -0.01209857 -0.00029382
v 0.00479238 -0.01209857 -0.00029382
v 0.00469083 -0.01091192 -0.00039549
v 0.00479594 -0.01209716 -0.00028809
v 0.00479238 -0.01209857 -0.00029382
v 0.00479594 -0.01209716 -0.00028809
v 0.00484033 -0.01329895 -0.00019295
v 0.00484033 -0.01329895 -0.00019295
v 0.00479594 -0.01209716 -0.00028809
v 0.00483026 -0.01269486 -0.00023449
v 0.00484033 -0.01329895 -0.00019295
v 0.00483026 -0.01269486 -0.00023449
v 0.00484342 -0.01329772 -0.00018731
v 0.00484342 -0.01329772 -0.00018731
v 0.00483026 -0.01269486 -0.00023449
v 0.00484429 -0.01329737 -0.00018444
v 0.00484342 -0.01329772 -0.00018731
v 0.00484429 -0.01329737 -0.00018444
v 0.00483577 -0.01390489 -0.00013511
v 0.00483577 -0.01390489 -0.00013511
v 0.00484429 -0.01329737 -0.00018444
v 0.00484467 -0.01329722 -0.00018153
v 0.00483577 -0.01390489 -0.00013511
v 0.00484467 -0.01329722 -0.00018153
v 0.00483629 -0.01390469 -0.00013227
v 0.00483629 -0.01390469 -0.00013227
v 0.00484467 -0.01329722 -0.00018153
v 0.00484456 -0.01329726 -0.00017860
v 0.00483629 -0.01390469 -0.00013227
v 0.00484456 -0.01329726 -0.00017860
v 0.00483630 -0.01390468 -0.00012942
v 0.00483630 -0.01390468 -0.00012942
v 0.00484456 -0.01329726 -0.00017860
v 0.00484393 -0.01329751 -0.00017566
v 0.00483630 -0.01390468 -0.00012942
v 0.00484393 -0.01329751 -0.00017566
v 0.00483490 -0.01390524 -0.00012368
v 0.00483490 -0.01390524 -0.00012368
v 0.00484393 -0.01329751 -0.00017566
v 0.00484122 -0.01329859 -0.00016977
v 0.00483490 -0.01390524 -0.00012368
v 0.00484122 -0.01329859 -0.00016977
v 0.00483181 -0.01390647 -0.00011796
v 0.00483181 -0.01390647 -0.00011796
v 0.00484122 -0.01329859 -0.00016977
v 0.00483688 -0.01330032 -0.00016393
v 0.00483181 -0.01390647 -0.00011796
v 0.00483688 -0.01330032 -0.00016393
v 0.00481012 -0.01331097 -0.00014264
v 0.00481012 -0.01331097 -0.00014264
v 0.00483688 -0.01330032 -0.00016393
v 0.00481836 -0.01269959 -0.00021052
v 0.00481012 -0.01331097 -0.00014264
v 0.00481836 -0.01269959 -0.00021052
v 0.00472318 -0.01212612 -0.00022159
v 0.00472318 -0.01212612 -0.00022159
v 0.00481836 -0.01269959 -0.00021052
v 0.00478291 -0.01210234 -0.00025766
v 0.00472318 -0.01212612 -0.00022159
v 0.00478291 -0.01210234 -0.00025766
v 0.00468079 -0.01091591 -0.00035825
v 0.00468079 -0.01091591 -0.00035825
v 0.00468079 -0.01091591 -0.00035825
v 0.00469218 -0.01091138 -0.00037104
v 0.00451358 -0.00974785 -0.00047194
v 0.00451358 -0.00974785 -0.00047194
v 0.00469218 -0.01091138 -0.00037104
v 0.00451672 -0.00974660 -0.00047850
v 0.00451358 -0.00974785 -0.00047194
v 0.00451672 -0.00974660 -0.00047850
v 0.00425442 -0.00861056 -0.00057220
v 0.00425442 -0.00861056 -0.00057220
v 0.00451672 -0.00974660 -0.00047850
v 0.00425479 -0.00861041 -0.00057849
v 0.00425442 -0.00861056 -0.00057220
v 0.00425479 -0.00861041 -0.00057849
v 0.00391976 -0.00750210 -0.00065442
v 0.00391976 -0.00750210 -0.00065442
v 0.00425479 -0.00861041 -0.00057849
v 0.00391713 -0.00750314 -0.00066003
v 0.00391976 -0.00750210 -0.00065442
v 0.00391713 -0.00750314 -0.00066003
v 0.00373375 -0.00695597 -0.00068164
v 0.00373375 -0.00695597 -0.00068164
v 0.00391713 -0.00750314 -0.00066003
v 0.00353777 -0.00641456 -0.00069999
v 0.00373375 -0.00695597 -0.00068164
v 0.00353777 -0.00641456 -0.00069999
v 0.00354146 -0.00641309 -0.00069491
v 0.00354146 -0.00641309 -0.00069491
v 0.00353777 -0.00641456 -0.00069999
v 0.00334270 -0.00587381 -0.00068845
v 0.00354146 -0.00641309 -0.00069491
v 0.00334270 -0.00587381 -0.00068845
v 0.00334484 -0.00587296 -0.00068308
v 0.00334484 -0.00587296 -0.00068308
v 0.00334270 -0.00587381 -0.00068845
v 0.00313368 -0.00534041 -0.00065476
v 0.00334484 -0.00587296 -0.00068308
v 0.00313368 -0.00534041 -0.00065476
v 0.00334508 -0.00587286 -0.00067720
v 0.00334508 -0.00587286 -0.00067720
v 0.00313368 -0.00534041 -0.00065476
v 0.00313448 -0.00534009 -0.00065208
v 0.00334508 -0.00587286 -0.00067720
v 0.00313448 -0.00534009 -0.00065208
v 0.00313483 -0.00533995 -0.00064928
v 0.00313483 -0.00533995 -0.00064928
v 0.00313448 -0.00534009 -0.00065208
v 0.00291463 -0.00481294 -0.00060841
v 0.00313483 -0.00533995 -0.00064928
v 0.00291463 -0.00481294 -0.00060841
v 0.00291566 -0.00481253 -0.00060589
v 0.00269742 -0.00428630 -0.00055883
v 0.00269742 -0.00428630 -0.00055883
v 0.00291629 -0.00481228 -0.00060325
v 0.00269742 -0.00428630 -0.00055883
v 0.00269946 -0.00428549 -0.00055398
v 0.00269946 -0.00428549 -0.00055398
v 0.00291655 -0.00481218 -0.00060050
v 0.00269946 -0.00428549 -0.00055398
v 0.00270013 -0.00428522 -0.00054871
v 0.00270013 -0.00428522 -0.00054871
v 0.00291596 -0.00481241 -0.00059470
v 0.00291596 -0.00481241 -0.00059470
v 0.00269942 -0.00428551 -0.00054305
v 0.00291093 -0.00481441 -0.00058229
v 0.00291093 -0.00481441 -0.00058229
v 0.00269942 -0.00428551 -0.00054305
v 0.00269749 -0.00428627 -0.00053711
v 0.00291093 -0.00481441 -0.00058229
v 0.00269749 -0.00428627 -0.00053711
v 0.00269086 -0.00428891 -0.00052489
v 0.00269086 -0.00428891 -0.00052489
v 0.00269749 -0.00428627 -0.00053711
v 0.00247362 -0.00376424 -0.00047068
v 0.00247362 -0.00376424 -0.00047068
v 0.00267238 -0.00429627 -0.00050244
v 0.00247362 -0.00376424 -0.00047068
v 0.00224060 -0.00324873 -0.00038736
v 0.00267238 -0.00429627 -0.00050244
v 0.00224060 -0.00324873 -0.00038736
v 0.00223398 -0.00325136 -0.00037695
v 0.00223398 -0.00325136 -0.00037695
v 0.00224060 -0.00324873 -0.00038736
v 0.00202607 -0.00273009 -0.00031231
v 0.00223398 -0.00325136 -0.00037695
v 0.00202607 -0.00273009 -0.00031231
v 0.00202178 -0.00273180 -0.00030250
v 0.00202178 -0.00273180 -0.00030250
v 0.00202607 -0.00273009 -0.00031231
v 0.00192894 -0.00246817 -0.00027720
v 0.00202178 -0.00273180 -0.00030250
v 0.00192894 -0.00246817 -0.00027720
v 0.00183435 -0.00220501 -0.00023153
v 0.00183435 -0.00220501 -0.00023153
v 0.00192894 -0.00246817 -0.00027720
v 0.00183601 -0.00220435 -0.00024034
v 0.00183435 -0.00220501 -0.00023153
v 0.00183601 -0.00220435 -0.00024034
v 0.00165159 -0.00167115 -0.00014016
v 0.00165159 -0.00167115 -0.00014016
v 0.00183601 -0.00220435 -0.00024034
v 0.00165135 -0.00167125 -0.00014796
v 0.00165159 -0.00167115 -0.00014016
v 0.00165135 -0.00167125 -0.00014796
v 0.00154124 -0.00135775 -0.00006798
v 0.00154124 -0.00135775 -0.00006798
v 0.00165135 -0.00167125 -0.00014796
v 0.00154135 -0.00135763 -0.00007617
v 0.00110647 -0.00173050 0.00013916
v 0.00095569 -0.00181813 0.00018673
v 0.00127043 -0.00182287 0.00006892
v 0.00127043 -0.00182287 0.00006892
v 0.00095569 -0.00181813 0.00018673
v 0.00078582 -0.00201576 0.00023460
v 0.00127043 -0.00182287 0.00006892
v 0.00078582 -0.00201576 0.00023460
v 0.00140986 -0.00237397 -0.00000298
v 0.00140986 -0.00237397 -0.00000298
v 0.00078582 -0.00201576 0.00023460
v 0.00089841 -0.00257755 0.00019647
v 0.00140986 -0.00237397 -0.00000298
v 0.00089841 -0.00257755 0.00019647
v 0.00171067 -0.00345966 -0.00008820
v 0.00171067 -0.00345966 -0.00008820
v 0.00089841 -0.00257755 0.00019647
v 0.00108659 -0.00370807 0.00019020
v 0.00171067 -0.00345966 -0.00008820
v 0.00108659 -0.00370807 0.00019020
v 0.00156641 -0.00596424 0.00010860
v 0.00046489 -0.00395553 0.00047106
v 0.00156641 -0.00596424 0.00010860
v 0.00046489 -0.00395553 0.00047106
v 0.00060146 -0.00512058 0.00048829
v 0.00060146 -0.00512058 0.00048829
v 0.00023435 -0.00526670 0.00066196
v 0.00033181 -0.00645566 0.00065069
v -0.00013964 -0.00541557 0.00083834
v 0.00033181 -0.00645566 0.00065069
v -0.00013964 -0.00541557 0.00083834
v -0.00011751 -0.00601985 0.00084810
v -0.00011751 -0.00601985 0.00084810
v -0.00013964 -0.00541557 0.00083834
v -0.00013414 -0.00571973 0.00084718
v -0.00011751 -0.00601985 0.00084810
v -0.00013414 -0.00571973 0.00084718
v -0.00012188 -0.00602159 0.00084889
v -0.00012188 -0.00602159 0.00084889
v -0.00013414 -0.00571973 0.00084718
v -0.00013601 -0.00572047 0.00084658
v -0.00013601 -0.00572047 0.00084658
v -0.00010768 -0.00632306 0.00084255
v -0.00012184 -0.00602158 0.00084555
v -0.00008854 -0.00662298 0.00083251
v -0.00010768 -0.00632306 0.00084255
v -0.00008854 -0.00662298 0.00083251
v -0.00009115 -0.00662402 0.00083558
v -0.00009115 -0.00662402 0.00083558
v -0.00008854 -0.00662298 0.00083251
v 0.00000650 -0.00782015 0.00078730
v -0.00009115 -0.00662402 0.00083558
v 0.00000650 -0.00782015 0.00078730
v -0.00000367 -0.00782420 0.00079561
v -0.00009115 -0.00662402 0.00083558
v -0.00000367 -0.00782420 0.00079561
v -0.00004987 -0.00722419 0.00081734
v -0.00004987 -0.00722419 0.00081734
v -0.00000367 -0.00782420 0.00079561
v -0.00000257 -0.00782376 0.00079756
v 0.00005224 -0.00842136 0.00077773
v -0.00000047 -0.00782292 0.00079737
v 0.00005224 -0.00842136 0.00077773
v 0.00011655 -0.00901593 0.00075782
v -0.00000047 -0.00782292 0.00079737
v 0.00011655 -0.00901593 0.00075782
v 0.00060578 -0.00882119 0.00058426
v 0.00060578 -0.00882119 0.00058426
v 0.00011655 -0.00901593 0.00075782
v 0.00044392 -0.01136774 0.00067841
v 0.00060578 -0.00882119 0.00058426
v 0.00044392 -0.01136774 0.00067841
v 0.00096593 -0.01115995 0.00053718
v 0.00096593 -0.01115995 0.00053718
v 0.00044392 -0.01136774 0.00067841
v 0.00088959 -0.01365204 0.00059968
v 0.00096593 -0.01115995 0.00053718
v 0.00088959 -0.01365204 0.00059968
v 0.00139008 -0.01345283 0.00049451
v 0.00139008 -0.01345283 0.00049451
v 0.00088959 -0.01365204 0.00059968
v 0.00101949 -0.01421170 0.00058017
v 0.00115694 -0.01476508 0.00056080
v 0.00101949 -0.01421170 0.00058017
v 0.00108534 -0.01448999 0.00057022
v 0.00115470 -0.01476597 0.00056062
v 0.00108534 -0.01448999 0.00057022
v 0.00115482 -0.01476592 0.00055748
v 0.00115470 -0.01476597 0.00056062
v 0.00115482 -0.01476592 0.00055748
v 0.00129631 -0.01531374 0.00054116
v 0.00214025 -0.01807718 0.00044111
v 0.00214025 -0.01807718 0.00044111
v 0.00209962 -0.01795383 0.00044366
v 0.00218294 -0.01819780 0.00043525
v 0.00218294 -0.01819780 0.00043525
v 0.00209962 -0.01795383 0.00044366
v 0.00210322 -0.01795240 0.00044141
v 0.00218294 -0.01819780 0.00043525
v 0.00210322 -0.01795240 0.00044141
v 0.00226613 -0.01843558 0.00042698
v 0.00226613 -0.01843558 0.00042698
v 0.00210322 -0.01795240 0.00044141
v 0.00243713 -0.01890158 0.00040909
v 0.00226613 -0.01843558 0.00042698
v 0.00243713 -0.01890158 0.00040909
v 0.00243555 -0.01890221 0.00041063
v 0.00243555 -0.01890221 0.00041063
v 0.00243713 -0.01890158 0.00040909
v 0.00279562 -0.01983819 0.00037869
v 0.00243555 -0.01890221 0.00041063
v 0.00279562 -0.01983819 0.00037869
v 0.00243710 -0.01890159 0.00041266
v 0.00279562 -0.01983819 0.00037869
v 0.00244018 -0.01890036 0.00041316
v 0.00279562 -0.01983819 0.00037869
v 0.00279817 -0.01983717 0.00037904
v 0.00244018 -0.01890036 0.00041316
v 0.00279817 -0.01983717 0.00037904
v 0.00281335 -0.01983113 0.00037856
v -0.00099324 0.00179789 0.00017484
v -0.00113956 0.00170889 0.00012876
v -0.00113979 0.00170874 0.00093220
v 0.00154124 -0.00135775 -0.00006798
v 0.00154135 -0.00135763 -0.00007617
v 0.00192648 -0.00071245 -0.00012640
v 0.00192648 -0.00071245 0.00093220
v 0.00153271 -0.00136738 -0.00004462
v 0.00153889 -0.00136041 -0.00005785
v 0.00154135 -0.00135763 -0.00007617
v 0.00153958 -0.00135963 -0.00008394
v 0.00192648 -0.00071245 -0.00012640
v 0.00192648 -0.00071245 -0.00012640
v 0.00153958 -0.00135963 -0.00008394
v 0.00153861 -0.00136073 -0.00008638
v 0.00192648 -0.00071245 -0.00012640
v 0.00153861 -0.00136073 -0.00008638
v 0.00153352 -0.00136647 -0.00009575
v 0.00153352 -0.00136647 -0.00009575
v 0.00153084 -0.00136947 -0.00009959
v 0.00192648 -0.00071245 -0.00012640
v 0.00192648 -0.00071245 -0.00012640
v 0.00153084 -0.00136947 -0.00009959
v 0.00150982 -0.00139261 -0.00012050
v 0.00192648 -0.00071245 -0.00012640
v 0.00150982 -0.00139261 -0.00012050
v 0.00150141 -0.00140167 -0.00012640
v 0.00128119 -0.00160545 0.00008375
v 0.00144778 -0.00145700 0.00001842
v 0.00147015 -0.00143443 0.00093220
v 0.00147015 -0.00143443 0.00093220
v 0.00144778 -0.00145700 0.00001842
v 0.00147088 -0.00143368 0.00000640
v 0.00147015 -0.00143443 0.00093220
v 0.00147088 -0.00143368 0.00000640
v 0.00192648 -0.00071245 0.00093220
v 0.00192648 -0.00071245 0.00093220
v 0.00147088 -0.00143368 0.00000640
v 0.00151900 -0.00138259 -0.00002807
v 0.00192648 -0.00071245 0.00093220
v 0.00151900 -0.00138259 -0.00002807
v 0.00153271 -0.00136738 -0.00004462
v 0.00075961 -0.00190838 0.00093220
v 0.00095569 -0.00181813 0.00018673
v 0.00147015 -0.00143443 0.00093220
v 0.00147015 -0.00143443 0.00093220
v 0.00095569 -0.00181813 0.00018673
v 0.00110647 -0.00173050 0.00013916
v 0.00147015 -0.00143443 0.00093220
v 0.00110647 -0.00173050 0.00013916
v 0.00128119 -0.00160545 0.00008375
v -0.00008227 -0.00205235 0.00093220
v -0.00004775 -0.00205344 0.00048064
v 0.00075961 -0.00190838 0.00093220
v 0.00075961 -0.00190838 0.00093220
v -0.00004775 -0.00205344 0.00048064
v 0.00034136 -0.00202544 0.00037689
v 0.00034136 -0.00202544 0.00037689
v 0.00058950 -0.00196759 0.00030233
v 0.00075961 -0.00190838 0.00093220
v 0.00075961 -0.00190838 0.00093220
v 0.00058950 -0.00196759 0.00030233
v 0.00075946 -0.00190844 0.00024919
v 0.00075961 -0.00190838 0.00093220
v 0.00075946 -0.00190844 0.00024919
v 0.00095569 -0.00181813 0.00018673
v -0.00023801 -0.00204016 0.00049746
v -0.00025782 -0.00203775 0.00051198
v -0.00090992 -0.00184146 -0.00012640
v -0.00090992 -0.00184146 -0.00012640
v -0.00025782 -0.00203775 0.00051198
v -0.00026205 -0.00203721 0.00051646
v -0.00090992 -0.00184146 -0.00012640
v -0.00026205 -0.00203721 0.00051646
v -0.00026324 -0.00203706 0.00051965
v -0.00008227 -0.00205235 -0.00012640
v -0.00008428 -0.00205227 0.00039949
v -0.00090992 -0.00184146 -0.00012640
v -0.00090992 -0.00184146 -0.00012640
v -0.00008428 -0.00205227 0.00039949
v -0.00015457 -0.00204818 0.00044546
v -0.00090992 -0.00184146 -0.00012640
v -0.00015457 -0.00204818 0.00044546
v -0.00023801 -0.00204016 0.00049746
v -0.00090992 -0.00184146 0.00093220
v -0.00026324 -0.00203706 0.00051965
v -0.00026189 -0.00203724 0.00052127
v -0.00090992 -0.00184146 0.00093220
v -0.00026189 -0.00203724 0.00052127
v -0.00008227 -0.00205235 0.00093220
v -0.00008227 -0.00205235 0.00093220
v -0.00026189 -0.00203724 0.00052127
v -0.00025944 -0.00203755 0.00052199
v -0.00008227 -0.00205235 0.00093220
v -0.00025944 -0.00203755 0.00052199
v -0.00024909 -0.00203884 0.00052204
v -0.00024909 -0.00203884 0.00052204
v -0.00020859 -0.00204338 0.00051522
v -0.00008227 -0.00205235 0.00093220
v -0.00008227 -0.00205235 0.00093220
v -0.00020859 -0.00204338 0.00051522
v -0.00008224 -0.00205235 0.00048820
v -0.00008227 -0.00205235 0.00093220
v -0.00008224 -0.00205235 0.00048820
v -0.00004775 -0.00205344 0.00048064
v 0.00103730 -0.00177283 -0.00012640
v 0.00078900 -0.00189642 -0.00004148
v 0.00075961 -0.00190838 -0.00012640
v 0.00075961 -0.00190838 -0.00012640
v 0.00078900 -0.00189642 -0.00004148
v 0.00053587 -0.00198287 0.00006918
v 0.00075961 -0.00190838 -0.00012640
v 0.00053587 -0.00198287 0.00006918
v -0.00008227 -0.00205235 -0.00012640
v -0.00008227 -0.00205235 -0.00012640
v 0.00053587 -0.00198287 0.00006918
v 0.00018661 -0.00204551 0.00024480
v -0.00008227 -0.00205235 -0.00012640
v 0.00018661 -0.00204551 0.00024480
v -0.00008428 -0.00205227 0.00039949
v -0.00151837 0.00138328 -0.00002748
v -0.00153321 0.00136682 -0.00004547
v -0.00173625 0.00109742 0.00093220
v -0.00151837 0.00138328 -0.00002748
v -0.00173625 0.00109742 0.00093220
v -0.00143854 0.00146613 0.00002288
v -0.00113979 0.00170874 0.00093220
v -0.00113956 0.00170889 0.00012876
v -0.00173625 0.00109742 0.00093220
v -0.00173625 0.00109742 0.00093220
v -0.00113956 0.00170889 0.00012876
v -0.00128490 0.00160248 0.00008250
v -0.00173625 0.00109742 0.00093220
v -0.00128490 0.00160248 0.00008250
v -0.00143854 0.00146613 0.00002288
v -0.00153963 0.00135958 -0.00006020
v -0.00154144 0.00135752 -0.00007022
v -0.00173625 0.00109742 -0.00012640
v -0.00173625 0.00109742 -0.00012640
v -0.00154144 0.00135752 -0.00007022
v -0.00154088 0.00135816 -0.00007926
v -0.00173625 0.00109742 -0.00012640
v -0.00154088 0.00135816 -0.00007926
v -0.00153821 0.00136119 -0.00008729
v -0.00153821 0.00136119 -0.00008729
v -0.00153276 0.00136732 -0.00009689
v -0.00173625 0.00109742 -0.00012640
v -0.00173625 0.00109742 -0.00012640
v -0.00153276 0.00136732 -0.00009689
v -0.00153086 0.00136945 -0.00009956
v -0.00173625 0.00109742 -0.00012640
v -0.00153086 0.00136945 -0.00009956
v -0.00150141 0.00140167 -0.00012640
v 0.00026269 0.00203713 0.00051747
v 0.00026271 0.00203713 0.00052069
v 0.00050718 0.00199040 -0.00012640
v 0.00017045 0.00204692 0.00045557
v 0.00024287 0.00203959 0.00050072
v 0.00050718 0.00199040 -0.00012640
v 0.00050718 0.00199040 -0.00012640
v 0.00024287 0.00203959 0.00050072
v 0.00025984 0.00203750 0.00051389
v 0.00050718 0.00199040 -0.00012640
v 0.00025984 0.00203750 0.00051389
v 0.00026269 0.00203713 0.00051747
v 0.00050718 0.00199040 0.00093220
v 0.00026271 0.00203713 0.00052069
v -0.00034624 0.00202461 0.00093220
v -0.00034624 0.00202461 0.00093220
v 0.00026271 0.00203713 0.00052069
v 0.00026091 0.00203736 0.00052165
v 0.00026091 0.00203736 0.00052165
v 0.00025810 0.00203772 0.00052216
v -0.00034624 0.00202461 0.00093220
v -0.00034624 0.00202461 0.00093220
v 0.00025810 0.00203772 0.00052216
v 0.00025239 0.00203843 0.00052225
v -0.00034624 0.00202461 0.00093220
v 0.00025239 0.00203843 0.00052225
v 0.00020726 0.00204352 0.00051494
v 0.00020726 0.00204352 0.00051494
v 0.00002776 0.00205381 0.00047603
v -0.00034624 0.00202461 0.00093220
v -0.00034624 0.00202461 0.00093220
v 0.00002776 0.00205381 0.00047603
v -0.00032766 0.00202770 0.00038087
v -0.00034624 0.00202461 0.00093220
v -0.00032766 0.00202770 0.00038087
v -0.00113979 0.00170874 0.00093220
v -0.00113979 0.00170874 0.00093220
v -0.00032766 0.00202770 0.00038087
v -0.00062728 0.00195587 0.00029065
v -0.00113979 0.00170874 0.00093220
v -0.00062728 0.00195587 0.00029065
v -0.00099324 0.00179789 0.00017484
v -0.00103730 0.00177283 -0.00012640
v -0.00080710 0.00188879 -0.00004869
v -0.00034624 0.00202461 -0.00012640
v -0.00034624 0.00202461 -0.00012640
v -0.00080710 0.00188879 -0.00004869
v -0.00057683 0.00197134 0.00005024
v -0.00057683 0.00197134 0.00005024
v -0.00042594 0.00200935 0.00012184
v -0.00034624 0.00202461 -0.00012640
v -0.00034624 0.00202461 -0.00012640
v -0.00042594 0.00200935 0.00012184
v -0.00034543 0.00202475 0.00016202
v -0.00034624 0.00202461 -0.00012640
v -0.00034543 0.00202475 0.00016202
v 0.00050718 0.00199040 -0.00012640
v 0.00050718 0.00199040 -0.00012640
v -0.00034543 0.00202475 0.00016202
v -0.00012361 0.00205028 0.00027898
v 0.00050718 0.00199040 -0.00012640
v -0.00012361 0.00205028 0.00027898
v 0.00017045 0.00204692 0.00045557
v 0.00050718 0.00199040 0.00093220
v 0.00050718 0.00199040 -0.00012640
v 0.00050718 0.00199040 0.00093220
v 0.00127290 0.00161203 0.00093220
v 0.00127290 0.00161203 -0.00012640
v 0.00127290 0.00161203 -0.00012640
v 0.00127290 0.00161203 0.00093220
v 0.00181852 0.00095493 0.00093220
v 0.00181852 0.00095493 -0.00012640
v 0.00181852 0.00095493 -0.00012640
v 0.00181852 0.00095493 0.00093220
v 0.00204971 0.00013271 0.00093220
v 0.00204971 0.00013271 -0.00012640
v 0.00204971 0.00013271 -0.00012640
v 0.00204971 0.00013271 0.00093220
v 0.00192648 -0.00071245 0.00093220
v 0.00192648 -0.00071245 -0.00012640
v 0.00192648 -0.00071245 0.00093220
v 0.00153889 -0.00136041 -0.00005785
v 0.00192648 -0.00071245 -0.00012640
v 0.00153889 -0.00136041 -0.00005785
v 0.00154124 -0.00135775 -0.00006798
v -0.00026324 -0.00203706 0.00051965
v -0.00090992 -0.00184146 0.00093220
v -0.00090992 -0.00184146 -0.00012640
v -0.00090992 -0.00184146 -0.00012640
v -0.00090992 -0.00184146 0.00093220
v -0.00158024 -0.00131215 0.00093220
v -0.00158024 -0.00131215 -0.00012640
v -0.00158024 -0.00131215 -0.00012640
v -0.00158024 -0.00131215 0.00093220
v -0.00197732 -0.00055597 0.00093220
v -0.00197732 -0.00055597 -0.00012640
v -0.00197732 -0.00055597 -0.00012640
v -0.00197732 -0.00055597 0.00093220
v -0.00203251 0.00029635 0.00093220
v -0.00203251 0.00029635 -0.00012640
v -0.00203251 0.00029635 -0.00012640
v -0.00203251 0.00029635 0.00093220
v -0.00173625 0.00109742 0.00093220
v -0.00173625 0.00109742 -0.00012640
v -0.00173625 0.00109742 -0.00012640
v -0.00173625 0.00109742 0.00093220
v -0.00153321 0.00136682 -0.00004547
v -0.00173625 0.00109742 -0.00012640
v -0.00153321 0.00136682 -0.00004547
v -0.00153963 0.00135958 -0.00006020
v 0.00125077 -0.00018237 0.00093220
v 0.00204971 0.00013271 0.00093220
v 0.00117439 0.00046745 0.00093220
v 0.00181852 0.00095493 0.00093220
v 0.00078332 0.00099202 0.00093220
v 0.00127290 0.00161203 0.00093220
v 0.00018237 0.00125078 0.00093220
v 0.00050718 0.00199040 0.00093220
v -0.00046745 0.00117439 0.00093220
v -0.00078332 -0.00099202 0.00093220
v -0.00090992 -0.00184146 0.00093220
v -0.00018237 -0.00125078 0.00093220
v -0.00008227 -0.00205235 0.00093220
v 0.00046745 -0.00117439 0.00093220
v 0.00075961 -0.00190838 0.00093220
v 0.00099202 -0.00078332 0.00093220
v 0.00147015 -0.00143443 0.00093220
v 0.00192648 -0.00071245 0.00093220
v -0.00034624 0.00202461 0.00093220
v -0.00113979 0.00170874 0.00093220
v -0.00099202 0.00078332 0.00093220
v -0.00173625 0.00109742 0.00093220
v -0.00125077 0.00018237 0.00093220
v -0.00203251 0.00029635 0.00093220
v -0.00117439 -0.00046745 0.00093220
v -0.00197732 -0.00055597 0.00093220
v -0.00158024 -0.00131215 0.00093220
v 0.00107785 -0.00152481 -0.00012640
v 0.00103730 -0.00177283 -0.00012640
v 0.00075961 -0.00190838 -0.00012640
v 0.00142666 -0.00135386 -0.00012640
v 0.00133114 -0.00132907 -0.00012640
v 0.00119959 -0.00102829 -0.00012640
v 0.00152771 0.00040311 -0.00012640
v 0.00204971 0.00013271 -0.00012640
v 0.00154006 -0.00035303 -0.00012640
v 0.00192648 -0.00071245 -0.00012640
v 0.00150141 -0.00140167 -0.00012640
v -0.00109926 0.00147211 -0.00012640
v -0.00103730 0.00177283 -0.00012640
v -0.00034624 0.00202461 -0.00012640
v -0.00143024 0.00135552 -0.00012640
v -0.00134636 0.00133055 -0.00012640
v -0.00141082 0.00071133 -0.00012640
v 0.00058432 -0.00146798 -0.00012640
v -0.00127451 0.00133142 -0.00012640
v -0.00120685 0.00135306 -0.00012640
v -0.00091865 0.00128549 -0.00012640
v -0.00115054 0.00139613 -0.00012640
v -0.00021603 0.00156516 -0.00012640
v 0.00053609 0.00148627 -0.00012640
v 0.00050718 0.00199040 -0.00012640
v 0.00116539 0.00106690 -0.00012640
v 0.00127290 0.00161203 -0.00012640
v 0.00181852 0.00095493 -0.00012640
v -0.00016482 -0.00157138 -0.00012640
v -0.00008227 -0.00205235 -0.00012640
v -0.00087620 -0.00131479 -0.00012640
v -0.00090992 -0.00184146 -0.00012640
v -0.00138685 -0.00075700 -0.00012640
v -0.00150141 0.00140167 -0.00012640
v -0.00173625 0.00109742 -0.00012640
v -0.00203251 0.00029635 -0.00012640
v -0.00157979 -0.00002579 -0.00012640
v -0.00197732 -0.00055597 -0.00012640
v -0.00158024 -0.00131215 -0.00012640
v -0.00281093 0.01983209 0.00037060
v -0.00293185 0.01978396 0.00032825
v -0.00296565 0.01977050 0.00036662
v -0.00325334 0.01965599 0.00035043
v -0.00311727 0.01971016 0.00027759
v -0.00334342 0.01962014 0.00024507
v -0.00353005 0.01954585 0.00033150
v -0.00349212 0.01956095 0.00025720
v -0.00352085 0.01954952 0.00026498
v -0.00281335 0.01983112 0.00037856
v -0.00279817 0.01983717 0.00037904
v -0.00279483 0.01983850 0.00037828
v -0.00356610 0.01953150 0.00028804
v -0.00357412 0.01952831 0.00029948
v -0.00357483 0.01952803 0.00030502
v -0.00357280 0.01952883 0.00031072
v -0.00357010 0.01952991 0.00031435
v -0.00355934 0.01953419 0.00028249
v -0.00356221 0.01953305 0.00032065
v -0.00355736 0.01953498 0.00032308
v -0.00334477 0.00587277 -0.00068307
v -0.00354320 0.00641219 -0.00068932
v -0.00354140 0.00641291 -0.00069491
v -0.00291621 0.00481208 -0.00060324
v -0.00291647 0.00481198 -0.00060048
v -0.00313417 0.00533999 -0.00064332
v -0.00247393 0.00376387 -0.00050169
v -0.00223896 0.00324913 -0.00042549
v -0.00224233 0.00324779 -0.00042168
v -0.00166547 0.00227195 -0.00010859
v -0.00140980 0.00237372 -0.00000296
v -0.00171059 0.00345944 -0.00008818
v -0.00200940 0.00273646 -0.00028454
v -0.00202170 0.00273157 -0.00030247
v -0.00183426 0.00220477 -0.00023149
v -0.00213254 0.00298885 -0.00037318
v -0.00213048 0.00298967 -0.00037732
v -0.00202267 0.00273118 -0.00033878
v -0.00192718 0.00246861 -0.00029444
v -0.00183196 0.00220568 -0.00025629
v -0.00183522 0.00220439 -0.00024866
v -0.00266610 0.00552630 -0.00061237
v -0.00224442 0.00569415 -0.00046818
v -0.00155273 0.00352227 -0.00029530
v 0.00018079 0.00240023 0.00054837
v 0.00011763 0.00237509 0.00050241
v 0.00006625 0.00296124 0.00056733
v -0.00393472 0.01830547 0.00014601
v -0.00383325 0.01834585 0.00012358
v -0.00418370 0.01712425 0.00000667
v -0.00418370 0.01712425 0.00000667
v -0.00387605 0.01724671 0.00000395
v -0.00392922 0.01605601 -0.00006691
v -0.00141515 0.01098100 0.00026504
v -0.00241802 0.01058181 -0.00010252
v -0.00279244 0.01289452 -0.00004162
v -0.00064998 0.01252021 0.00063810
v -0.00044137 0.01136860 0.00067767
v -0.00044296 0.01136797 0.00067550
v -0.00427219 0.01763707 0.00020743
v -0.00425792 0.01764275 0.00021573
v -0.00402204 0.01827071 0.00025955
v -0.00479179 0.01452228 -0.00010389
v -0.00480086 0.01451868 -0.00009351
v -0.00468972 0.01575330 0.00000663
v -0.00424418 0.01108957 -0.00020015
v -0.00406326 0.00992694 -0.00028548
v -0.00354859 0.01013180 -0.00014667
v -0.00160993 0.00168745 -0.00018584
v -0.00150141 0.00140167 -0.00012640
v -0.00153086 0.00136945 -0.00009956
v -0.00151837 0.00138328 -0.00002748
v -0.00178753 0.00222337 -0.00017682
v -0.00181432 0.00221271 -0.00019947
v -0.00099324 0.00179789 0.00017484
v -0.00062728 0.00195587 0.00029065
v -0.00078576 0.00201550 0.00023464
v 0.00024028 0.00211715 0.00053051
v 0.00018809 0.00240313 0.00056218
v 0.00017812 0.00239916 0.00056028
v 0.00026091 0.00203736 0.00052165
v 0.00026271 0.00203713 0.00052069
v 0.00024392 0.00211860 0.00052949
v -0.00042594 0.00200935 0.00012184
v -0.00057683 0.00197134 0.00005024
v -0.00064853 0.00207013 0.00003162
v -0.00019869 0.00224918 0.00028214
v -0.00012361 0.00205028 0.00027898
v -0.00034543 0.00202475 0.00016202
v 0.00018932 0.00240362 0.00055615
v 0.00025984 0.00203750 0.00051389
v 0.00018079 0.00240023 0.00054837
v 0.00018079 0.00240023 0.00054837
v 0.00025984 0.00203750 0.00051389
v 0.00024287 0.00203959 0.00050072
v 0.00018079 0.00240023 0.00054837
v 0.00024287 0.00203959 0.00050072
v 0.00011763 0.00237509 0.00050241
v 0.00026271 0.00203713 0.00052069
v 0.00026269 0.00203713 0.00051747
v 0.00024392 0.00211860 0.00052949
v 0.00024392 0.00211860 0.00052949
v 0.00026269 0.00203713 0.00051747
v 0.00019157 0.00240447 0.00055904
v 0.00024392 0.00211860 0.00052949
v 0.00019157 0.00240447 0.00055904
v 0.00019212 0.00240474 0.00056095
v 0.00026091 0.00203736 0.00052165
v 0.00024392 0.00211860 0.00052949
v 0.00025810 0.00203772 0.00052216
v 0.00002776 0.00205381 0.00047603
v 0.00020726 0.00204352 0.00051494
v 0.00017812 0.00239916 0.00056028
v 0.00017812 0.00239916 0.00056028
v 0.00020726 0.00204352 0.00051494
v 0.00025239 0.00203843 0.00052225
v 0.00017812 0.00239916 0.00056028
v 0.00025239 0.00203843 0.00052225
v 0.00024028 0.00211715 0.00053051
v -0.00166547 0.00227195 -0.00010859
v -0.00143854 0.00146613 0.00002288
v -0.00128490 0.00160248 0.00008250
v -0.00140980 0.00237372 -0.00000296
v -0.00166547 0.00227195 -0.00010859
v -0.00127036 0.00182261 0.00006896
v -0.00127036 0.00182261 0.00006896
v -0.00166547 0.00227195 -0.00010859
v -0.00128490 0.00160248 0.00008250
v -0.00127036 0.00182261 0.00006896
v -0.00128490 0.00160248 0.00008250
v -0.00113956 0.00170889 0.00012876
v -0.00151837 0.00138328 -0.00002748
v -0.00181432 0.00221271 -0.00019947
v -0.00153321 0.00136682 -0.00004547
v -0.00153321 0.00136682 -0.00004547
v -0.00181432 0.00221271 -0.00019947
v -0.00164654 0.00167288 -0.00012384
v -0.00153321 0.00136682 -0.00004547
v -0.00164654 0.00167288 -0.00012384
v -0.00153963 0.00135958 -0.00006020
v -0.00153821 0.00136119 -0.00008729
v -0.00154088 0.00135816 -0.00007926
v -0.00165032 0.00167137 -0.00015160
v -0.00165032 0.00167137 -0.00015160
v -0.00154088 0.00135816 -0.00007926
v -0.00165126 0.00167100 -0.00014791
v -0.00165032 0.00167137 -0.00015160
v -0.00165126 0.00167100 -0.00014791
v -0.00183592 0.00220411 -0.00024030
v -0.00125198 0.00243654 -0.00019913
v -0.00103730 0.00177283 -0.00012640
v -0.00151813 0.00233060 -0.00027296
v -0.00151813 0.00233060 -0.00027296
v -0.00103730 0.00177283 -0.00012640
v -0.00109926 0.00147211 -0.00012640
v -0.00109926 0.00147211 -0.00012640
v -0.00115054 0.00139613 -0.00012640
v -0.00151813 0.00233060 -0.00027296
v -0.00151813 0.00233060 -0.00027296
v -0.00115054 0.00139613 -0.00012640
v -0.00127451 0.00133142 -0.00012640
v -0.00151813 0.00233060 -0.00027296
v -0.00127451 0.00133142 -0.00012640
v -0.00148993 0.00173521 -0.00020509
v -0.00148993 0.00173521 -0.00020509
v -0.00127451 0.00133142 -0.00012640
v -0.00134636 0.00133055 -0.00012640
v -0.00148993 0.00173521 -0.00020509
v -0.00134636 0.00133055 -0.00012640
v -0.00143024 0.00135552 -0.00012640
v -0.00406326 0.00992694 -0.00028548
v -0.00424418 0.01108957 -0.00020015
v -0.00431747 0.00982576 -0.00036687
v -0.00431747 0.00982576 -0.00036687
v -0.00424418 0.01108957 -0.00020015
v -0.00449676 0.01098903 -0.00027276
v -0.00431747 0.00982576 -0.00036687
v -0.00449676 0.01098903 -0.00027276
v -0.00444036 0.00977684 -0.00041841
v -0.00479665 0.01209676 -0.00027607
v -0.00483013 0.01269481 -0.00022853
v -0.00479744 0.01209645 -0.00028216
v -0.00479744 0.01209645 -0.00028216
v -0.00483013 0.01269481 -0.00022853
v -0.00483046 0.01269467 -0.00023153
v -0.00484392 0.01329742 -0.00017567
v -0.00484456 0.01329717 -0.00017861
v -0.00483013 0.01269481 -0.00022853
v -0.00483013 0.01269481 -0.00022853
v -0.00484456 0.01329717 -0.00017861
v -0.00484467 0.01329713 -0.00018154
v -0.00483013 0.01269481 -0.00022853
v -0.00484467 0.01329713 -0.00018154
v -0.00483046 0.01269467 -0.00023153
v -0.00481012 0.01331088 -0.00014265
v -0.00478104 0.01452656 -0.00005074
v -0.00483181 0.01390638 -0.00011797
v -0.00483181 0.01390638 -0.00011797
v -0.00478104 0.01452656 -0.00005074
v -0.00480155 0.01451840 -0.00007151
v -0.00483181 0.01390638 -0.00011797
v -0.00480155 0.01451840 -0.00007151
v -0.00483491 0.01390515 -0.00012369
v -0.00483491 0.01390515 -0.00012369
v -0.00480155 0.01451840 -0.00007151
v -0.00480384 0.01451749 -0.00007704
v -0.00483491 0.01390515 -0.00012369
v -0.00480384 0.01451749 -0.00007704
v -0.00483631 0.01390460 -0.00012942
v -0.00483631 0.01390460 -0.00012942
v -0.00480384 0.01451749 -0.00007704
v -0.00480453 0.01451721 -0.00008259
v -0.00436047 0.01227038 -0.00011484
v -0.00373341 0.01129288 -0.00007908
v -0.00386681 0.01246688 -0.00001145
v -0.00386681 0.01246688 -0.00001145
v -0.00373341 0.01129288 -0.00007908
v -0.00251698 0.01054242 0.00012159
v -0.00386681 0.01246688 -0.00001145
v -0.00251698 0.01054242 0.00012159
v -0.00287771 0.01286058 0.00018581
v -0.00469179 0.01575248 0.00001678
v -0.00480453 0.01451721 -0.00008259
v -0.00469084 0.01575285 0.00002187
v -0.00469084 0.01575285 0.00002187
v -0.00480453 0.01451721 -0.00008259
v -0.00480384 0.01451749 -0.00007704
v -0.00469084 0.01575285 0.00002187
v -0.00480384 0.01451749 -0.00007704
v -0.00468867 0.01575372 0.00002691
v -0.00468867 0.01575372 0.00002691
v -0.00480384 0.01451749 -0.00007704
v -0.00480155 0.01451840 -0.00007151
v -0.00468867 0.01575372 0.00002691
v -0.00480155 0.01451840 -0.00007151
v -0.00468134 0.01575664 0.00003666
v -0.00468134 0.01575664 0.00003666
v -0.00480155 0.01451840 -0.00007151
v -0.00478104 0.01452656 -0.00005074
v -0.00468134 0.01575664 0.00003666
v -0.00478104 0.01452656 -0.00005074
v -0.00467129 0.01576063 0.00004563
v -0.00456120 0.01580446 0.00009181
v -0.00464918 0.01576944 0.00005980
v -0.00475504 0.01453691 -0.00003499
v -0.00462190 0.01637295 0.00006203
v -0.00469179 0.01575248 0.00001678
v -0.00462185 0.01637297 0.00006687
v -0.00462185 0.01637297 0.00006687
v -0.00469179 0.01575248 0.00001678
v -0.00469084 0.01575285 0.00002187
v -0.00462185 0.01637297 0.00006687
v -0.00469084 0.01575285 0.00002187
v -0.00462076 0.01637341 0.00007168
v -0.00462076 0.01637341 0.00007168
v -0.00469084 0.01575285 0.00002187
v -0.00468867 0.01575372 0.00002691
v -0.00462076 0.01637341 0.00007168
v -0.00468867 0.01575372 0.00002691
v -0.00461867 0.01637423 0.00007644
v -0.00461867 0.01637423 0.00007644
v -0.00468867 0.01575372 0.00002691
v -0.00468134 0.01575664 0.00003666
v -0.00461867 0.01637423 0.00007644
v -0.00468134 0.01575664 0.00003666
v -0.00461573 0.01637541 0.00008109
v -0.00461573 0.01637541 0.00008109
v -0.00468134 0.01575664 0.00003666
v -0.00467129 0.01576063 0.00004563
v -0.00429765 0.01762694 0.00017361
v -0.00450194 0.01699758 0.00012515
v -0.00449701 0.01699954 0.00013377
v -0.00449701 0.01699954 0.00013377
v -0.00450194 0.01699758 0.00012515
v -0.00460784 0.01637854 0.00008992
v -0.00449701 0.01699954 0.00013377
v -0.00460784 0.01637854 0.00008992
v -0.00448992 0.01700236 0.00014181
v -0.00448992 0.01700236 0.00014181
v -0.00460784 0.01637854 0.00008992
v -0.00464918 0.01576944 0.00005980
v -0.00448992 0.01700236 0.00014181
v -0.00464918 0.01576944 0.00005980
v -0.00448163 0.01700566 0.00014897
v -0.00481012 0.01331088 -0.00014265
v -0.00472317 0.01212601 -0.00022160
v -0.00478188 0.01332212 -0.00012746
v -0.00478188 0.01332212 -0.00012746
v -0.00472317 0.01212601 -0.00022160
v -0.00467055 0.01336643 -0.00008797
v -0.00478188 0.01332212 -0.00012746
v -0.00467055 0.01336643 -0.00008797
v -0.00465414 0.01457707 0.00000145
v -0.00465414 0.01457707 0.00000145
v -0.00467055 0.01336643 -0.00008797
v -0.00444378 0.01466080 0.00004912
v -0.00465414 0.01457707 0.00000145
v -0.00444378 0.01466080 0.00004912
v -0.00437736 0.01587763 0.00013083
v -0.00437736 0.01587763 0.00013083
v -0.00444378 0.01466080 0.00004912
v -0.00401886 0.01482994 0.00011850
v -0.00437736 0.01587763 0.00013083
v -0.00401886 0.01482994 0.00011850
v -0.00400588 0.01602549 0.00018328
v -0.00404617 0.01826110 0.00021529
v -0.00429723 0.01762710 0.00016574
v -0.00429765 0.01762694 0.00017361
v -0.00429765 0.01762694 0.00017361
v -0.00429723 0.01762710 0.00016574
v -0.00450332 0.01699703 0.00012071
v -0.00429765 0.01762694 0.00017361
v -0.00450332 0.01699703 0.00012071
v -0.00450194 0.01699758 0.00012515
v -0.00450227 0.01699745 0.00010727
v -0.00450347 0.01699697 0.00011174
v -0.00429723 0.01762710 0.00016574
v -0.00429723 0.01762710 0.00016574
v -0.00450347 0.01699697 0.00011174
v -0.00450385 0.01699682 0.00011623
v -0.00429723 0.01762710 0.00016574
v -0.00450385 0.01699682 0.00011623
v -0.00450332 0.01699703 0.00012071
v -0.00404617 0.01826110 0.00021529
v -0.00403930 0.01826384 0.00020297
v -0.00429723 0.01762710 0.00016574
v -0.00429723 0.01762710 0.00016574
v -0.00403930 0.01826384 0.00020297
v -0.00449776 0.01699924 0.00009850
v -0.00429723 0.01762710 0.00016574
v -0.00449776 0.01699924 0.00009850
v -0.00450227 0.01699745 0.00010727
v -0.00450227 0.01699745 0.00010727
v -0.00449776 0.01699924 0.00009850
v -0.00462190 0.01637295 0.00006203
v -0.00450227 0.01699745 0.00010727
v -0.00462190 0.01637295 0.00006203
v -0.00450347 0.01699697 0.00011174
v -0.00450347 0.01699697 0.00011174
v -0.00462190 0.01637295 0.00006203
v -0.00462185 0.01637297 0.00006687
v -0.00450347 0.01699697 0.00011174
v -0.00462185 0.01637297 0.00006687
v -0.00450385 0.01699682 0.00011623
v -0.00450385 0.01699682 0.00011623
v -0.00462185 0.01637297 0.00006687
v -0.00462076 0.01637341 0.00007168
v -0.00450385 0.01699682 0.00011623
v -0.00462076 0.01637341 0.00007168
v -0.00450332 0.01699703 0.00012071
v -0.00450332 0.01699703 0.00012071
v -0.00462076 0.01637341 0.00007168
v -0.00461867 0.01637423 0.00007644
v -0.00450332 0.01699703 0.00012071
v -0.00461867 0.01637423 0.00007644
v -0.00450194 0.01699758 0.00012515
v -0.00450194 0.01699758 0.00012515
v -0.00461867 0.01637423 0.00007644
v -0.00461573 0.01637541 0.00008109
v -0.00450194 0.01699758 0.00012515
v -0.00461573 0.01637541 0.00008109
v -0.00460784 0.01637854 0.00008992
v -0.00461573 0.01637541 0.00008109
v -0.00467129 0.01576063 0.00004563
v -0.00460784 0.01637854 0.00008992
v -0.00467129 0.01576063 0.00004563
v -0.00464918 0.01576944 0.00005980
v -0.00464918 0.01576944 0.00005980
v -0.00467129 0.01576063 0.00004563
v -0.00478104 0.01452656 -0.00005074
v -0.00464918 0.01576944 0.00005980
v -0.00478104 0.01452656 -0.00005074
v -0.00475504 0.01453691 -0.00003499
v -0.00475504 0.01453691 -0.00003499
v -0.00478104 0.01452656 -0.00005074
v -0.00481012 0.01331088 -0.00014265
v -0.00428568 0.01763170 0.00019590
v -0.00404246 0.01826258 0.00024059
v -0.00429140 0.01762942 0.00018891
v -0.00429140 0.01762942 0.00018891
v -0.00404246 0.01826258 0.00024059
v -0.00404759 0.01826054 0.00022813
v -0.00429140 0.01762942 0.00018891
v -0.00404759 0.01826054 0.00022813
v -0.00429560 0.01762775 0.00018140
v -0.00429560 0.01762775 0.00018140
v -0.00404759 0.01826054 0.00022813
v -0.00404770 0.01826049 0.00022169
v -0.00402204 0.01827071 0.00025955
v -0.00425792 0.01764275 0.00021573
v -0.00399847 0.01828009 0.00027054
v -0.00402204 0.01827071 0.00025955
v -0.00356221 0.01953305 0.00032065
v -0.00357010 0.01952991 0.00031435
v -0.00427219 0.01763707 0.00020743
v -0.00402204 0.01827071 0.00025955
v -0.00403305 0.01826633 0.00025145
v -0.00357010 0.01952991 0.00031435
v -0.00403305 0.01826633 0.00025145
v -0.00357010 0.01952991 0.00031435
v -0.00357280 0.01952883 0.00031072
v -0.00357412 0.01952831 0.00029948
v -0.00404770 0.01826049 0.00022169
v -0.00357483 0.01952803 0.00030502
v -0.00357483 0.01952803 0.00030502
v -0.00404770 0.01826049 0.00022169
v -0.00404759 0.01826054 0.00022813
v -0.00357483 0.01952803 0.00030502
v -0.00404759 0.01826054 0.00022813
v -0.00357280 0.01952883 0.00031072
v -0.00357280 0.01952883 0.00031072
v -0.00404759 0.01826054 0.00022813
v -0.00404246 0.01826258 0.00024059
v -0.00357280 0.01952883 0.00031072
v -0.00404246 0.01826258 0.00024059
v -0.00403305 0.01826633 0.00025145
v -0.00403305 0.01826633 0.00025145
v -0.00404246 0.01826258 0.00024059
v -0.00428568 0.01763170 0.00019590
v -0.00403305 0.01826633 0.00025145
v -0.00428568 0.01763170 0.00019590
v -0.00427219 0.01763707 0.00020743
v -0.00448163 0.01700566 0.00014897
v -0.00464918 0.01576944 0.00005980
v -0.00444692 0.01701948 0.00016784
v -0.00444692 0.01701948 0.00016784
v -0.00464918 0.01576944 0.00005980
v -0.00456120 0.01580446 0.00009181
v -0.00444692 0.01701948 0.00016784
v -0.00456120 0.01580446 0.00009181
v -0.00441049 0.01703398 0.00018073
v -0.00441049 0.01703398 0.00018073
v -0.00456120 0.01580446 0.00009181
v -0.00425941 0.01709411 0.00021273
v -0.00441049 0.01703398 0.00018073
v -0.00425941 0.01709411 0.00021273
v -0.00389724 0.01832038 0.00029424
v -0.00389724 0.01832038 0.00029424
v -0.00425941 0.01709411 0.00021273
v -0.00395340 0.01721592 0.00024886
v -0.00389724 0.01832038 0.00029424
v -0.00395340 0.01721592 0.00024886
v -0.00369079 0.01840256 0.00031436
v -0.00356221 0.01953305 0.00032065
v -0.00402204 0.01827071 0.00025955
v -0.00355736 0.01953498 0.00032308
v -0.00355736 0.01953498 0.00032308
v -0.00402204 0.01827071 0.00025955
v -0.00399847 0.01828009 0.00027054
v -0.00355736 0.01953498 0.00032308
v -0.00399847 0.01828009 0.00027054
v -0.00353005 0.01954585 0.00033150
v -0.00481012 0.01331088 -0.00014265
v -0.00478188 0.01332212 -0.00012746
v -0.00475504 0.01453691 -0.00003499
v -0.00475504 0.01453691 -0.00003499
v -0.00478188 0.01332212 -0.00012746
v -0.00465414 0.01457707 0.00000145
v -0.00475504 0.01453691 -0.00003499
v -0.00465414 0.01457707 0.00000145
v -0.00456120 0.01580446 0.00009181
v -0.00456120 0.01580446 0.00009181
v -0.00465414 0.01457707 0.00000145
v -0.00437736 0.01587763 0.00013083
v -0.00437736 0.01587763 0.00013083
v -0.00425941 0.01709411 0.00021273
v -0.00437736 0.01587763 0.00013083
v -0.00400588 0.01602549 0.00018328
v -0.00425941 0.01709411 0.00021273
v -0.00400588 0.01602549 0.00018328
v -0.00395340 0.01721592 0.00024886
v -0.00356610 0.01953150 0.00028804
v -0.00403930 0.01826384 0.00020297
v -0.00357412 0.01952831 0.00029948
v -0.00357412 0.01952831 0.00029948
v -0.00403930 0.01826384 0.00020297
v -0.00404617 0.01826110 0.00021529
v -0.00357412 0.01952831 0.00029948
v -0.00404617 0.01826110 0.00021529
v -0.00404770 0.01826049 0.00022169
v -0.00404770 0.01826049 0.00022169
v -0.00404617 0.01826110 0.00021529
v -0.00429765 0.01762694 0.00017361
v -0.00404770 0.01826049 0.00022169
v -0.00429765 0.01762694 0.00017361
v -0.00429560 0.01762775 0.00018140
v -0.00429560 0.01762775 0.00018140
v -0.00429765 0.01762694 0.00017361
v -0.00449701 0.01699954 0.00013377
v -0.00429560 0.01762775 0.00018140
v -0.00449701 0.01699954 0.00013377
v -0.00429140 0.01762942 0.00018891
v -0.00429140 0.01762942 0.00018891
v -0.00449701 0.01699954 0.00013377
v -0.00448992 0.01700236 0.00014181
v -0.00429140 0.01762942 0.00018891
v -0.00448992 0.01700236 0.00014181
v -0.00428568 0.01763170 0.00019590
v -0.00428568 0.01763170 0.00019590
v -0.00448992 0.01700236 0.00014181
v -0.00448163 0.01700566 0.00014897
v -0.00427219 0.01763707 0.00020743
v -0.00427219 0.01763707 0.00020743
v -0.00448163 0.01700566 0.00014897
v -0.00444692 0.01701948 0.00016784
v -0.00427219 0.01763707 0.00020743
v -0.00444692 0.01701948 0.00016784
v -0.00425792 0.01764275 0.00021573
v -0.00425792 0.01764275 0.00021573
v -0.00444692 0.01701948 0.00016784
v -0.00441049 0.01703398 0.00018073
v -0.00425792 0.01764275 0.00021573
v -0.00441049 0.01703398 0.00018073
v -0.00399847 0.01828009 0.00027054
v -0.00399847 0.01828009 0.00027054
v -0.00441049 0.01703398 0.00018073
v -0.00389724 0.01832038 0.00029424
v -0.00399847 0.01828009 0.00027054
v -0.00389724 0.01832038 0.00029424
v -0.00353005 0.01954585 0.00033150
v -0.00353005 0.01954585 0.00033150
v -0.00389724 0.01832038 0.00029424
v -0.00369079 0.01840256 0.00031436
v -0.00353005 0.01954585 0.00033150
v -0.00369079 0.01840256 0.00031436
v -0.00325334 0.01965599 0.00035043
v -0.00251898 0.01661734 0.00037626
v -0.00231797 0.01550696 0.00037881
v -0.00188673 0.01567862 0.00045054
v -0.00189089 0.01325337 0.00038745
v -0.00188673 0.01567862 0.00045054
v -0.00189089 0.01325337 0.00038745
v -0.00139006 0.01345272 0.00049451
v -0.00148797 0.01095201 0.00039409
v -0.00139006 0.01345272 0.00049451
v -0.00148797 0.01095201 0.00039409
v -0.00096591 0.01115981 0.00053718
v -0.00251698 0.01054242 0.00012159
v -0.00148797 0.01095201 0.00039409
v -0.00287771 0.01286058 0.00018581
v -0.00287771 0.01286058 0.00018581
v -0.00148797 0.01095201 0.00039409
v -0.00189089 0.01325337 0.00038745
v -0.00287771 0.01286058 0.00018581
v -0.00189089 0.01325337 0.00038745
v -0.00316751 0.01516881 0.00024646
v -0.00316751 0.01516881 0.00024646
v -0.00189089 0.01325337 0.00038745
v -0.00231797 0.01550696 0.00037881
v -0.00316751 0.01516881 0.00024646
v -0.00231797 0.01550696 0.00037881
v -0.00326165 0.01632173 0.00027758
v -0.00326165 0.01632173 0.00027758
v -0.00231797 0.01550696 0.00037881
v -0.00251898 0.01661734 0.00037626
v -0.00241771 0.01782719 0.00041039
v -0.00286382 0.01873173 0.00037372
v -0.00272826 0.01770357 0.00037338
v -0.00272826 0.01770357 0.00037338
v -0.00286382 0.01873173 0.00037372
v -0.00327694 0.01856729 0.00034219
v -0.00272826 0.01770357 0.00037338
v -0.00327694 0.01856729 0.00034219
v -0.00334022 0.01745999 0.00030893
v -0.00088728 0.01365285 0.00059877
v -0.00064998 0.01252021 0.00063810
v -0.00088895 0.01365219 0.00059671
v -0.00088895 0.01365219 0.00059671
v -0.00064998 0.01252021 0.00063810
v -0.00044296 0.01136797 0.00067550
v -0.00088895 0.01365219 0.00059671
v -0.00044296 0.01136797 0.00067550
v -0.00090291 0.01364663 0.00058958
v -0.00090291 0.01364663 0.00058958
v -0.00044296 0.01136797 0.00067550
v -0.00045720 0.01136230 0.00066735
v -0.00090291 0.01364663 0.00058958
v -0.00045720 0.01136230 0.00066735
v -0.00096207 0.01362308 0.00056642
v -0.00101801 0.01421218 0.00057744
v -0.00101682 0.01421266 0.00057933
v -0.00095115 0.01393345 0.00058901
v -0.00144958 0.01585262 0.00052247
v -0.00115692 0.01476500 0.00056080
v -0.00115333 0.01476643 0.00056020
v -0.00115333 0.01476643 0.00056020
v -0.00115480 0.01476584 0.00055748
v -0.00129629 0.01531367 0.00054117
v -0.00129629 0.01531367 0.00054117
v -0.00115480 0.01476584 0.00055748
v -0.00129625 0.01531368 0.00053887
v -0.00129629 0.01531367 0.00054117
v -0.00129625 0.01531368 0.00053887
v -0.00144399 0.01585484 0.00052081
v -0.00145153 0.01585184 0.00051590
v -0.00144622 0.01585396 0.00051874
v -0.00115707 0.01476494 0.00055611
v -0.00176039 0.01691929 0.00048348
v -0.00192868 0.01744496 0.00046467
v -0.00144958 0.01585262 0.00052247
v -0.00115333 0.01476643 0.00056020
v -0.00129629 0.01531367 0.00054117
v -0.00144958 0.01585262 0.00052247
v -0.00144958 0.01585262 0.00052247
v -0.00129629 0.01531367 0.00054117
v -0.00144399 0.01585484 0.00052081
v -0.00144958 0.01585262 0.00052247
v -0.00144399 0.01585484 0.00052081
v -0.00176039 0.01691929 0.00048348
v -0.00139006 0.01345272 0.00049451
v -0.00115692 0.01476500 0.00056080
v -0.00188673 0.01567862 0.00045054
v -0.00188673 0.01567862 0.00045054
v -0.00115692 0.01476500 0.00056080
v -0.00144958 0.01585262 0.00052247
v -0.00210269 0.01795258 0.00044729
v -0.00210269 0.01795258 0.00044729
v -0.00144958 0.01585262 0.00052247
v -0.00192868 0.01744496 0.00046467
v -0.00210269 0.01795258 0.00044729
v -0.00192868 0.01744496 0.00046467
v -0.00209824 0.01795435 0.00044542
v -0.00209824 0.01795435 0.00044542
v -0.00192868 0.01744496 0.00046467
v -0.00192955 0.01744461 0.00046226
v -0.00192955 0.01744461 0.00046226
v -0.00192868 0.01744496 0.00046467
v -0.00176192 0.01691868 0.00048090
v -0.00192955 0.01744461 0.00046226
v -0.00176192 0.01691868 0.00048090
v -0.00144622 0.01585396 0.00051874
v -0.00209824 0.01795435 0.00044542
v -0.00192955 0.01744461 0.00046226
v -0.00209961 0.01795380 0.00044366
v -0.00209961 0.01795380 0.00044366
v -0.00192955 0.01744461 0.00046226
v -0.00144622 0.01585396 0.00051874
v -0.00209961 0.01795380 0.00044366
v -0.00144622 0.01585396 0.00051874
v -0.00210321 0.01795237 0.00044141
v -0.00226564 0.01843576 0.00042845
v -0.00210269 0.01795258 0.00044729
v -0.00218248 0.01819795 0.00043746
v -0.00218248 0.01819795 0.00043746
v -0.00218248 0.01819795 0.00043746
v -0.00209824 0.01795435 0.00044542
v -0.00214024 0.01807715 0.00044111
v -0.00226564 0.01843576 0.00042845
v -0.00222383 0.01831756 0.00043263
v -0.00218293 0.01819777 0.00043525
v -0.00218293 0.01819777 0.00043525
v -0.00222383 0.01831756 0.00043263
v -0.00218248 0.01819795 0.00043746
v -0.00218293 0.01819777 0.00043525
v -0.00218248 0.01819795 0.00043746
v -0.00214024 0.01807715 0.00044111
v -0.00218248 0.01819795 0.00043746
v -0.00222383 0.01831756 0.00043263
v -0.00226564 0.01843576 0.00042845
v -0.00234983 0.01866966 0.00042013
v -0.00226564 0.01843576 0.00042845
v -0.00243561 0.01890217 0.00041195
v -0.00144622 0.01585396 0.00051874
v -0.00145153 0.01585184 0.00051590
v -0.00210321 0.01795237 0.00044141
v -0.00210321 0.01795237 0.00044141
v -0.00145153 0.01585184 0.00051590
v -0.00213490 0.01793976 0.00042854
v -0.00210321 0.01795237 0.00044141
v -0.00213490 0.01793976 0.00042854
v -0.00243713 0.01890157 0.00040909
v -0.00243713 0.01890157 0.00040909
v -0.00213490 0.01793976 0.00042854
v -0.00281093 0.01983209 0.00037060
v -0.00243713 0.01890157 0.00040909
v -0.00281093 0.01983209 0.00037060
v -0.00279483 0.01983850 0.00037828
v -0.00293185 0.01978396 0.00032825
v -0.00281093 0.01983209 0.00037060
v -0.00223011 0.01790186 0.00039604
v -0.00223011 0.01790186 0.00039604
v -0.00281093 0.01983209 0.00037060
v -0.00213490 0.01793976 0.00042854
v -0.00223011 0.01790186 0.00039604
v -0.00213490 0.01793976 0.00042854
v -0.00149666 0.01583388 0.00049870
v -0.00149666 0.01583388 0.00049870
v -0.00213490 0.01793976 0.00042854
v -0.00145153 0.01585184 0.00051590
v -0.00149666 0.01583388 0.00049870
v -0.00145153 0.01585184 0.00051590
v -0.00116401 0.01476218 0.00055273
v -0.00116401 0.01476218 0.00055273
v -0.00145153 0.01585184 0.00051590
v -0.00115707 0.01476494 0.00055611
v -0.00116401 0.01476218 0.00055273
v -0.00115707 0.01476494 0.00055611
v -0.00101801 0.01421218 0.00057744
v -0.00461890 0.01637414 0.00005242
v -0.00448284 0.01700518 0.00008232
v -0.00467368 0.01575968 -0.00001244
v -0.00467368 0.01575968 -0.00001244
v -0.00448284 0.01700518 0.00008232
v -0.00458327 0.01579567 -0.00004986
v -0.00467368 0.01575968 -0.00001244
v -0.00458327 0.01579567 -0.00004986
v -0.00467282 0.01456964 -0.00014623
v -0.00467282 0.01456964 -0.00014623
v -0.00458327 0.01579567 -0.00004986
v -0.00456517 0.01461249 -0.00015907
v -0.00467282 0.01456964 -0.00014623
v -0.00456517 0.01461249 -0.00015907
v -0.00458485 0.01340055 -0.00025087
v -0.00458485 0.01340055 -0.00025087
v -0.00456517 0.01461249 -0.00015907
v -0.00434844 0.01349465 -0.00024841
v -0.00458485 0.01340055 -0.00025087
v -0.00434844 0.01349465 -0.00024841
v -0.00427483 0.01230447 -0.00033295
v -0.00427483 0.01230447 -0.00033295
v -0.00434844 0.01349465 -0.00024841
v -0.00377550 0.01250322 -0.00026938
v -0.00427483 0.01230447 -0.00033295
v -0.00377550 0.01250322 -0.00026938
v -0.00363405 0.01133243 -0.00033617
v -0.00045720 0.01136230 0.00066735
v -0.00051828 0.01133799 0.00063987
v -0.00096207 0.01362308 0.00056642
v -0.00096207 0.01362308 0.00056642
v -0.00051828 0.01133799 0.00063987
v -0.00111625 0.01356171 0.00051040
v -0.00096207 0.01362308 0.00056642
v -0.00111625 0.01356171 0.00051040
v -0.00162992 0.01578083 0.00045415
v -0.00162992 0.01578083 0.00045415
v -0.00111625 0.01356171 0.00051040
v -0.00182614 0.01570273 0.00038532
v -0.00162992 0.01578083 0.00045415
v -0.00182614 0.01570273 0.00038532
v -0.00237041 0.01784601 0.00034506
v -0.00237041 0.01784601 0.00034506
v -0.00182614 0.01570273 0.00038532
v -0.00246253 0.01663981 0.00024788
v -0.00266913 0.01772711 0.00024873
v -0.00266913 0.01772711 0.00024873
v -0.00246253 0.01663981 0.00024788
v -0.00318918 0.01635058 0.00005695
v -0.00266913 0.01772711 0.00024873
v -0.00318918 0.01635058 0.00005695
v -0.00326649 0.01748933 0.00009351
v -0.00326649 0.01748933 0.00009351
v -0.00318918 0.01635058 0.00005695
v -0.00392922 0.01605601 -0.00006691
v -0.00418370 0.01712425 0.00000667
v -0.00383325 0.01834585 0.00012358
v -0.00387605 0.01724671 0.00000395
v -0.00387605 0.01724671 0.00000395
v -0.00383325 0.01834585 0.00012358
v -0.00362649 0.01842815 0.00011029
v -0.00387605 0.01724671 0.00000395
v -0.00362649 0.01842815 0.00011029
v -0.00321525 0.01859184 0.00016302
v -0.00321525 0.01859184 0.00016302
v -0.00362649 0.01842815 0.00011029
v -0.00311727 0.01971016 0.00027759
v -0.00321525 0.01859184 0.00016302
v -0.00311727 0.01971016 0.00027759
v -0.00293185 0.01978396 0.00032825
v -0.00241802 0.01058181 -0.00010252
v -0.00363405 0.01133243 -0.00033617
v -0.00279244 0.01289452 -0.00004162
v -0.00279244 0.01289452 -0.00004162
v -0.00363405 0.01133243 -0.00033617
v -0.00377550 0.01250322 -0.00026938
v -0.00279244 0.01289452 -0.00004162
v -0.00377550 0.01250322 -0.00026938
v -0.00387741 0.01368214 -0.00020153
v -0.00387741 0.01368214 -0.00020153
v -0.00377550 0.01250322 -0.00026938
v -0.00434844 0.01349465 -0.00024841
v -0.00387741 0.01368214 -0.00020153
v -0.00434844 0.01349465 -0.00024841
v -0.00435048 0.01469794 -0.00016432
v -0.00435048 0.01469794 -0.00016432
v -0.00434844 0.01349465 -0.00024841
v -0.00456517 0.01461249 -0.00015907
v -0.00435048 0.01469794 -0.00016432
v -0.00456517 0.01461249 -0.00015907
v -0.00449029 0.01583268 -0.00006670
v -0.00449029 0.01583268 -0.00006670
v -0.00456517 0.01461249 -0.00015907
v -0.00458327 0.01579567 -0.00004986
v -0.00449029 0.01583268 -0.00006670
v -0.00458327 0.01579567 -0.00004986
v -0.00441151 0.01703357 0.00004708
v -0.00441151 0.01703357 0.00004708
v -0.00458327 0.01579567 -0.00004986
v -0.00448284 0.01700518 0.00008232
v -0.00441151 0.01703357 0.00004708
v -0.00448284 0.01700518 0.00008232
v -0.00402925 0.01826784 0.00019192
v -0.00392922 0.01605601 -0.00006691
v -0.00387605 0.01724671 0.00000395
v -0.00326649 0.01748933 0.00009351
v -0.00326649 0.01748933 0.00009351
v -0.00387605 0.01724671 0.00000395
v -0.00321525 0.01859184 0.00016302
v -0.00321525 0.01859184 0.00016302
v -0.00266913 0.01772711 0.00024873
v -0.00321525 0.01859184 0.00016302
v -0.00293185 0.01978396 0.00032825
v -0.00266913 0.01772711 0.00024873
v -0.00293185 0.01978396 0.00032825
v -0.00237041 0.01784601 0.00034506
v -0.00237041 0.01784601 0.00034506
v -0.00293185 0.01978396 0.00032825
v -0.00223011 0.01790186 0.00039604
v -0.00237041 0.01784601 0.00034506
v -0.00223011 0.01790186 0.00039604
v -0.00162992 0.01578083 0.00045415
v -0.00162992 0.01578083 0.00045415
v -0.00162992 0.01578083 0.00045415
v -0.00149666 0.01583388 0.00049870
v -0.00096207 0.01362308 0.00056642
v -0.00096207 0.01362308 0.00056642
v -0.00149666 0.01583388 0.00049870
v -0.00116401 0.01476218 0.00055273
v -0.00096207 0.01362308 0.00056642
v -0.00116401 0.01476218 0.00055273
v -0.00090291 0.01364663 0.00058958
v -0.00090291 0.01364663 0.00058958
v -0.00116401 0.01476218 0.00055273
v -0.00101801 0.01421218 0.00057744
v -0.00090291 0.01364663 0.00058958
v -0.00101801 0.01421218 0.00057744
v -0.00088895 0.01365219 0.00059671
v -0.00088895 0.01365219 0.00059671
v -0.00101801 0.01421218 0.00057744
v -0.00095115 0.01393345 0.00058901
v -0.00088895 0.01365219 0.00059671
v -0.00095115 0.01393345 0.00058901
v -0.00088728 0.01365285 0.00059877
v -0.00468972 0.01575330 0.00000663
v -0.00468326 0.01575587 -0.00000321
v -0.00479179 0.01452228 -0.00010389
v -0.00479179 0.01452228 -0.00010389
v -0.00468326 0.01575587 -0.00000321
v -0.00477918 0.01452730 -0.00011334
v -0.00479179 0.01452228 -0.00010389
v -0.00477918 0.01452730 -0.00011334
v -0.00482276 0.01330585 -0.00020854
v -0.00482276 0.01330585 -0.00020854
v -0.00477918 0.01452730 -0.00011334
v -0.00470382 0.01335319 -0.00024139
v -0.00482276 0.01330585 -0.00020854
v -0.00470382 0.01335319 -0.00024139
v -0.00465262 0.01215409 -0.00033743
v -0.00465262 0.01215409 -0.00033743
v -0.00470382 0.01335319 -0.00024139
v -0.00452592 0.01220452 -0.00034336
v -0.00465262 0.01215409 -0.00033743
v -0.00452592 0.01220452 -0.00034336
v -0.00441219 0.01102269 -0.00043662
v -0.00441219 0.01102269 -0.00043662
v -0.00452592 0.01220452 -0.00034336
v -0.00415148 0.01112647 -0.00041744
v -0.00396443 0.00996628 -0.00050044
v -0.00396443 0.00996628 -0.00050044
v -0.00415148 0.01112647 -0.00041744
v -0.00344200 0.01017423 -0.00040127
v -0.00241802 0.01058181 -0.00010252
v -0.00344200 0.01017423 -0.00040127
v -0.00363405 0.01133243 -0.00033617
v -0.00363405 0.01133243 -0.00033617
v -0.00344200 0.01017423 -0.00040127
v -0.00415148 0.01112647 -0.00041744
v -0.00427483 0.01230447 -0.00033295
v -0.00427483 0.01230447 -0.00033295
v -0.00415148 0.01112647 -0.00041744
v -0.00452592 0.01220452 -0.00034336
v -0.00427483 0.01230447 -0.00033295
v -0.00452592 0.01220452 -0.00034336
v -0.00458485 0.01340055 -0.00025087
v -0.00458485 0.01340055 -0.00025087
v -0.00452592 0.01220452 -0.00034336
v -0.00470382 0.01335319 -0.00024139
v -0.00458485 0.01340055 -0.00025087
v -0.00470382 0.01335319 -0.00024139
v -0.00467282 0.01456964 -0.00014623
v -0.00467282 0.01456964 -0.00014623
v -0.00470382 0.01335319 -0.00024139
v -0.00477918 0.01452730 -0.00011334
v -0.00467282 0.01456964 -0.00014623
v -0.00477918 0.01452730 -0.00011334
v -0.00467368 0.01575968 -0.00001244
v -0.00467368 0.01575968 -0.00001244
v -0.00477918 0.01452730 -0.00011334
v -0.00468326 0.01575587 -0.00000321
v -0.00467368 0.01575968 -0.00001244
v -0.00468326 0.01575587 -0.00000321
v -0.00461890 0.01637414 0.00005242
v -0.00461890 0.01637414 0.00005242
v -0.00468326 0.01575587 -0.00000321
v -0.00468972 0.01575330 0.00000663
v -0.00461890 0.01637414 0.00005242
v -0.00468972 0.01575330 0.00000663
v -0.00469140 0.01575263 0.00001168
v -0.00469140 0.01575263 0.00001168
v -0.00468972 0.01575330 0.00000663
v -0.00480086 0.01451868 -0.00009351
v -0.00469140 0.01575263 0.00001168
v -0.00480086 0.01451868 -0.00009351
v -0.00480350 0.01451762 -0.00008810
v -0.00480350 0.01451762 -0.00008810
v -0.00480086 0.01451868 -0.00009351
v -0.00483578 0.01390481 -0.00013511
v -0.00480350 0.01451762 -0.00008810
v -0.00483578 0.01390481 -0.00013511
v -0.00483629 0.01390460 -0.00013228
v 0.00025239 0.00203843 0.00052225
v 0.00025810 0.00203772 0.00052216
v 0.00024028 0.00211715 0.00053051
v 0.00024028 0.00211715 0.00053051
v 0.00025810 0.00203772 0.00052216
v 0.00024392 0.00211860 0.00052949
v 0.00024028 0.00211715 0.00053051
v 0.00024392 0.00211860 0.00052949
v 0.00018809 0.00240313 0.00056218
v 0.00018809 0.00240313 0.00056218
v 0.00024392 0.00211860 0.00052949
v 0.00019212 0.00240474 0.00056095
v 0.00018809 0.00240313 0.00056218
v 0.00019212 0.00240474 0.00056095
v 0.00016208 0.00269723 0.00059594
v 0.00016208 0.00269723 0.00059594
v 0.00019212 0.00240474 0.00056095
v 0.00019157 0.00240447 0.00055904
v 0.00016208 0.00269723 0.00059594
v 0.00019157 0.00240447 0.00055904
v 0.00015374 0.00299607 0.00063241
v 0.00015374 0.00299607 0.00063241
v 0.00019157 0.00240447 0.00055904
v 0.00014963 0.00299443 0.00062790
v 0.00017188 0.00360470 0.00070898
v 0.00016045 0.00329957 0.00067282
v 0.00017132 0.00360448 0.00070707
v 0.00017132 0.00360448 0.00070707
v 0.00016045 0.00329957 0.00067282
v 0.00016875 0.00360345 0.00070400
v 0.00016045 0.00329957 0.00067282
v 0.00015371 0.00299606 0.00063465
v 0.00015374 0.00299607 0.00063241
v 0.00016045 0.00329957 0.00067282
v 0.00015374 0.00299607 0.00063241
v 0.00016875 0.00360345 0.00070400
v 0.00024287 0.00203959 0.00050072
v 0.00017045 0.00204692 0.00045557
v 0.00011763 0.00237509 0.00050241
v 0.00001544 0.00233441 0.00042643
v 0.00011763 0.00237509 0.00050241
v 0.00001544 0.00233441 0.00042643
v 0.00006625 0.00296124 0.00056733
v -0.00004646 0.00291638 0.00048454
v 0.00006625 0.00296124 0.00056733
v -0.00004646 0.00291638 0.00048454
v -0.00007280 0.00411134 0.00057649
v 0.00018932 0.00240362 0.00055615
v 0.00018079 0.00240023 0.00054837
v 0.00013885 0.00299015 0.00061897
v 0.00013885 0.00299015 0.00061897
v 0.00018079 0.00240023 0.00054837
v 0.00006625 0.00296124 0.00056733
v 0.00013885 0.00299015 0.00061897
v 0.00006625 0.00296124 0.00056733
v 0.00006151 0.00416481 0.00067777
v 0.00006151 0.00416481 0.00067777
v 0.00006625 0.00296124 0.00056733
v -0.00007280 0.00411134 0.00057649
v 0.00006151 0.00416481 0.00067777
v -0.00007280 0.00411134 0.00057649
v -0.00015775 0.00529695 0.00061896
v 0.00017454 0.00420980 0.00076845
v 0.00017755 0.00421099 0.00076858
v 0.00017219 0.00451256 0.00079114
v 0.00016170 0.00481296 0.00081043
v 0.00016941 0.00420775 0.00076706
v 0.00017454 0.00420980 0.00076845
v 0.00017454 0.00420980 0.00076845
v 0.00016941 0.00420775 0.00076706
v 0.00014120 0.00299108 0.00063222
v 0.00017454 0.00420980 0.00076845
v 0.00014120 0.00299108 0.00063222
v 0.00014702 0.00299340 0.00063395
v 0.00017454 0.00420980 0.00076845
v 0.00017219 0.00451256 0.00079114
v 0.00016170 0.00481296 0.00081043
v 0.00016170 0.00481296 0.00081043
v 0.00017219 0.00451256 0.00079114
v 0.00016423 0.00481396 0.00081026
v 0.00016170 0.00481296 0.00081043
v 0.00016423 0.00481396 0.00081026
v 0.00015573 0.00511586 0.00082650
v 0.00016158 0.00481291 0.00080541
v 0.00016423 0.00481396 0.00081026
v 0.00017219 0.00451256 0.00079114
v 0.00017219 0.00451256 0.00079114
v 0.00017755 0.00421099 0.00076858
v 0.00017765 0.00421103 0.00076619
v 0.00017219 0.00451256 0.00079114
v 0.00017765 0.00421103 0.00076619
v 0.00016158 0.00481291 0.00080541
v 0.00014587 0.00541780 0.00083694
v 0.00014657 0.00541808 0.00083900
v 0.00015128 0.00526696 0.00083329
v 0.00015128 0.00526696 0.00083329
v 0.00014657 0.00541808 0.00083900
v 0.00015573 0.00511586 0.00082650
v 0.00015573 0.00511586 0.00082650
v 0.00014657 0.00541808 0.00083900
v 0.00014443 0.00541723 0.00083943
v 0.00015573 0.00511586 0.00082650
v 0.00014443 0.00541723 0.00083943
v 0.00016170 0.00481296 0.00081043
v 0.00016170 0.00481296 0.00081043
v 0.00014443 0.00541723 0.00083943
v 0.00015677 0.00481100 0.00080917
v 0.00016170 0.00481296 0.00081043
v 0.00015677 0.00481100 0.00080917
v 0.00016941 0.00420775 0.00076706
v 0.00015573 0.00511586 0.00082650
v 0.00015573 0.00511586 0.00082650
v 0.00016158 0.00481291 0.00080541
v 0.00014254 0.00541648 0.00083336
v 0.00014254 0.00541648 0.00083336
v 0.00016158 0.00481291 0.00080541
v 0.00010854 0.00540294 0.00080719
v 0.00017755 0.00421099 0.00076858
v 0.00017881 0.00390886 0.00074071
v 0.00017765 0.00421103 0.00076619
v 0.00016158 0.00481291 0.00080541
v 0.00017765 0.00421103 0.00076619
v 0.00017281 0.00420911 0.00076088
v 0.00016158 0.00481291 0.00080541
v 0.00017281 0.00420911 0.00076088
v 0.00010854 0.00540294 0.00080719
v 0.00016045 0.00329957 0.00067282
v 0.00017188 0.00360470 0.00070898
v 0.00015126 0.00299508 0.00063480
v 0.00016045 0.00329957 0.00067282
v 0.00015126 0.00299508 0.00063480
v 0.00015371 0.00299606 0.00063465
v 0.00017881 0.00390886 0.00074071
v 0.00017188 0.00360470 0.00070898
v 0.00017132 0.00360448 0.00070707
v 0.00017881 0.00390886 0.00074071
v 0.00017132 0.00360448 0.00070707
v 0.00017765 0.00421103 0.00076619
v 0.00017765 0.00421103 0.00076619
v 0.00017132 0.00360448 0.00070707
v 0.00016875 0.00360345 0.00070400
v 0.00016875 0.00360345 0.00070400
v 0.00017281 0.00420911 0.00076088
v 0.00016875 0.00360345 0.00070400
v 0.00016720 0.00420687 0.00075593
v 0.00017281 0.00420911 0.00076088
v 0.00016720 0.00420687 0.00075593
v 0.00010854 0.00540294 0.00080719
v 0.00012301 0.00602181 0.00084869
v 0.00010836 0.00632310 0.00084375
v 0.00011752 0.00601962 0.00084810
v 0.00011752 0.00601962 0.00084810
v 0.00010836 0.00632310 0.00084375
v 0.00009065 0.00662360 0.00083697
v 0.00009065 0.00662360 0.00083697
v 0.00010836 0.00632310 0.00084375
v 0.00009024 0.00662343 0.00083426
v -0.00000648 0.00781995 0.00078731
v 0.00008856 0.00662276 0.00083252
v 0.00008312 0.00662060 0.00082793
v 0.00012185 0.00602135 0.00084555
v 0.00017045 0.00204692 0.00045557
v -0.00012361 0.00205028 0.00027898
v 0.00001544 0.00233441 0.00042643
v 0.00001544 0.00233441 0.00042643
v -0.00012361 0.00205028 0.00027898
v -0.00019869 0.00224918 0.00028214
v 0.00001544 0.00233441 0.00042643
v -0.00019869 0.00224918 0.00028214
v -0.00004646 0.00291638 0.00048454
v -0.00004646 0.00291638 0.00048454
v -0.00019869 0.00224918 0.00028214
v -0.00027943 0.00282365 0.00032406
v -0.00004646 0.00291638 0.00048454
v -0.00027943 0.00282365 0.00032406
v -0.00007280 0.00411134 0.00057649
v -0.00007280 0.00411134 0.00057649
v -0.00027943 0.00282365 0.00032406
v -0.00035836 0.00399768 0.00037536
v -0.00007280 0.00411134 0.00057649
v -0.00035836 0.00399768 0.00037536
v -0.00015775 0.00529695 0.00061896
v -0.00015775 0.00529695 0.00061896
v -0.00035836 0.00399768 0.00037536
v -0.00065207 0.00632796 0.00035719
v -0.00033179 0.00645545 0.00065070
v 0.00011752 0.00601962 0.00084810
v 0.00008700 0.00662214 0.00083666
v 0.00008700 0.00662214 0.00083666
v 0.00011752 0.00601962 0.00084810
v 0.00009065 0.00662360 0.00083697
v 0.00008700 0.00662214 0.00083666
v 0.00009065 0.00662360 0.00083697
v 0.00005113 0.00722448 0.00081715
v -0.00011653 0.00901575 0.00075782
v -0.00005109 0.00842162 0.00077744
v -0.00011372 0.00901686 0.00075740
v -0.00044390 0.01136759 0.00067841
v -0.00011653 0.00901575 0.00075782
v -0.00026231 0.01019941 0.00071750
v -0.00026231 0.01019941 0.00071750
v -0.00026231 0.01019941 0.00071750
v -0.00011372 0.00901686 0.00075740
v -0.00011471 0.00901647 0.00075532
v -0.00011471 0.00901647 0.00075532
v -0.00011372 0.00901686 0.00075740
v -0.00005109 0.00842162 0.00077744
v -0.00011471 0.00901647 0.00075532
v -0.00005109 0.00842162 0.00077744
v -0.00012710 0.00901154 0.00074663
v -0.00026231 0.01019941 0.00071750
v -0.00044137 0.01136860 0.00067767
v -0.00044390 0.01136759 0.00067841
v -0.00044390 0.01136759 0.00067841
v -0.00044137 0.01136860 0.00067767
v -0.00064998 0.01252021 0.00063810
v -0.00044390 0.01136759 0.00067841
v -0.00064998 0.01252021 0.00063810
v -0.00088957 0.01365194 0.00059968
v -0.00192868 0.01744496 0.00046467
v -0.00176039 0.01691929 0.00048348
v -0.00176192 0.01691868 0.00048090
v -0.00176192 0.01691868 0.00048090
v -0.00176039 0.01691929 0.00048348
v -0.00144399 0.01585484 0.00052081
v -0.00176192 0.01691868 0.00048090
v -0.00144399 0.01585484 0.00052081
v -0.00144622 0.01585396 0.00051874
v -0.00144622 0.01585396 0.00051874
v -0.00144399 0.01585484 0.00052081
v -0.00129625 0.01531368 0.00053887
v -0.00144622 0.01585396 0.00051874
v -0.00129625 0.01531368 0.00053887
v -0.00115707 0.01476494 0.00055611
v -0.00115707 0.01476494 0.00055611
v -0.00129625 0.01531368 0.00053887
v -0.00115480 0.01476584 0.00055748
v -0.00115707 0.01476494 0.00055611
v -0.00115480 0.01476584 0.00055748
v -0.00101801 0.01421218 0.00057744
v -0.00101801 0.01421218 0.00057744
v -0.00115480 0.01476584 0.00055748
v -0.00115333 0.01476643 0.00056020
v -0.00101801 0.01421218 0.00057744
v -0.00115333 0.01476643 0.00056020
v -0.00101682 0.01421266 0.00057933
v -0.00101682 0.01421266 0.00057933
v -0.00115333 0.01476643 0.00056020
v -0.00108423 0.01449033 0.00056974
v -0.00101682 0.01421266 0.00057933
v -0.00108423 0.01449033 0.00056974
v -0.00101946 0.01421160 0.00058017
v -0.00095115 0.01393345 0.00058901
v -0.00095115 0.01393345 0.00058901
v -0.00101946 0.01421160 0.00058017
v -0.00088957 0.01365194 0.00059968
v -0.00095115 0.01393345 0.00058901
v -0.00088957 0.01365194 0.00059968
v -0.00088728 0.01365285 0.00059877
v -0.00088728 0.01365285 0.00059877
v -0.00088957 0.01365194 0.00059968
v -0.00064998 0.01252021 0.00063810
v -0.00044137 0.01136860 0.00067767
v -0.00026231 0.01019941 0.00071750
v -0.00044296 0.01136797 0.00067550
v -0.00044296 0.01136797 0.00067550
v -0.00026231 0.01019941 0.00071750
v -0.00011471 0.00901647 0.00075532
v -0.00044296 0.01136797 0.00067550
v -0.00011471 0.00901647 0.00075532
v -0.00045720 0.01136230 0.00066735
v -0.00045720 0.01136230 0.00066735
v -0.00011471 0.00901647 0.00075532
v -0.00012710 0.00901154 0.00074663
v -0.00045720 0.01136230 0.00066735
v -0.00012710 0.00901154 0.00074663
v -0.00051828 0.01133799 0.00063987
v -0.00307535 0.01520550 0.00002515
v -0.00224357 0.01553658 0.00025185
v -0.00182694 0.01327883 0.00025541
v -0.00182694 0.01327883 0.00025541
v -0.00224357 0.01553658 0.00025185
v -0.00134187 0.01347190 0.00042504
v -0.00182694 0.01327883 0.00025541
v -0.00134187 0.01347190 0.00042504
v -0.00091202 0.01118126 0.00047038
v -0.00091202 0.01118126 0.00047038
v -0.00134187 0.01347190 0.00042504
v -0.00067815 0.01127435 0.00057246
v -0.00091202 0.01118126 0.00047038
v -0.00067815 0.01127435 0.00057246
v -0.00033040 0.00893062 0.00063908
v -0.00033040 0.00893062 0.00063908
v -0.00067815 0.01127435 0.00057246
v -0.00018262 0.00898944 0.00071593
v -0.00033040 0.00893062 0.00063908
v -0.00018262 0.00898944 0.00071593
v 0.00003970 0.00660332 0.00079793
v -0.00402925 0.01826784 0.00019192
v -0.00398398 0.01828586 0.00016411
v -0.00441151 0.01703357 0.00004708
v -0.00441151 0.01703357 0.00004708
v -0.00398398 0.01828586 0.00016411
v -0.00433628 0.01706352 0.00002752
v -0.00441151 0.01703357 0.00004708
v -0.00433628 0.01706352 0.00002752
v -0.00449029 0.01583268 -0.00006670
v -0.00449029 0.01583268 -0.00006670
v -0.00433628 0.01706352 0.00002752
v -0.00430352 0.01590702 -0.00008029
v -0.00449029 0.01583268 -0.00006670
v -0.00430352 0.01590702 -0.00008029
v -0.00435048 0.01469794 -0.00016432
v -0.00435048 0.01469794 -0.00016432
v -0.00430352 0.01590702 -0.00008029
v -0.00392177 0.01486859 -0.00013381
v -0.00435048 0.01469794 -0.00016432
v -0.00392177 0.01486859 -0.00013381
v -0.00387741 0.01368214 -0.00020153
v -0.00387741 0.01368214 -0.00020153
v -0.00392177 0.01486859 -0.00013381
v -0.00307535 0.01520550 0.00002515
v -0.00387741 0.01368214 -0.00020153
v -0.00307535 0.01520550 0.00002515
v -0.00279244 0.01289452 -0.00004162
v -0.00279244 0.01289452 -0.00004162
v -0.00307535 0.01520550 0.00002515
v -0.00182694 0.01327883 0.00025541
v -0.00279244 0.01289452 -0.00004162
v -0.00182694 0.01327883 0.00025541
v -0.00141515 0.01098100 0.00026504
v -0.00141515 0.01098100 0.00026504
v -0.00182694 0.01327883 0.00025541
v -0.00091202 0.01118126 0.00047038
v -0.00141515 0.01098100 0.00026504
v -0.00091202 0.01118126 0.00047038
v -0.00054636 0.00884466 0.00052322
v -0.00054636 0.00884466 0.00052322
v -0.00091202 0.01118126 0.00047038
v -0.00033040 0.00893062 0.00063908
v -0.00054636 0.00884466 0.00052322
v -0.00033040 0.00893062 0.00063908
v -0.00008363 0.00655422 0.00071877
v -0.00008363 0.00655422 0.00071877
v -0.00033040 0.00893062 0.00063908
v 0.00003970 0.00660332 0.00079793
v -0.00008363 0.00655422 0.00071877
v 0.00003970 0.00660332 0.00079793
v 0.00010854 0.00540294 0.00080719
v 0.00010854 0.00540294 0.00080719
v 0.00003970 0.00660332 0.00079793
v 0.00011758 0.00601965 0.00084149
v 0.00010854 0.00540294 0.00080719
v 0.00011758 0.00601965 0.00084149
v 0.00014254 0.00541648 0.00083336
v 0.00014254 0.00541648 0.00083336
v 0.00011758 0.00601965 0.00084149
v 0.00014587 0.00541780 0.00083694
v 0.00014254 0.00541648 0.00083336
v 0.00014587 0.00541780 0.00083694
v 0.00015573 0.00511586 0.00082650
v 0.00015573 0.00511586 0.00082650
v 0.00014587 0.00541780 0.00083694
v 0.00015128 0.00526696 0.00083329
v 0.00017881 0.00390886 0.00074071
v 0.00017755 0.00421099 0.00076858
v 0.00017454 0.00420980 0.00076845
v 0.00017881 0.00390886 0.00074071
v 0.00017454 0.00420980 0.00076845
v 0.00017188 0.00360470 0.00070898
v 0.00017188 0.00360470 0.00070898
v 0.00017454 0.00420980 0.00076845
v 0.00014702 0.00299340 0.00063395
v 0.00017188 0.00360470 0.00070898
v 0.00014702 0.00299340 0.00063395
v 0.00015126 0.00299508 0.00063480
v -0.00125198 0.00243654 -0.00019913
v -0.00151813 0.00233060 -0.00027296
v -0.00155273 0.00352227 -0.00029530
v -0.00155273 0.00352227 -0.00029530
v -0.00151813 0.00233060 -0.00027296
v -0.00187408 0.00339436 -0.00040358
v -0.00187408 0.00339436 -0.00040358
v -0.00160993 0.00168745 -0.00018584
v -0.00179300 0.00222119 -0.00028222
v -0.00165515 0.00227606 -0.00029149
v -0.00165515 0.00227606 -0.00029149
v -0.00179300 0.00222119 -0.00028222
v -0.00220788 0.00326150 -0.00044177
v -0.00165515 0.00227606 -0.00029149
v -0.00220788 0.00326150 -0.00044177
v -0.00203902 0.00332871 -0.00043889
v -0.00224442 0.00569415 -0.00046818
v -0.00143358 0.00601689 -0.00008677
v -0.00155273 0.00352227 -0.00029530
v -0.00155273 0.00352227 -0.00029530
v -0.00143358 0.00601689 -0.00008677
v -0.00094076 0.00376586 0.00001005
v -0.00155273 0.00352227 -0.00029530
v -0.00094076 0.00376586 0.00001005
v -0.00125198 0.00243654 -0.00019913
v -0.00125198 0.00243654 -0.00019913
v -0.00094076 0.00376586 0.00001005
v -0.00075203 0.00263554 0.00003512
v -0.00125198 0.00243654 -0.00019913
v -0.00075203 0.00263554 0.00003512
v -0.00103730 0.00177283 -0.00012640
v -0.00103730 0.00177283 -0.00012640
v -0.00075203 0.00263554 0.00003512
v -0.00064853 0.00207013 0.00003162
v -0.00103730 0.00177283 -0.00012640
v -0.00064853 0.00207013 0.00003162
v -0.00080710 0.00188879 -0.00004869
v -0.00080710 0.00188879 -0.00004869
v -0.00064853 0.00207013 0.00003162
v -0.00057683 0.00197134 0.00005024
v -0.00034543 0.00202475 0.00016202
v -0.00042594 0.00200935 0.00012184
v -0.00019869 0.00224918 0.00028214
v -0.00019869 0.00224918 0.00028214
v -0.00042594 0.00200935 0.00012184
v -0.00064853 0.00207013 0.00003162
v -0.00019869 0.00224918 0.00028214
v -0.00064853 0.00207013 0.00003162
v -0.00027943 0.00282365 0.00032406
v -0.00027943 0.00282365 0.00032406
v -0.00064853 0.00207013 0.00003162
v -0.00075203 0.00263554 0.00003512
v -0.00027943 0.00282365 0.00032406
v -0.00075203 0.00263554 0.00003512
v -0.00035836 0.00399768 0.00037536
v -0.00035836 0.00399768 0.00037536
v -0.00075203 0.00263554 0.00003512
v -0.00094076 0.00376586 0.00001005
v -0.00035836 0.00399768 0.00037536
v -0.00094076 0.00376586 0.00001005
v -0.00065207 0.00632796 0.00035719
v -0.00065207 0.00632796 0.00035719
v -0.00094076 0.00376586 0.00001005
v -0.00143358 0.00601689 -0.00008677
v -0.00168676 0.00715113 -0.00013177
v -0.00168676 0.00715113 -0.00013177
v -0.00143358 0.00601689 -0.00008677
v -0.00224442 0.00569415 -0.00046818
v -0.00168676 0.00715113 -0.00013177
v -0.00224442 0.00569415 -0.00046818
v -0.00257789 0.00679643 -0.00051250
v -0.00257789 0.00679643 -0.00051250
v -0.00224442 0.00569415 -0.00046818
v -0.00266610 0.00552630 -0.00061237
v -0.00257789 0.00679643 -0.00051250
v -0.00266610 0.00552630 -0.00061237
v -0.00303862 0.00661304 -0.00065516
v -0.00303862 0.00661304 -0.00065516
v -0.00266610 0.00552630 -0.00061237
v -0.00327353 0.00651954 -0.00070598
v -0.00303862 0.00661304 -0.00065516
v -0.00327353 0.00651954 -0.00070598
v -0.00363977 0.00761336 -0.00067669
v -0.00363977 0.00761336 -0.00067669
v -0.00327353 0.00651954 -0.00070598
v -0.00376712 0.00756266 -0.00068827
v -0.00363977 0.00761336 -0.00067669
v -0.00376712 0.00756266 -0.00068827
v -0.00409899 0.00867226 -0.00061901
v -0.00409899 0.00867226 -0.00061901
v -0.00376712 0.00756266 -0.00068827
v -0.00423486 0.00861818 -0.00059948
v -0.00409899 0.00867226 -0.00061901
v -0.00423486 0.00861818 -0.00059948
v -0.00449883 0.00975357 -0.00050681
v -0.00449883 0.00975357 -0.00050681
v -0.00423486 0.00861818 -0.00059948
v -0.00451198 0.00974834 -0.00049659
v -0.00449883 0.00975357 -0.00050681
v -0.00451198 0.00974834 -0.00049659
v -0.00469081 0.01091179 -0.00039550
v -0.00469081 0.01091179 -0.00039550
v -0.00451198 0.00974834 -0.00049659
v -0.00469459 0.01091029 -0.00038974
v -0.00469081 0.01091179 -0.00039550
v -0.00469459 0.01091029 -0.00038974
v -0.00479593 0.01209705 -0.00028810
v -0.00479593 0.01209705 -0.00028810
v -0.00469459 0.01091029 -0.00038974
v -0.00479744 0.01209645 -0.00028216
v -0.00479593 0.01209705 -0.00028810
v -0.00479744 0.01209645 -0.00028216
v -0.00483025 0.01269476 -0.00023450
v -0.00483025 0.01269476 -0.00023450
v -0.00479744 0.01209645 -0.00028216
v -0.00483046 0.01269467 -0.00023153
v -0.00483025 0.01269476 -0.00023450
v -0.00483046 0.01269467 -0.00023153
v -0.00484429 0.01329728 -0.00018444
v -0.00484429 0.01329728 -0.00018444
v -0.00483046 0.01269467 -0.00023153
v -0.00484467 0.01329713 -0.00018154
v -0.00484033 0.01329886 -0.00019296
v -0.00483567 0.01330071 -0.00019841
v -0.00479237 0.01209847 -0.00029383
v -0.00479237 0.01209847 -0.00029383
v -0.00483567 0.01330071 -0.00019841
v -0.00478040 0.01210323 -0.00030450
v -0.00479237 0.01209847 -0.00029383
v -0.00478040 0.01210323 -0.00030450
v -0.00467808 0.01091686 -0.00040604
v -0.00467808 0.01091686 -0.00040604
v -0.00478040 0.01210323 -0.00030450
v -0.00454411 0.01097019 -0.00043501
v -0.00467808 0.01091686 -0.00040604
v -0.00454411 0.01097019 -0.00043501
v -0.00436206 0.00980801 -0.00053145
v -0.00436206 0.00980801 -0.00053145
v -0.00454411 0.01097019 -0.00043501
v -0.00422824 0.00986128 -0.00052858
v -0.00436206 0.00980801 -0.00053145
v -0.00422824 0.00986128 -0.00052858
v -0.00396679 0.00872487 -0.00061162
v -0.00396679 0.00872487 -0.00061162
v -0.00422824 0.00986128 -0.00052858
v -0.00370686 0.00882834 -0.00057469
v -0.00396679 0.00872487 -0.00061162
v -0.00370686 0.00882834 -0.00057469
v -0.00339002 0.00771277 -0.00063183
v -0.00339002 0.00771277 -0.00063183
v -0.00370686 0.00882834 -0.00057469
v -0.00289835 0.00790847 -0.00050017
v -0.00203902 0.00332871 -0.00043889
v -0.00220788 0.00326150 -0.00044177
v -0.00246487 0.00437863 -0.00056788
v -0.00246487 0.00437863 -0.00056788
v -0.00220788 0.00326150 -0.00044177
v -0.00266436 0.00429922 -0.00057885
v -0.00246487 0.00437863 -0.00056788
v -0.00266436 0.00429922 -0.00057885
v -0.00288188 0.00544041 -0.00066443
v -0.00153276 0.00136732 -0.00009689
v -0.00153821 0.00136119 -0.00008729
v -0.00164883 0.00167197 -0.00015514
v -0.00164883 0.00167197 -0.00015514
v -0.00153821 0.00136119 -0.00008729
v -0.00165032 0.00167137 -0.00015160
v -0.00164883 0.00167197 -0.00015514
v -0.00165032 0.00167137 -0.00015160
v -0.00183588 0.00220412 -0.00024456
v -0.00183588 0.00220412 -0.00024456
v -0.00165032 0.00167137 -0.00015160
v -0.00183592 0.00220411 -0.00024030
v -0.00192886 0.00246794 -0.00027717
v -0.00154144 0.00135752 -0.00007022
v -0.00153963 0.00135958 -0.00006020
v -0.00165150 0.00167090 -0.00014011
v -0.00165150 0.00167090 -0.00014011
v -0.00153963 0.00135958 -0.00006020
v -0.00164654 0.00167288 -0.00012384
v -0.00165150 0.00167090 -0.00014011
v -0.00164654 0.00167288 -0.00012384
v -0.00183426 0.00220477 -0.00023149
v -0.00183196 0.00220568 -0.00025629
v -0.00192718 0.00246861 -0.00029444
v -0.00182649 0.00220786 -0.00026311
v -0.00213374 0.00298837 -0.00036875
v -0.00213254 0.00298885 -0.00037318
v -0.00202692 0.00272949 -0.00033085
v -0.00202692 0.00272949 -0.00033085
v -0.00213254 0.00298885 -0.00037318
v -0.00202267 0.00273118 -0.00033878
v -0.00202692 0.00272949 -0.00033085
v -0.00202267 0.00273118 -0.00033878
v -0.00192718 0.00246861 -0.00029444
v -0.00224525 0.00324662 -0.00039804
v -0.00213406 0.00298825 -0.00036406
v -0.00213348 0.00298848 -0.00035915
v -0.00213348 0.00298848 -0.00035915
v -0.00213406 0.00298825 -0.00036406
v -0.00202789 0.00272910 -0.00032651
v -0.00213348 0.00298848 -0.00035915
v -0.00202789 0.00272910 -0.00032651
v -0.00202801 0.00272906 -0.00032193
v -0.00202801 0.00272906 -0.00032193
v -0.00202789 0.00272910 -0.00032651
v -0.00192946 0.00246770 -0.00028618
v -0.00181933 0.00221071 -0.00026913
v -0.00202267 0.00273118 -0.00033878
v -0.00223896 0.00324913 -0.00042549
v -0.00223896 0.00324913 -0.00042549
v -0.00202267 0.00273118 -0.00033878
v -0.00213048 0.00298967 -0.00037732
v -0.00223896 0.00324913 -0.00042549
v -0.00213048 0.00298967 -0.00037732
v -0.00224233 0.00324779 -0.00042168
v -0.00269401 0.00428742 -0.00056321
v -0.00268954 0.00428920 -0.00056717
v -0.00247393 0.00376387 -0.00050169
v -0.00247393 0.00376387 -0.00050169
v -0.00268954 0.00428920 -0.00056717
v -0.00223021 0.00325261 -0.00043214
v -0.00247393 0.00376387 -0.00050169
v -0.00223021 0.00325261 -0.00043214
v -0.00223896 0.00324913 -0.00042549
v -0.00223896 0.00324913 -0.00042549
v -0.00223021 0.00325261 -0.00043214
v -0.00181102 0.00221402 -0.00027432
v -0.00223896 0.00324913 -0.00042549
v -0.00181102 0.00221402 -0.00027432
v -0.00181933 0.00221071 -0.00026913
v -0.00192718 0.00246861 -0.00029444
v -0.00202267 0.00273118 -0.00033878
v -0.00182649 0.00220786 -0.00026311
v -0.00182649 0.00220786 -0.00026311
v -0.00202267 0.00273118 -0.00033878
v -0.00181933 0.00221071 -0.00026913
v -0.00182649 0.00220786 -0.00026311
v -0.00181933 0.00221071 -0.00026913
v -0.00160993 0.00168745 -0.00018584
v -0.00160993 0.00168745 -0.00018584
v -0.00160993 0.00168745 -0.00018584
v -0.00181102 0.00221402 -0.00027432
v -0.00179300 0.00222119 -0.00028222
v -0.00179300 0.00222119 -0.00028222
v -0.00181102 0.00221402 -0.00027432
v -0.00223021 0.00325261 -0.00043214
v -0.00179300 0.00222119 -0.00028222
v -0.00223021 0.00325261 -0.00043214
v -0.00220788 0.00326150 -0.00044177
v -0.00220788 0.00326150 -0.00044177
v -0.00223021 0.00325261 -0.00043214
v -0.00268954 0.00428920 -0.00056717
v -0.00220788 0.00326150 -0.00044177
v -0.00268954 0.00428920 -0.00056717
v -0.00266436 0.00429922 -0.00057885
v -0.00213374 0.00298837 -0.00036875
v -0.00224693 0.00324596 -0.00040829
v -0.00213254 0.00298885 -0.00037318
v -0.00213254 0.00298885 -0.00037318
v -0.00224693 0.00324596 -0.00040829
v -0.00224637 0.00324618 -0.00041307
v -0.00213254 0.00298885 -0.00037318
v -0.00224637 0.00324618 -0.00041307
v -0.00213048 0.00298967 -0.00037732
v -0.00213048 0.00298967 -0.00037732
v -0.00224637 0.00324618 -0.00041307
v -0.00224484 0.00324679 -0.00041754
v -0.00213048 0.00298967 -0.00037732
v -0.00224484 0.00324679 -0.00041754
v -0.00224233 0.00324779 -0.00042168
v -0.00247671 0.00376277 -0.00049736
v -0.00224233 0.00324779 -0.00042168
v -0.00247671 0.00376277 -0.00049736
v -0.00247393 0.00376387 -0.00050169
v -0.00247393 0.00376387 -0.00050169
v -0.00247671 0.00376277 -0.00049736
v -0.00269734 0.00428609 -0.00055882
v -0.00247393 0.00376387 -0.00050169
v -0.00269734 0.00428609 -0.00055882
v -0.00269401 0.00428742 -0.00056321
v -0.00269401 0.00428742 -0.00056321
v -0.00269734 0.00428609 -0.00055882
v -0.00291454 0.00481274 -0.00060840
v -0.00291312 0.00481331 -0.00061079
v -0.00313075 0.00534135 -0.00065972
v -0.00290924 0.00481485 -0.00061520
v -0.00290924 0.00481485 -0.00061520
v -0.00313075 0.00534135 -0.00065972
v -0.00312640 0.00534308 -0.00066418
v -0.00183522 0.00220439 -0.00024866
v -0.00192946 0.00246770 -0.00028618
v -0.00192718 0.00246861 -0.00029444
v -0.00192718 0.00246861 -0.00029444
v -0.00192946 0.00246770 -0.00028618
v -0.00202789 0.00272910 -0.00032651
v -0.00192718 0.00246861 -0.00029444
v -0.00202789 0.00272910 -0.00032651
v -0.00202692 0.00272949 -0.00033085
v -0.00202692 0.00272949 -0.00033085
v -0.00202789 0.00272910 -0.00032651
v -0.00213406 0.00298825 -0.00036406
v -0.00202692 0.00272949 -0.00033085
v -0.00213406 0.00298825 -0.00036406
v -0.00213374 0.00298837 -0.00036875
v -0.00213374 0.00298837 -0.00036875
v -0.00213406 0.00298825 -0.00036406
v -0.00224525 0.00324662 -0.00039804
v -0.00213374 0.00298837 -0.00036875
v -0.00224525 0.00324662 -0.00039804
v -0.00224693 0.00324596 -0.00040829
v -0.00224693 0.00324596 -0.00040829
v -0.00224525 0.00324662 -0.00039804
v -0.00247793 0.00376228 -0.00048206
v -0.00247793 0.00376228 -0.00048206
v -0.00224637 0.00324618 -0.00041307
v -0.00247793 0.00376228 -0.00048206
v -0.00247872 0.00376197 -0.00048750
v -0.00247872 0.00376197 -0.00048750
v -0.00224484 0.00324679 -0.00041754
v -0.00247872 0.00376197 -0.00048750
v -0.00247835 0.00376212 -0.00049262
v -0.00224484 0.00324679 -0.00041754
v -0.00247835 0.00376212 -0.00049262
v -0.00247671 0.00376277 -0.00049736
v -0.00247671 0.00376277 -0.00049736
v -0.00247835 0.00376212 -0.00049262
v -0.00269937 0.00428528 -0.00055396
v -0.00247671 0.00376277 -0.00049736
v -0.00269937 0.00428528 -0.00055396
v -0.00269734 0.00428609 -0.00055882
v -0.00313207 0.00534082 -0.00063703
v -0.00291588 0.00481221 -0.00059469
v -0.00291085 0.00481421 -0.00058228
v -0.00160993 0.00168745 -0.00018584
v -0.00153086 0.00136945 -0.00009956
v -0.00182649 0.00220786 -0.00026311
v -0.00182649 0.00220786 -0.00026311
v -0.00153086 0.00136945 -0.00009956
v -0.00153276 0.00136732 -0.00009689
v -0.00182649 0.00220786 -0.00026311
v -0.00153276 0.00136732 -0.00009689
v -0.00183196 0.00220568 -0.00025629
v -0.00183196 0.00220568 -0.00025629
v -0.00153276 0.00136732 -0.00009689
v -0.00164883 0.00167197 -0.00015514
v -0.00164883 0.00167197 -0.00015514
v -0.00183522 0.00220439 -0.00024866
v -0.00164883 0.00167197 -0.00015514
v -0.00183588 0.00220412 -0.00024456
v -0.00192946 0.00246770 -0.00028618
v -0.00192946 0.00246770 -0.00028618
v -0.00183588 0.00220412 -0.00024456
v -0.00192886 0.00246794 -0.00027717
v -0.00192946 0.00246770 -0.00028618
v -0.00192886 0.00246794 -0.00027717
v -0.00202801 0.00272906 -0.00032193
v -0.00202801 0.00272906 -0.00032193
v -0.00192886 0.00246794 -0.00027717
v -0.00202599 0.00272986 -0.00031228
v -0.00202801 0.00272906 -0.00032193
v -0.00202599 0.00272986 -0.00031228
v -0.00213348 0.00298848 -0.00035915
v -0.00213348 0.00298848 -0.00035915
v -0.00202599 0.00272986 -0.00031228
v -0.00224051 0.00324851 -0.00038733
v -0.00213348 0.00298848 -0.00035915
v -0.00224051 0.00324851 -0.00038733
v -0.00224525 0.00324662 -0.00039804
v -0.00224525 0.00324662 -0.00039804
v -0.00224051 0.00324851 -0.00038733
v -0.00247353 0.00376403 -0.00047066
v -0.00224525 0.00324662 -0.00039804
v -0.00247353 0.00376403 -0.00047066
v -0.00247793 0.00376228 -0.00048206
v -0.00247793 0.00376228 -0.00048206
v -0.00247353 0.00376403 -0.00047066
v -0.00269740 0.00428607 -0.00053709
v -0.00247793 0.00376228 -0.00048206
v -0.00269740 0.00428607 -0.00053709
v -0.00247872 0.00376197 -0.00048750
v -0.00247872 0.00376197 -0.00048750
v -0.00269740 0.00428607 -0.00053709
v -0.00269933 0.00428530 -0.00054303
v -0.00247872 0.00376197 -0.00048750
v -0.00269933 0.00428530 -0.00054303
v -0.00247835 0.00376212 -0.00049262
v -0.00247835 0.00376212 -0.00049262
v -0.00269933 0.00428530 -0.00054303
v -0.00270004 0.00428502 -0.00054869
v -0.00247835 0.00376212 -0.00049262
v -0.00270004 0.00428502 -0.00054869
v -0.00269937 0.00428528 -0.00055396
v -0.00202170 0.00273157 -0.00030247
v -0.00200940 0.00273646 -0.00028454
v -0.00223389 0.00325114 -0.00037692
v -0.00223389 0.00325114 -0.00037692
v -0.00200940 0.00273646 -0.00028454
v -0.00220256 0.00326362 -0.00034494
v -0.00223389 0.00325114 -0.00037692
v -0.00220256 0.00326362 -0.00034494
v -0.00267229 0.00429606 -0.00050242
v -0.00220256 0.00326362 -0.00034494
v -0.00299783 0.00539426 -0.00052803
v -0.00267229 0.00429606 -0.00050242
v -0.00267229 0.00429606 -0.00050242
v -0.00299783 0.00539426 -0.00052803
v -0.00309116 0.00535711 -0.00058991
v -0.00267229 0.00429606 -0.00050242
v -0.00309116 0.00535711 -0.00058991
v -0.00269077 0.00428871 -0.00052488
v -0.00269077 0.00428871 -0.00052488
v -0.00309116 0.00535711 -0.00058991
v -0.00311375 0.00534812 -0.00061117
v -0.00269077 0.00428871 -0.00052488
v -0.00311375 0.00534812 -0.00061117
v -0.00291085 0.00481421 -0.00058228
v -0.00291085 0.00481421 -0.00058228
v -0.00311375 0.00534812 -0.00061117
v -0.00312437 0.00534389 -0.00062397
v -0.00291085 0.00481421 -0.00058228
v -0.00312437 0.00534389 -0.00062397
v -0.00313207 0.00534082 -0.00063703
v -0.00183426 0.00220477 -0.00023149
v -0.00182596 0.00220807 -0.00021418
v -0.00200940 0.00273646 -0.00028454
v -0.00200940 0.00273646 -0.00028454
v -0.00182596 0.00220807 -0.00021418
v -0.00199545 0.00274202 -0.00027030
v -0.00199545 0.00274202 -0.00027030
v -0.00220256 0.00326362 -0.00034494
v -0.00199545 0.00274202 -0.00027030
v -0.00216820 0.00327729 -0.00031930
v -0.00220256 0.00326362 -0.00034494
v -0.00216820 0.00327729 -0.00031930
v -0.00299783 0.00539426 -0.00052803
v -0.00299783 0.00539426 -0.00052803
v -0.00216820 0.00327729 -0.00031930
v -0.00279801 0.00547379 -0.00042558
v -0.00038907 0.00278001 0.00040484
v -0.00030259 0.00220782 0.00039404
v 0.00017812 0.00239916 0.00056028
v 0.00017812 0.00239916 0.00056028
v -0.00030259 0.00220782 0.00039404
v -0.00032766 0.00202770 0.00038087
v 0.00017812 0.00239916 0.00056028
v -0.00032766 0.00202770 0.00038087
v 0.00002776 0.00205381 0.00047603
v -0.00046486 0.00395529 0.00047105
v -0.00108654 0.00370783 0.00019021
v -0.00038907 0.00278001 0.00040484
v -0.00038907 0.00278001 0.00040484
v -0.00108654 0.00370783 0.00019021
v -0.00089837 0.00257729 0.00019648
v -0.00038907 0.00278001 0.00040484
v -0.00089837 0.00257729 0.00019648
v -0.00030259 0.00220782 0.00039404
v -0.00030259 0.00220782 0.00039404
v -0.00089837 0.00257729 0.00019648
v -0.00078576 0.00201550 0.00023464
v -0.00030259 0.00220782 0.00039404
v -0.00078576 0.00201550 0.00023464
v -0.00032766 0.00202770 0.00038087
v -0.00032766 0.00202770 0.00038087
v -0.00078576 0.00201550 0.00023464
v -0.00062728 0.00195587 0.00029065
v -0.00018262 0.00898944 0.00071593
v -0.00000648 0.00781995 0.00078731
v 0.00003970 0.00660332 0.00079793
v 0.00003970 0.00660332 0.00079793
v -0.00000648 0.00781995 0.00078731
v 0.00008312 0.00662060 0.00082793
v 0.00011758 0.00601965 0.00084149
v 0.00011758 0.00601965 0.00084149
v 0.00008312 0.00662060 0.00082793
v 0.00012185 0.00602135 0.00084555
v 0.00011758 0.00601965 0.00084149
v 0.00012185 0.00602135 0.00084555
v 0.00014587 0.00541780 0.00083694
v 0.00014587 0.00541780 0.00083694
v 0.00012185 0.00602135 0.00084555
v 0.00013602 0.00572024 0.00084658
v 0.00013602 0.00572024 0.00084658
v 0.00014657 0.00541808 0.00083900
v 0.00013602 0.00572024 0.00084658
v 0.00013415 0.00571949 0.00084718
v 0.00014657 0.00541808 0.00083900
v 0.00013415 0.00571949 0.00084718
v 0.00014443 0.00541723 0.00083943
v 0.00014443 0.00541723 0.00083943
v 0.00013415 0.00571949 0.00084718
v 0.00013965 0.00541533 0.00083833
v 0.00014443 0.00541723 0.00083943
v 0.00013965 0.00541533 0.00083833
v 0.00015677 0.00481100 0.00080917
v 0.00015677 0.00481100 0.00080917
v 0.00013965 0.00541533 0.00083833
v -0.00023433 0.00526647 0.00066195
v 0.00015677 0.00481100 0.00080917
v -0.00023433 0.00526647 0.00066195
v 0.00016941 0.00420775 0.00076706
v 0.00016941 0.00420775 0.00076706
v -0.00023433 0.00526647 0.00066195
v -0.00015121 0.00408014 0.00061731
v 0.00016941 0.00420775 0.00076706
v -0.00015121 0.00408014 0.00061731
v 0.00014120 0.00299108 0.00063222
v -0.00046486 0.00395529 0.00047105
v -0.00015121 0.00408014 0.00061731
v -0.00046486 0.00395529 0.00047105
v -0.00038907 0.00278001 0.00040484
v -0.00015121 0.00408014 0.00061731
v -0.00038907 0.00278001 0.00040484
v 0.00014120 0.00299108 0.00063222
v 0.00014120 0.00299108 0.00063222
v -0.00038907 0.00278001 0.00040484
v 0.00017812 0.00239916 0.00056028
v 0.00014120 0.00299108 0.00063222
v 0.00017812 0.00239916 0.00056028
v 0.00014702 0.00299340 0.00063395
v 0.00014702 0.00299340 0.00063395
v 0.00017812 0.00239916 0.00056028
v 0.00018809 0.00240313 0.00056218
v 0.00015126 0.00299508 0.00063480
v 0.00015126 0.00299508 0.00063480
v 0.00018809 0.00240313 0.00056218
v 0.00016208 0.00269723 0.00059594
v 0.00015126 0.00299508 0.00063480
v 0.00016208 0.00269723 0.00059594
v 0.00015371 0.00299606 0.00063465
v 0.00015371 0.00299606 0.00063465
v 0.00016208 0.00269723 0.00059594
v 0.00015374 0.00299607 0.00063241
v 0.00015374 0.00299607 0.00063241
v 0.00014963 0.00299443 0.00062790
v 0.00016875 0.00360345 0.00070400
v 0.00014963 0.00299443 0.00062790
v 0.00016720 0.00420687 0.00075593
v 0.00016720 0.00420687 0.00075593
v 0.00014963 0.00299443 0.00062790
v 0.00015133 0.00420056 0.00074332
v 0.00016720 0.00420687 0.00075593
v 0.00015133 0.00420056 0.00074332
v 0.00010854 0.00540294 0.00080719
v 0.00010854 0.00540294 0.00080719
v 0.00015133 0.00420056 0.00074332
v 0.00000086 0.00536008 0.00073250
v 0.00010854 0.00540294 0.00080719
v 0.00000086 0.00536008 0.00073250
v -0.00008363 0.00655422 0.00071877
v -0.00008363 0.00655422 0.00071877
v 0.00000086 0.00536008 0.00073250
v -0.00026398 0.00648244 0.00059937
v -0.00008363 0.00655422 0.00071877
v -0.00026398 0.00648244 0.00059937
v -0.00054636 0.00884466 0.00052322
v -0.00054636 0.00884466 0.00052322
v -0.00026398 0.00648244 0.00059937
v -0.00101155 0.00865949 0.00028823
v -0.00054636 0.00884466 0.00052322
v -0.00101155 0.00865949 0.00028823
v -0.00141515 0.01098100 0.00026504
v -0.00141515 0.01098100 0.00026504
v -0.00101155 0.00865949 0.00028823
v -0.00194221 0.00828905 -0.00013915
v -0.00141515 0.01098100 0.00026504
v -0.00194221 0.00828905 -0.00013915
v -0.00241802 0.01058181 -0.00010252
v -0.00241802 0.01058181 -0.00010252
v -0.00194221 0.00828905 -0.00013915
v -0.00289835 0.00790847 -0.00050017
v -0.00241802 0.01058181 -0.00010252
v -0.00289835 0.00790847 -0.00050017
v -0.00344200 0.01017423 -0.00040127
v -0.00344200 0.01017423 -0.00040127
v -0.00289835 0.00790847 -0.00050017
v -0.00370686 0.00882834 -0.00057469
v -0.00344200 0.01017423 -0.00040127
v -0.00370686 0.00882834 -0.00057469
v -0.00396443 0.00996628 -0.00050044
v -0.00396443 0.00996628 -0.00050044
v -0.00370686 0.00882834 -0.00057469
v -0.00422824 0.00986128 -0.00052858
v -0.00396443 0.00996628 -0.00050044
v -0.00422824 0.00986128 -0.00052858
v -0.00441219 0.01102269 -0.00043662
v -0.00441219 0.01102269 -0.00043662
v -0.00422824 0.00986128 -0.00052858
v -0.00454411 0.01097019 -0.00043501
v -0.00441219 0.01102269 -0.00043662
v -0.00454411 0.01097019 -0.00043501
v -0.00465262 0.01215409 -0.00033743
v -0.00465262 0.01215409 -0.00033743
v -0.00454411 0.01097019 -0.00043501
v -0.00478040 0.01210323 -0.00030450
v -0.00465262 0.01215409 -0.00033743
v -0.00478040 0.01210323 -0.00030450
v -0.00482276 0.01330585 -0.00020854
v -0.00482276 0.01330585 -0.00020854
v -0.00478040 0.01210323 -0.00030450
v -0.00483567 0.01330071 -0.00019841
v -0.00482276 0.01330585 -0.00020854
v -0.00483567 0.01330071 -0.00019841
v -0.00479179 0.01452228 -0.00010389
v -0.00479179 0.01452228 -0.00010389
v -0.00483567 0.01330071 -0.00019841
v -0.00484033 0.01329886 -0.00019296
v -0.00479179 0.01452228 -0.00010389
v -0.00484033 0.01329886 -0.00019296
v -0.00480086 0.01451868 -0.00009351
v -0.00480086 0.01451868 -0.00009351
v -0.00484033 0.01329886 -0.00019296
v -0.00484342 0.01329763 -0.00018732
v -0.00480086 0.01451868 -0.00009351
v -0.00484342 0.01329763 -0.00018732
v -0.00483578 0.01390481 -0.00013511
v -0.00151837 0.00138328 -0.00002748
v -0.00143854 0.00146613 0.00002288
v -0.00178753 0.00222337 -0.00017682
v -0.00178753 0.00222337 -0.00017682
v -0.00143854 0.00146613 0.00002288
v -0.00166547 0.00227195 -0.00010859
v -0.00178753 0.00222337 -0.00017682
v -0.00166547 0.00227195 -0.00010859
v -0.00201964 0.00333642 -0.00023357
v -0.00201964 0.00333642 -0.00023357
v -0.00166547 0.00227195 -0.00010859
v -0.00171059 0.00345944 -0.00008818
v -0.00201964 0.00333642 -0.00023357
v -0.00171059 0.00345944 -0.00008818
v -0.00238872 0.00563671 -0.00024427
v -0.00238872 0.00563671 -0.00024427
v -0.00171059 0.00345944 -0.00008818
v -0.00156636 0.00596404 0.00010861
v -0.00353240 0.00641649 -0.00070455
v -0.00310686 0.00535086 -0.00067469
v -0.00312082 0.00534530 -0.00066816
v -0.00312082 0.00534530 -0.00066816
v -0.00310686 0.00535086 -0.00067469
v -0.00288410 0.00482486 -0.00062830
v -0.00312082 0.00534530 -0.00066816
v -0.00288410 0.00482486 -0.00062830
v -0.00289817 0.00481926 -0.00062264
v -0.00353771 0.00641438 -0.00069999
v -0.00312640 0.00534308 -0.00066418
v -0.00334263 0.00587362 -0.00068845
v -0.00334263 0.00587362 -0.00068845
v -0.00312640 0.00534308 -0.00066418
v -0.00313075 0.00534135 -0.00065972
v -0.00334263 0.00587362 -0.00068845
v -0.00313075 0.00534135 -0.00065972
v -0.00313360 0.00534022 -0.00065474
v -0.00313360 0.00534022 -0.00065474
v -0.00313075 0.00534135 -0.00065972
v -0.00291312 0.00481331 -0.00061079
v -0.00313360 0.00534022 -0.00065474
v -0.00291312 0.00481331 -0.00061079
v -0.00313440 0.00533990 -0.00065207
v -0.00291557 0.00481233 -0.00060588
v -0.00291621 0.00481208 -0.00060324
v -0.00313467 0.00533979 -0.00064634
v -0.00313467 0.00533979 -0.00064634
v -0.00291621 0.00481208 -0.00060324
v -0.00313417 0.00533999 -0.00064332
v -0.00313467 0.00533979 -0.00064634
v -0.00313417 0.00533999 -0.00064332
v -0.00334340 0.00587332 -0.00067088
v -0.00334340 0.00587332 -0.00067088
v -0.00313417 0.00533999 -0.00064332
v -0.00334023 0.00587458 -0.00066428
v -0.00353713 0.00641461 -0.00067003
v -0.00353713 0.00641461 -0.00067003
v -0.00334023 0.00587458 -0.00066428
v -0.00351329 0.00642410 -0.00064361
v -0.00353713 0.00641461 -0.00067003
v -0.00354299 0.00641228 -0.00068324
v -0.00334340 0.00587332 -0.00067088
v -0.00334340 0.00587332 -0.00067088
v -0.00354299 0.00641228 -0.00068324
v -0.00334501 0.00587268 -0.00067719
v -0.00334340 0.00587332 -0.00067088
v -0.00334501 0.00587268 -0.00067719
v -0.00313467 0.00533979 -0.00064634
v -0.00313467 0.00533979 -0.00064634
v -0.00334501 0.00587268 -0.00067719
v -0.00313475 0.00533976 -0.00064926
v -0.00313467 0.00533979 -0.00064634
v -0.00313475 0.00533976 -0.00064926
v -0.00291557 0.00481233 -0.00060588
v -0.00391708 0.00750298 -0.00066004
v -0.00353240 0.00641649 -0.00070455
v -0.00353771 0.00641438 -0.00069999
v -0.00353771 0.00641438 -0.00069999
v -0.00353240 0.00641649 -0.00070455
v -0.00312082 0.00534530 -0.00066816
v -0.00353771 0.00641438 -0.00069999
v -0.00312082 0.00534530 -0.00066816
v -0.00312640 0.00534308 -0.00066418
v -0.00312640 0.00534308 -0.00066418
v -0.00312082 0.00534530 -0.00066816
v -0.00289817 0.00481926 -0.00062264
v -0.00312640 0.00534308 -0.00066418
v -0.00289817 0.00481926 -0.00062264
v -0.00290924 0.00481485 -0.00061520
v -0.00390950 0.00750599 -0.00062825
v -0.00391832 0.00750248 -0.00064186
v -0.00373394 0.00695570 -0.00066953
v -0.00291647 0.00481198 -0.00060048
v -0.00291588 0.00481221 -0.00059469
v -0.00313417 0.00533999 -0.00064332
v -0.00313417 0.00533999 -0.00064332
v -0.00291588 0.00481221 -0.00059469
v -0.00313207 0.00534082 -0.00063703
v -0.00334023 0.00587458 -0.00066428
v -0.00334023 0.00587458 -0.00066428
v -0.00334023 0.00587458 -0.00066428
v -0.00312437 0.00534389 -0.00062397
v -0.00351329 0.00642410 -0.00064361
v -0.00351329 0.00642410 -0.00064361
v -0.00312437 0.00534389 -0.00062397
v -0.00311375 0.00534812 -0.00061117
v -0.00351329 0.00642410 -0.00064361
v -0.00311375 0.00534812 -0.00061117
v -0.00348789 0.00643421 -0.00062329
v -0.00348789 0.00643421 -0.00062329
v -0.00311375 0.00534812 -0.00061117
v -0.00309116 0.00535711 -0.00058991
v -0.00348789 0.00643421 -0.00062329
v -0.00309116 0.00535711 -0.00058991
v -0.00338368 0.00647569 -0.00056178
v -0.00338368 0.00647569 -0.00056178
v -0.00309116 0.00535711 -0.00058991
v -0.00299783 0.00539426 -0.00052803
v -0.00338368 0.00647569 -0.00056178
v -0.00299783 0.00539426 -0.00052803
v -0.00316345 0.00656335 -0.00045976
v -0.00316345 0.00656335 -0.00045976
v -0.00299783 0.00539426 -0.00052803
v -0.00279801 0.00547379 -0.00042558
v -0.00316345 0.00656335 -0.00045976
v -0.00279801 0.00547379 -0.00042558
v -0.00271420 0.00674217 -0.00027925
v -0.00271420 0.00674217 -0.00027925
v -0.00302267 0.00785898 -0.00025735
v -0.00316345 0.00656335 -0.00045976
v -0.00316345 0.00656335 -0.00045976
v -0.00302267 0.00785898 -0.00025735
v -0.00350409 0.00766736 -0.00042768
v -0.00316345 0.00656335 -0.00045976
v -0.00350409 0.00766736 -0.00042768
v -0.00338368 0.00647569 -0.00056178
v -0.00338368 0.00647569 -0.00056178
v -0.00350409 0.00766736 -0.00042768
v -0.00374087 0.00757311 -0.00052462
v -0.00338368 0.00647569 -0.00056178
v -0.00374087 0.00757311 -0.00052462
v -0.00348789 0.00643421 -0.00062329
v -0.00348789 0.00643421 -0.00062329
v -0.00374087 0.00757311 -0.00052462
v -0.00385410 0.00752804 -0.00058365
v -0.00348789 0.00643421 -0.00062329
v -0.00385410 0.00752804 -0.00058365
v -0.00351329 0.00642410 -0.00064361
v -0.00390950 0.00750599 -0.00062825
v -0.00351329 0.00642410 -0.00064361
v -0.00390950 0.00750599 -0.00062825
v -0.00353713 0.00641461 -0.00067003
v -0.00353713 0.00641461 -0.00067003
v -0.00390950 0.00750599 -0.00062825
v -0.00373394 0.00695570 -0.00066953
v -0.00353713 0.00641461 -0.00067003
v -0.00373394 0.00695570 -0.00066953
v -0.00354299 0.00641228 -0.00068324
v -0.00483688 0.01330023 -0.00016394
v -0.00484122 0.01329850 -0.00016978
v -0.00481836 0.01269949 -0.00021053
v -0.00481836 0.01269949 -0.00021053
v -0.00484122 0.01329850 -0.00016978
v -0.00482792 0.01269569 -0.00022250
v -0.00481836 0.01269949 -0.00021053
v -0.00482792 0.01269569 -0.00022250
v -0.00478290 0.01210224 -0.00025767
v -0.00478290 0.01210224 -0.00025767
v -0.00482792 0.01269569 -0.00022250
v -0.00479373 0.01209792 -0.00026989
v -0.00478290 0.01210224 -0.00025767
v -0.00479373 0.01209792 -0.00026989
v -0.00469216 0.01091125 -0.00037105
v -0.00469216 0.01091125 -0.00037105
v -0.00479373 0.01209792 -0.00026989
v -0.00469529 0.01091001 -0.00037745
v -0.00469216 0.01091125 -0.00037105
v -0.00469529 0.01091001 -0.00037745
v -0.00451669 0.00974646 -0.00047851
v -0.00451669 0.00974646 -0.00047851
v -0.00469529 0.01091001 -0.00037745
v -0.00451755 0.00974612 -0.00048486
v -0.00451669 0.00974646 -0.00047851
v -0.00451755 0.00974612 -0.00048486
v -0.00425474 0.00861026 -0.00057850
v -0.00425474 0.00861026 -0.00057850
v -0.00451755 0.00974612 -0.00048486
v -0.00425267 0.00861108 -0.00058440
v -0.00425474 0.00861026 -0.00057850
v -0.00425267 0.00861108 -0.00058440
v -0.00391708 0.00750298 -0.00066004
v -0.00391708 0.00750298 -0.00066004
v -0.00425267 0.00861108 -0.00058440
v -0.00391248 0.00750481 -0.00066517
v -0.00391708 0.00750298 -0.00066004
v -0.00391248 0.00750481 -0.00066517
v -0.00353240 0.00641649 -0.00070455
v -0.00353240 0.00641649 -0.00070455
v -0.00391248 0.00750481 -0.00066517
v -0.00351810 0.00642218 -0.00071215
v -0.00353240 0.00641649 -0.00070455
v -0.00351810 0.00642218 -0.00071215
v -0.00310686 0.00535086 -0.00067469
v -0.00310686 0.00535086 -0.00067469
v -0.00351810 0.00642218 -0.00071215
v -0.00299242 0.00539641 -0.00068039
v -0.00310686 0.00535086 -0.00067469
v -0.00299242 0.00539641 -0.00068039
v -0.00288410 0.00482486 -0.00062830
v -0.00479665 0.01209676 -0.00027607
v -0.00479744 0.01209645 -0.00028216
v -0.00469617 0.01090966 -0.00038371
v -0.00469617 0.01090966 -0.00038371
v -0.00479744 0.01209645 -0.00028216
v -0.00469459 0.01091029 -0.00038974
v -0.00469617 0.01090966 -0.00038371
v -0.00469459 0.01091029 -0.00038974
v -0.00451589 0.00974678 -0.00049090
v -0.00451589 0.00974678 -0.00049090
v -0.00469459 0.01091029 -0.00038974
v -0.00451198 0.00974834 -0.00049659
v -0.00451589 0.00974678 -0.00049090
v -0.00451198 0.00974834 -0.00049659
v -0.00424843 0.00861277 -0.00058987
v -0.00424843 0.00861277 -0.00058987
v -0.00451198 0.00974834 -0.00049659
v -0.00423486 0.00861818 -0.00059948
v -0.00424843 0.00861277 -0.00058987
v -0.00423486 0.00861818 -0.00059948
v -0.00389870 0.00751029 -0.00067396
v -0.00389870 0.00751029 -0.00067396
v -0.00423486 0.00861818 -0.00059948
v -0.00376712 0.00756266 -0.00068827
v -0.00389870 0.00751029 -0.00067396
v -0.00376712 0.00756266 -0.00068827
v -0.00339364 0.00647172 -0.00072091
v -0.00339364 0.00647172 -0.00072091
v -0.00376712 0.00756266 -0.00068827
v -0.00327353 0.00651954 -0.00070598
v -0.00339364 0.00647172 -0.00072091
v -0.00327353 0.00651954 -0.00070598
v -0.00288188 0.00544041 -0.00066443
v -0.00288188 0.00544041 -0.00066443
v -0.00327353 0.00651954 -0.00070598
v -0.00266610 0.00552630 -0.00061237
v -0.00288188 0.00544041 -0.00066443
v -0.00266610 0.00552630 -0.00061237
v -0.00246487 0.00437863 -0.00056788
v -0.00246487 0.00437863 -0.00056788
v -0.00266610 0.00552630 -0.00061237
v -0.00187408 0.00339436 -0.00040358
v -0.00246487 0.00437863 -0.00056788
v -0.00187408 0.00339436 -0.00040358
v -0.00203902 0.00332871 -0.00043889
v -0.00203902 0.00332871 -0.00043889
v -0.00187408 0.00339436 -0.00040358
v -0.00151813 0.00233060 -0.00027296
v -0.00203902 0.00332871 -0.00043889
v -0.00151813 0.00233060 -0.00027296
v -0.00165515 0.00227606 -0.00029149
v -0.00165515 0.00227606 -0.00029149
v -0.00151813 0.00233060 -0.00027296
v -0.00148993 0.00173521 -0.00020509
v -0.00165515 0.00227606 -0.00029149
v -0.00148993 0.00173521 -0.00020509
v -0.00160993 0.00168745 -0.00018584
v -0.00160993 0.00168745 -0.00018584
v -0.00148993 0.00173521 -0.00020509
v -0.00143024 0.00135552 -0.00012640
v -0.00160993 0.00168745 -0.00018584
v -0.00143024 0.00135552 -0.00012640
v -0.00150141 0.00140167 -0.00012640
v -0.00484122 0.01329850 -0.00016978
v -0.00484392 0.01329742 -0.00017567
v -0.00482792 0.01269569 -0.00022250
v -0.00482792 0.01269569 -0.00022250
v -0.00484392 0.01329742 -0.00017567
v -0.00483013 0.01269481 -0.00022853
v -0.00482792 0.01269569 -0.00022250
v -0.00483013 0.01269481 -0.00022853
v -0.00479373 0.01209792 -0.00026989
v -0.00479373 0.01209792 -0.00026989
v -0.00483013 0.01269481 -0.00022853
v -0.00479665 0.01209676 -0.00027607
v -0.00479373 0.01209792 -0.00026989
v -0.00479665 0.01209676 -0.00027607
v -0.00469529 0.01091001 -0.00037745
v -0.00469529 0.01091001 -0.00037745
v -0.00479665 0.01209676 -0.00027607
v -0.00469617 0.01090966 -0.00038371
v -0.00469529 0.01091001 -0.00037745
v -0.00469617 0.01090966 -0.00038371
v -0.00451755 0.00974612 -0.00048486
v -0.00451755 0.00974612 -0.00048486
v -0.00469617 0.01090966 -0.00038371
v -0.00451589 0.00974678 -0.00049090
v -0.00451755 0.00974612 -0.00048486
v -0.00451589 0.00974678 -0.00049090
v -0.00425267 0.00861108 -0.00058440
v -0.00425267 0.00861108 -0.00058440
v -0.00451589 0.00974678 -0.00049090
v -0.00424843 0.00861277 -0.00058987
v -0.00425267 0.00861108 -0.00058440
v -0.00424843 0.00861277 -0.00058987
v -0.00391248 0.00750481 -0.00066517
v -0.00391248 0.00750481 -0.00066517
v -0.00424843 0.00861277 -0.00058987
v -0.00389870 0.00751029 -0.00067396
v -0.00391248 0.00750481 -0.00066517
v -0.00389870 0.00751029 -0.00067396
v -0.00351810 0.00642218 -0.00071215
v -0.00351810 0.00642218 -0.00071215
v -0.00389870 0.00751029 -0.00067396
v -0.00339364 0.00647172 -0.00072091
v -0.00351810 0.00642218 -0.00071215
v -0.00339364 0.00647172 -0.00072091
v -0.00299242 0.00539641 -0.00068039
v -0.00299242 0.00539641 -0.00068039
v -0.00339364 0.00647172 -0.00072091
v -0.00288188 0.00544041 -0.00066443
v -0.00299242 0.00539641 -0.00068039
v -0.00288188 0.00544041 -0.00066443
v -0.00288410 0.00482486 -0.00062830
v -0.00288410 0.00482486 -0.00062830
v -0.00288188 0.00544041 -0.00066443
v -0.00266436 0.00429922 -0.00057885
v -0.00266436 0.00429922 -0.00057885
v -0.00289817 0.00481926 -0.00062264
v -0.00266436 0.00429922 -0.00057885
v -0.00268954 0.00428920 -0.00056717
v -0.00268954 0.00428920 -0.00056717
v -0.00290924 0.00481485 -0.00061520
v -0.00268954 0.00428920 -0.00056717
v -0.00269401 0.00428742 -0.00056321
v -0.00269401 0.00428742 -0.00056321
v -0.00291312 0.00481331 -0.00061079
v -0.00269401 0.00428742 -0.00056321
v -0.00291454 0.00481274 -0.00060840
v -0.00291312 0.00481331 -0.00061079
v -0.00291454 0.00481274 -0.00060840
v -0.00313440 0.00533990 -0.00065207
v -0.00354140 0.00641291 -0.00069491
v -0.00354320 0.00641219 -0.00068932
v -0.00373369 0.00695580 -0.00068165
v -0.00373369 0.00695580 -0.00068165
v -0.00354320 0.00641219 -0.00068932
v -0.00373486 0.00695533 -0.00067581
v -0.00373369 0.00695580 -0.00068165
v -0.00373486 0.00695533 -0.00067581
v -0.00391971 0.00750193 -0.00065443
v -0.00391971 0.00750193 -0.00065443
v -0.00373486 0.00695533 -0.00067581
v -0.00392009 0.00750177 -0.00064834
v -0.00391971 0.00750193 -0.00065443
v -0.00392009 0.00750177 -0.00064834
v -0.00425438 0.00861040 -0.00057221
v -0.00425438 0.00861040 -0.00057221
v -0.00392009 0.00750177 -0.00064834
v -0.00425176 0.00861145 -0.00056562
v -0.00425438 0.00861040 -0.00057221
v -0.00425176 0.00861145 -0.00056562
v -0.00451355 0.00974771 -0.00047195
v -0.00451355 0.00974771 -0.00047195
v -0.00425176 0.00861145 -0.00056562
v -0.00450209 0.00975227 -0.00045869
v -0.00451355 0.00974771 -0.00047195
v -0.00450209 0.00975227 -0.00045869
v -0.00468078 0.01091579 -0.00035826
v -0.00468078 0.01091579 -0.00035826
v -0.00450209 0.00975227 -0.00045869
v -0.00461910 0.01094034 -0.00032004
v -0.00468078 0.01091579 -0.00035826
v -0.00461910 0.01094034 -0.00032004
v -0.00472317 0.01212601 -0.00022160
v -0.00472317 0.01212601 -0.00022160
v -0.00461910 0.01094034 -0.00032004
v -0.00460478 0.01217314 -0.00017864
v -0.00472317 0.01212601 -0.00022160
v -0.00460478 0.01217314 -0.00017864
v -0.00467055 0.01336643 -0.00008797
v -0.00467055 0.01336643 -0.00008797
v -0.00460478 0.01217314 -0.00017864
v -0.00443967 0.01345833 -0.00003232
v -0.00467055 0.01336643 -0.00008797
v -0.00443967 0.01345833 -0.00003232
v -0.00444378 0.01466080 0.00004912
v -0.00444378 0.01466080 0.00004912
v -0.00443967 0.01345833 -0.00003232
v -0.00397334 0.01364395 0.00005390
v -0.00397334 0.01364395 0.00005390
v -0.00302267 0.00785898 -0.00025735
v -0.00330881 0.00898678 -0.00020857
v -0.00350409 0.00766736 -0.00042768
v -0.00350409 0.00766736 -0.00042768
v -0.00330881 0.00898678 -0.00020857
v -0.00381324 0.00878599 -0.00036422
v -0.00381324 0.00878599 -0.00036422
v -0.00374087 0.00757311 -0.00052462
v -0.00381324 0.00878599 -0.00036422
v -0.00406195 0.00868700 -0.00045394
v -0.00406195 0.00868700 -0.00045394
v -0.00385410 0.00752804 -0.00058365
v -0.00406195 0.00868700 -0.00045394
v -0.00418167 0.00863934 -0.00050951
v -0.00418167 0.00863934 -0.00050951
v -0.00390950 0.00750599 -0.00062825
v -0.00418167 0.00863934 -0.00050951
v -0.00424125 0.00861563 -0.00055206
v -0.00390950 0.00750599 -0.00062825
v -0.00424125 0.00861563 -0.00055206
v -0.00391832 0.00750248 -0.00064186
v -0.00205692 0.00824339 0.00007399
v -0.00156636 0.00596404 0.00010861
v -0.00109395 0.00862669 0.00040936
v -0.00109395 0.00862669 0.00040936
v -0.00156636 0.00596404 0.00010861
v -0.00074680 0.00629026 0.00046524
v -0.00109395 0.00862669 0.00040936
v -0.00074680 0.00629026 0.00046524
v -0.00060575 0.00882102 0.00058427
v 0.00005113 0.00722448 0.00081715
v 0.00000384 0.00782406 0.00079735
v 0.00000049 0.00782272 0.00079737
v 0.00005113 0.00722448 0.00081715
v 0.00000049 0.00782272 0.00079737
v 0.00008700 0.00662214 0.00083666
v 0.00008700 0.00662214 0.00083666
v 0.00000049 0.00782272 0.00079737
v -0.00060575 0.00882102 0.00058427
v 0.00008700 0.00662214 0.00083666
v -0.00060575 0.00882102 0.00058427
v -0.00033179 0.00645545 0.00065070
v -0.00074680 0.00629026 0.00046524
v -0.00033179 0.00645545 0.00065070
v -0.00074680 0.00629026 0.00046524
v -0.00060143 0.00512035 0.00048829
v -0.00060143 0.00512035 0.00048829
v -0.00074680 0.00629026 0.00046524
v -0.00156636 0.00596404 0.00010861
v -0.00096591 0.01115981 0.00053718
v -0.00109395 0.00862669 0.00040936
v -0.00096591 0.01115981 0.00053718
v -0.00148797 0.01095201 0.00039409
v -0.00148797 0.01095201 0.00039409
v -0.00205692 0.00824339 0.00007399
v -0.00148797 0.01095201 0.00039409
v -0.00251698 0.01054242 0.00012159
v -0.00354859 0.01013180 -0.00014667
v -0.00354859 0.01013180 -0.00014667
v -0.00251698 0.01054242 0.00012159
v -0.00373341 0.01129288 -0.00007908
v -0.00354859 0.01013180 -0.00014667
v -0.00373341 0.01129288 -0.00007908
v -0.00424418 0.01108957 -0.00020015
v -0.00436047 0.01227038 -0.00011484
v -0.00424418 0.01108957 -0.00020015
v -0.00436047 0.01227038 -0.00011484
v -0.00449676 0.01098903 -0.00027276
v -0.00183426 0.00220477 -0.00023149
v -0.00164654 0.00167288 -0.00012384
v -0.00182596 0.00220807 -0.00021418
v -0.00182596 0.00220807 -0.00021418
v -0.00164654 0.00167288 -0.00012384
v -0.00181432 0.00221271 -0.00019947
v -0.00182596 0.00220807 -0.00021418
v -0.00181432 0.00221271 -0.00019947
v -0.00199545 0.00274202 -0.00027030
v -0.00199545 0.00274202 -0.00027030
v -0.00181432 0.00221271 -0.00019947
v -0.00178753 0.00222337 -0.00017682
v -0.00199545 0.00274202 -0.00027030
v -0.00178753 0.00222337 -0.00017682
v -0.00216820 0.00327729 -0.00031930
v -0.00216820 0.00327729 -0.00031930
v -0.00178753 0.00222337 -0.00017682
v -0.00201964 0.00333642 -0.00023357
v -0.00216820 0.00327729 -0.00031930
v -0.00201964 0.00333642 -0.00023357
v -0.00279801 0.00547379 -0.00042558
v -0.00279801 0.00547379 -0.00042558
v -0.00201964 0.00333642 -0.00023357
v -0.00238872 0.00563671 -0.00024427
v -0.00279801 0.00547379 -0.00042558
v -0.00238872 0.00563671 -0.00024427
v -0.00271420 0.00674217 -0.00027925
v -0.00271420 0.00674217 -0.00027925
v -0.00238872 0.00563671 -0.00024427
v -0.00156636 0.00596404 0.00010861
v -0.00271420 0.00674217 -0.00027925
v -0.00156636 0.00596404 0.00010861
v -0.00302267 0.00785898 -0.00025735
v -0.00302267 0.00785898 -0.00025735
v -0.00302267 0.00785898 -0.00025735
v -0.00205692 0.00824339 0.00007399
v -0.00330881 0.00898678 -0.00020857
v -0.00354859 0.01013180 -0.00014667
v -0.00330881 0.00898678 -0.00020857
v -0.00354859 0.01013180 -0.00014667
v -0.00381324 0.00878599 -0.00036422
v -0.00381324 0.00878599 -0.00036422
v -0.00381324 0.00878599 -0.00036422
v -0.00406326 0.00992694 -0.00028548
v -0.00406195 0.00868700 -0.00045394
v -0.00406195 0.00868700 -0.00045394
v -0.00406326 0.00992694 -0.00028548
v -0.00431747 0.00982576 -0.00036687
v -0.00406195 0.00868700 -0.00045394
v -0.00431747 0.00982576 -0.00036687
v -0.00418167 0.00863934 -0.00050951
v -0.00418167 0.00863934 -0.00050951
v -0.00431747 0.00982576 -0.00036687
v -0.00444036 0.00977684 -0.00041841
v -0.00418167 0.00863934 -0.00050951
v -0.00444036 0.00977684 -0.00041841
v -0.00424125 0.00861563 -0.00055206
v -0.00356610 0.01953150 0.00028804
v -0.00355934 0.01953419 0.00028249
v -0.00393472 0.01830547 0.00014601
v -0.00393472 0.01830547 0.00014601
v -0.00355934 0.01953419 0.00028249
v -0.00352085 0.01954952 0.00026498
v -0.00393472 0.01830547 0.00014601
v -0.00352085 0.01954952 0.00026498
v -0.00383325 0.01834585 0.00012358
v -0.00383325 0.01834585 0.00012358
v -0.00352085 0.01954952 0.00026498
v -0.00349212 0.01956095 0.00025720
v -0.00383325 0.01834585 0.00012358
v -0.00349212 0.01956095 0.00025720
v -0.00362649 0.01842815 0.00011029
v -0.00362649 0.01842815 0.00011029
v -0.00349212 0.01956095 0.00025720
v -0.00334342 0.01962014 0.00024507
v -0.00362649 0.01842815 0.00011029
v -0.00334342 0.01962014 0.00024507
v -0.00311727 0.01971016 0.00027759
v -0.00005109 0.00842162 0.00077744
v 0.00000384 0.00782406 0.00079735
v -0.00000648 0.00781995 0.00078731
v -0.00005109 0.00842162 0.00077744
v -0.00000648 0.00781995 0.00078731
v -0.00012710 0.00901154 0.00074663
v -0.00012710 0.00901154 0.00074663
v -0.00000648 0.00781995 0.00078731
v -0.00018262 0.00898944 0.00071593
v -0.00012710 0.00901154 0.00074663
v -0.00018262 0.00898944 0.00071593
v -0.00051828 0.01133799 0.00063987
v -0.00051828 0.01133799 0.00063987
v -0.00018262 0.00898944 0.00071593
v -0.00067815 0.01127435 0.00057246
v -0.00051828 0.01133799 0.00063987
v -0.00067815 0.01127435 0.00057246
v -0.00111625 0.01356171 0.00051040
v -0.00111625 0.01356171 0.00051040
v -0.00067815 0.01127435 0.00057246
v -0.00134187 0.01347190 0.00042504
v -0.00111625 0.01356171 0.00051040
v -0.00134187 0.01347190 0.00042504
v -0.00182614 0.01570273 0.00038532
v -0.00182614 0.01570273 0.00038532
v -0.00134187 0.01347190 0.00042504
v -0.00224357 0.01553658 0.00025185
v -0.00182614 0.01570273 0.00038532
v -0.00224357 0.01553658 0.00025185
v -0.00246253 0.01663981 0.00024788
v -0.00246253 0.01663981 0.00024788
v -0.00224357 0.01553658 0.00025185
v -0.00307535 0.01520550 0.00002515
v -0.00307535 0.01520550 0.00002515
v -0.00318918 0.01635058 0.00005695
v -0.00307535 0.01520550 0.00002515
v -0.00392177 0.01486859 -0.00013381
v -0.00318918 0.01635058 0.00005695
v -0.00392177 0.01486859 -0.00013381
v -0.00392922 0.01605601 -0.00006691
v -0.00392922 0.01605601 -0.00006691
v -0.00392177 0.01486859 -0.00013381
v -0.00430352 0.01590702 -0.00008029
v -0.00392922 0.01605601 -0.00006691
v -0.00430352 0.01590702 -0.00008029
v -0.00418370 0.01712425 0.00000667
v -0.00418370 0.01712425 0.00000667
v -0.00430352 0.01590702 -0.00008029
v -0.00433628 0.01706352 0.00002752
v -0.00418370 0.01712425 0.00000667
v -0.00433628 0.01706352 0.00002752
v -0.00393472 0.01830547 0.00014601
v -0.00393472 0.01830547 0.00014601
v -0.00433628 0.01706352 0.00002752
v -0.00398398 0.01828586 0.00016411
v -0.00393472 0.01830547 0.00014601
v -0.00398398 0.01828586 0.00016411
v -0.00356610 0.01953150 0.00028804
v -0.00356610 0.01953150 0.00028804
v -0.00356610 0.01953150 0.00028804
v -0.00402925 0.01826784 0.00019192
v -0.00403930 0.01826384 0.00020297
v -0.00448284 0.01700518 0.00008232
v -0.00403930 0.01826384 0.00020297
v -0.00448284 0.01700518 0.00008232
v -0.00449776 0.01699924 0.00009850
v -0.00449776 0.01699924 0.00009850
v -0.00448284 0.01700518 0.00008232
v -0.00461890 0.01637414 0.00005242
v -0.00449776 0.01699924 0.00009850
v -0.00461890 0.01637414 0.00005242
v -0.00462190 0.01637295 0.00006203
v -0.00462190 0.01637295 0.00006203
v -0.00461890 0.01637414 0.00005242
v -0.00469140 0.01575263 0.00001168
v -0.00462190 0.01637295 0.00006203
v -0.00469140 0.01575263 0.00001168
v -0.00469179 0.01575248 0.00001678
v -0.00469179 0.01575248 0.00001678
v -0.00469140 0.01575263 0.00001168
v -0.00480350 0.01451762 -0.00008810
v -0.00469179 0.01575248 0.00001678
v -0.00480350 0.01451762 -0.00008810
v -0.00480453 0.01451721 -0.00008259
v -0.00480453 0.01451721 -0.00008259
v -0.00480350 0.01451762 -0.00008810
v -0.00483629 0.01390460 -0.00013228
v -0.00480453 0.01451721 -0.00008259
v -0.00483629 0.01390460 -0.00013228
v -0.00483631 0.01390460 -0.00012942
v -0.00234983 0.01866966 0.00042013
v -0.00243561 0.01890217 0.00041195
v -0.00226564 0.01843576 0.00042845
v -0.00226564 0.01843576 0.00042845
v -0.00243561 0.01890217 0.00041195
v -0.00244018 0.01890035 0.00041316
v -0.00226564 0.01843576 0.00042845
v -0.00244018 0.01890035 0.00041316
v -0.00210269 0.01795258 0.00044729
v -0.00210269 0.01795258 0.00044729
v -0.00244018 0.01890035 0.00041316
v -0.00241771 0.01782719 0.00041039
v -0.00210269 0.01795258 0.00044729
v -0.00241771 0.01782719 0.00041039
v -0.00188673 0.01567862 0.00045054
v -0.00272826 0.01770357 0.00037338
v -0.00188673 0.01567862 0.00045054
v -0.00272826 0.01770357 0.00037338
v -0.00251898 0.01661734 0.00037626
v -0.00251898 0.01661734 0.00037626
v -0.00251898 0.01661734 0.00037626
v -0.00334022 0.01745999 0.00030893
v -0.00326165 0.01632173 0.00027758
v -0.00334477 0.00587277 -0.00068307
v -0.00334501 0.00587268 -0.00067719
v -0.00354320 0.00641219 -0.00068932
v -0.00354320 0.00641219 -0.00068932
v -0.00334501 0.00587268 -0.00067719
v -0.00354299 0.00641228 -0.00068324
v -0.00354320 0.00641219 -0.00068932
v -0.00354299 0.00641228 -0.00068324
v -0.00373486 0.00695533 -0.00067581
v -0.00373486 0.00695533 -0.00067581
v -0.00354299 0.00641228 -0.00068324
v -0.00373394 0.00695570 -0.00066953
v -0.00373486 0.00695533 -0.00067581
v -0.00373394 0.00695570 -0.00066953
v -0.00392009 0.00750177 -0.00064834
v -0.00392009 0.00750177 -0.00064834
v -0.00373394 0.00695570 -0.00066953
v -0.00391832 0.00750248 -0.00064186
v -0.00392009 0.00750177 -0.00064834
v -0.00391832 0.00750248 -0.00064186
v -0.00425176 0.00861145 -0.00056562
v -0.00425176 0.00861145 -0.00056562
v -0.00391832 0.00750248 -0.00064186
v -0.00424125 0.00861563 -0.00055206
v -0.00425176 0.00861145 -0.00056562
v -0.00424125 0.00861563 -0.00055206
v -0.00450209 0.00975227 -0.00045869
v -0.00450209 0.00975227 -0.00045869
v -0.00424125 0.00861563 -0.00055206
v -0.00444036 0.00977684 -0.00041841
v -0.00450209 0.00975227 -0.00045869
v -0.00444036 0.00977684 -0.00041841
v -0.00461910 0.01094034 -0.00032004
v -0.00461910 0.01094034 -0.00032004
v -0.00444036 0.00977684 -0.00041841
v -0.00449676 0.01098903 -0.00027276
v -0.00461910 0.01094034 -0.00032004
v -0.00449676 0.01098903 -0.00027276
v -0.00460478 0.01217314 -0.00017864
v -0.00460478 0.01217314 -0.00017864
v -0.00449676 0.01098903 -0.00027276
v -0.00436047 0.01227038 -0.00011484
v -0.00460478 0.01217314 -0.00017864
v -0.00436047 0.01227038 -0.00011484
v -0.00443967 0.01345833 -0.00003232
v -0.00443967 0.01345833 -0.00003232
v -0.00436047 0.01227038 -0.00011484
v -0.00386681 0.01246688 -0.00001145
v -0.00443967 0.01345833 -0.00003232
v -0.00386681 0.01246688 -0.00001145
v -0.00397334 0.01364395 0.00005390
v -0.00397334 0.01364395 0.00005390
v -0.00386681 0.01246688 -0.00001145
v -0.00287771 0.01286058 0.00018581
v -0.00397334 0.01364395 0.00005390
v -0.00287771 0.01286058 0.00018581
v -0.00401886 0.01482994 0.00011850
v -0.00401886 0.01482994 0.00011850
v -0.00287771 0.01286058 0.00018581
v -0.00316751 0.01516881 0.00024646
v -0.00401886 0.01482994 0.00011850
v -0.00316751 0.01516881 0.00024646
v -0.00400588 0.01602549 0.00018328
v -0.00400588 0.01602549 0.00018328
v -0.00316751 0.01516881 0.00024646
v -0.00326165 0.01632173 0.00027758
v -0.00400588 0.01602549 0.00018328
v -0.00326165 0.01632173 0.00027758
v -0.00395340 0.01721592 0.00024886
v -0.00395340 0.01721592 0.00024886
v -0.00326165 0.01632173 0.00027758
v -0.00334022 0.01745999 0.00030893
v -0.00334022 0.01745999 0.00030893
v -0.00369079 0.01840256 0.00031436
v -0.00334022 0.01745999 0.00030893
v -0.00327694 0.01856729 0.00034219
v -0.00369079 0.01840256 0.00031436
v -0.00327694 0.01856729 0.00034219
v -0.00325334 0.01965599 0.00035043
v -0.00325334 0.01965599 0.00035043
v -0.00286382 0.01873173 0.00037372
v -0.00296565 0.01977050 0.00036662
v -0.00296565 0.01977050 0.00036662
v -0.00286382 0.01873173 0.00037372
v -0.00241771 0.01782719 0.00041039
v -0.00281335 0.01983112 0.00037856
v -0.00281335 0.01983112 0.00037856
v -0.00241771 0.01782719 0.00041039
v -0.00244018 0.01890035 0.00041316
v 0.00026269 0.00203713 0.00051747
v 0.00025984 0.00203750 0.00051389
v 0.00019157 0.00240447 0.00055904
v 0.00019157 0.00240447 0.00055904
v 0.00025984 0.00203750 0.00051389
v 0.00018932 0.00240362 0.00055615
v 0.00019157 0.00240447 0.00055904
v 0.00018932 0.00240362 0.00055615
v 0.00014963 0.00299443 0.00062790
v 0.00014963 0.00299443 0.00062790
v 0.00018932 0.00240362 0.00055615
v 0.00013885 0.00299015 0.00061897
v 0.00014963 0.00299443 0.00062790
v 0.00013885 0.00299015 0.00061897
v 0.00015133 0.00420056 0.00074332
v 0.00015133 0.00420056 0.00074332
v 0.00013885 0.00299015 0.00061897
v 0.00006151 0.00416481 0.00067777
v 0.00015133 0.00420056 0.00074332
v 0.00006151 0.00416481 0.00067777
v 0.00000086 0.00536008 0.00073250
v 0.00000086 0.00536008 0.00073250
v 0.00006151 0.00416481 0.00067777
v -0.00015775 0.00529695 0.00061896
v 0.00000086 0.00536008 0.00073250
v -0.00015775 0.00529695 0.00061896
v -0.00026398 0.00648244 0.00059937
v -0.00026398 0.00648244 0.00059937
v -0.00015775 0.00529695 0.00061896
v -0.00065207 0.00632796 0.00035719
v -0.00026398 0.00648244 0.00059937
v -0.00065207 0.00632796 0.00035719
v -0.00101155 0.00865949 0.00028823
v -0.00101155 0.00865949 0.00028823
v -0.00065207 0.00632796 0.00035719
v -0.00168676 0.00715113 -0.00013177
v -0.00101155 0.00865949 0.00028823
v -0.00168676 0.00715113 -0.00013177
v -0.00194221 0.00828905 -0.00013915
v -0.00194221 0.00828905 -0.00013915
v -0.00168676 0.00715113 -0.00013177
v -0.00257789 0.00679643 -0.00051250
v -0.00194221 0.00828905 -0.00013915
v -0.00257789 0.00679643 -0.00051250
v -0.00289835 0.00790847 -0.00050017
v -0.00289835 0.00790847 -0.00050017
v -0.00257789 0.00679643 -0.00051250
v -0.00303862 0.00661304 -0.00065516
v -0.00289835 0.00790847 -0.00050017
v -0.00303862 0.00661304 -0.00065516
v -0.00339002 0.00771277 -0.00063183
v -0.00339002 0.00771277 -0.00063183
v -0.00303862 0.00661304 -0.00065516
v -0.00363977 0.00761336 -0.00067669
v -0.00339002 0.00771277 -0.00063183
v -0.00363977 0.00761336 -0.00067669
v -0.00396679 0.00872487 -0.00061162
v -0.00396679 0.00872487 -0.00061162
v -0.00363977 0.00761336 -0.00067669
v -0.00409899 0.00867226 -0.00061901
v -0.00396679 0.00872487 -0.00061162
v -0.00409899 0.00867226 -0.00061901
v -0.00436206 0.00980801 -0.00053145
v -0.00436206 0.00980801 -0.00053145
v -0.00409899 0.00867226 -0.00061901
v -0.00449883 0.00975357 -0.00050681
v -0.00436206 0.00980801 -0.00053145
v -0.00449883 0.00975357 -0.00050681
v -0.00467808 0.01091686 -0.00040604
v -0.00467808 0.01091686 -0.00040604
v -0.00449883 0.00975357 -0.00050681
v -0.00469081 0.01091179 -0.00039550
v -0.00467808 0.01091686 -0.00040604
v -0.00469081 0.01091179 -0.00039550
v -0.00479237 0.01209847 -0.00029383
v -0.00479237 0.01209847 -0.00029383
v -0.00469081 0.01091179 -0.00039550
v -0.00479593 0.01209705 -0.00028810
v -0.00479237 0.01209847 -0.00029383
v -0.00479593 0.01209705 -0.00028810
v -0.00484033 0.01329886 -0.00019296
v -0.00484033 0.01329886 -0.00019296
v -0.00479593 0.01209705 -0.00028810
v -0.00483025 0.01269476 -0.00023450
v -0.00484033 0.01329886 -0.00019296
v -0.00483025 0.01269476 -0.00023450
v -0.00484342 0.01329763 -0.00018732
v -0.00484342 0.01329763 -0.00018732
v -0.00483025 0.01269476 -0.00023450
v -0.00484429 0.01329728 -0.00018444
v -0.00484342 0.01329763 -0.00018732
v -0.00484429 0.01329728 -0.00018444
v -0.00483578 0.01390481 -0.00013511
v -0.00483578 0.01390481 -0.00013511
v -0.00484429 0.01329728 -0.00018444
v -0.00484467 0.01329713 -0.00018154
v -0.00483578 0.01390481 -0.00013511
v -0.00484467 0.01329713 -0.00018154
v -0.00483629 0.01390460 -0.00013228
v -0.00483629 0.01390460 -0.00013228
v -0.00484467 0.01329713 -0.00018154
v -0.00484456 0.01329717 -0.00017861
v -0.00483629 0.01390460 -0.00013228
v -0.00484456 0.01329717 -0.00017861
v -0.00483631 0.01390460 -0.00012942
v -0.00483631 0.01390460 -0.00012942
v -0.00484456 0.01329717 -0.00017861
v -0.00484392 0.01329742 -0.00017567
v -0.00483631 0.01390460 -0.00012942
v -0.00484392 0.01329742 -0.00017567
v -0.00483491 0.01390515 -0.00012369
v -0.00483491 0.01390515 -0.00012369
v -0.00484392 0.01329742 -0.00017567
v -0.00484122 0.01329850 -0.00016978
v -0.00483491 0.01390515 -0.00012369
v -0.00484122 0.01329850 -0.00016978
v -0.00483181 0.01390638 -0.00011797
v -0.00483181 0.01390638 -0.00011797
v -0.00484122 0.01329850 -0.00016978
v -0.00483688 0.01330023 -0.00016394
v -0.00483181 0.01390638 -0.00011797
v -0.00483688 0.01330023 -0.00016394
v -0.00481012 0.01331088 -0.00014265
v -0.00481012 0.01331088 -0.00014265
v -0.00483688 0.01330023 -0.00016394
v -0.00481836 0.01269949 -0.00021053
v -0.00481012 0.01331088 -0.00014265
v -0.00481836 0.01269949 -0.00021053
v -0.00472317 0.01212601 -0.00022160
v -0.00472317 0.01212601 -0.00022160
v -0.00481836 0.01269949 -0.00021053
v -0.00478290 0.01210224 -0.00025767
v -0.00472317 0.01212601 -0.00022160
v -0.00478290 0.01210224 -0.00025767
v -0.00468078 0.01091579 -0.00035826
v -0.00468078 0.01091579 -0.00035826
v -0.00468078 0.01091579 -0.00035826
v -0.00469216 0.01091125 -0.00037105
v -0.00451355 0.00974771 -0.00047195
v -0.00451355 0.00974771 -0.00047195
v -0.00469216 0.01091125 -0.00037105
v -0.00451669 0.00974646 -0.00047851
v -0.00451355 0.00974771 -0.00047195
v -0.00451669 0.00974646 -0.00047851
v -0.00425438 0.00861040 -0.00057221
v -0.00425438 0.00861040 -0.00057221
v -0.00451669 0.00974646 -0.00047851
v -0.00425474 0.00861026 -0.00057850
v -0.00425438 0.00861040 -0.00057221
v -0.00425474 0.00861026 -0.00057850
v -0.00391971 0.00750193 -0.00065443
v -0.00391971 0.00750193 -0.00065443
v -0.00425474 0.00861026 -0.00057850
v -0.00391708 0.00750298 -0.00066004
v -0.00391971 0.00750193 -0.00065443
v -0.00391708 0.00750298 -0.00066004
v -0.00373369 0.00695580 -0.00068165
v -0.00373369 0.00695580 -0.00068165
v -0.00391708 0.00750298 -0.00066004
v -0.00353771 0.00641438 -0.00069999
v -0.00373369 0.00695580 -0.00068165
v -0.00353771 0.00641438 -0.00069999
v -0.00354140 0.00641291 -0.00069491
v -0.00354140 0.00641291 -0.00069491
v -0.00353771 0.00641438 -0.00069999
v -0.00334263 0.00587362 -0.00068845
v -0.00354140 0.00641291 -0.00069491
v -0.00334263 0.00587362 -0.00068845
v -0.00334477 0.00587277 -0.00068307
v -0.00334477 0.00587277 -0.00068307
v -0.00334263 0.00587362 -0.00068845
v -0.00313360 0.00534022 -0.00065474
v -0.00334477 0.00587277 -0.00068307
v -0.00313360 0.00534022 -0.00065474
v -0.00334501 0.00587268 -0.00067719
v -0.00334501 0.00587268 -0.00067719
v -0.00313360 0.00534022 -0.00065474
v -0.00313440 0.00533990 -0.00065207
v -0.00334501 0.00587268 -0.00067719
v -0.00313440 0.00533990 -0.00065207
v -0.00313475 0.00533976 -0.00064926
v -0.00313475 0.00533976 -0.00064926
v -0.00313440 0.00533990 -0.00065207
v -0.00291454 0.00481274 -0.00060840
v -0.00313475 0.00533976 -0.00064926
v -0.00291454 0.00481274 -0.00060840
v -0.00291557 0.00481233 -0.00060588
v -0.00269734 0.00428609 -0.00055882
v -0.00269734 0.00428609 -0.00055882
v -0.00291621 0.00481208 -0.00060324
v -0.00269734 0.00428609 -0.00055882
v -0.00269937 0.00428528 -0.00055396
v -0.00269937 0.00428528 -0.00055396
v -0.00291647 0.00481198 -0.00060048
v -0.00269937 0.00428528 -0.00055396
v -0.00270004 0.00428502 -0.00054869
v -0.00270004 0.00428502 -0.00054869
v -0.00291588 0.00481221 -0.00059469
v -0.00291588 0.00481221 -0.00059469
v -0.00269933 0.00428530 -0.00054303
v -0.00291085 0.00481421 -0.00058228
v -0.00291085 0.00481421 -0.00058228
v -0.00269933 0.00428530 -0.00054303
v -0.00269740 0.00428607 -0.00053709
v -0.00291085 0.00481421 -0.00058228
v -0.00269740 0.00428607 -0.00053709
v -0.00269077 0.00428871 -0.00052488
v -0.00269077 0.00428871 -0.00052488
v -0.00269740 0.00428607 -0.00053709
v -0.00247353 0.00376403 -0.00047066
v -0.00247353 0.00376403 -0.00047066
v -0.00267229 0.00429606 -0.00050242
v -0.00247353 0.00376403 -0.00047066
v -0.00224051 0.00324851 -0.00038733
v -0.00267229 0.00429606 -0.00050242
v -0.00224051 0.00324851 -0.00038733
v -0.00223389 0.00325114 -0.00037692
v -0.00223389 0.00325114 -0.00037692
v -0.00224051 0.00324851 -0.00038733
v -0.00202599 0.00272986 -0.00031228
v -0.00223389 0.00325114 -0.00037692
v -0.00202599 0.00272986 -0.00031228
v -0.00202170 0.00273157 -0.00030247
v -0.00202170 0.00273157 -0.00030247
v -0.00202599 0.00272986 -0.00031228
v -0.00192886 0.00246794 -0.00027717
v -0.00202170 0.00273157 -0.00030247
v -0.00192886 0.00246794 -0.00027717
v -0.00183426 0.00220477 -0.00023149
v -0.00183426 0.00220477 -0.00023149
v -0.00192886 0.00246794 -0.00027717
v -0.00183592 0.00220411 -0.00024030
v -0.00183426 0.00220477 -0.00023149
v -0.00183592 0.00220411 -0.00024030
v -0.00165150 0.00167090 -0.00014011
v -0.00165150 0.00167090 -0.00014011
v -0.00183592 0.00220411 -0.00024030
v -0.00165126 0.00167100 -0.00014791
v -0.00165150 0.00167090 -0.00014011
v -0.00165126 0.00167100 -0.00014791
v -0.00154144 0.00135752 -0.00007022
v -0.00154144 0.00135752 -0.00007022
v -0.00165126 0.00167100 -0.00014791
v -0.00154088 0.00135816 -0.00007926
v -0.00113956 0.00170889 0.00012876
v -0.00099324 0.00179789 0.00017484
v -0.00127036 0.00182261 0.00006896
v -0.00127036 0.00182261 0.00006896
v -0.00099324 0.00179789 0.00017484
v -0.00078576 0.00201550 0.00023464
v -0.00127036 0.00182261 0.00006896
v -0.00078576 0.00201550 0.00023464
v -0.00140980 0.00237372 -0.00000296
v -0.00140980 0.00237372 -0.00000296
v -0.00078576 0.00201550 0.00023464
v -0.00089837 0.00257729 0.00019648
v -0.00140980 0.00237372 -0.00000296
v -0.00089837 0.00257729 0.00019648
v -0.00171059 0.00345944 -0.00008818
v -0.00171059 0.00345944 -0.00008818
v -0.00089837 0.00257729 0.00019648
v -0.00108654 0.00370783 0.00019021
v -0.00171059 0.00345944 -0.00008818
v -0.00108654 0.00370783 0.00019021
v -0.00156636 0.00596404 0.00010861
v -0.00046486 0.00395529 0.00047105
v -0.00156636 0.00596404 0.00010861
v -0.00046486 0.00395529 0.00047105
v -0.00060143 0.00512035 0.00048829
v -0.00060143 0.00512035 0.00048829
v -0.00023433 0.00526647 0.00066195
v -0.00033179 0.00645545 0.00065070
v 0.00013965 0.00541533 0.00083833
v -0.00033179 0.00645545 0.00065070
v 0.00013965 0.00541533 0.00083833
v 0.00011752 0.00601962 0.00084810
v 0.00011752 0.00601962 0.00084810
v 0.00013965 0.00541533 0.00083833
v 0.00013415 0.00571949 0.00084718
v 0.00011752 0.00601962 0.00084810
v 0.00013415 0.00571949 0.00084718
v 0.00012301 0.00602181 0.00084869
v 0.00012301 0.00602181 0.00084869
v 0.00013415 0.00571949 0.00084718
v 0.00013602 0.00572024 0.00084658
v 0.00012301 0.00602181 0.00084869
v 0.00013602 0.00572024 0.00084658
v 0.00012185 0.00602135 0.00084555
v 0.00010836 0.00632310 0.00084375
v 0.00010836 0.00632310 0.00084375
v 0.00012185 0.00602135 0.00084555
v 0.00008856 0.00662276 0.00083252
v 0.00010836 0.00632310 0.00084375
v 0.00008856 0.00662276 0.00083252
v 0.00009024 0.00662343 0.00083426
v 0.00009024 0.00662343 0.00083426
v 0.00008856 0.00662276 0.00083252
v -0.00000648 0.00781995 0.00078731
v 0.00009024 0.00662343 0.00083426
v -0.00000648 0.00781995 0.00078731
v 0.00009065 0.00662360 0.00083697
v 0.00009065 0.00662360 0.00083697
v -0.00000648 0.00781995 0.00078731
v 0.00000384 0.00782406 0.00079735
v 0.00009065 0.00662360 0.00083697
v 0.00000384 0.00782406 0.00079735
v 0.00005113 0.00722448 0.00081715
v -0.00005109 0.00842162 0.00077744
v 0.00000049 0.00782272 0.00079737
v -0.00005109 0.00842162 0.00077744
v -0.00011653 0.00901575 0.00075782
v 0.00000049 0.00782272 0.00079737
v -0.00011653 0.00901575 0.00075782
v -0.00060575 0.00882102 0.00058427
v -0.00060575 0.00882102 0.00058427
v -0.00011653 0.00901575 0.00075782
v -0.00044390 0.01136759 0.00067841
v -0.00060575 0.00882102 0.00058427
v -0.00044390 0.01136759 0.00067841
v -0.00096591 0.01115981 0.00053718
v -0.00096591 0.01115981 0.00053718
v -0.00044390 0.01136759 0.00067841
v -0.00088957 0.01365194 0.00059968
v -0.00096591 0.01115981 0.00053718
v -0.00088957 0.01365194 0.00059968
v -0.00139006 0.01345272 0.00049451
v -0.00139006 0.01345272 0.00049451
v -0.00088957 0.01365194 0.00059968
v -0.00101946 0.01421160 0.00058017
v -0.00115692 0.01476500 0.00056080
v -0.00115692 0.01476500 0.00056080
v -0.00101946 0.01421160 0.00058017
v -0.00108423 0.01449033 0.00056974
v -0.00108423 0.01449033 0.00056974
v -0.00214024 0.01807715 0.00044111
v -0.00209824 0.01795435 0.00044542
v -0.00209961 0.01795380 0.00044366
v -0.00218293 0.01819777 0.00043525
v -0.00218293 0.01819777 0.00043525
v -0.00209961 0.01795380 0.00044366
v -0.00210321 0.01795237 0.00044141
v -0.00218293 0.01819777 0.00043525
v -0.00210321 0.01795237 0.00044141
v -0.00226564 0.01843576 0.00042845
v -0.00226564 0.01843576 0.00042845
v -0.00210321 0.01795237 0.00044141
v -0.00243713 0.01890157 0.00040909
v -0.00226564 0.01843576 0.00042845
v -0.00243713 0.01890157 0.00040909
v -0.00243561 0.01890217 0.00041195
v -0.00243561 0.01890217 0.00041195
v -0.00243713 0.01890157 0.00040909
v -0.00279483 0.01983850 0.00037828
v -0.00243561 0.01890217 0.00041195
v -0.00279483 0.01983850 0.00037828
v -0.00244018 0.01890035 0.00041316
v -0.00244018 0.01890035 0.00041316
v -0.00279483 0.01983850 0.00037828
v -0.00279817 0.01983717 0.00037904
v -0.00244018 0.01890035 0.00041316
v -0.00279817 0.01983717 0.00037904
v -0.00281335 0.01983112 0.00037856
v -0.00141082 0.00071133 0.00000000
v -0.00091865 0.00128549 0.00000000
v -0.00035059 0.00088079 0.00000000
v -0.00021603 0.00156516 0.00000000
v 0.00013678 0.00093808 0.00000000
v 0.00053609 0.00148627 0.00000000
v 0.00058749 0.00074401 0.00000000
v 0.00116539 0.00106690 0.00000000
v 0.00088079 0.00035059 0.00000000
v 0.00152771 0.00040311 0.00000000
v 0.00093808 -0.00013678 0.00000000
v 0.00154006 -0.00035303 0.00000000
v 0.00074401 -0.00058749 0.00000000
v 0.00119959 -0.00102829 0.00000000
v 0.00035059 -0.00088079 0.00000000
v 0.00058432 -0.00146798 0.00000000
v -0.00013678 -0.00093808 0.00000000
v -0.00016482 -0.00157138 0.00000000
v -0.00058749 -0.00074401 0.00000000
v -0.00087620 -0.00131479 0.00000000
v -0.00088079 -0.00035059 0.00000000
v -0.00138685 -0.00075700 0.00000000
v -0.00093808 0.00013678 0.00000000
v -0.00157979 -0.00002579 0.00000000
v -0.00074401 0.00058749 0.00000000
v 0.00058432 -0.00146798 0.00000000
v 0.00058432 -0.00146798 -0.00012640
v -0.00016482 -0.00157138 0.00000000
v -0.00016482 -0.00157138 -0.00012640
v -0.00016482 -0.00157138 0.00000000
v -0.00016482 -0.00157138 -0.00012640
v -0.00087620 -0.00131479 0.00000000
v -0.00087620 -0.00131479 -0.00012640
v -0.00087620 -0.00131479 0.00000000
v -0.00087620 -0.00131479 -0.00012640
v -0.00138685 -0.00075700 0.00000000
v -0.00138685 -0.00075700 -0.00012640
v -0.00138685 -0.00075700 0.00000000
v -0.00138685 -0.00075700 -0.00012640
v -0.00157979 -0.00002579 0.00000000
v -0.00157979 -0.00002579 -0.00012640
v -0.00157979 -0.00002579 0.00000000
v -0.00157979 -0.00002579 -0.00012640
v -0.00141082 0.00071133 0.00000000
v -0.00141082 0.00071133 -0.00012640
v -0.00141082 0.00071133 0.00000000
v -0.00141082 0.00071133 -0.00012640
v -0.00091865 0.00128549 0.00000000
v -0.00091865 0.00128549 -0.00012640
v -0.00091865 0.00128549 0.00000000
v -0.00091865 0.00128549 -0.00012640
v -0.00021603 0.00156516 0.00000000
v -0.00021603 0.00156516 -0.00012640
v -0.00021603 0.00156516 0.00000000
v -0.00021603 0.00156516 -0.00012640
v 0.00053609 0.00148627 0.00000000
v 0.00053609 0.00148627 -0.00012640
v 0.00053609 0.00148627 0.00000000
v 0.00053609 0.00148627 -0.00012640
v 0.00116539 0.00106690 0.00000000
v 0.00116539 0.00106690 -0.00012640
v 0.00116539 0.00106690 0.00000000
v 0.00116539 0.00106690 -0.00012640
v 0.00152771 0.00040311 0.00000000
v 0.00152771 0.00040311 -0.00012640
v 0.00152771 0.00040311 0.00000000
v 0.00152771 0.00040311 -0.00012640
v 0.00154006 -0.00035303 0.00000000
v 0.00154006 -0.00035303 -0.00012640
v 0.00154006 -0.00035303 0.00000000
v 0.00154006 -0.00035303 -0.00012640
v 0.00119959 -0.00102829 0.00000000
v 0.00119959 -0.00102829 -0.00012640
v 0.00119959 -0.00102829 0.00000000
v 0.00119959 -0.00102829 -0.00012640
v 0.00058432 -0.00146798 0.00000000
v 0.00058432 -0.00146798 -0.00012640
v -0.00093808 0.00013678 0.00022120
v -0.00125077 0.00018237 0.00022120
v -0.00088079 -0.00035059 0.00022120
v -0.00117439 -0.00046745 0.00022120
v -0.00058749 -0.00074401 0.00022120
v -0.00078332 -0.00099202 0.00022120
v -0.00013678 -0.00093808 0.00022120
v -0.00018237 -0.00125078 0.00022120
v 0.00035059 -0.00088079 0.00022120
v 0.00046745 -0.00117439 0.00022120
v 0.00074401 -0.00058749 0.00022120
v 0.00099202 -0.00078332 0.00022120
v 0.00093808 -0.00013678 0.00022120
v 0.00125077 -0.00018237 0.00022120
v 0.00088079 0.00035059 0.00022120
v 0.00117439 0.00046745 0.00022120
v 0.00058749 0.00074401 0.00022120
v 0.00078332 0.00099202 0.00022120
v 0.00013678 0.00093808 0.00022120
v 0.00018237 0.00125078 0.00022120
v -0.00035059 0.00088079 0.00022120
v -0.00046745 0.00117439 0.00022120
v -0.00074401 0.00058749 0.00022120
v -0.00099202 0.00078332 0.00022120
v -0.00046745 0.00117439 0.00022120
v -0.00046745 0.00117439 0.00093220
v -0.00099202 0.00078332 0.00022120
v -0.00099202 0.00078332 0.00093220
v -0.00099202 0.00078332 0.00022120
v -0.00099202 0.00078332 0.00093220
v -0.00125077 0.00018237 0.00022120
v -0.00125077 0.00018237 0.00093220
v -0.00125077 0.00018237 0.00022120
v -0.00125077 0.00018237 0.00093220
v -0.00117439 -0.00046745 0.00022120
v -0.00117439 -0.00046745 0.00093220
v -0.00117439 -0.00046745 0.00022120
v -0.00117439 -0.00046745 0.00093220
v -0.00078332 -0.00099202 0.00022120
v -0.00078332 -0.00099202 0.00093220
v -0.00078332 -0.00099202 0.00022120
v -0.00078332 -0.00099202 0.00093220
v -0.00018237 -0.00125078 0.00022120
v -0.00018237 -0.00125078 0.00093220
v -0.00018237 -0.00125078 0.00022120
v -0.00018237 -0.00125078 0.00093220
v 0.00046745 -0.00117439 0.00022120
v 0.00046745 -0.00117439 0.00093220
v 0.00046745 -0.00117439 0.00022120
v 0.00046745 -0.00117439 0.00093220
v 0.00099202 -0.00078332 0.00022120
v 0.00099202 -0.00078332 0.00093220
v 0.00099202 -0.00078332 0.00022120
v 0.00099202 -0.00078332 0.00093220
v 0.00125077 -0.00018237 0.00022120
v 0.00125077 -0.00018237 0.00093220
v 0.00125077 -0.00018237 0.00022120
v 0.00125077 -0.00018237 0.00093220
v 0.00117439 0.00046745 0.00022120
v 0.00117439 0.00046745 0.00093220
v 0.00117439 0.00046745 0.00022120
v 0.00117439 0.00046745 0.00093220
v 0.00078332 0.00099202 0.00022120
v 0.00078332 0.00099202 0.00093220
v 0.00078332 0.00099202 0.00022120
v 0.00078332 0.00099202 0.00093220
v 0.00018237 0.00125078 0.00022120
v 0.00018237 0.00125078 0.00093220
v 0.00018237 0.00125078 0.00022120
v 0.00018237 0.00125078 0.00093220
v -0.00046745 0.00117439 0.00022120
v -0.00046745 0.00117439 0.00093220
f 1 2 3
f 3 2 4
f 5 6 7
f 7 6 8
f 9 10 11
f 11 10 12
f 13 14 15
f 15 14 16
f 17 18 19
f 19 18 20
f 21 22 23
f 23 22 24
f 25 26 27
f 27 26 28
f 29 30 31
f 31 30 32
f 33 34 35
f 35 34 36
f 37 38 39
f 39 38 40
f 41 42 43
f 43 42 44
f 45 46 47
f 47 46 48
f 49 50 51
f 51 50 52
f 50 53 52
f 52 53 54
f 52 54 55
f 55 54 56
f 55 56 57
f 51 58 49
f 49 58 59
f 49 59 60
f 61 62 63
f 63 64 61
f 61 64 65
f 61 65 66
f 66 65 67
f 66 67 57
f 57 67 68
f 57 68 55
f 69 70 71
f 72 73 74
f 75 76 77
f 78 79 80
f 81 82 83
f 84 85 86
f 87 88 89
f 90 91 92
f 93 94 95
f 96 97 98
f 99 100 101
f 102 103 104
f 105 106 107
f 108 109 110
f 111 112 113
f 114 115 116
f 117 118 119
f 120 121 122
f 123 124 125
f 126 127 128
f 129 130 131
f 132 133 134
f 135 136 137
f 138 139 140
f 141 142 143
f 144 145 146
f 147 148 149
f 150 151 152
f 153 154 155
f 156 157 158
f 159 160 161
f 162 163 164
f 165 166 167
f 168 169 170
f 171 172 173
f 174 175 176
f 177 178 179
f 179 178 180
f 181 182 183
f 184 185 186
f 187 188 189
f 190 191 192
f 193 194 195
f 196 197 198
f 199 200 201
f 202 203 204
f 205 206 207
f 208 209 210
f 211 212 213
f 214 215 216
f 217 218 219
f 220 221 222
f 223 224 225
f 226 227 228
f 229 230 231
f 232 233 234
f 235 236 237
f 238 239 240
f 241 242 243
f 244 245 246
f 247 248 249
f 250 251 252
f 253 254 255
f 256 257 258
f 259 260 261
f 262 263 264
f 265 266 267
f 268 269 270
f 271 272 273
f 274 275 276
f 277 278 279
f 280 281 282
f 283 284 285
f 286 287 288
f 289 290 291
f 292 293 294
f 295 296 297
f 298 299 300
f 301 302 303
f 304 305 306
f 307 308 309
f 310 311 312
f 313 314 315
f 316 317 318
f 319 320 321
f 322 323 324
f 325 326 327
f 328 329 330
f 331 332 333
f 334 335 336
f 337 338 339
f 340 341 342
f 343 344 345
f 346 347 348
f 349 350 351
f 352 353 354
f 355 356 357
f 358 359 360
f 361 362 363
f 364 365 366
f 367 368 369
f 370 371 372
f 373 374 375
f 376 377 378
f 379 380 381
f 382 383 384
f 385 386 387
f 388 389 390
f 391 392 393
f 394 395 396
f 397 398 399
f 400 401 402
f 403 404 320
f 405 406 407
f 408 409 410
f 411 412 413
f 414 415 416
f 417 418 419
f 420 421 422
f 423 424 425
f 426 427 428
f 429 430 431
f 432 433 434
f 435 436 437
f 438 439 440
f 440 439 441
f 442 443 444
f 445 446 447
f 448 449 450
f 451 452 453
f 454 455 456
f 457 458 459
f 460 461 462
f 463 464 465
f 466 467 468
f 469 470 471
f 472 473 474
f 475 476 477
f 478 479 480
f 481 482 483
f 484 485 486
f 487 488 489
f 490 491 492
f 493 494 495
f 496 497 498
f 499 500 501
f 502 503 504
f 505 506 507
f 476 508 477
f 509 510 511
f 512 513 514
f 515 516 517
f 518 519 520
f 521 522 523
f 524 525 526
f 527 528 529
f 530 531 532
f 533 534 535
f 536 537 538
f 539 540 541
f 542 543 544
f 545 546 547
f 548 549 550
f 551 552 553
f 554 555 556
f 557 558 559
f 560 561 562
f 563 564 565
f 566 567 568
f 569 570 571
f 572 573 574
f 574 573 575
f 576 577 578
f 578 577 579
f 580 581 582
f 583 584 585
f 586 587 588
f 589 590 591
f 592 593 594
f 595 596 597
f 598 599 600
f 601 602 603
f 604 605 606
f 607 608 609
f 610 611 612
f 613 614 615
f 616 617 618
f 619 620 621
f 622 623 624
f 625 626 627
f 628 629 630
f 631 632 633
f 634 635 636
f 637 638 639
f 640 641 642
f 643 644 645
f 646 647 648
f 649 650 651
f 652 653 651
f 654 655 656
f 654 656 657
f 658 659 660
f 661 662 663
f 661 663 664
f 665 666 667
f 668 669 670
f 671 672 673
f 674 675 676
f 677 678 679
f 680 681 682
f 683 684 685
f 686 687 688
f 689 668 670
f 690 691 692
f 693 694 695
f 696 697 698
f 699 700 701
f 702 703 704
f 705 706 707
f 708 709 710
f 711 712 713
f 714 715 716
f 717 718 719
f 720 721 722
f 723 724 725
f 726 727 728
f 729 730 731
f 732 733 734
f 735 736 737
f 738 739 740
f 741 742 743
f 744 745 746
f 747 748 749
f 750 751 752
f 753 754 755
f 756 757 758
f 759 760 761
f 762 763 764
f 765 766 767
f 768 769 770
f 771 772 773
f 774 775 776
f 777 778 779
f 780 781 782
f 783 784 785
f 786 787 788
f 789 790 791
f 792 793 794
f 792 794 795
f 796 797 798
f 799 800 801
f 802 803 804
f 805 806 807
f 808 809 810
f 811 812 813
f 814 815 816
f 817 818 819
f 820 821 822
f 823 824 825
f 826 827 828
f 829 830 831
f 832 833 834
f 835 836 837
f 838 839 840
f 841 842 843
f 844 845 846
f 847 848 849
f 850 851 852
f 853 854 855
f 856 857 858
f 801 859 799
f 860 861 862
f 863 864 865
f 866 867 868
f 869 870 871
f 872 735 737
f 873 874 875
f 876 877 878
f 879 880 881
f 882 883 884
f 885 886 887
f 888 889 890
f 891 892 893
f 894 895 896
f 897 898 899
f 900 901 902
f 903 904 905
f 906 907 908
f 909 910 911
f 912 913 914
f 915 916 917
f 918 919 920
f 918 920 921
f 922 923 924
f 925 926 927
f 928 929 930
f 928 930 931
f 932 933 934
f 935 936 937
f 938 939 940
f 941 942 943
f 944 945 946
f 947 948 949
f 950 951 952
f 953 954 955
f 956 957 958
f 959 960 961
f 962 963 964
f 965 966 967
f 968 969 970
f 971 972 973
f 974 975 976
f 977 978 979
f 980 981 982
f 983 984 985
f 986 987 988
f 989 990 991
f 992 993 994
f 995 996 997
f 998 999 1000
f 1001 1002 1003
f 1004 1005 1006
f 1007 1008 1009
f 1010 1011 1012
f 1013 1014 1015
f 1016 1017 1018
f 1019 1020 1021
f 1022 1023 1024
f 1025 1026 1027
f 1028 1029 1030
f 1031 1032 1033
f 1034 1035 1036
f 1037 1038 1039
f 1040 1041 1042
f 1043 1044 1045
f 1046 1047 1048
f 1049 1050 1051
f 1052 1053 1054
f 1055 1056 1057
f 1058 1059 1060
f 1061 1062 1063
f 1064 1065 1066
f 1067 1068 1069
f 1070 1071 1072
f 1073 1074 1075
f 1076 1077 1078
f 1079 1080 1081
f 1082 1083 1084
f 1085 1086 1087
f 1088 1089 1090
f 1091 1092 1093
f 1094 1095 1096
f 1059 1097 1060
f 1098 1099 1100
f 1098 1100 1101
f 1102 1103 1104
f 1105 1106 1107
f 1108 1109 1110
f 1111 1112 1113
f 1114 1115 1116
f 1117 1118 1119
f 1120 1121 1122
f 1123 1124 1125
f 1126 1127 1128
f 1129 1130 1131
f 1132 1133 1134
f 1135 1136 1137
f 1138 1139 1140
f 1141 1142 1143
f 1144 1145 1146
f 1147 1148 1149
f 1149 1148 1150
f 1151 1152 1153
f 1153 1152 1154
f 1155 1156 1157
f 1157 1156 1158
f 1159 1160 1161
f 1162 1163 1164
f 1165 1166 1167
f 1168 1169 1170
f 1171 1172 1173
f 1174 1175 1176
f 1177 1178 1179
f 1180 1181 1182
f 1183 1184 1185
f 1186 1187 1188
f 1189 1190 1191
f 1192 1193 1194
f 1195 1196 1197
f 1198 1199 1200
f 1201 1202 1203
f 1204 1141 1143
f 1205 1206 1207
f 1208 1209 1210
f 1211 1205 1212
f 1212 1205 1207
f 1213 1214 1215
f 1216 1217 1218
f 1219 1220 1221
f 1222 1223 1224
f 1225 1226 1227
f 1228 1229 1230
f 1231 1232 1233
f 1234 1235 1236
f 1237 1238 1239
f 1240 1241 1242
f 1243 1244 1245
f 1246 1247 1248
f 1249 1250 1251
f 629 1252 630
f 1253 1254 1255
f 1256 1257 1258
f 1259 1260 1261
f 1262 1263 1264
f 1265 1266 1267
f 1268 1269 1270
f 1271 1272 1273
f 1274 1275 1276
f 1277 1278 1279
f 1280 1281 1282
f 1283 1284 1285
f 1286 1287 1288
f 1289 1290 1291
f 1292 1293 1294
f 1295 1296 1297
f 1298 1299 1300
f 1301 1302 1303
f 1304 1305 1306
f 1307 1308 1309
f 1310 1311 1312
f 1313 1314 1315
f 1316 1317 1318
f 1319 1320 1321
f 1322 1323 1324
f 1325 1326 1327
f 1328 1329 1330
f 1331 1332 1333
f 1334 1335 1336
f 1337 1338 1339
f 1340 1341 1342
f 1343 1344 1345
f 1346 1347 1348
f 1349 1350 1351
f 1352 1353 1354
f 1355 1356 1357
f 1358 1359 1360
f 1084 1361 1082
f 1362 1363 1364
f 1365 1366 1367
f 1368 1369 1370
f 1371 1372 1373
f 1374 1375 1376
f 1377 1378 1379
f 1380 1381 1382
f 1383 1384 1385
f 1386 1387 1388
f 1389 1390 1391
f 1392 1393 1394
f 92 1395 90
f 1396 1397 1398
f 1399 1400 1401
f 1402 1403 1404
f 1405 1406 1407
f 1408 1409 1410
f 1411 1412 1413
f 1414 1415 1416
f 1417 1418 1419
f 1420 1421 1422
f 1423 1424 1425
f 1426 1427 1428
f 1429 1430 1431
f 1432 1433 1434
f 1435 1436 1437
f 1438 1439 1440
f 1441 1442 1443
f 1444 1445 1446
f 1447 1448 1449
f 1450 1451 1452
f 1450 1452 1453
f 1454 1455 1456
f 1457 1458 1459
f 1460 1461 1462
f 1463 1464 1465
f 1466 1467 1468
f 1469 1470 1471
f 1472 1473 1474
f 1475 1476 1477
f 1478 1479 1480
f 1481 1482 1483
f 1484 1485 1486
f 1487 1488 1489
f 1490 1491 1492
f 1493 1494 1495
f 1496 1497 1498
f 1499 1500 1501
f 1502 1503 1504
f 1505 1506 1507
f 1508 1509 1510
f 1511 1512 1513
f 1514 1515 1516
f 1517 1518 1519
f 1520 1521 1522
f 1523 1524 1525
f 1526 1527 1528
f 1529 1530 1531
f 1532 1533 1534
f 1535 1536 1537
f 1538 1539 1540
f 1541 1542 1543
f 1544 1545 1546
f 1547 1548 1549
f 1550 1551 1552
f 1553 1554 1555
f 1556 1557 1558
f 1559 1560 1561
f 1561 1560 1562
f 1563 1564 1565
f 1566 1567 1568
f 1569 1570 1571
f 1572 1573 1574
f 1575 1576 1577
f 1578 1579 1580
f 1581 1582 1583
f 1584 1585 1586
f 1587 1588 1589
f 1590 1591 1592
f 1593 1594 1595
f 1596 1597 1598
f 1599 1600 1601
f 1602 1603 1604
f 1605 1606 1607
f 1608 1609 1610
f 1611 1612 1613
f 1614 1615 1616
f 1617 1618 1619
f 1620 1621 1622
f 1623 1624 1625
f 1626 1627 1628
f 1629 1630 1631
f 1632 1633 1634
f 1635 1636 1637
f 1638 1628 1627
f 1639 1640 1641
f 1642 1643 1644
f 1645 1646 1647
f 1648 1649 1650
f 1651 1652 1653
f 1654 1655 1656
f 1657 1658 1659
f 1660 1661 1662
f 1663 1664 1665
f 1666 1667 1668
f 1668 1667 1669
f 1670 1671 1672
f 1673 1674 1675
f 1676 1677 1678
f 1679 1680 1681
f 1682 1683 1684
f 1685 1686 1687
f 1688 1689 1690
f 1691 1692 1693
f 1694 1695 1696
f 1697 1698 1699
f 1700 1701 1702
f 1703 1704 1705
f 1706 1707 1708
f 1709 1710 1711
f 1658 1712 1659
f 1713 1714 1715
f 1664 1716 1665
f 1717 1718 1719
f 1720 1721 1722
f 1723 1724 1725
f 1726 1727 1728
f 1729 1730 1731
f 1732 1733 1734
f 1735 1736 1737
f 1738 1739 1740
f 1741 1742 1743
f 88 1744 89
f 1745 1746 1747
f 1745 1747 1748
f 1749 1750 1751
f 1752 1753 1754
f 1755 1756 1757
f 1758 1759 1760
f 1761 1762 1763
f 1764 1765 1766
f 1767 1768 1769
f 1770 1771 1772
f 1773 1774 1775
f 1776 1777 1778
f 1779 1780 1781
f 1782 1783 1784
f 1785 1786 1787
f 1788 1789 1790
f 1791 1792 1793
f 1794 1795 1796
f 1797 1798 1799
f 1800 1801 1802
f 1803 1804 1805
f 1806 1807 1808
f 1809 1810 1811
f 1812 1813 1814
f 1815 1816 1817
f 1818 1819 1820
f 1821 1822 1823
f 1824 1825 1826
f 1795 1827 1796
f 1828 1829 1830
f 1831 1832 1833
f 1834 1835 1836
f 1837 1838 1839
f 1840 1841 1842
f 1843 1844 1845
f 1846 1847 1848
f 1849 1850 1851
f 1852 1853 1854
f 1855 1856 1857
f 1858 1859 1860
f 1861 1862 1863
f 1864 1865 1866
f 1867 1868 1869
f 1867 1869 1870
f 1871 1872 1873
f 1874 1875 1876
f 1877 1878 1879
f 1064 1880 1065
f 1881 1882 1883
f 1884 1885 1886
f 1887 1888 1889
f 1890 1891 1892
f 1893 1894 1895
f 1896 1897 1898
f 1899 1900 1901
f 1902 1903 1904
f 1900 1905 1901
f 1906 1907 1908
f 1909 1910 1911
f 1912 1913 1914
f 1915 1916 1917
f 1918 1919 1920
f 1918 1920 1921
f 1922 1923 1924
f 1925 1926 1927
f 1928 1929 1930
f 1931 1932 1933
f 1934 1935 1936
f 1937 1938 1939
f 1940 1941 1942
f 1943 1944 1945
f 1946 1947 1948
f 1949 1950 1951
f 1952 1953 1954
f 1955 1956 1957
f 1958 1959 1960
f 1961 1962 1963
f 1964 1965 1966
f 1967 1968 1969
f 1970 1971 1972
f 1973 1974 1975
f 1976 1977 1978
f 1979 1980 1981
f 1982 1983 1984
f 1985 1986 1987
f 1988 1989 1990
f 1991 1992 1993
f 1994 1995 1996
f 1997 1998 1999
f 2000 2001 2002
f 2003 2004 2005
f 2006 2007 2008
f 2009 2010 2011
f 2012 2013 2014
f 2015 2016 2017
f 2018 2019 2020
f 2021 2022 2023
f 2024 2025 2026
f 2027 2028 2029
f 2030 2031 2032
f 2033 2034 2035
f 2036 2037 2038
f 2039 2040 2041
f 2042 2043 2044
f 2045 2046 2047
f 2048 2049 2050
f 2051 2052 2053
f 2054 2055 2056
f 2057 2058 2059
f 2060 2061 2062
f 2063 2064 2065
f 2066 2067 2068
f 2069 2070 2071
f 2069 2071 2072
f 2073 2074 2075
f 2076 2077 2078
f 2079 2080 2081
f 2082 2083 2084
f 2085 2086 2087
f 2088 2089 2090
f 2091 2092 2093
f 2094 2095 2096
f 2097 2098 2099
f 2100 2101 2102
f 2103 2104 2105
f 2106 2107 2108
f 2109 2110 2111
f 2112 2113 2114
f 2112 2114 2115
f 2116 1820 1819
f 2117 2118 2119
f 2120 2121 2122
f 2123 2124 2125
f 2126 2127 2128
f 2129 2130 2131
f 2132 2133 2134
f 2135 2136 2137
f 2138 2139 2140
f 2141 2142 2143
f 2144 2145 2146
f 2147 2148 2149
f 2150 2151 2152
f 2153 2154 2155
f 2156 2157 2158
f 2159 2160 2161
f 2162 2163 2164
f 2164 2163 2165
f 2166 2167 2168
f 2169 2170 2171
f 2172 2173 2174
f 2175 2176 2177
f 2178 2179 2180
f 2181 2182 2183
f 2184 2185 2186
f 2187 2188 2189
f 2190 2191 2192
f 2193 2194 2195
f 2196 2197 2198
f 2199 2200 2201
f 2202 2203 2204
f 2205 2206 2207
f 2208 2209 2210
f 2211 2212 2213
f 2214 2215 2216
f 2217 2218 2219
f 2220 2221 2222
f 2223 2224 2225
f 2226 2227 2228
f 2229 2230 2231
f 2232 2233 2234
f 2235 2236 2237
f 2238 2239 2240
f 2241 2242 2243
f 2244 2245 2246
f 2247 2248 2249
f 2250 2251 2252
f 2253 2254 2255
f 2256 2257 2258
f 2259 2260 2261
f 2262 2263 2264
f 2265 2266 2267
f 2268 2269 2270
f 2271 2272 2273
f 2274 2275 2276
f 2277 2278 2279
f 2280 2281 2282
f 2283 2284 2285
f 2286 2287 2288
f 2289 2290 2291
f 2292 2293 2294
f 2295 2296 2297
f 2298 2299 2300
f 2301 2302 2303
f 2304 2305 2306
f 2307 2308 2309
f 2310 2311 2312
f 2313 2314 2315
f 2316 2317 2318
f 2319 2320 2321
f 2322 2323 2324
f 2325 2326 2327
f 2328 2329 2330
f 2331 2332 2333
f 2334 2335 2336
f 2337 2338 2339
f 2340 2341 2342
f 2043 2343 2044
f 2344 2345 2346
f 2104 2347 2105
f 2348 2349 2350
f 1684 2351 1682
f 2352 2353 2354
f 2355 2356 2357
f 2358 2359 2360
f 2361 2362 2363
f 2364 2365 2366
f 2367 2368 2369
f 2370 2371 2372
f 2373 2374 2375
f 2376 2377 2378
f 2379 2380 2381
f 2382 2383 2384
f 2385 2386 2387
f 2388 2389 2390
f 2391 2392 2393
f 2394 2395 2396
f 2397 2398 2399
f 2400 2401 2402
f 2403 2404 2405
f 344 2406 345
f 2407 2408 2409
f 2410 2411 2412
f 2154 2413 2155
f 2414 2415 2416
f 2160 2417 2161
f 2418 2419 2420
f 2163 2421 2165
f 2422 2423 2424
f 2425 2426 2427
f 2428 2429 2430
f 2431 2432 2433
f 2434 2435 2436
f 2437 2438 2439
f 2440 2441 2442
f 2443 2444 2445
f 2446 2447 2448
f 2448 2447 2449
f 2450 2451 2452
f 2453 2454 2455
f 2436 2456 2434
f 2457 2458 2459
f 2430 2460 2428
f 2461 2462 2463
f 2461 2463 2464
f 2465 2466 2467
f 2468 2469 2470
f 2470 2469 2471
f 2472 2473 2474
f 2475 2476 2477
f 2478 2479 2480
f 2481 2482 2483
f 2484 2485 2486
f 2487 2488 2489
f 2490 2491 2492
f 2493 2494 2495
f 2496 2497 2498
f 2499 2500 2501
f 2502 2503 2504
f 2505 2506 2507
f 2508 2429 2428
f 2509 2510 2511
f 2511 2510 2512
f 2513 2514 2515
f 2516 116 115
f 2517 2518 2519
f 2520 2521 2522
f 2523 2524 2525
f 2526 2527 2528
f 2529 2530 2531
f 2532 2533 2534
f 2535 2536 2537
f 2538 2539 2540
f 2541 2542 2543
f 2544 2545 2546
f 2547 2548 2549
f 2550 2551 2552
f 2553 2554 2555
f 2556 2557 2558
f 2559 2560 2561
f 2562 2563 2564
f 2565 2566 2567
f 2568 2569 2570
f 2571 2572 2573
f 2574 2575 2576
f 2577 2578 2579
f 2580 2581 2582
f 2583 2584 2585
f 2586 2587 2588
f 2589 2590 2591
f 797 2592 798
f 2593 2594 2595
f 2596 2597 2598
f 2599 2600 2601
f 2602 2603 2604
f 2605 2606 2607
f 2608 2609 2610
f 2611 2612 2613
f 2614 2615 2616
f 2617 1296 1295
f 2618 2619 2620
f 2620 2619 2621
f 2622 2623 2624
f 2625 2626 2627
f 2628 2629 2630
f 2631 2632 2633
f 2634 2635 2636
f 2637 2638 2639
f 2640 2641 2642
f 2643 2644 2645
f 2646 2647 2648
f 2649 2650 2651
f 2652 2653 2654
f 2655 2656 2657
f 2658 2659 2660
f 2661 2662 2663
f 2664 2665 2666
f 2666 2665 2667
f 2668 2669 2670
f 2671 607 609
f 2672 2673 2674
f 2675 2676 2677
f 2678 2679 2680
f 2681 2682 2683
f 2684 2685 2686
f 2687 2688 2689
f 2690 2691 2692
f 2693 2694 2695
f 2696 2697 2698
f 2699 2700 2701
f 2702 2703 2704
f 2705 2706 2707
f 2708 2709 2710
f 2711 2712 2713
f 2714 2715 2716
f 2717 2718 2719
f 2720 2721 2722
f 2723 2724 2725
f 2726 2727 2728
f 2729 2730 2731
f 2732 2733 2734
f 2735 2736 2737
f 2738 2739 2740
f 2741 2742 2743
f 2744 2745 2746
f 485 2747 486
f 2748 2749 2750
f 2751 2752 2753
f 571 606 605
f 2754 2755 2756
f 2757 2758 2759
f 2757 2759 2760
f 2761 2762 2763
f 2764 2765 2766
f 2767 2768 2769
f 2770 2771 2772
f 2773 2774 2775
f 2776 2777 2778
f 2779 2780 2781
f 2782 2783 2784
f 2785 2786 2787
f 2788 2789 2790
f 2791 2792 2793
f 2794 2795 2796
f 2797 2798 2799
f 2800 2801 2802
f 2803 2804 2805
f 2806 2807 2808
f 2809 2810 2811
f 2812 2813 2814
f 2815 2816 2817
f 2818 2819 2820
f 2821 2822 2823
f 2824 2825 2826
f 2827 2828 2829
f 2830 2831 2832
f 2833 2834 2835
f 2836 2837 2838
f 2839 2840 2841
f 2842 2843 2844
f 2845 2846 2847
f 2848 2849 2850
f 2851 2852 2853
f 2854 2855 2856
f 2857 2858 2859
f 2860 2861 2862
f 2863 2864 2865
f 2866 2867 2868
f 2869 2870 2871
f 2872 2873 2874
f 2875 2876 2877
f 2878 2879 2880
f 2881 2882 2883
f 2884 2885 2886
f 2887 2888 2889
f 2890 2891 2892
f 2893 2894 2895
f 2896 2897 2898
f 2899 2187 2189
f 2900 2901 2902
f 2903 2904 2905
f 2906 2907 2908
f 2909 2910 2911
f 2912 2913 2914
f 2915 2916 2917
f 2918 2919 2920
f 2921 2922 2923
f 2924 2925 2926
f 2927 2928 2929
f 2930 2931 2932
f 2933 2934 2935
f 2936 2937 2938
f 2939 2940 2941
f 2942 2943 2944
f 2945 2946 2947
f 2948 2949 2950
f 2950 2949 2951
f 2060 2952 2061
f 2953 2954 2955
f 72 2956 73
f 2957 2958 2959
f 2109 2960 2110
f 2961 1787 1786
f 2962 2963 2964
f 2965 2966 2967
f 2968 2969 2970
f 2971 2972 2973
f 1808 2974 1806
f 2975 2976 2977
f 2978 2979 2980
f 2981 2982 2983
f 2984 2985 2986
f 2987 2988 2989
f 2990 2991 2992
f 2993 2994 2995
f 2996 2997 2998
f 2999 3000 3001
f 3002 3003 3004
f 3005 3006 3007
f 3008 3009 3010
f 3011 3012 3013
f 3014 3015 3016
f 3017 3018 3019
f 3020 3021 3022
f 3023 3024 3025
f 3026 3027 3028
f 3028 3027 3029
f 3030 3031 3032
f 3032 3031 1895
f 3033 3034 3035
f 3035 3034 3036
f 3037 3038 3039
f 3040 3041 3042
f 3043 3044 3045
f 3046 3047 3048
f 1136 3049 1137
f 3050 3051 3052
f 3053 3054 3055
f 3056 3057 3058
f 3059 3060 3061
f 3062 3063 3064
f 3065 3066 3067
f 2438 3068 2439
f 3069 3070 3071
f 3072 3073 3074
f 3075 3076 3077
f 3078 3079 3080
f 3081 3082 3083
f 3084 3085 3086
f 3087 3088 3089
f 3087 3089 3090
f 632 3091 3092
f 632 3092 633
f 3093 3094 3095
f 3096 3097 3098
f 3099 101 100
f 3100 3101 3102
f 3103 3104 3105
f 3106 3107 3108
f 3109 3110 3111
f 3112 3113 3114
f 3115 3116 3117
f 3118 3119 3120
f 2656 3121 2657
f 3122 3123 3124
f 3125 3126 3127
f 3128 3129 3130
f 3131 3132 3133
f 3134 3135 3136
f 3137 3138 3139
f 3140 3141 3142
f 3143 3144 3145
f 3146 3147 3148
f 3149 3150 3151
f 3152 3153 3154
f 3155 3156 3157
f 3158 3159 3160
f 3161 3162 3163
f 3164 3165 3166
f 3167 3168 3169
f 3170 3171 3172
f 3173 3174 3175
f 3176 3177 3178
f 3179 3180 3181
f 3182 3183 3184
f 3185 3186 3187
f 3188 3189 3190
f 3191 3192 3193
f 3194 3195 3196
f 3197 3198 3199
f 3200 3201 3202
f 3203 3204 3205
f 3206 3207 3208
f 3209 3210 3211
f 3212 3213 3214
f 3215 3216 3217
f 3218 3219 3220
f 3221 3222 3223
f 3224 3225 3226
f 3227 3228 3229
f 3230 3231 3232
f 3233 3234 3235
f 3236 3237 3238
f 3239 3240 3241
f 3242 3243 3244
f 3245 3246 3247
f 3248 3249 3250
f 3251 3252 3253
f 3254 3255 3256
f 3257 3258 3259
f 3260 3261 3262
f 3263 3264 3265
f 3266 3267 3268
f 3269 3270 3271
f 3272 3273 3274
f 3275 3276 3277
f 3278 3279 3280
f 3281 3282 3283
f 3284 3285 3286
f 3287 3288 3289
f 3290 3291 3292
f 3293 3294 3295
f 3296 3297 3298
f 3299 3300 3301
f 3302 3303 3304
f 3305 3306 3307
f 3308 3309 3310
f 3311 3312 3313
f 3314 3315 3316
f 3317 3318 3319
f 3320 3321 3322
f 3323 3324 3325
f 3326 3327 3328
f 3329 3330 3331
f 3332 3333 3334
f 3335 3336 3337
f 3338 3339 3340
f 3341 3342 3343
f 3282 3344 3283
f 3345 3346 3347
f 3345 3347 3348
f 3349 3350 3351
f 3349 3351 3352
f 3353 3354 3355
f 3353 3355 3356
f 3357 3358 3359
f 3357 3359 3360
f 3133 3361 3362
f 3363 3364 3365
f 3366 3367 3368
f 3369 3370 3371
f 3369 3371 3372
f 3373 3374 3375
f 3373 3375 3376
f 3377 3378 3379
f 3377 3379 3380
f 3381 3382 3383
f 3381 3383 3384
f 3385 3386 3387
f 3388 3389 3390
f 3391 3392 3393
f 3393 3392 3394
f 3393 3394 3395
f 3395 3394 3396
f 3395 3396 3397
f 3397 3396 3398
f 3397 3398 3399
f 3400 3401 3402
f 3402 3401 3403
f 3402 3403 3404
f 3404 3403 3405
f 3404 3405 3406
f 3406 3405 3407
f 3406 3407 3391
f 3391 3407 3408
f 3391 3408 3392
f 3398 3409 3399
f 3399 3409 3410
f 3399 3410 3411
f 3411 3410 3412
f 3411 3412 3413
f 3413 3412 3414
f 3413 3414 3415
f 3415 3414 3416
f 3415 3416 3400
f 3400 3416 3417
f 3400 3417 3401
f 3418 3419 3420
f 3421 3422 3423
f 3424 3425 3426
f 3426 3425 3427
f 3426 3427 3423
f 3423 3427 3428
f 3423 3428 3421
f 3429 3430 3431
f 3432 3433 3434
f 3422 147 3423
f 3423 147 149
f 3423 149 3435
f 3435 149 148
f 3433 3436 3434
f 3434 3436 3437
f 3434 3437 3438
f 3437 3439 3438
f 3438 3439 3429
f 3438 3429 3440
f 3440 3429 3431
f 3440 3431 3441
f 3441 3431 3442
f 3441 3442 3443
f 3443 3442 3444
f 3443 3444 3424
f 3424 3444 3445
f 3424 3445 3425
f 148 3418 3435
f 3435 3418 3420
f 3435 3420 3446
f 3446 3420 3447
f 3446 3447 3448
f 3448 3447 3449
f 3448 3449 3450
f 3451 3432 3452
f 3452 3432 3434
f 3452 3434 3453
f 3453 3434 3454
f 3453 3454 3455
f 3455 3454 3450
f 3455 3450 3456
f 3456 3450 3449
f 3457 3458 3459
f 3459 3458 3460
f 3458 3461 3460
f 3460 3461 3462
f 3460 3462 3463
f 3463 3462 3464
f 3463 3464 3465
f 3459 3466 3457
f 3457 3466 3467
f 3457 3467 3468
f 3469 3470 3471
f 3471 3472 3469
f 3469 3472 3473
f 3469 3473 3474
f 3474 3473 3475
f 3474 3475 3465
f 3465 3475 3476
f 3465 3476 3463
f 3477 3478 3479
f 3480 3481 3482
f 3483 3484 3485
f 3486 3487 3488
f 3489 3490 3491
f 3492 3493 3494
f 3495 3496 3497
f 3498 3499 3500
f 3501 3502 3503
f 3504 3505 3506
f 3507 3508 3509
f 3510 3511 3512
f 3513 3514 3515
f 3516 3517 3518
f 3519 3520 3521
f 3522 3523 3524
f 3439 3437 3436
f 3525 3526 3527
f 3528 3529 3530
f 3531 3532 3533
f 3534 3535 3536
f 3537 3538 3539
f 3540 3541 3542
f 3543 3544 3545
f 3546 3547 3548
f 3549 3550 3551
f 3552 3553 3554
f 3555 3556 3557
f 3558 3559 3560
f 3561 3562 3563
f 3564 3565 3566
f 3567 3568 3569
f 3570 3571 3572
f 3573 3574 3575
f 3576 3577 3578
f 3579 3580 3581
f 3582 3583 3584
f 3585 3586 3587
f 3588 3589 3590
f 3591 3592 3593
f 3594 3595 3596
f 3597 3598 3599
f 3600 3601 3602
f 3603 3604 3605
f 3606 3607 3608
f 3609 3610 3611
f 3612 3613 3614
f 3615 3616 3617
f 3618 3619 3620
f 3621 3622 3623
f 3624 3625 3626
f 3627 3628 3629
f 3630 3631 3632
f 3633 3634 3635
f 3636 3637 3638
f 3639 3640 3641
f 3642 3643 3644
f 3645 3646 3647
f 3648 3649 3650
f 3651 3652 3653
f 3654 3655 3656
f 3657 3658 3659
f 3660 3661 3662
f 3663 3664 3665
f 3666 3667 3668
f 3669 3670 3671
f 3672 3673 3674
f 3675 3676 3677
f 3678 3679 3680
f 3681 3682 3683
f 3684 3685 3686
f 3687 3688 3689
f 3690 3691 3692
f 3693 3694 3695
f 3696 3697 3698
f 3699 3700 3701
f 3702 3703 3704
f 3705 3706 3707
f 3708 3709 3710
f 3711 3712 3713
f 3714 3715 3716
f 3717 3718 3719
f 3720 3721 3722
f 3723 3724 3725
f 3726 3727 3728
f 3729 3730 3731
f 3732 3733 3734
f 3735 3736 3737
f 3738 3739 3740
f 3741 3742 3743
f 3744 3745 3746
f 3747 3748 3749
f 3750 3751 3752
f 3753 3754 3755
f 3756 3757 3758
f 3759 3760 3761
f 3762 3763 3764
f 3765 3766 3767
f 3768 3769 3770
f 3771 3772 3773
f 3774 3775 3776
f 3777 3778 3779
f 3780 3781 3782
f 3783 3784 3785
f 3786 3787 3788
f 3789 3790 3791
f 3792 3793 3794
f 3795 3796 3797
f 3798 3799 3800
f 3801 3802 3803
f 3804 3805 3806
f 3807 3808 3809
f 3810 3811 3812
f 3813 3814 3815
f 3816 3817 3733
f 3818 3819 3820
f 3821 3822 3823
f 3824 3825 3826
f 3827 3828 3829
f 3830 3831 3832
f 3833 3834 3835
f 3836 3837 3838
f 3839 3840 3841
f 3842 3843 3844
f 3845 3846 3847
f 3848 3849 3850
f 3851 3852 3853
f 3853 3852 3854
f 3855 3856 3857
f 3858 3859 3860
f 3861 3862 3863
f 3864 3865 3866
f 3867 3868 3869
f 3870 3871 3872
f 3873 3874 3875
f 3876 3877 3878
f 3879 3880 3881
f 3882 3883 3884
f 3885 3886 3887
f 3888 3889 3890
f 3891 3892 3893
f 3894 3895 3896
f 3897 3898 3899
f 3900 3901 3902
f 3903 3904 3905
f 3906 3907 3908
f 3909 3910 3911
f 3912 3913 3914
f 3915 3916 3917
f 3918 3919 3920
f 3889 3921 3890
f 3922 3923 3924
f 3925 3926 3927
f 3928 3929 3930
f 3931 3932 3933
f 3934 3935 3936
f 3937 3938 3939
f 3940 3941 3942
f 3943 3944 3945
f 3946 3947 3948
f 3949 3950 3951
f 3952 3953 3954
f 3955 3956 3957
f 3955 3957 3958
f 3959 3960 3961
f 3962 3963 3964
f 3965 3966 3967
f 3968 3969 3970
f 3971 3972 3973
f 3974 3975 3976
f 3977 3978 3979
f 3980 3981 3982
f 3983 3984 3985
f 3985 3984 3986
f 3987 3988 3989
f 3989 3988 3990
f 3991 3992 3993
f 3994 3995 3996
f 3997 3998 3999
f 4000 4001 4002
f 4003 4004 4005
f 4006 4007 4008
f 4009 4010 4011
f 4012 4013 4014
f 4015 4016 4017
f 4018 4019 4020
f 4021 4022 4023
f 4024 4025 4026
f 4027 4028 4029
f 4030 4031 4032
f 4033 4034 4035
f 4036 4037 4038
f 4039 4040 4041
f 4042 4043 4044
f 4045 4046 4047
f 4048 4049 4050
f 4051 4052 4053
f 4054 4055 4056
f 4057 4058 4059
f 4060 4061 4062
f 4063 4064 4065
f 4066 4067 4068
f 4069 4070 4071
f 4069 4071 4072
f 4073 4074 4075
f 4076 4077 4078
f 4079 4080 4081
f 4082 4083 4084
f 4085 4086 4087
f 4088 4089 4090
f 4091 4092 4093
f 4094 4095 4096
f 4097 4098 4099
f 4100 4076 4078
f 4101 4102 4103
f 4104 4105 4106
f 4107 4108 4109
f 4110 4111 4112
f 4113 4114 4115
f 4116 4117 4118
f 4119 4120 4121
f 4122 4123 4124
f 4125 4126 4127
f 4128 4129 4130
f 4131 4132 4133
f 4134 4135 4136
f 4137 4138 4139
f 4140 4141 4142
f 4143 4144 4145
f 4146 4147 4148
f 4149 4150 4151
f 4152 4153 4154
f 4155 4156 4157
f 4158 4159 4160
f 4161 4162 4163
f 4164 4165 4166
f 4167 4168 4169
f 4170 4171 4172
f 4173 4174 4175
f 4176 4177 4178
f 4179 4180 4181
f 4182 4183 4184
f 4185 4186 4187
f 4188 4189 4190
f 4191 4192 4193
f 4194 4195 4196
f 4197 4198 4199
f 4197 4199 4200
f 4201 4202 4203
f 4204 4205 4206
f 4207 4208 4209
f 4210 4211 4212
f 4213 4214 4215
f 4216 4217 4218
f 4219 4220 4221
f 4222 4223 4224
f 4225 4226 4227
f 4228 4229 4230
f 4231 4232 4233
f 4234 4235 4236
f 4237 4238 4239
f 4240 4241 4242
f 4243 4244 4245
f 4246 4247 4248
f 4249 4250 4251
f 4252 4253 4254
f 4255 4256 4257
f 4258 4259 4260
f 4261 4262 4263
f 4206 4264 4204
f 4265 4266 4267
f 4268 4269 4270
f 4271 4272 4273
f 4274 4275 4276
f 4277 4140 4142
f 4278 4279 4280
f 4281 4282 4283
f 4284 4285 4286
f 4287 4288 4289
f 4290 4291 4292
f 4293 4294 4295
f 4296 4297 4298
f 4299 4300 4301
f 4302 4303 4304
f 4305 4306 4307
f 4308 4309 4310
f 4311 4312 4313
f 4314 4315 4316
f 4317 4318 4319
f 4320 4321 4322
f 4320 4322 4323
f 4324 4325 4326
f 4327 4328 4329
f 4330 4331 4332
f 4330 4332 4333
f 4334 4335 4336
f 4337 4338 4339
f 4340 4341 4342
f 4343 4344 4345
f 4346 4347 4348
f 4349 4350 4351
f 4352 4353 4354
f 4355 4356 4357
f 4358 4359 4360
f 4361 4362 4363
f 4364 4365 4366
f 4367 4368 4369
f 4370 4371 4372
f 4373 4374 4375
f 4376 4377 4378
f 4379 4380 4381
f 4382 4383 4384
f 4385 4386 4387
f 4388 4389 4390
f 4391 4392 4393
f 4394 4395 4396
f 4397 4398 4399
f 4400 4401 4402
f 4403 4404 4405
f 4406 4407 4408
f 4409 4410 4411
f 4412 4413 4414
f 4414 4413 4415
f 4416 4417 4418
f 4418 4417 4419
f 4420 4421 4422
f 4423 4424 4425
f 4426 4427 4428
f 4429 4430 4431
f 4432 4433 4434
f 4435 4436 4437
f 4438 4439 4440
f 4441 4442 4443
f 4444 4445 4446
f 4447 4448 4449
f 4450 4451 4452
f 4453 4454 4455
f 4456 4457 4458
f 4459 4460 4461
f 4462 4463 4464
f 4465 4466 4467
f 4468 4469 4470
f 4471 4472 4473
f 4474 4475 4476
f 4477 4478 4479
f 4480 4481 4482
f 4483 4484 4485
f 4486 4460 4459
f 4487 4488 4489
f 4490 4491 4492
f 4493 4494 4495
f 4496 4497 4498
f 4499 4500 4501
f 4502 4503 4504
f 4505 4506 4507
f 4508 4509 4510
f 4511 4512 4513
f 4514 4515 4516
f 4497 4517 4498
f 4518 4519 4520
f 4521 4522 4523
f 4524 4525 4526
f 4527 4528 4529
f 4530 4531 4532
f 4533 4534 4535
f 4535 4534 4536
f 4537 4538 4539
f 4540 4541 4542
f 4543 4544 4545
f 4546 4547 4548
f 4549 4550 4551
f 4552 4553 4554
f 4555 4556 4557
f 4558 4559 4560
f 4561 4562 4563
f 4564 4565 4566
f 4567 4568 4569
f 4570 4571 4572
f 4573 4574 4575
f 4576 4570 4572
f 4577 4578 4579
f 4580 4581 4582
f 4583 4584 4585
f 4586 4587 4588
f 4589 4590 4591
f 4592 4593 4594
f 4595 4596 4597
f 4598 4599 4600
f 4601 4602 4603
f 4604 4605 4606
f 4607 4608 4609
f 4610 4611 4612
f 4613 4614 4615
f 4616 4617 4618
f 4619 4620 4621
f 4622 4623 4624
f 4625 4626 4627
f 4625 4627 4628
f 4629 4630 4631
f 4632 4633 4634
f 4635 4636 4637
f 4638 4639 4640
f 4641 4642 4643
f 4644 4645 4646
f 4647 4648 4649
f 4650 4651 4652
f 4653 4654 4655
f 4656 4657 4658
f 4659 4660 4661
f 4662 4663 4664
f 4665 4666 4667
f 4668 4669 4670
f 4671 4672 4673
f 4674 4675 4676
f 4677 4678 4679
f 4680 4681 4682
f 4683 4684 4685
f 4686 4687 4688
f 4689 4690 4691
f 4692 4693 4694
f 4695 4696 4697
f 4698 4699 4700
f 4701 4702 4703
f 4704 4705 4706
f 4707 4708 4709
f 4710 4711 4712
f 4713 4714 4715
f 4716 4717 4718
f 4719 4720 4721
f 4722 4723 4724
f 4725 4726 4727
f 4728 4729 4730
f 4731 4732 4733
f 4734 4735 4736
f 4737 4738 4739
f 4740 4741 4742
f 4743 4744 4745
f 4746 4747 4748
f 4749 4750 4751
f 4752 4753 4754
f 4755 4756 4757
f 3500 4758 3498
f 4759 4760 4761
f 4762 4763 4764
f 4765 4766 4767
f 4768 4769 4770
f 4771 4772 4773
f 4774 4775 4776
f 4777 4778 4779
f 4780 4781 4782
f 4783 4784 4785
f 4786 4787 4788
f 4789 4790 4791
f 4792 4793 4794
f 4795 4796 4797
f 4798 4799 4800
f 4801 4802 4803
f 4804 4805 4806
f 4807 4808 4809
f 4810 4811 4812
f 4813 4814 4815
f 4813 4815 4816
f 4817 4818 4819
f 4820 4821 4822
f 4823 4824 4825
f 4826 4827 4828
f 4829 4830 4831
f 4832 4833 4834
f 4835 4836 4837
f 4838 4839 4840
f 4841 4842 4843
f 4844 4845 4846
f 4847 4848 4849
f 4850 4851 4852
f 4853 4854 4855
f 4856 4857 4858
f 4859 4860 4861
f 4862 4863 4864
f 4865 4866 4867
f 4868 4869 4870
f 4871 4872 4873
f 4874 4875 4876
f 4877 4878 4879
f 4880 4881 4882
f 4883 4884 4885
f 4886 4887 4888
f 4889 4890 4891
f 4892 4893 4894
f 4895 4896 4897
f 4898 4899 4900
f 4901 4902 4903
f 4904 4905 4906
f 4907 4908 4909
f 4910 4911 4912
f 4913 4914 4915
f 4916 4917 4918
f 4919 4920 4921
f 4922 4923 4924
f 4922 4924 4925
f 4926 4927 4928
f 4929 4930 4931
f 4932 4933 4934
f 4935 4936 4937
f 4938 4939 4940
f 4941 4942 4943
f 4944 4945 4946
f 4947 4948 4949
f 4950 4951 4952
f 4953 4954 4955
f 4956 4957 4958
f 4959 4960 4961
f 4962 4963 4964
f 4965 4966 4967
f 4968 4969 4970
f 4971 4972 4973
f 4974 4975 4976
f 4977 4978 4979
f 4980 4981 4982
f 4983 4984 4985
f 4986 4987 4988
f 4989 4990 4991
f 4992 4982 4981
f 4993 4994 4995
f 4996 4997 4998
f 4999 5000 5001
f 5002 5003 5004
f 5005 5006 5007
f 5008 5009 5010
f 5011 5012 5013
f 5014 5015 5016
f 5017 5018 5019
f 5020 5021 5022
f 5022 5021 5023
f 5024 5025 5026
f 5027 5028 5029
f 5030 5031 5032
f 5033 5034 5035
f 5036 5037 5038
f 5039 5040 5041
f 5042 5043 5044
f 5045 5046 5047
f 5048 5049 5050
f 5051 5052 5053
f 5054 5055 5056
f 5057 5058 5059
f 5060 5061 5062
f 5063 5064 5065
f 5012 5066 5013
f 5067 5068 5069
f 5018 5070 5019
f 5071 5072 5073
f 5074 5075 5076
f 5077 5078 5079
f 5080 5081 5082
f 5083 5084 5085
f 5086 5087 5088
f 5089 5090 5091
f 5092 5093 5094
f 5095 5096 5097
f 3496 5098 3497
f 5099 5100 5101
f 5099 5101 5102
f 5103 5104 5105
f 5106 5107 5108
f 5109 5110 5111
f 5112 5113 5114
f 5115 5116 5117
f 5118 5119 5120
f 5121 5122 5123
f 5124 5125 5126
f 5127 5128 5129
f 5130 5131 5132
f 5133 5134 5135
f 5136 5137 5138
f 5139 5140 5141
f 5142 5143 5144
f 5145 5146 5147
f 5148 5149 5150
f 5151 5152 5153
f 5154 5155 5156
f 5157 5158 5159
f 5160 5161 5162
f 5163 5164 5165
f 5166 5167 5168
f 5169 5170 5171
f 5172 5173 5174
f 5175 5176 5177
f 5178 5179 5180
f 5149 5181 5150
f 5182 5183 5184
f 5185 5186 5187
f 5188 5189 5190
f 5191 5192 5193
f 5194 5195 5196
f 5197 5198 5199
f 5200 5201 5202
f 5203 5204 5205
f 5206 5207 5208
f 5209 5210 5211
f 5212 5213 5214
f 5215 5216 5217
f 5218 5219 5220
f 5221 5222 5223
f 5221 5223 5224
f 5225 5226 5227
f 5228 5229 5230
f 5231 5232 5233
f 4468 5234 4469
f 5235 5236 5237
f 5238 5239 5240
f 5241 5242 5243
f 5244 5245 5246
f 5247 5248 5249
f 5250 5251 5252
f 5253 5254 5255
f 5256 5257 5258
f 5254 5259 5255
f 5260 5261 5262
f 5263 5264 5265
f 5266 5267 5268
f 5269 5270 5271
f 5272 5273 5274
f 5272 5274 5275
f 5276 5277 5278
f 5279 5280 5281
f 5282 5283 5284
f 4517 5285 5286
f 5287 5288 5289
f 5290 5291 5292
f 5293 5294 5295
f 5296 5297 5298
f 5299 5300 5301
f 5302 5303 5304
f 5305 5306 5307
f 5308 5309 5310
f 5311 5312 5313
f 5314 5315 5316
f 5317 5318 5319
f 5320 5321 5322
f 5323 5324 5325
f 5326 5327 5328
f 5329 5330 5331
f 5332 5333 5334
f 5335 5336 5337
f 5338 5339 5340
f 5341 5342 5343
f 5344 5345 5346
f 5347 5348 5349
f 5350 5351 5352
f 5353 5354 5355
f 5356 5357 5358
f 5359 5360 5361
f 5362 5363 5364
f 5365 5366 5367
f 5368 5369 5370
f 5371 5372 5373
f 5374 5375 5376
f 5377 5378 5379
f 5380 5381 5382
f 5383 5384 5385
f 5386 5387 5388
f 5389 5390 5391
f 5392 5393 5394
f 5395 5396 5397
f 5398 5399 5400
f 5401 5402 5403
f 5404 5405 5406
f 5407 5408 5409
f 5410 5411 5412
f 5413 5414 5415
f 5416 5417 5418
f 5419 5420 5421
f 5419 5421 5422
f 5423 5424 5425
f 5426 5427 5428
f 5429 5430 5431
f 5432 5433 5434
f 5435 5436 5437
f 5438 5439 5440
f 5441 5442 5443
f 5444 5445 5446
f 5447 5448 5449
f 5450 5451 5452
f 5453 5454 5455
f 5456 5457 5458
f 5459 5460 5461
f 5462 5463 5464
f 5462 5464 5465
f 5466 5174 5173
f 5467 5468 5469
f 5470 5471 5472
f 5473 5474 5475
f 5476 5477 5478
f 5479 5480 5481
f 5482 5483 5484
f 5485 5486 5487
f 5488 5489 5490
f 5491 5492 5493
f 5494 5495 5496
f 5497 5498 5499
f 5500 5501 5502
f 5503 5504 5505
f 5506 5507 5508
f 5509 5510 5511
f 5512 5513 5514
f 5514 5513 5515
f 5516 5517 5518
f 5519 5520 5521
f 5522 5523 5524
f 5525 5526 5527
f 5528 5529 5530
f 5531 5532 5533
f 5534 5535 5536
f 5537 5538 5539
f 5540 5541 5542
f 5543 5544 5545
f 5546 5547 5548
f 5549 5550 5551
f 5552 5553 5554
f 5555 5556 5557
f 5558 5559 5560
f 5561 5562 5563
f 5564 5565 5566
f 5567 5568 5569
f 5570 5571 5572
f 5573 5574 5575
f 5576 5577 5578
f 5579 5580 5581
f 5582 5583 5584
f 5585 5586 5587
f 5588 5589 5590
f 5591 5592 5593
f 5594 5595 5596
f 5597 5598 5599
f 5600 5601 5602
f 5603 5604 5605
f 5606 5607 5608
f 5609 5610 5611
f 5612 5613 5614
f 5615 5616 5617
f 5618 5619 5620
f 5621 5622 5623
f 5624 5625 5626
f 5627 5628 5629
f 5630 5631 5632
f 5633 5634 5635
f 5636 5637 5638
f 5639 5640 5641
f 5642 5643 5644
f 5645 5646 5647
f 5648 5649 5650
f 5651 5652 5653
f 5654 5655 5656
f 5657 5658 5659
f 5660 5661 5662
f 5663 5664 5665
f 5666 5667 5668
f 5669 5670 5671
f 5672 5673 5674
f 5675 5676 5677
f 5678 5679 5680
f 5681 5682 5683
f 5684 5685 5686
f 5687 5688 5689
f 5690 5691 5692
f 5393 5693 5394
f 5694 5695 5696
f 5454 5697 5455
f 5698 5699 5700
f 5038 5701 5036
f 5702 5703 5704
f 5705 5706 5707
f 5708 5709 5710
f 5711 5712 5713
f 5714 5715 5716
f 5717 5718 5719
f 5720 5721 5722
f 5723 5724 5725
f 5726 5727 5728
f 5729 5730 5731
f 5732 5733 5734
f 5735 5736 5737
f 5738 5739 5740
f 5741 5742 5743
f 5744 5745 5746
f 5747 5748 5749
f 5750 5751 5752
f 5753 5754 5755
f 3757 5756 3758
f 5757 5758 5759
f 5760 5761 5762
f 5504 5763 5505
f 5764 5765 5766
f 5510 5767 5511
f 5768 5769 5770
f 5513 5771 5515
f 5772 5773 5774
f 5775 5776 5777
f 5778 5779 5780
f 5781 5782 5783
f 5784 5785 5786
f 5787 5788 5789
f 5790 5791 5792
f 5793 5794 5795
f 5796 5797 5798
f 5798 5797 5799
f 5800 5801 5802
f 5803 5804 5805
f 5786 5806 5784
f 5807 5808 5809
f 5780 5810 5778
f 5811 5812 5813
f 5811 5813 5814
f 5815 5816 5817
f 5818 5819 5820
f 5820 5819 5821
f 5822 5823 5824
f 5825 5826 5827
f 5828 5829 5830
f 5831 5832 5833
f 5834 5835 5836
f 5837 5838 5839
f 5840 5841 5842
f 5843 5844 5845
f 5846 5847 5848
f 5849 5850 5851
f 5852 5853 5854
f 5855 5856 5857
f 5858 5779 5778
f 5859 5860 5861
f 5861 5860 5862
f 5863 5864 5865
f 5866 3524 3523
f 5867 5868 5869
f 5870 5871 5872
f 5873 5874 5875
f 5876 5877 5878
f 5879 5880 5881
f 5882 5883 5884
f 5885 5886 5887
f 5888 5889 5890
f 5891 5892 5893
f 5894 5895 5896
f 5897 5898 5899
f 5900 5901 5902
f 5903 5904 5905
f 5906 5907 5908
f 5909 5910 5911
f 5912 5913 5914
f 5915 5916 5917
f 5918 5919 5920
f 5921 5922 5923
f 5924 5925 5926
f 5927 5928 5929
f 5930 5931 5932
f 5933 5934 5935
f 4202 5936 4203
f 5937 5938 5939
f 5940 5941 5942
f 5943 5944 5945
f 5946 5947 5948
f 5949 5950 5951
f 5952 5953 5954
f 5955 5956 5957
f 5958 5959 5960
f 5961 4675 4674
f 5962 5963 5964
f 5964 5963 5965
f 5966 5967 5968
f 5969 5970 5971
f 5972 5973 5974
f 5975 5976 5977
f 5978 5979 5980
f 5981 5982 5983
f 5984 5985 5986
f 5987 5988 5989
f 5990 5991 5992
f 5993 5994 5995
f 5996 5997 5998
f 5999 6000 6001
f 6002 6003 6004
f 6005 6006 6007
f 6007 6006 6008
f 6009 6010 6011
f 6012 4018 4020
f 6013 6014 6015
f 6016 6017 6018
f 6019 6020 6021
f 6022 6023 6024
f 6025 6026 6027
f 6028 6029 6030
f 6031 6032 6033
f 6034 6035 6036
f 6037 6038 6039
f 6040 6041 6042
f 6043 6044 6045
f 6046 6047 6048
f 6049 6050 6051
f 6052 6053 6054
f 6055 6056 6057
f 6058 6059 6060
f 6061 6062 6063
f 6064 6065 6066
f 6067 6068 6069
f 6070 6071 6072
f 6073 6074 6075
f 6076 6077 6078
f 6079 6080 6081
f 6082 6083 6084
f 6085 6086 6087
f 3898 6088 3899
f 6089 6090 6091
f 6092 6093 6094
f 3982 4017 4016
f 6095 6096 6097
f 6098 6099 6100
f 6098 6100 6101
f 6102 6103 6104
f 6105 6106 6107
f 6108 6109 6110
f 6111 6112 6113
f 6114 6115 6116
f 6117 6118 6119
f 6120 6121 6122
f 6123 6124 6125
f 6126 6127 6128
f 6129 6130 6131
f 6132 6133 6134
f 6135 6136 6137
f 6138 6139 6140
f 6141 6142 6143
f 6144 6145 6146
f 6147 6148 6149
f 6150 6151 6152
f 6153 6154 6155
f 6156 6157 6158
f 6159 6160 6161
f 6162 6163 6164
f 6165 6166 6167
f 6168 6169 6170
f 6171 6172 6173
f 6174 6175 6176
f 6177 6178 6179
f 6180 6181 6182
f 6183 6184 6185
f 6186 6187 6188
f 6189 6190 6191
f 6192 6193 6194
f 6195 6196 6197
f 6198 6199 6200
f 6201 6202 6203
f 6204 6205 6206
f 6207 6208 6209
f 6210 6211 6212
f 6213 6214 6215
f 6216 6217 6218
f 6219 6220 6221
f 6222 6223 6224
f 6225 6226 6227
f 6228 6229 6230
f 6231 6232 6233
f 6234 6235 6236
f 6237 6238 6239
f 6240 5537 5539
f 6241 6242 6243
f 6244 6245 6246
f 6247 6248 6249
f 6250 6251 6252
f 6253 6254 6255
f 6256 6257 6258
f 6259 6260 6261
f 6262 6263 6264
f 6265 6266 6267
f 6268 6269 6270
f 6271 6272 6273
f 6274 6275 6276
f 6277 6278 6279
f 6280 6281 6282
f 6283 6284 6285
f 6286 6287 6288
f 6289 6290 6291
f 6291 6290 6292
f 5410 6293 5411
f 6294 6295 6296
f 3480 6297 3481
f 6298 6299 6300
f 5459 6301 5460
f 6302 5141 5140
f 6303 6304 6305
f 6306 6307 6308
f 6309 6310 6311
f 6312 6313 6314
f 5162 6315 5160
f 6316 6317 6318
f 6319 6320 6321
f 6322 6323 6324
f 6325 6326 6327
f 6328 6329 6330
f 6331 6332 6333
f 6334 6335 6336
f 6337 6338 6339
f 6340 6341 6342
f 6343 6344 6345
f 6346 6347 6348
f 6349 6350 6351
f 6352 6353 6354
f 6355 6356 6357
f 6358 6359 6360
f 6361 6362 6363
f 6364 6365 6366
f 6367 6368 6369
f 6369 6368 6370
f 6371 6372 6373
f 6373 6372 5249
f 6374 6375 6376
f 6376 6375 6377
f 6378 6379 6380
f 6381 6382 6383
f 6384 6385 6386
f 6387 6388 6389
f 6390 6391 6392
f 6390 6392 6393
f 6394 6395 6396
f 6397 6398 6399
f 6400 6401 6402
f 6403 6404 6405
f 6406 6407 6408
f 6409 6410 6411
f 5788 6412 5789
f 6413 6414 6415
f 6416 6417 6418
f 6419 6420 6421
f 6422 6423 6424
f 6425 6426 6427
f 6428 6429 6430
f 6431 6432 6433
f 6431 6433 6434
f 6435 6436 6437
f 4040 6438 4041
f 6439 6440 6441
f 6439 6441 6442
f 6443 6444 6445
f 6446 6447 6448
f 6449 6450 6451
f 6452 6453 6454
f 6455 6456 6457
f 6458 6459 6460
f 6461 6462 6463
f 6464 6465 6466
f 6467 6468 6469
f 6469 6468 6470
f 6469 6470 6471
f 6471 6470 6472
f 6471 6472 6473
f 6473 6472 6474
f 6473 6474 6475
f 6475 6474 6476
f 6475 6476 6477
f 6477 6476 6478
f 6477 6478 6479
f 6479 6478 6480
f 6479 6480 6481
f 6481 6480 6482
f 6481 6482 6483
f 6483 6482 6484
f 6483 6484 6485
f 6485 6484 6486
f 6485 6486 6487
f 6487 6486 6488
f 6487 6488 6489
f 6489 6488 6490
f 6489 6490 6491
f 6491 6490 6467
f 6491 6467 6469
f 6492 6493 6494
f 6494 6493 6495
f 6496 6497 6498
f 6498 6497 6499
f 6500 6501 6502
f 6502 6501 6503
f 6504 6505 6506
f 6506 6505 6507
f 6508 6509 6510
f 6510 6509 6511
f 6512 6513 6514
f 6514 6513 6515
f 6516 6517 6518
f 6518 6517 6519
f 6520 6521 6522
f 6522 6521 6523
f 6524 6525 6526
f 6526 6525 6527
f 6528 6529 6530
f 6530 6529 6531
f 6532 6533 6534
f 6534 6533 6535
f 6536 6537 6538
f 6538 6537 6539
f 6540 6541 6542
f 6542 6541 6543
f 6544 6545 6546
f 6546 6545 6547
f 6546 6547 6548
f 6548 6547 6549
f 6548 6549 6550
f 6550 6549 6551
f 6550 6551 6552
f 6552 6551 6553
f 6552 6553 6554
f 6554 6553 6555
f 6554 6555 6556
f 6556 6555 6557
f 6556 6557 6558
f 6558 6557 6559
f 6558 6559 6560
f 6560 6559 6561
f 6560 6561 6562
f 6562 6561 6563
f 6562 6563 6564
f 6564 6563 6565
f 6564 6565 6566
f 6566 6565 6567
f 6566 6567 6544
f 6544 6567 6545
f 6568 6569 6570
f 6570 6569 6571
f 6572 6573 6574
f 6574 6573 6575
f 6576 6577 6578
f 6578 6577 6579
f 6580 6581 6582
f 6582 6581 6583
f 6584 6585 6586
f 6586 6585 6587
f 6588 6589 6590
f 6590 6589 6591
f 6592 6593 6594
f 6594 6593 6595
f 6596 6597 6598
f 6598 6597 6599
f 6600 6601 6602
f 6602 6601 6603
f 6604 6605 6606
f 6606 6605 6607
f 6608 6609 6610
f 6610 6609 6611
f 6612 6613 6614
f 6614 6613 6615

