# https://github.com/mikedh/trimesh

o RHR-25_tri_V5_CCW_002-mesh
v -0.39692497 5.06252537 -0.19736360
v -0.15720201 5.07451831 -0.34240371
v -0.46050799 5.05935155 -2.09199810
v -0.15720201 5.07451831 -0.34240371
v -0.39692497 5.06252537 -0.19736360
v -0.15718603 5.07451831 -0.34238300
v -0.28582597 5.06809436 0.67366558
v -0.41023803 5.06186925 0.75095779
v 0.01949501 5.08335362 2.90800190
v -0.41847003 5.06145726 0.75580370
v -0.46050799 5.05935155 0.78019750
v -0.46050799 5.05935155 2.90800190
v -0.41191697 5.06177722 0.75200230
v -14.11379123 28.58630000 -0.11799780
v -14.07497096 28.61755000 -0.15146521
v -0.52439702 5.04969226 -0.11799780
v -0.52600598 5.04944859 -0.11702530
v -0.52682996 5.04932652 -0.11652680
v -14.11379123 28.58630000 -0.11799780
v -14.88804126 27.18696032 1.64098406
v -14.89579082 27.15425883 1.65322101
v -1.80230500 4.72184239 1.58800197
v -1.85550480 4.70235644 1.61764097
v -1.85050750 4.70418845 1.61485600
v -0.52439702 5.04969226 -0.11799780
v -12.05973125 29.69606028 -1.99899805
v -9.45355010 25.34235965 -2.08999801
v -8.85874677 24.15198909 -1.99899805
v -1.85550480 4.70235644 0.68843043
v -1.85050750 4.70418845 0.68545061
v -1.85550480 4.70235644 -2.09199810
v -1.77516720 4.73179160 0.64055240
v -2.03950289 4.61394749 0.80400211
v -15.12415099 27.27635966 0.80400211
v -2.03770229 4.61481724 0.80287182
v -15.00827098 27.55028926 0.66930491
v -1.95499972 4.65455161 0.75094593
v -18.76178050 -25.72850026 -1.07999802
v -19.01605105 -25.58163060 -0.42399779
v -19.21207118 -25.46847142 -0.64127451
v -2.07404879 4.59736119 0.82436001
v -15.16076064 27.19161998 0.84346300
v -2.03950289 4.61394749 0.80400211
v -2.29050243 4.49335728 0.95192683
v -8.80197692 24.15416919 -2.05609989
v -8.76654601 24.15246020 -2.08999801
v -8.76679778 24.15242968 -2.08999801
v -8.80197692 24.15416919 -2.05609989
v -8.76679778 24.15242968 -2.08999801
v -8.80208421 24.15411006 -2.05629206
v -2.29050243 4.49335728 0.95192683
v -2.07404879 4.59736119 0.82436001
v -2.29050243 4.49335728 -2.09199810
v -1.95499972 4.65455161 0.75094593
v -1.93139431 4.66588841 0.73611480
v -1.85550480 4.70235644 0.68843043
v -1.85550480 4.70235644 -2.09199810
v -0.93650609 4.98736058 0.13084440
v -0.64694768 5.03115330 -0.04399770
v -0.93650609 4.98736058 -2.09199810
v -0.56684697 5.04326831 -0.09236675
v -0.52682996 5.04932652 -0.11652680
v -0.52600598 5.04944859 -0.11702530
v -0.52439702 5.04969226 -0.11799780
v -0.46050799 5.05935155 -0.15888670
v -0.46050799 5.05935155 -2.09199810
v -1.85550480 4.70235644 2.90800190
v -1.85550480 4.70235644 1.61764097
v -2.07404879 4.59736119 1.74600601
v -2.11927593 4.57561742 1.77257097
v -8.51620984 24.27034007 -1.72750902
v -8.50638413 24.26801882 -1.74099803
v -8.50641418 24.26801882 -1.74099803
v -8.50638413 24.26801882 -1.74099803
v -8.49960923 24.26564990 -1.75340104
v -8.50641418 24.26801882 -1.74099803
v -8.76679778 24.15242968 -2.08999801
v 0.19749701 8.62688742 -2.08999801
v -8.80208421 24.15411006 -2.05629206
v -0.85739690 4.99932347 1.02354097
v -0.46050799 5.05935155 2.90800190
v -0.75697118 5.01450644 0.96201998
v -0.46050799 5.05935155 0.78019750
v -8.76654601 24.15246020 -2.08999801
v -4.88050604 18.20110903 -2.08999801
v -8.76679778 24.15242968 -2.08999801
v -0.88426000 4.99524937 1.04000199
v -0.93650609 4.98736058 2.90800190
v -0.93650609 4.98736058 1.06985998
v -14.55320144 28.23457919 0.23596720
v -14.50323081 28.27437983 0.19800210
v -1.40250190 4.86835728 0.41329369
v -1.54939062 4.81452428 0.50600231
v -3.78886199 8.69335566 0.50600231
v -1.54572088 4.81586753 0.50368768
v -1.80087830 4.72237645 1.58714902
v -1.40250190 4.86835728 1.34903395
v -14.83870101 27.30105029 1.58800197
v -1.24946380 4.90743552 1.25862896
v -10.04250216 20.48596965 1.15263999
v -1.34781441 4.88231955 1.31801295
v -19.87250018 -24.70118131 -2.08188701
v -19.87109065 -24.69589032 -2.08999801
v -19.86816096 -24.70384015 -2.08999801
v -8.81251311 24.15520869 -2.04631305
v -8.80197692 24.15416919 -2.05609989
v -8.81262803 24.15512858 -2.04652405
v -8.80208421 24.15411006 -2.05629206
v -8.81262803 24.15512858 -2.04652405
v -8.80197692 24.15416919 -2.05609989
v -19.88523173 -24.75818052 -1.98251700
v -19.87720180 -24.72327985 -2.04220605
v -19.83116031 -24.78647031 -2.08999801
v -19.85343051 -24.73521985 -2.08999801
v -19.88835025 -24.77231015 -1.95786798
v -19.88834071 -24.77221097 -1.95799804
v -19.82155108 -24.80780019 -2.08999801
v -19.88834071 -24.77221097 -1.95799804
v -19.88523173 -24.75818052 -1.98251700
v -19.82155108 -24.80780019 -2.08999801
v -19.83116031 -24.78647031 -2.08999801
v -1.22311190 4.91416465 1.24271905
v -2.50832921 4.35959826 1.08800197
v -2.70250499 4.24035130 1.20192802
v -15.08929133 25.07736026 1.35600197
v -0.93650609 4.98736058 1.06985998
v -3.08950603 3.94835935 1.43664706
v -15.57008147 24.84114848 1.60500205
v -2.95027697 4.05340062 1.35600197
v -0.93650609 4.98736058 0.13084440
v -0.93650609 4.98736058 -2.09199810
v -1.40250190 4.86835728 -2.09199810
v -1.03629857 4.96186362 0.19437960
v -1.04198247 4.96041356 0.19800210
v -19.87720180 -24.72327985 -2.04220605
v -19.87250018 -24.70118131 -2.08188701
v -19.85343051 -24.73521985 -2.08999801
v -19.86816096 -24.70384015 -2.08999801
v -0.95640349 4.98226462 0.14352560
v -1.40250190 4.86835728 0.41329369
v -1.35169771 4.88132725 1.32027304
v -1.40250190 4.86835728 1.34903395
v -0.93650609 4.98736058 2.90800190
v 0.77167702 8.36014949 -1.95347500
v 0.70192194 8.31336509 -2.08999801
v 0.76232409 8.37978755 -1.95799804
v -1.34945470 4.88190757 1.31900203
v -1.40250190 4.86835728 2.90800190
v -1.34945470 4.88190757 1.31900203
v -0.93650609 4.98736058 2.90800190
v -1.34781441 4.88231955 1.31801295
v -19.66562152 -25.05454053 -2.08999801
v -19.64355159 -25.08137120 -2.08999801
v -19.86896014 -24.93070974 -1.71750104
v -2.23930907 4.51795445 1.84300196
v -2.29050243 4.49335728 1.87097800
v -1.34781441 4.88231955 1.31801295
v -1.24946380 4.90743552 1.25862896
v -1.22311190 4.91416465 1.24271905
v -0.93650609 4.98736058 1.06985998
v -2.29050243 4.49335728 2.90800190
v -1.85050750 4.70418845 0.68545061
v -1.85550480 4.70235644 0.68843043
v -3.78886199 8.69335566 0.50600231
v -1.46359810 4.84597264 0.45181471
v -8.89774919 24.14859019 -1.96319199
v -12.05973125 29.69606028 -1.99899805
v -8.89238477 24.14904032 -1.96811199
v -14.83870101 27.30105029 1.58800197
v -1.80230500 4.72184239 1.58800197
v -8.89252305 24.14896975 -1.96835697
v -8.89787793 24.14851008 -1.96344101
v -8.89238477 24.14904032 -1.96811199
v -8.89774919 24.14859019 -1.96319199
v -8.89238477 24.14904032 -1.96811199
v -8.89787793 24.14851008 -1.96344101
v 5.29627395 -4.27168741 -1.99499798
v 31.76950002 -3.98164858 -1.70199800
v 5.31385303 -4.27563943 -1.99899805
v -1.54939062 4.81452428 0.50600231
v -1.55203802 4.81356345 0.50758249
v -1.77516720 4.73179160 0.64055240
v -1.40250190 4.86835728 1.34903395
v -1.80087830 4.72237645 1.58714902
v -1.40250190 4.86835728 2.90800190
v -2.03770229 4.61481724 0.80287182
v -2.03950289 4.61394749 0.80400211
v -19.71833110 -24.98199071 -2.08999801
v -19.66562152 -25.05454053 -2.08999801
v -19.87928081 -24.88714017 -1.78761303
v -8.81262803 24.15512858 -2.04652405
v -8.85915208 24.15189944 -1.99899805
v -8.85874677 24.15198909 -1.99899805
v -8.81262803 24.15512858 -2.04652405
v -8.85874677 24.15198909 -1.99899805
v -8.81251311 24.15520869 -2.04631305
v -19.87404132 -24.91388120 -1.74099803
v -8.89252305 24.14896975 -1.96835697
v -8.85915208 24.15189944 -1.99899805
v -8.85874677 24.15198909 -1.99899805
v -8.85915208 24.15189944 -1.99899805
v -8.89238477 24.14904032 -1.96811199
v -1.55203802 4.81356345 0.50758249
v -1.54939062 4.81452428 0.50600231
v -19.86896014 -24.93070974 -1.71750104
v -12.22978091 29.66374026 -1.83431900
v -12.19449115 29.67391978 -1.87022305
v -9.15076184 24.06839953 -1.70199800
v -12.26902080 29.65202914 -1.79419005
v -1.54572088 4.81586753 0.50368768
v -1.46359810 4.84597264 0.45181471
v -1.40250190 4.86835728 0.41329369
v -1.40250190 4.86835728 -2.09199810
v -9.02884507 24.11969958 -1.83446205
v -9.06792188 24.10717021 -1.79399705
v -9.02876115 24.11974917 -1.83429098
v -1.85050750 4.70418845 1.61485600
v -1.85550480 4.70235644 1.61764097
v -1.80230500 4.72184239 1.58800197
v -1.85550480 4.70235644 2.90800190
v -1.80087830 4.72237645 1.58714902
v -1.80230500 4.72184239 1.58800197
v -1.40250190 4.86835728 2.90800190
v -9.06785417 24.10719882 -1.79387105
v -9.02876115 24.11974917 -1.83429098
v -9.06792188 24.10717021 -1.79399705
v -12.17699122 29.67897998 -1.88804197
v -17.65092158 -20.85073079 -2.08999801
v -16.66988063 -19.15155973 -2.08999801
v -19.64355159 -25.08137120 -2.08999801
v 1.14823389 7.53246556 -1.72818303
v 0.48603296 8.69335566 -1.74099803
v 1.15820503 7.50786839 -1.72146297
v 1.12981606 7.57834826 -1.74099803
v 1.13222003 7.57242833 -1.73940206
v -0.45004106 10.17677985 -1.61454201
v 1.31911707 7.09615527 -1.59941602
v -8.97598004 24.13498889 -1.88801503
v -8.94986510 24.13951884 -1.91308498
v -8.97610307 24.13490878 -1.88823402
v -8.89787793 24.14851008 -1.96344101
v -8.97610307 24.13490878 -1.88823402
v -8.94986510 24.13951884 -1.91308498
v -8.89787793 24.14851008 -1.96344101
v -8.94986510 24.13951884 -1.91308498
v -8.89774919 24.14859019 -1.96319199
v 1.17408991 7.46889745 -1.71093595
v -15.16488147 25.67095958 2.14311099
v -15.20353103 25.32988940 2.23645806
v -2.93842900 4.06234227 2.24210095
v -5.15247107 -0.85397847 -0.77513170
v -4.83177710 -1.01228841 -1.32683206
v -5.17741895 -0.86809285 -0.79072303
v 1.09455299 7.65856419 -1.76635098
v 0.48603296 8.69335566 -1.74099803
v 1.10487604 7.63534032 -1.75926197
v -9.12605786 24.08264933 -1.73082495
v -9.15079999 24.06836901 -1.70199800
v -9.15076184 24.06839953 -1.70199800
v -9.12605786 24.08264933 -1.73082495
v -9.15076184 24.06839953 -1.70199800
v -9.12602782 24.08267031 -1.73076797
v 1.12981606 7.57834826 -1.74099803
v 1.02889490 7.80579625 -1.81069803
v 1.01056910 7.84591161 -1.82176995
v 0.99542403 7.87919150 -1.83110201
v 1.07673097 7.69832860 -1.77811599
v 1.06679702 7.72103320 -1.78539002
v 1.05673409 7.74346457 -1.79202402
v 1.03889704 7.78362523 -1.80427504
v -3.74385595 3.28306041 2.68700194
v -3.73569298 3.29223142 2.68300200
v -14.98034072 21.86380969 2.83800197
v -9.02876115 24.11974917 -1.83429098
v -8.99348187 24.12991915 -1.87019503
v -9.02884507 24.11969958 -1.83446205
v -8.99358201 24.12986003 -1.87040603
v -9.02884507 24.11969958 -1.83446205
v -8.99348187 24.12991915 -1.87019503
v -3.73569298 3.29223142 2.68300200
v -3.72243309 3.30712353 2.67573595
v -15.13340068 23.03207026 2.68300200
v -8.99358201 24.12986003 -1.87040603
v -8.97610307 24.13490878 -1.88823402
v 1.13238692 6.84723960 -1.99899805
v -5.01990294 -1.11612453 -1.42197001
v -5.30955291 -0.94887288 -0.86975312
v -4.97192907 -1.08800258 -1.39689505
v -19.88531184 -24.84232129 -1.85958099
v -19.88675189 -24.80994977 -1.90494299
v -19.76549029 -24.91032018 -2.08999801
v -19.88835025 -24.77231015 -1.95786798
v -19.82155108 -24.80780019 -2.08999801
v -8.97598004 24.13498889 -1.88801503
v -8.97610307 24.13490878 -1.88823402
v -8.99358201 24.12986003 -1.87040603
v -8.97598004 24.13498889 -1.88801503
v 4.88323379 0.65835063 1.35600197
v 6.34150100 0.12235512 1.08800197
v 4.89550185 0.57335923 1.31350195
v -19.87928081 -24.88714017 -1.78761303
v -19.88531184 -24.84232129 -1.85958099
v -19.71833110 -24.98199071 -2.08999801
v -2.95027697 4.05340062 1.35600197
v -8.85915208 24.15189944 -1.99899805
v -8.81262803 24.15512858 -2.04652405
v -8.80208421 24.15411006 -2.05629206
v 0.19749701 8.62688742 -2.08999801
v -8.81262803 24.15512858 -2.04652405
v -15.57188106 24.64270983 1.64880800
v -3.36131096 3.69640647 1.60500205
v -3.44550097 3.61835752 1.65365195
v -19.76549029 -24.91032018 -2.08999801
v -9.02884507 24.11969958 -1.83446205
v -9.06792188 24.10717021 -1.79399705
v -8.89787793 24.14851008 -1.96344101
v -8.89252305 24.14896975 -1.96835697
v -8.85915208 24.15189944 -1.99899805
v -2.23930907 4.51795445 1.84300196
v -15.06019092 26.46698008 1.90633798
v -2.29050243 4.49335728 1.87097800
v -2.32723027 4.47080432 1.89225602
v -15.48600078 22.73465930 2.01509905
v -3.73605108 3.29183446 1.83400202
v -15.46244121 22.57403002 2.03900194
v -2.29050243 4.49335728 1.87097800
v -2.32723027 4.47080432 1.89225602
v -2.29050243 4.49335728 2.90800190
v -2.65458500 4.26978551 2.08200192
v -2.65620196 4.26877843 2.08287311
v -2.29050243 4.49335728 2.90800190
v -5.81081223 -1.33156361 -1.14925206
v -5.83539414 -1.35262062 -1.16245198
v -16.44025111 -19.67592038 -1.18907595
v 0.91605592 8.05271445 -1.87832904
v -0.87000060 11.12111960 -1.84574497
v 0.92557001 8.03232966 -1.87322998
v -5.78111815 -1.30550160 -1.13368797
v -5.75683379 -1.28436758 -1.12085199
v -2.70250499 4.24035130 2.10774994
v -2.65620196 4.26877843 2.08287311
v -2.65458500 4.26978551 2.08200192
v -2.54072362 4.33970128 2.01596093
v 31.76642919 -4.33664455 -1.25299799
v 31.76950002 -4.31503762 -1.22651100
v 4.42781997 -4.33664455 -1.25299799
v -19.64355159 -25.08137120 -2.08999801
v -9.04073119 -6.71802272 -2.08999801
v -19.62672114 -25.11334028 -2.05527902
v -19.59701037 -25.16096105 -1.99899805
v -19.62232089 -25.12304105 -2.04544401
v -5.69466901 -1.23247256 -1.08664000
v -5.72611022 -1.25827553 -1.10421300
v -5.69466901 -1.23247256 -1.08663905
v -5.72611022 -1.25827553 -1.10421300
v -5.86453795 -1.37842263 -1.17758203
v -5.88928819 -1.40013661 -1.19055605
v -5.91354918 -1.42255153 -1.20258105
v -5.96673417 -1.47063162 -1.22960103
v -5.94199204 -1.44797255 -1.21720803
v 4.42781997 -4.33664455 -1.25299799
v 4.46849990 -4.34818067 -1.26959705
v 31.76642919 -4.33664455 -1.25299799
v -19.71833110 -24.98199071 -2.08999801
v -19.66562152 -25.05454053 -2.08999801
v -2.70250499 4.24035130 2.90800190
v -19.76549029 -24.91032018 -2.08999801
v -19.82155108 -24.80780019 -2.08999801
v -19.83116031 -24.78647031 -2.08999801
v -19.85343051 -24.73521985 -2.08999801
v -2.70250499 4.24035130 1.20192802
v -2.50832921 4.35959826 1.08800197
v -2.70250499 4.24035130 -2.09199810
v 16.20248914 4.75963841 2.68247104
v 15.61409879 4.79635154 2.68600202
v 16.20248914 4.45957433 3.17721605
v 18.78354955 4.45334826 2.65300202
v 8.51054883 4.45334826 2.65300202
v 18.04349828 4.56542454 2.66378498
v 16.20248914 4.75963841 2.68247104
v -5.67027116 -1.21246852 -1.07307303
v -5.69466901 -1.23247256 -1.08664000
v -5.69466901 -1.23247256 -1.08663905
v -19.87250018 -24.70118131 -2.08188701
v -19.87720180 -24.72327985 -2.04220605
v -17.65092158 -20.85073079 -2.08999801
v -19.88523173 -24.75818052 -1.98251700
v -19.88834071 -24.77221097 -1.95799804
v -2.42706090 4.40949546 1.03726602
v 4.70849109 1.53435741 2.61170912
v 4.72078919 1.48435448 2.59254408
v 27.45783925 1.72034739 2.68300200
v 16.20248914 4.75963841 2.68247104
v 17.15382886 4.34134923 3.19700193
v 18.04349828 4.56542454 2.66378498
v -19.86816096 -24.70384015 -2.08999801
v -19.87109065 -24.69589032 -2.08999801
v 29.23631978 0.77634685 2.30300212
v 28.51048970 1.20737742 2.48462701
v 4.86619020 0.77634685 2.30300212
v 18.04349828 4.23958836 3.20101404
v 16.20248914 4.45957433 3.17721605
v -2.52008611 4.35236655 2.00400209
v 4.86619020 0.77634685 2.30300212
v 4.86770082 0.76594029 2.29823589
v 29.23631978 0.77634685 2.30300212
v 4.89902711 0.50135295 2.17717409
v 4.90920520 0.29336043 2.08200192
v -2.29050243 4.49335728 0.95192683
v -2.29050243 4.49335728 -2.09199810
v 4.79255080 1.19234739 1.60500205
v 29.24617887 1.19234739 1.60500205
v 4.82549500 1.05835937 1.54251897
v -19.87109065 -24.69589032 -2.08999801
v 4.70849109 1.53435741 1.75361300
v 28.31540990 1.71935545 1.83400202
v 4.72078919 1.48435448 1.73188603
v 4.79255080 1.19234739 1.60500205
v 21.54648900 3.60888134 3.17259407
v 22.40820813 3.39535032 3.14400196
v 21.54648900 3.97587023 2.56752896
v -19.64149165 -25.22057142 -1.18907905
v -16.46673083 -19.66063108 -1.22674406
v -19.66791034 -25.20532026 -1.22641599
v 19.83148885 4.30088244 2.62745810
v 20.84110951 3.74634848 3.19100189
v 21.03151822 4.07136021 2.58900189
v 19.83148885 3.95237241 3.20208502
v 21.54648900 3.60888134 3.17259407
v 21.54648900 3.97587023 2.56752896
v -19.74760127 -25.13315000 -1.37417698
v -16.48388076 -19.64743985 -1.25299799
v -19.77491069 -25.10501088 -1.42899597
v 4.82549500 1.05835937 2.90800190
v 4.89550185 0.57335923 2.90800190
v 4.82549500 1.05835937 2.42183208
v 18.04349828 4.56542454 2.66378498
v 18.04349828 4.23958836 3.20101404
v 18.78354955 4.45334826 2.65300202
v 19.12285924 4.06235753 3.20800209
v 4.89550185 0.57335923 2.21011806
v 4.86770082 0.76594029 2.29823589
v 19.83148885 4.30088244 2.62745810
v 19.83148885 3.95237241 3.20208502
v 4.86619020 0.77634685 2.30300212
v -19.81697154 -25.04683103 -1.52880204
v -16.61276126 -19.50849141 -1.51848602
v -19.84480166 -24.99521055 -1.62012303
v -19.80938029 -25.05971135 -1.50499797
v -19.81158137 -25.05652990 -1.51138902
v -3.08950603 3.94835935 2.32612205
v -3.04548395 3.98156224 2.30300212
v -15.20794082 24.77052890 2.36132908
v -15.20478129 25.04118930 2.30300212
v -19.87404132 -24.91388120 -1.74099803
v -16.67298102 -19.36981000 -1.74099803
v -19.87928081 -24.88714017 -1.78761303
v 4.82549500 1.05835937 1.54251897
v 4.88323379 0.65835063 1.35600197
v 4.82549500 1.05835937 -2.09199810
v -3.04548395 3.98156224 2.30300212
v -3.03782403 3.98734532 2.29864597
v -15.20478129 25.04118930 2.30300212
v 6.30449891 3.75174938 2.51712990
v 21.03151822 4.07136021 2.58900189
v 6.09157777 3.65336142 2.49500203
v 21.54648900 3.97587023 2.56752896
v 4.89550185 0.57335923 1.31350195
v -15.13340068 23.03207026 2.68300200
v -15.12785125 22.94135867 2.69692302
v 4.89550185 0.57335923 -2.09199810
v 7.16785741 4.07136021 2.58900189
v 18.78354955 4.45334826 2.65300202
v 19.83148885 4.30088244 2.62745810
v 21.03151822 4.07136021 2.58900189
v -19.27389026 -25.43278112 -0.70999777
v 4.39849305 2.71619640 2.21290112
v 4.39849305 2.31534849 2.87380004
v 4.42061782 2.73035632 2.21800208
v -19.08769107 -25.54034986 -1.39499795
v -19.44397044 -25.33459081 -0.92043668
v -19.49794078 -25.30343045 -0.98699778
v 15.61409879 4.79635154 2.68600202
v -3.67291808 3.36277233 1.79478800
v 4.39976001 2.31263242 2.87989092
v 4.84159303 2.60434948 2.96700191
v -12.35180068 29.61237918 -1.70199800
v -9.15076184 24.06839953 -1.70199800
v -12.38710093 29.59198962 -1.66489995
v 11.14084935 4.58034764 3.15700197
v 10.66943860 4.53525744 3.16455007
v 14.55891919 4.58034764 3.15700197
v -19.66791034 -25.20532026 -1.22641599
v -19.68527102 -25.19196119 -1.25299799
v -19.40328097 -25.35815038 -1.73020196
v 4.77756715 1.25335143 2.50400209
v -3.03782403 3.98734532 2.29864597
v -3.04548395 3.98156224 2.30300212
v -2.70250499 4.24035130 2.90800190
v 7.88149476 3.94828234 3.20186496
v 7.28301454 3.74634848 3.19100189
v 19.12285924 4.06235753 3.20800209
v -9.21128583 24.03345881 -1.63840997
v -9.15076184 24.06839953 -1.70199800
v -9.18610883 24.04797946 -1.66489995
v -9.15079999 24.06836901 -1.70199800
v -9.18610883 24.04797946 -1.66489995
v -9.15076184 24.06839953 -1.70199800
v 7.28301454 3.74634848 3.19100189
v 7.06649327 3.67658435 3.18165898
v 20.84110951 3.74634848 3.19100189
v -19.45391154 -25.32000150 -1.79369795
v -19.70656085 -25.17522992 -1.29195297
v -19.85235095 -24.97224988 -1.65308404
v -19.86028171 -24.95244016 -1.68376398
v -19.62672114 -25.11334028 -2.05527902
v 4.64362502 1.71935545 1.83400202
v -2.93842900 4.06234227 2.24210095
v -2.70250499 4.24035130 2.10774994
v -3.08950603 3.94835935 2.32612205
v -15.88633132 -19.99566068 -1.39499795
v -16.09376121 -19.87590017 -1.61350596
v -15.88630080 -19.99567975 -1.39499795
v -19.84480166 -24.99521055 -1.62012303
v -19.85235095 -24.97224988 -1.65308404
v -19.62232089 -25.12304105 -2.04544401
v -19.62672114 -25.11334028 -2.05527902
v -3.08950603 3.94835935 2.90800190
v -16.07258105 -19.88821973 -0.70999777
v -16.07251143 -19.88825025 -0.70999777
v -16.01075053 -19.92391004 -0.64127117
v -15.98946071 -19.93620099 -0.61767620
v -16.01075053 -19.92391004 -0.64127117
v -16.07251143 -19.88825025 -0.70999777
v -16.21672130 -19.80499067 -0.88844031
v -16.07251143 -19.88825025 -0.70999777
v -16.07258105 -19.88821973 -0.70999777
v -19.57755160 -25.18899144 -1.96784401
v -19.84480166 -24.99521055 -1.62012303
v -19.59701037 -25.16096105 -1.99899805
v -19.62232089 -25.12304105 -2.04544401
v -19.81697154 -25.04683103 -1.52880204
v -3.08950603 3.94835935 1.43664706
v -2.95027697 4.05340062 1.35600197
v -3.08950603 3.94835935 -2.09199810
v 4.82549500 1.05835937 1.54251897
v 4.70849109 1.53435741 -2.09199810
v 4.79255080 1.19234739 1.60500205
v -2.70250499 4.24035130 1.20192802
v -2.70250499 4.24035130 -2.09199810
v 4.77756715 1.25335143 2.50400209
v 4.72078919 1.48435448 2.59254408
v 4.82549500 1.05835937 2.90800190
v 4.70849109 1.53435741 2.61170912
v 4.70849109 1.53435741 2.90800190
v 1.13222003 7.57242833 -1.73940206
v 0.94467402 7.48076831 -2.08999801
v 1.12981606 7.57834826 -1.74099803
v 4.82549500 1.05835937 2.42183208
v -0.82482702 11.02393924 -1.82026303
v -1.07073760 11.55501948 -1.95799804
v -11.61187625 29.77124034 -1.90494204
v 4.82549500 1.05835937 -2.09199810
v 4.72078919 1.48435448 1.73188603
v -19.48380160 -25.29176130 -1.83406603
v -19.45391154 -25.32000150 -1.79369795
v -19.72841144 -25.15303029 -1.33557999
v 4.70849109 1.53435741 1.75361300
v -19.70656085 -25.17522992 -1.29195297
v -3.44550097 3.61835752 2.52395892
v -19.57442164 -25.19340123 -1.96288502
v -19.52314067 -25.25405111 -1.88746703
v -19.81158137 -25.05652990 -1.51138902
v -19.78181148 -25.09593000 -1.44427299
v -19.80938029 -25.05971135 -1.50499797
v -19.77491069 -25.10501088 -1.42899597
v -19.40328097 -25.35815038 -1.73020196
v -19.37907100 -25.37213125 -1.70199800
v -19.66791034 -25.20532026 -1.22641599
v -19.34391093 -25.39243116 -1.66490400
v -3.76850700 3.25535045 1.85249102
v -3.89850402 3.07625852 1.93312597
v 4.39849305 2.71619640 2.21290112
v 4.42061782 2.73035632 2.21800208
v 4.34049392 2.44034849 2.11355591
v -19.64149165 -25.22057142 -1.18907905
v -3.30817199 3.74566136 2.44893599
v -3.40639305 3.65461241 2.50400209
v -3.08950603 3.94835935 2.90800190
v -3.08950603 3.94835935 2.32612205
v 27.37949872 1.75937937 2.69638205
v 26.36839986 2.17235838 2.83800197
v 4.64327502 1.72034739 2.68300200
v 4.70849109 1.53435741 2.61170912
v 4.64327502 1.72034739 2.68300200
v 4.70849109 1.53435741 2.90800190
v -19.81697154 -25.04683103 -1.52880204
v -19.57755160 -25.18899144 -1.96784401
v -19.57442164 -25.19340123 -1.96288502
v -3.44550097 3.61835752 2.90800190
v -3.44550097 3.61835752 2.52395892
v -19.81158137 -25.05652990 -1.51138902
v 4.63918519 1.73202036 2.68700194
v -5.04339409 -1.39314760 -0.41883650
v -5.05813408 -1.40689554 -0.42399779
v -5.04340100 -1.39314760 -0.41882551
v -5.05819511 -1.40694155 -0.42399779
v -5.04340100 -1.39314760 -0.41882551
v -5.05813408 -1.40689554 -0.42399779
v -3.08950603 3.94835935 -2.09199810
v -3.44550097 3.61835752 -2.09199810
v -3.08950603 3.94835935 1.43664706
v -5.04340100 -1.39314760 -0.41882551
v -5.01208305 -1.36523964 -0.40730849
v -5.04339409 -1.39314760 -0.41883650
v -19.74760127 -25.13315000 -1.37417698
v 4.54648805 1.99634848 2.90800190
v -3.44550097 3.61835752 1.65365195
v -3.36131096 3.69640647 1.60500205
v -19.50997043 -25.26663007 -1.86961305
v 14.32549882 4.88126622 2.68628311
v 14.55891919 4.58034764 3.15700197
v 4.54648805 1.99634848 2.77764797
v 14.32549882 4.59995518 3.15010309
v 14.32549882 4.88126622 2.68628311
v 14.31725907 4.88144933 2.68628407
v 14.32549882 4.59995518 3.15010309
v 4.54648805 1.99634848 1.94447899
v 4.64362502 1.71935545 1.83400202
v 4.54648805 1.99634848 -2.09199810
v 4.70849109 1.53435741 1.75361300
v 14.10909867 4.60596762 3.14798498
v 4.70849109 1.53435741 -2.09199810
v -19.50997043 -25.26663007 -1.86961305
v -19.52314067 -25.25405111 -1.88746703
v -8.12652421 -5.29483547 -1.99899805
v 4.25542712 2.58535252 2.19939303
v 4.39849305 2.71619640 2.21290112
v 4.24976611 2.59499632 2.17440391
v -4.82710791 -1.00677999 -0.42399779
v -5.05813408 -1.40689554 -0.42399779
v -5.04339409 -1.39314760 -0.41883650
v -5.01208305 -1.36523964 -0.40730849
v -9.15079999 24.06836901 -1.70199800
v -9.12605786 24.08264933 -1.73082495
v 12.43649888 4.92348729 2.68642306
v 12.43649888 4.65360556 3.13121200
v 4.28536391 2.53432737 2.33148909
v 4.26699281 2.56565343 2.25039792
v -19.77491069 -25.10501088 -1.42899597
v 9.65126920 4.69016562 2.67578602
v 9.63149858 4.68744956 2.67552400
v 9.63149858 4.37453757 3.19144893
v 9.76279855 4.39579259 3.18789196
v 4.31527209 2.48334752 2.46346688
v 4.34049392 2.44034849 2.57475710
v 4.36226916 2.39342747 2.68700194
v 4.39849305 2.31534849 2.87380004
v -4.39771104 2.90436850 2.93209004
v -4.48846197 2.57290135 2.21800208
v -4.11501908 2.76342235 2.88012290
v 10.42159867 4.79635154 2.68600202
v -19.52314067 -25.25405111 -1.88746703
v 10.55249906 4.52401219 3.16643095
v -4.70603704 -1.22000660 -0.23871790
v -19.45391154 -25.32000150 -1.79369795
v -19.40328097 -25.35815038 -1.73020196
v -19.48380160 -25.29176130 -1.83406603
v -19.57755160 -25.18899144 -1.96784401
v -19.57442164 -25.19340123 -1.96288502
v -19.59701037 -25.16096105 -1.99899805
v -15.74538112 -20.07713117 -0.35383019
v -4.66950798 -1.36864259 -0.14602390
v 4.36226916 2.39342747 2.68700194
v 4.34049392 2.44034849 2.90800190
v 4.39849305 2.31534849 2.87380004
v 4.34049392 2.44034849 2.57475710
v 4.54648805 1.99634848 2.90800190
v 4.39976001 2.31263242 2.87989092
v 11.49048924 4.89586840 2.68633103
v 10.56276917 4.81629430 2.68606806
v 11.14084935 4.58034764 3.15700197
v 10.66943860 4.53525744 3.16455007
v 10.55249906 4.52401219 3.16643095
v 4.47725892 2.14559446 2.00400209
v 4.54648805 1.99634848 1.94447899
v 4.34049392 2.44034849 -2.09199810
v 10.55249906 4.81540929 2.68606496
v 11.59634900 4.62235556 3.14221501
v 11.49327874 4.89596043 2.68633199
v 11.49048924 4.61857043 3.14355111
v 11.49048924 4.89586840 2.68633103
v 11.49048924 4.61857043 3.14355111
v 11.49327874 4.89596043 2.68633199
v -4.39771104 2.90436850 2.93209004
v -4.05450201 2.86135350 2.84990501
v -4.02882195 2.89673839 2.83800197
v 4.54648805 1.99634848 2.77764797
v 4.46483779 2.17235838 2.83800197
v -19.72841144 -25.15303029 -1.33557999
v -19.70656085 -25.17522992 -1.29195297
v -19.68527102 -25.19196119 -1.25299799
v 12.43649888 4.65360556 3.13121200
v 12.43649888 4.92348729 2.68642306
v 4.43653321 2.23334752 2.03900194
v 4.54648805 1.99634848 -2.09199810
v 4.34049392 2.44034849 2.11355591
v -5.01116705 -0.78024800 -0.68619752
v -5.03722191 -0.79239400 -0.70207191
v -16.07258105 -19.88821973 -0.70999777
v -5.05058098 -0.79906209 -0.70999777
v 4.24874282 2.59675036 2.16988301
v -4.01276898 2.91884838 2.00400209
v -4.93472099 -0.74585469 -0.63901800
v -4.88240600 -0.72406520 -0.60589629
v 10.42159867 4.79635154 2.68600202
v 9.65126920 4.69016562 2.67578602
v 9.63149858 4.68744956 2.67552400
v -16.68423057 -19.21407117 -1.98250997
v -16.68731093 -19.22816076 -1.95799804
v -14.44991088 -15.30606069 -2.08999801
v -4.96134710 -0.75690206 -0.65589672
v 10.42159867 4.79635154 2.68600202
v 10.55249906 4.81540929 2.68606496
v 15.61409879 4.79635154 2.68600202
v 10.56276917 4.81629430 2.68606806
v 11.49048924 4.89586840 2.68633103
v 12.43649888 4.92348729 2.68642306
v 14.31725907 4.88144933 2.68628407
v 11.49327874 4.89596043 2.68633199
v 14.32549882 4.88126622 2.68628311
v -5.05813408 -1.40689554 -0.42399779
v -5.28241491 -1.61992361 -0.50820178
v -5.25686407 -1.59564759 -0.49858931
v -5.05813408 -1.40689554 -0.42399779
v -5.25686407 -1.59564759 -0.49858931
v -5.05819511 -1.40694155 -0.42399779
v 14.10909867 4.60596762 3.14798498
v 11.59634900 4.62235556 3.14221501
v 11.14084935 4.58034764 3.15700197
v 12.43649888 4.65360556 3.13121200
v 11.49048924 4.61857043 3.14355111
v -10.37717319 -22.94721021 2.96700191
v -9.65775084 -22.82007016 2.35721207
v -10.03337741 -22.65174093 3.00444603
v 4.24874282 2.59675036 2.16988301
v -9.53000379 -22.69470014 2.37241411
v -9.69704986 -22.33118047 3.03710389
v -9.54340911 -22.70771970 2.37100196
v -9.99965453 -22.62276067 3.00811505
v 10.55249906 4.81540929 2.68606496
v -9.65775084 -22.82007016 2.35721207
v -16.23525119 -19.79429044 -0.91129249
v -16.25550056 -19.78260030 -0.93626541
v -19.44397044 -25.33459081 -0.92043668
v -16.29663062 -19.75885000 -0.98699778
v -19.49794078 -25.30343045 -0.98699778
v -3.76850700 3.25535045 2.90800190
v -3.44550097 3.61835752 2.90800190
v -3.72243309 3.30712353 2.67573595
v -3.74385595 3.28306041 2.68700194
v -3.73569298 3.29223142 2.68300200
v 4.34049392 2.44034849 2.90800190
v 4.34049392 2.44034849 2.57475710
v 4.09349990 2.86135350 2.90800190
v -10.35720706 -23.43533124 2.26125002
v 0.14102399 -5.76306667 2.34348106
v -9.65775084 -22.82007016 2.35721207
v 11.49048924 4.61857043 3.14355111
v -3.73569298 3.29223142 2.68300200
v -3.76850700 3.25535045 2.90800190
v -3.72243309 3.30712353 2.67573595
v -9.69704986 -22.33118047 3.03710389
v -9.36443877 -22.01094999 3.06900191
v -0.20749497 -5.92018642 3.04015303
v -19.49794078 -25.30343045 -0.98699778
v -16.41835093 -19.68856992 -1.15835202
v -8.85211682 -21.52514066 3.10848308
v -8.98276305 -21.64902105 3.09842110
v -8.52134490 -21.71618070 2.47876811
v 4.28536391 2.53432737 2.33148909
v 4.26699281 2.56565343 2.25039792
v 4.25542712 2.58535252 2.19939303
v 4.24976611 2.59499632 2.17440391
v 4.24874282 2.59675036 2.16988301
v 4.09349990 2.86135350 2.90800190
v 4.24976611 2.59499632 2.17440391
v 4.31527209 2.48334752 2.46346688
v -9.36443877 -22.01094999 3.06900191
v -16.07258105 -19.88821973 -0.70999777
v -16.23525119 -19.79429044 -0.91129249
v -16.21672130 -19.80499067 -0.88844031
v -16.25550056 -19.78260030 -0.93626541
v -16.29671073 -19.75880040 -0.98699778
v -16.29663062 -19.75885000 -0.98699778
v -3.44550097 3.61835752 2.52395892
v 4.09349990 2.86135350 -2.09199810
v 4.24874282 2.59675036 2.16988301
v 4.34049392 2.44034849 -2.09199810
v 4.34049392 2.44034849 2.11355591
v -4.82710791 -1.00677999 -0.42399779
v -4.80612707 -0.75642909 -0.52670938
v -5.05813408 -1.40689554 -0.42399779
v -16.44025111 -19.67592038 -1.18907595
v -16.41835093 -19.68856992 -1.15835202
v -16.29671073 -19.75880040 -0.98699778
v -16.29663062 -19.75885000 -0.98699778
v -16.29671073 -19.75880040 -0.98699778
v -16.41835093 -19.68856992 -1.15835202
v -5.28241491 -1.61992361 -0.50820178
v 4.09349990 2.86135350 2.90800190
v 4.09349990 2.86135350 -2.09199810
v 3.80749011 3.25535045 2.90800190
v 3.80749011 3.25535045 -2.09199810
v -3.76850700 3.25535045 2.69908404
v -8.57657409 -21.23445119 3.12681198
v -8.85211682 -21.52514066 3.10848308
v -8.41596818 -21.60288991 2.48834610
v -8.52134490 -21.71618070 2.47876811
v 3.48449206 3.61835752 -2.09199810
v 3.48449206 3.61835752 2.90800190
v 3.80749011 3.25535045 2.90800190
v 3.80749011 3.25535045 -2.09199810
v 3.48449206 3.61835752 -2.09199810
v 3.12849593 3.94835935 -2.09199810
v 3.12849593 3.94835935 2.90800190
v 3.48449206 3.61835752 2.90800190
v 3.12849593 3.94835935 -2.09199810
v 2.74149489 4.24035130 -2.09199810
v 2.74149489 4.24035130 2.90800190
v 3.12849593 3.94835935 2.90800190
v -3.44550097 3.61835752 1.65365195
v -3.44550097 3.61835752 -2.09199810
v -3.76850700 3.25535045 -2.09199810
v 2.74149489 4.24035130 -2.09199810
v 2.32949305 4.49335728 -2.09199810
v 2.32949305 4.49335728 2.90800190
v 2.74149489 4.24035130 2.90800190
v -3.76850700 3.25535045 1.85249102
v -3.73677611 3.29101048 1.83441603
v -3.73605108 3.29183446 1.83400202
v -3.67291808 3.36277233 1.79478800
v -9.54340911 -22.70771970 2.37100196
v -8.34265685 -21.52401151 2.49500203
v -8.41596818 -21.60288991 2.48834610
v 0.13549995 -5.94362344 2.37100196
v -8.52134490 -21.71618070 2.47876811
v -9.53000379 -22.69470014 2.37241411
v -9.54340911 -22.70771970 2.37100196
v -4.26789594 2.49764548 2.19708300
v -4.25637603 2.51726733 2.24768305
v -4.36661291 2.52212034 2.18913698
v 2.32949305 4.49335728 -2.09199810
v 1.89449501 4.70235644 -2.09199810
v 2.32949305 4.49335728 2.90800190
v -0.21100402 -6.15765847 3.06900191
v -5.15247107 -0.85397847 -0.77513170
v -6.13412309 -2.48691262 -0.81114542
v -5.10856390 -0.82939656 -0.74756372
v -5.17741895 -0.86809285 -0.79072303
v -5.21063805 -0.88768520 -0.81105721
v -4.23758507 2.54929648 2.33022594
v -4.20742607 2.60070239 2.46270204
v -4.46546698 2.56101452 2.21296811
v 14.55891919 4.58034764 3.15700197
v 14.32549882 4.59995518 3.15010309
v 0.99542403 7.87919150 -1.83110201
v 0.86971498 7.76450644 -2.08999801
v 0.99183893 7.88707934 -1.83330595
v 16.20248914 4.45957433 3.17721605
v 17.15382886 4.34134923 3.19700193
v 10.55249906 4.52401219 3.16643095
v 9.76279855 4.39579259 3.18789196
v -14.24355102 -25.70005979 2.23660493
v -13.87770057 -25.91120137 1.54012406
v -13.99357104 -25.55733098 2.30300212
v 17.15382886 4.34134923 3.19700193
v 8.31185365 4.06235753 3.20800209
v 18.04349828 4.23958836 3.20101404
v 19.12285924 4.06235753 3.20800209
v -5.47192192 -1.05901052 -0.96094471
v -5.49677801 -1.07671060 -0.97445798
v -5.94650817 -1.83211257 -0.98699778
v -5.52056694 -1.09438063 -0.98699778
v 8.31185365 4.06235753 3.20800209
v -4.05450201 2.86135350 2.02988791
v 6.35984302 3.39535032 3.14400196
v -5.28468108 -0.93346150 -0.85500282
v -5.24460411 -0.90796407 -0.83159822
v -4.36661291 2.52212034 2.18913698
v -15.41700053 22.24916850 2.08330894
v -4.06780005 2.83869444 2.03900194
v 1.18993592 7.42981921 -1.70026195
v 1.19989991 7.40505419 -1.69338500
v -6.16054320 -2.51526369 -0.82047510
v 1.22503901 7.34102832 -1.67458999
v -5.34856200 -0.97458400 -0.89206481
v -5.30955291 -0.94887288 -0.86975312
v -5.21951795 -0.89290370 -0.81646848
v -5.37329602 -0.99084981 -0.90623188
v -5.43562889 -1.03368153 -0.94093758
v 9.63149858 4.68744956 2.67552400
v 9.48782945 4.34134923 3.19700193
v 9.63149858 4.37453757 3.19144893
v 1.29932594 7.14802037 -1.61555898
v 1.30963302 7.12122546 -1.60734797
v 9.48782945 4.34134923 3.19700193
v 9.63149858 4.37453757 3.19144893
v -4.05450201 2.86135350 2.84990501
v -4.05450201 2.86135350 2.90800190
v -4.02882195 2.89673839 2.83800197
v -3.76850700 3.25535045 2.90800190
v -5.52056694 -1.09438063 -0.98699778
v -5.53176689 -1.10304763 -0.99354041
v -5.94650817 -1.83211257 -0.98699778
v -5.55592108 -1.12125160 -1.00794399
v -5.58949089 -1.14742054 -1.02743196
v -5.64611602 -1.19284560 -1.05953503
v -5.61366796 -1.16644754 -1.04136395
v -5.67027116 -1.21246852 -1.07307303
v -5.69466901 -1.23247256 -1.08663905
v -3.76850700 3.25535045 2.69908404
v -12.50446105 -25.08776082 1.87851906
v -11.85498118 -24.64735021 2.01504588
v -12.28854060 -24.49062146 2.68300200
v 8.73949933 4.18226157 3.20327401
v 8.73949933 4.51255236 2.65869808
v 1.28480005 7.18595324 -1.62728095
v -3.76850700 3.25535045 -2.09199810
v -4.05450201 2.86135350 -2.09199810
v -3.76850700 3.25535045 1.85249102
v -12.89339137 -25.35321988 1.79384506
v -12.71654105 -25.23153104 1.83400202
v -13.17006087 -25.08463086 2.50400209
v -13.25641131 -25.14373006 2.48493004
v 1.23497200 7.31508837 -1.66657305
v 1.26026392 7.25066624 -1.64765894
v 1.27466011 7.21276341 -1.63575995
v 7.06649327 3.67658435 3.18165898
v 6.30449891 3.75174938 2.51712990
v 6.35984302 3.39535032 3.14400196
v -17.65092158 -20.85073079 -2.08999801
v -16.67115092 -19.15648069 -2.08253789
v -16.67106128 -19.15612973 -2.08307600
v -5.49677801 -1.07671060 -0.97445798
v -5.21226311 -1.24130763 -1.51687896
v -5.52056694 -1.09438063 -0.98699778
v 7.16785741 4.07136021 2.58900189
v 7.06649327 4.04027854 2.58201289
v 7.28301454 3.74634848 3.19100189
v 7.06649327 3.67658435 3.18165898
v -3.89850402 3.07625852 1.93312597
v -4.01276898 2.91884838 2.00400209
v -4.05450201 2.86135350 2.02988791
v -16.66988063 -19.15155973 -2.08999801
v 7.88149476 4.29706822 2.62681699
v 7.88149476 3.94828234 3.20186496
v -11.69433093 -24.52054013 2.04465199
v -11.87722087 -24.17998113 2.75194693
v -11.72728133 -24.54627980 2.03900194
v -4.27473998 2.48597251 2.16700196
v -4.27365708 2.48781834 2.17177796
v -11.85498118 -24.64735021 2.01504588
v -12.21312118 -24.44066991 2.69684792
v -0.32550597 0.91735332 2.90800190
v -0.40550804 0.87935893 -2.09199810
v -0.32550597 0.91735332 -2.09199810
v 7.88149476 3.94828234 3.20186496
v 8.31185365 4.06235753 3.20800209
v 7.88149476 4.29706822 2.62681699
v -0.26225102 9.73177634 -1.50499797
v 8.73949933 4.51255236 2.65869808
v 8.51054883 4.45334826 2.65300202
v 8.73949933 4.18226157 3.20327401
v 1.37162995 6.95400439 -1.55258501
v 1.36126208 6.98249350 -1.56222498
v -4.15840697 2.68426047 2.67802095
v 1.32384706 7.08362828 -1.59546101
v -4.15636206 2.68773947 2.68700194
v -5.14931297 -1.19881155 -1.48649395
v -5.47192192 -1.05901052 -0.96094471
v -5.43562889 -1.03368153 -0.94093758
v -4.11501908 2.76342235 2.88012290
v 1.38462996 6.91747533 -1.53976595
v -4.11251593 2.76247631 2.87961602
v -5.37329602 -0.99084981 -0.90623188
v -5.08528709 -1.15694155 -1.45501101
v -5.43562889 -1.03368153 -0.94093758
v 6.09157777 3.65336142 2.49500203
v 22.91443944 3.65336142 2.49500203
v 5.60149598 3.43297849 2.43400502
v -4.06780005 2.83869444 2.03900194
v -4.27473998 2.48597251 2.16700196
v 7.16785741 4.07136021 2.58900189
v 7.06649327 4.04027854 2.58201289
v -4.11501908 2.76342235 2.88012290
v -4.11251593 2.76247631 2.87961602
v 7.88149476 4.29706822 2.62681699
v 8.51054883 4.45334826 2.65300202
v 29.94264913 0.29336043 2.08200192
v 29.48549962 0.63093065 2.23646402
v 8.73949933 4.51255236 2.65869808
v -4.15636206 2.68773947 2.68700194
v -4.30150390 2.44034849 2.90800190
v -4.11251593 2.76247631 2.87961602
v -4.20742607 2.60070239 2.46270204
v -4.15840697 2.68426047 2.67802095
v -4.23758507 2.54929648 2.33022594
v -4.25637603 2.51726733 2.24768305
v -4.26789594 2.49764548 2.19708300
v -4.27365708 2.48781834 2.17177796
v -4.27473998 2.48597251 2.16700196
v -4.05450201 2.86135350 2.90800190
v -16.67004085 -19.15113057 -2.08999801
v -16.66988063 -19.15155973 -2.08999801
v -16.67106128 -19.15612973 -2.08307600
v -16.67115092 -19.15648069 -2.08253789
v -16.67141128 -19.15632047 -2.08205390
v -16.67106128 -19.15612973 -2.08307600
v -16.67141128 -19.15632047 -2.08205390
v -11.46909213 -24.34483136 2.08330703
v -4.30150390 2.44034849 -2.09199810
v -4.06780005 2.83869444 2.03900194
v -4.05450201 2.86135350 2.02988791
v -4.05450201 2.86135350 -2.09199810
v -11.12273192 -23.59798993 2.87134910
v -11.35306430 -23.77363004 2.83800197
v -10.77161193 -23.80079068 2.20290589
v -4.05450201 2.86135350 2.84990501
v -4.88234496 -1.03825857 -1.35261905
v -5.21951795 -0.89290370 -0.81646848
v -5.21063805 -0.88768520 -0.81105721
v -5.17741895 -0.86809285 -0.79072303
v -4.30150390 2.44034849 2.90800190
v -4.30150390 2.44034849 -2.09199810
v -4.50750494 1.99634848 2.90800190
v -4.50750494 1.99634848 -2.09199810
v 9.48782945 4.34134923 3.19700193
v 8.73949933 4.18226157 3.20327401
v -4.50750494 1.99634848 -2.09199810
v -4.66950798 1.53435741 -2.09199810
v -4.66950798 1.53435741 2.90800190
v -4.50750494 1.99634848 2.90800190
v -4.81032300 -1.00137837 -1.31584203
v -5.10856390 -0.82939656 -0.74756372
v 20.84110951 3.74634848 3.19100189
v 19.83148885 3.95237241 3.20208502
v -4.66950798 1.53435741 -2.09199810
v -4.78650403 1.05835937 -2.09199810
v -4.78650403 1.05835937 2.90800190
v -4.66950798 1.53435741 2.90800190
v -4.78650403 1.05835937 -2.09199810
v -4.85650396 0.57335923 -2.09199810
v -4.85650396 0.57335923 2.90800190
v -4.78650403 1.05835937 2.90800190
v -10.62527347 -23.67115011 2.22444797
v -10.80020022 -23.31661023 2.91275096
v -10.67217803 -23.71238126 2.21800208
v 21.54648900 3.60888134 3.17259407
v 22.40820813 3.39535032 3.14400196
v -4.85650396 0.57335923 -2.09199810
v -4.88050604 0.08335372 -2.09199810
v -4.85650396 0.57335923 2.90800190
v -5.05058098 -0.79906209 -0.70999777
v -4.77380896 -0.94431050 -1.20398605
v -5.10856390 -0.82939656 -0.74756372
v -10.77161193 -23.80079068 2.20290589
v -11.12273192 -23.59798993 2.87134910
v 6.35984302 3.39535032 3.14400196
v 6.30449891 3.37407933 3.13982391
v 22.40820813 3.39535032 3.14400196
v -19.78181148 -25.09593000 -1.44427299
v -16.50538135 -19.63054075 -1.29232299
v -16.52738070 -19.60904111 -1.33563697
v 4.54648805 1.99634848 2.77764797
v 4.63918519 1.73202036 2.68700194
v -10.35720706 -23.43533124 2.26125002
v -9.99965453 -22.62276067 3.00811505
v -4.88050604 0.08335372 2.90800190
v 4.89550185 0.57335923 2.21011806
v -19.86028171 -24.95244016 -1.68376398
v -19.85235095 -24.97224988 -1.65308404
v -10.04250216 -21.62836065 2.03900194
v -11.72728133 -24.54627980 2.03900194
v -11.85498118 -24.64735021 2.01504588
v -16.48394084 -19.64739980 -1.25299799
v -16.48388076 -19.64743985 -1.25299799
v -16.46678138 -19.66060056 -1.22665906
v -16.50541091 -19.63053121 -1.29226696
v -16.50538135 -19.63054075 -1.29232299
v -16.48394084 -19.64739980 -1.25299799
v -16.46673083 -19.66063108 -1.22674406
v -16.46678138 -19.66060056 -1.22665906
v -16.48388076 -19.64743985 -1.25299799
v -0.24250603 0.94735209 -2.09199810
v -0.24250603 0.94735209 2.90800190
v -0.32550597 0.91735332 -2.09199810
v -11.46909213 -24.34483136 2.08330703
v -11.69433093 -24.52054013 2.04465199
v -10.04250216 -21.62836065 2.03900194
v -11.72728133 -24.54627980 2.03900194
v -16.48388076 -19.64743985 -1.25299799
v -16.48394084 -19.64739980 -1.25299799
v -16.50538135 -19.63054075 -1.29232299
v -0.24250603 0.94735209 2.90800190
v -0.24250603 0.94735209 -2.09199810
v -0.15650702 0.96834825 -2.09199810
v 4.89550185 -0.40665178 0.80613363
v 6.34150100 0.12235512 1.08800197
v 4.89492202 -0.41064958 0.80400211
v -6.32239318 -3.17990650 -1.50960100
v -6.67431378 -3.56505360 -1.61213303
v -6.67432189 -3.56505360 -1.61210799
v -6.22755980 -3.07614650 -1.48200798
v -6.67431378 -3.56505360 -1.61213303
v -6.32239318 -3.17990650 -1.50960100
v -16.67115092 -19.15648069 -2.08253789
v -16.67581058 -19.17847051 -2.04298711
v 0.28149605 0.94735209 2.90800190
v 0.28149605 0.94735209 -2.09199810
v 0.36449599 0.91735332 2.90800190
v 0.36449599 0.91735332 -2.09199810
v 0.44449806 0.87935893 -2.09199810
v 0.36449599 0.91735332 2.90800190
v 0.36449599 0.91735332 -2.09199810
v -12.50446105 -25.08776082 1.87851906
v -6.65587401 -2.59622659 -2.08452392
v -6.61058593 -2.54338564 -2.07000804
v -6.97050309 -3.13150563 -2.08999801
v -16.68404078 -19.29748143 -1.86010396
v -19.88675189 -24.80994977 -1.90494299
v -16.67823100 -19.34303083 -1.78769696
v -6.67259812 -2.61554469 -2.08999801
v -6.66270185 -2.60399355 -2.08682489
v -6.66270185 -2.60399355 -2.08682489
v -6.65587401 -2.59622659 -2.08452392
v -6.97050309 -3.13150563 -2.08999801
v -16.68728137 -19.22823133 -1.95799804
v -16.68414092 -19.21412076 -1.98268998
v -6.51838517 -2.43854250 -2.03891206
v -6.52580810 -2.44688954 -2.04147005
v -6.47225690 -2.38660158 -2.02306509
v -6.43324780 -2.34317555 -2.00937295
v -6.40438581 -2.31148257 -1.99899805
v -10.67217803 -23.71238126 2.21800208
v 0.10753798 -5.04207362 2.21800208
v -10.62527347 -23.67115011 2.22444797
v 31.76950002 -3.22864260 -0.13199770
v 3.68326783 -3.22864260 -0.13199770
v 31.76950002 -3.56264247 -0.42399779
v -6.57150817 -2.49878468 -2.05691791
v -6.56432891 -2.49069752 -2.05445004
v -6.56432891 -2.49069752 -2.05445004
v -6.52580810 -2.44688954 -2.04147005
v -16.68423057 -19.21407117 -1.98250997
v -16.67601085 -19.17837133 -2.04259491
v -16.68414092 -19.21412076 -1.98268998
v -16.67581058 -19.17847051 -2.04298711
v -16.68414092 -19.21412076 -1.98268998
v -16.67601085 -19.17837133 -2.04259491
v -0.77650243 0.50835673 -2.09199810
v -0.73050481 0.58436082 -2.09199810
v -0.77650243 0.50835673 2.90800190
v -0.73050481 0.58436082 2.90800190
v -0.73050481 0.58436082 2.90800190
v -0.73050481 0.58436082 -2.09199810
v -0.67850280 0.65535991 2.90800190
v -0.67850280 0.65535991 -2.09199810
v 4.54648805 1.99634848 1.94447899
v 27.22693944 2.23334752 2.03900194
v 4.64362502 1.71935545 1.83400202
v -0.67850280 0.65535991 2.90800190
v -0.67850280 0.65535991 -2.09199810
v -0.61850530 0.72135423 -2.09199810
v 31.69531941 -4.27563943 -1.99899805
v 6.34150100 -4.35603847 -2.08999801
v 5.31385303 -4.27563943 -1.99899805
v -0.48150396 0.83335374 -2.09199810
v -0.48150396 0.83335374 2.90800190
v -0.55350304 0.78135173 -2.09199810
v -4.81032300 -1.00137837 -1.31584203
v -4.77328300 -0.94644679 -1.20925701
v 31.76950002 -3.98164858 -1.70199800
v 4.27720094 -3.98164858 -1.70199800
v 31.76950002 -3.64464368 -1.39499795
v -0.48150396 0.83335374 -2.09199810
v -0.40550804 0.87935893 -2.09199810
v -0.48150396 0.83335374 2.90800190
v -0.40550804 0.87935893 2.90800190
v -16.64363074 -19.45048131 -1.62046194
v -16.65113139 -19.42738141 -1.65347397
v -0.21205699 -5.34209146 2.96700191
v -0.45152104 -4.89310159 2.83800197
v -10.37717319 -22.94721021 2.96700191
v -10.80020022 -23.31661023 2.91275096
v -0.40550804 0.87935893 2.90800190
v -0.91923308 -4.82326259 2.68700194
v -0.93160802 -4.82138576 2.68300200
v -11.35306430 -23.77363004 2.83800197
v -16.68728137 -19.22823133 -1.95800698
v -6.43324780 -2.34317555 -2.00937295
v -6.66152692 -2.21152248 -1.57466900
v -6.40438581 -2.31148257 -1.99899805
v -5.03722191 -0.79239400 -0.70207191
v -14.84411120 -25.96302022 2.05688310
v -14.48867106 -26.17930021 1.35600197
v -14.76500106 -25.92771138 2.08200192
v -14.34859061 -26.11779966 1.39826405
v -14.55902076 -25.83777036 2.14310598
v -5.01116705 -0.78024800 -0.68619752
v -4.78673291 -0.89104207 -1.06891000
v -5.03722191 -0.79239400 -0.70207191
v 0.01949501 0.98534642 -2.09199810
v 0.01949501 0.98534642 2.90800190
v -0.06850195 0.98134838 -2.09199810
v 31.50389791 -4.72264661 -1.95799804
v 6.82981420 -4.72264661 -1.95799804
v 25.36749959 -4.74689235 -2.08999801
v -4.79039502 -0.86562099 -1.00586998
v -5.01116705 -0.78024800 -0.68619752
v -4.79196692 -0.85469569 -0.97880381
v 0.01949501 0.98534642 -2.09199810
v 0.10749304 0.98134838 -2.09199810
v 0.01949501 0.98534642 2.90800190
v 0.10749304 0.98134838 2.90800190
v -16.68731093 -19.22821035 -1.95792997
v -16.68731093 -19.22816076 -1.95799804
v -16.68728137 -19.22823133 -1.95800698
v -16.68731093 -19.22816076 -1.95799804
v -16.68423057 -19.21407117 -1.98250997
v -16.68728137 -19.22823133 -1.95800698
v -16.68414092 -19.21412076 -1.98268998
v -16.68728137 -19.22823133 -1.95800698
v -16.68423057 -19.21407117 -1.98250997
v 0.19549799 0.96834825 -2.09199810
v 0.19549799 0.96834825 2.90800190
v 0.10749304 0.98134838 -2.09199810
v 0.19549799 0.96834825 -2.09199810
v 0.28149605 0.94735209 -2.09199810
v 0.28149605 0.94735209 2.90800190
v 0.52049494 0.83335374 2.90800190
v 0.44449806 0.87935893 2.90800190
v 0.52049494 0.83335374 -2.09199810
v -16.67298102 -19.36981000 -1.74099803
v -19.87404132 -24.91388120 -1.74099803
v -16.66792083 -19.38658132 -1.71757698
v -16.65194106 -19.42542066 -1.65655303
v 0.59249306 0.78135173 -2.09199810
v 0.59249306 0.78135173 2.90800190
v 0.52049494 0.83335374 -2.09199810
v 0.65749598 0.72135423 2.90800190
v 0.59249306 0.78135173 2.90800190
v 0.65749598 0.72135423 -2.09199810
v 0.65749598 0.72135423 2.90800190
v 0.65749598 0.72135423 -2.09199810
v 0.71749306 0.65535991 -2.09199810
v -12.89339137 -25.35321988 1.79384506
v -13.25641131 -25.14373006 2.48493004
v -13.46466136 -25.67588987 1.64880705
v -13.75708079 -25.42465963 2.36133003
v -13.63734126 -25.77340116 1.60500205
v -16.68472075 -19.28341092 -1.87993705
v -16.68728137 -19.22823133 -1.95800698
v -17.65092158 -20.85073079 -2.08999801
v -16.68728137 -19.22823133 -1.95799804
v -16.68728137 -19.22823133 -1.95800698
v -16.68728137 -19.22823133 -1.95799804
v -16.68731093 -19.22821035 -1.95792997
v -12.21312118 -24.44066991 2.69684792
v -14.34859061 -26.11779966 1.39826405
v -1.54982549 -4.64798440 1.56099296
v -13.87770057 -25.91120137 1.54012406
v -16.67004085 -19.15113057 -2.08999801
v -14.44991088 -15.30606069 -2.08999801
v -0.32550597 0.91735332 2.90800190
v -16.67601085 -19.17837133 -2.04259491
v -16.67141128 -19.15632047 -2.08205390
v -16.67581058 -19.17847051 -2.04298711
v -16.67115092 -19.15648069 -2.08253789
v -16.67581058 -19.17847051 -2.04298711
v -16.67141128 -19.15632047 -2.08205390
v -6.32972503 -2.23184766 -1.97397804
v -6.28143096 -2.18102063 -1.95745206
v -7.45544219 -4.47540750 -1.82598102
v -6.19253278 -2.08936061 -1.92607105
v -6.09309220 -1.98956753 -1.88957703
v -4.85545897 -0.71420796 -0.58817178
v -4.77895093 -0.92336019 -0.42399779
v -4.78650403 -0.89264430 -0.44501999
v 5.35349488 -4.54858960 -1.57257795
v 5.39240479 -4.55511941 -1.58452201
v 31.71367955 -4.51164760 -1.50499797
v -6.39455199 -2.30089368 -1.99574995
v -6.34640288 -2.24950160 -1.97964096
v -6.34640288 -2.24950160 -1.97964096
v -6.33824706 -2.24071254 -1.97694695
v -7.45544219 -4.47540750 -1.82598102
v -6.33824706 -2.24071254 -1.97694695
v -6.24140716 -2.13997354 -1.94320905
v -6.20155120 -2.09850063 -1.92932701
v -6.20155120 -2.09850063 -1.92932701
v -6.19253278 -2.08936061 -1.92607105
v -7.45544219 -4.47540750 -1.82598102
v 0.10749304 0.98134838 2.90800190
v -5.99262786 -1.89069058 -1.85174203
v -5.98247313 -1.88086464 -1.84783196
v 0.19549799 0.96834825 2.90800190
v -4.93472099 -0.74585469 -0.63901800
v -4.79789495 -0.81355800 -0.87093502
v -4.96134710 -0.75690206 -0.65589672
v -6.05280089 -1.94955959 -1.87458205
v -6.04311204 -1.93983962 -1.87102604
v -6.00284410 -1.90047158 -1.85572803
v -5.94119811 -1.84174062 -1.83152699
v -4.88240600 -0.72406520 -0.60589629
v -4.80429602 -0.76910909 -0.75463992
v -4.93472099 -0.74585469 -0.63901800
v 6.71450257 -4.71344461 -1.93366802
v 31.61884999 -4.64064540 -1.74099803
v 6.64550328 -4.70782937 -1.91879499
v -4.85545897 -0.71420796 -0.58817178
v -4.80888104 -0.73727925 -0.66655862
v -4.88240600 -0.72406520 -0.60589629
v 6.50950074 -4.69612636 -1.88783205
v 6.46386170 -4.69194545 -1.87675500
v 6.44149327 -4.68997659 -1.87152696
v -6.71375823 -2.65321864 -2.08999801
v -6.87900281 -2.47899355 -1.67467403
v -6.67259812 -2.61554469 -2.08999801
v 6.55565858 -4.70021571 -1.89862204
v 6.57749391 -4.70221462 -1.90392196
v 6.78249574 -4.71907558 -1.94854105
v 6.80300355 -4.72058667 -1.95253503
v 31.50389791 -4.72264661 -1.95799804
v 31.50455785 -4.72227945 -1.95703495
v 6.82981420 -4.72264661 -1.95799804
v -6.67259812 -2.61554469 -2.08999801
v -6.97050309 -3.13150563 -2.08999801
v -6.71375823 -2.65321864 -2.08999801
v 6.82981420 -4.72264661 -1.95799804
v -6.66270185 -2.60399355 -2.08682489
v -6.87900281 -2.47899355 -1.67467403
v -6.65587401 -2.59622659 -2.08452392
v -16.66810107 -19.38647069 -1.71724498
v -16.66792083 -19.38658132 -1.71757698
v -16.65933108 -19.40778150 -1.68376505
v -16.65194106 -19.42542066 -1.65655303
v -16.65126109 -19.42731084 -1.65323699
v -16.65933108 -19.40778150 -1.68376505
v -16.65194106 -19.42542066 -1.65655303
v -16.65194106 -19.42542066 -1.65655303
v -16.65113139 -19.42738141 -1.65347397
v -16.65126109 -19.42731084 -1.65323699
v -13.46466136 -25.67588987 1.64880705
v -1.02446538 -4.79817762 1.79432499
v -12.89339137 -25.35321988 1.79384506
v 6.91849828 -4.72668971 -1.97997606
v 6.87059999 -4.72455348 -1.96835697
v 0.44449806 0.87935893 2.90800190
v 0.44449806 0.87935893 -2.09199810
v 7.14083409 -4.73622646 -2.03194094
v 7.12249303 -4.73550977 -2.02804399
v -2.42669469 -4.24301662 2.00400209
v -2.70250499 -4.07364358 1.84418905
v -14.76500106 -25.92771138 2.08200192
v -16.68410087 -19.29744138 -1.85998404
v -16.67823100 -19.34303083 -1.78769696
v -16.67838073 -19.34294118 -1.78741300
v 0.52049494 0.83335374 2.90800190
v 7.05449891 -4.73271646 -2.01282096
v 7.20842957 -4.73894252 -2.04674411
v 7.19050145 -4.73827161 -2.04306293
v 0.59249306 0.78135173 -2.09199810
v 6.96705079 -4.72894754 -1.99230504
v 6.98649144 -4.72981776 -1.99702203
v 7.03550172 -4.73183145 -2.00799990
v 7.30915284 -4.74281873 -2.06779695
v 7.25849366 -4.74100246 -2.05796194
v 7.32650304 -4.74352063 -2.07167792
v 0.76949501 0.58436082 2.90800190
v 0.71749306 0.65535991 2.90800190
v 0.76949501 0.58436082 -2.09199810
v -16.66792083 -19.38658132 -1.71757698
v -16.66810107 -19.38647069 -1.71724498
v -16.67298102 -19.36981000 -1.74099803
v -16.67323089 -19.36946096 -1.74099803
v -16.67298102 -19.36981000 -1.74099803
v -16.66810107 -19.38647069 -1.71724498
v 0.81549311 0.50835673 -2.09199810
v 0.81549311 0.50835673 2.90800190
v 0.76949501 0.58436082 -2.09199810
v 0.76949501 0.58436082 2.90800190
v 7.37754273 -4.74545755 -2.08215594
v 7.41796422 -4.74689235 -2.08999801
v -16.67823100 -19.34303083 -1.78769696
v -16.67838073 -19.34294118 -1.78741300
v 0.81549311 0.50835673 -2.09199810
v 0.85349488 0.42835493 2.90800190
v 0.81549311 0.50835673 2.90800190
v -16.67323089 -19.36946096 -1.74099803
v 6.79732823 -4.63614358 -2.08999801
v 6.82981420 -4.72264661 -1.95799804
v 6.80300355 -4.72058667 -1.95253503
v -6.61058593 -2.54338564 -2.07000804
v -6.81847215 -2.40335550 -1.64788604
v -6.57150817 -2.49878468 -2.05691791
v 6.80300355 -4.72058667 -1.95253503
v 6.78249574 -4.71907558 -1.94854105
v 6.79732823 -4.63614358 -2.08999801
v 6.78249574 -4.63330545 -2.08999801
v -0.61850530 0.72135423 2.90800190
v -6.77453399 -2.34937062 -1.62760794
v -6.52580810 -2.44688954 -2.04147005
v -6.56432891 -2.49069752 -2.05445004
v 6.64550328 -4.70782937 -1.91879499
v 6.64550328 -4.60403957 -2.08999801
v 6.71450257 -4.71344461 -1.93366802
v -0.61850530 0.72135423 2.90800190
v -0.61850530 0.72135423 -2.09199810
v -0.55350304 0.78135173 2.90800190
v -0.55350304 0.78135173 -2.09199810
v 6.57749391 -4.58939161 -2.08999801
v 6.57749391 -4.70221462 -1.90392196
v -0.55350304 0.78135173 2.90800190
v -9.04073119 -6.71802272 -2.08999801
v -6.77453399 -2.34937062 -1.62760794
v -6.56432891 -2.49069752 -2.05445004
v -6.79252410 -2.37132754 -1.63604200
v -6.57150817 -2.49878468 -2.05691791
v 6.71450257 -4.61867275 -2.08999801
v 6.78249574 -4.63330545 -2.08999801
v 6.78249574 -4.71907558 -1.94854105
v -4.85650396 -0.40665178 -2.09199810
v -4.85650396 -0.40665178 2.90800190
v -4.88050604 0.08335372 2.90800190
v 6.56351686 -4.58604945 -2.08999801
v 6.55565858 -4.70021571 -1.89862204
v 6.50950074 -4.57362880 -2.08999801
v 6.50950074 -4.69612636 -1.88783205
v 6.46386170 -4.69194545 -1.87675500
v 6.45505834 -4.56062879 -2.08999801
v 6.50950074 -4.69612636 -1.88783205
v 6.50950074 -4.57362880 -2.08999801
v -0.15650702 0.96834825 2.90800190
v -4.88050604 0.08335372 -2.09199810
v -0.06850195 0.98134838 -2.09199810
v -0.06850195 0.98134838 2.90800190
v -0.15650702 0.96834825 2.90800190
v -0.15650702 0.96834825 -2.09199810
v 6.44149327 -4.55751552 -2.08999801
v 6.45505834 -4.56062879 -2.08999801
v 6.44149327 -4.68997659 -1.87152696
v 6.46386170 -4.69194545 -1.87675500
v 6.37349916 -4.68373670 -1.85502195
v 6.37349916 -4.54126443 -2.08999801
v 6.44149327 -4.68997659 -1.87152696
v -0.06850195 0.98134838 2.90800190
v -16.64372134 -19.45041074 -1.62027395
v -16.65126109 -19.42731084 -1.65323699
v -16.64363074 -19.45048131 -1.62046194
v -16.65113139 -19.42738141 -1.65347397
v -16.64363074 -19.45048131 -1.62046194
v -16.65126109 -19.42731084 -1.65323699
v 6.86557984 -4.64983167 -2.08999801
v 6.79732823 -4.63614358 -2.08999801
v 6.34150100 -4.35603847 -2.08999801
v 6.78249574 -4.63330545 -2.08999801
v 6.71450257 -4.61867275 -2.08999801
v -16.68728137 -19.22823133 -1.95799804
v -19.88834071 -24.77221097 -1.95799804
v 6.86557984 -4.64983167 -2.08999801
v 6.91849828 -4.65997876 -2.08999801
v 6.91849828 -4.72668971 -1.97997606
v 6.87059999 -4.72455348 -1.96835697
v 6.87059999 -4.72455348 -1.96835697
v 6.86557984 -4.64983167 -2.08999801
v -19.88531184 -24.84232129 -1.85958099
v -6.32239318 -3.17990650 -1.50960100
v -5.15898705 -1.20523562 -1.49120295
v -6.22755980 -3.07614650 -1.48200798
v 6.97106385 -4.67052259 -2.08999801
v 6.96705079 -4.72894754 -1.99230504
v 6.91849828 -4.65997876 -2.08999801
v 6.91849828 -4.72668971 -1.97997606
v -4.76501989 -0.98004659 -1.29193699
v -4.68224096 -1.31682362 -1.09097505
v -4.81032300 -1.00137837 -1.31584203
v -4.83177710 -1.01228841 -1.32683206
v -16.68410087 -19.29744138 -1.85998404
v -16.68731093 -19.22821035 -1.95792997
v -16.68472075 -19.28341092 -1.87993705
v -16.68728137 -19.22823133 -1.95799804
v -16.68472075 -19.28341092 -1.87993705
v -16.68731093 -19.22821035 -1.95792997
v 7.32650304 -4.74352063 -2.07167792
v 7.32650304 -4.73241176 -2.08999801
v 7.37754273 -4.74545755 -2.08215594
v -16.68472075 -19.28341092 -1.87993705
v -16.68404078 -19.29748143 -1.86010396
v -16.68410087 -19.29744138 -1.85998404
v -4.90279198 -1.04924561 -1.36283898
v -4.95267296 -1.07666554 -1.38752103
v 7.31006932 -4.72949781 -2.08999801
v 7.32650304 -4.73241176 -2.08999801
v 7.32650304 -4.74352063 -2.07167792
v 7.30915284 -4.74281873 -2.06779695
v 1.10100794 5.82093344 -0.58993810
v 1.10086298 5.82088719 -0.59019798
v 1.05206490 6.00884543 -0.63953298
v 1.05195808 6.00876818 -0.63973051
v 0.71749306 0.65535991 2.90800190
v 0.71749306 0.65535991 -2.09199810
v 7.31006932 -4.72949781 -2.08999801
v 7.30915284 -4.74281873 -2.06779695
v 7.25849366 -4.72159375 -2.08999801
v 7.25849366 -4.74100246 -2.05796194
v -6.80502105 -3.59464063 -1.70199800
v -5.63068223 -1.56076552 -1.70199800
v 7.20842957 -4.73894252 -2.04674411
v 7.19050145 -4.73827161 -2.04306293
v 7.20664525 -4.71242275 -2.08999801
v 7.19050145 -4.70979871 -2.08999801
v 1.05195808 6.00876818 -0.63973051
v 0.96531892 6.30521641 -0.70999777
v 1.05206490 6.00884543 -0.63953298
v 0.96522689 6.30579625 -0.70999777
v 1.05206490 6.00884543 -0.63953298
v 0.96531892 6.30521641 -0.70999777
v -16.68404078 -19.29748143 -1.86010396
v -16.67823100 -19.34303083 -1.78769696
v -16.68410087 -19.29744138 -1.85998404
v 7.12249303 -4.69791164 -2.08999801
v 7.13843846 -4.70059766 -2.08999801
v 7.14083409 -4.73622646 -2.03194094
v 7.12249303 -4.73550977 -2.02804399
v 7.05449891 -4.68587245 -2.08999801
v 7.12249303 -4.69791164 -2.08999801
v 7.12249303 -4.73550977 -2.02804399
v 7.05449891 -4.73271646 -2.01282096
v -12.45669055 29.55188952 -0.70999777
v -12.51859069 29.51614962 -0.64127201
v 0.96522689 6.30579625 -0.70999777
v -6.67432189 -3.56505360 -1.61210799
v 6.98649144 -4.67348279 -2.08999801
v 7.03885865 -4.68274440 -2.08999801
v -7.62119794 -3.60403957 -2.08999801
v -7.58683610 -3.56284060 -2.08999801
v -8.45361876 -5.70023050 -2.08999801
v 7.13843846 -4.70059766 -2.08999801
v 7.19050145 -4.70979871 -2.08999801
v 7.19050145 -4.73827161 -2.04306293
v 7.14083409 -4.73622646 -2.03194094
v 7.03550172 -4.73183145 -2.00799990
v 7.03885865 -4.68274440 -2.08999801
v 7.05449891 -4.73271646 -2.01282096
v 7.05449891 -4.68587245 -2.08999801
v 0.38138795 7.07587634 -1.48201299
v 0.42123604 6.94985448 -1.45607603
v -9.21128583 24.03345881 -1.63840997
v -4.62821007 -1.48642458 -0.98801070
v -15.56040072 -20.18385114 -1.07999802
v -4.63422894 -1.46924354 -0.99872577
v 7.12249303 -4.69791164 -2.08999801
v 7.13843846 -4.70059766 -2.08999801
v 7.05449891 -4.68587245 -2.08999801
v -4.66403008 -1.38425161 -1.05176198
v 1.05195808 6.00876818 -0.63973051
v 1.10086298 5.82088719 -0.59019798
v 1.76624489 4.91808520 -0.70999777
v 7.20664525 -4.71242275 -2.08999801
v 7.25849366 -4.72159375 -2.08999801
v 7.25849366 -4.74100246 -2.05796194
v 7.20842957 -4.73894252 -2.04674411
v -16.61598086 -19.50282087 -1.52877796
v 6.98649144 -4.67348279 -2.08999801
v 7.03885865 -4.68274440 -2.08999801
v 7.03550172 -4.73183145 -2.00799990
v 6.98649144 -4.72981776 -1.99702203
v -4.76905608 -0.96362819 -1.25152397
v -4.76627111 -0.97495015 -1.27939606
v 0.96531892 6.30521641 -0.70999777
v 6.97106385 -4.67052259 -2.08999801
v 6.98649144 -4.67348279 -2.08999801
v 6.98649144 -4.72981776 -1.99702203
v 6.96705079 -4.72894754 -1.99230504
v 0.75401497 6.98314963 -0.87677193
v 0.81762910 6.79101048 -0.83293062
v 0.81760597 6.79099522 -0.83297652
v 0.75401497 6.98314963 -0.87677193
v 0.81760597 6.79099522 -0.83297652
v 0.75399995 6.98313342 -0.87681592
v -16.61599135 -19.50281133 -1.52875900
v -16.64372134 -19.45041074 -1.62027395
v -16.61598086 -19.50282087 -1.52877796
v -16.64363074 -19.45048131 -1.62046194
v -16.61598086 -19.50282087 -1.52877796
v -16.64372134 -19.45041074 -1.62027395
v 7.19050145 -4.70979871 -2.08999801
v 7.20664525 -4.71242275 -2.08999801
v 6.97106385 -4.67052259 -2.08999801
v 6.91849828 -4.65997876 -2.08999801
v 25.36749959 -4.74689235 -2.08999801
v 7.41796422 -4.74689235 -2.08999801
v 0.75399995 6.98313342 -0.87681592
v 0.59541512 7.46381627 -0.98699778
v 0.75401497 6.98314963 -0.87677193
v 0.59537005 7.46402941 -0.98699778
v 0.75401497 6.98314963 -0.87677193
v 0.59541512 7.46381627 -0.98699778
v -16.54657054 -19.58916082 -1.37423396
v 6.56351686 -4.58604945 -2.08999801
v 6.57749391 -4.58939161 -2.08999801
v 6.57749391 -4.70221462 -1.90392196
v 6.64550328 -4.60403957 -2.08999801
v 6.57749391 -4.58939161 -2.08999801
v 6.56351686 -4.58604945 -2.08999801
v -16.52738070 -19.60904111 -1.33563697
v -16.50538135 -19.63054075 -1.29232299
v -16.52741122 -19.60902013 -1.33557999
v -16.50541091 -19.63053121 -1.29226696
v -16.52741122 -19.60902013 -1.33557999
v -16.50538135 -19.63054075 -1.29232299
v -6.81707501 -2.75047864 -2.08999801
v -6.80880523 -2.74246754 -2.08999801
v -6.86016583 -2.79070057 -2.08999801
v -6.86871123 -2.79880251 -2.08999801
v 0.87475801 6.60477744 -0.78624368
v 0.87473512 6.60476123 -0.78629363
v 0.87280488 6.61113940 -0.78784209
v 0.87473512 6.60476123 -0.78629363
v 0.81760597 6.79099522 -0.83297652
v 0.87280488 6.61113940 -0.78784209
v 0.81762910 6.79101048 -0.83293062
v 0.87280488 6.61113940 -0.78784209
v 0.81760597 6.79099522 -0.83297652
v -16.57698131 -19.55675115 -1.43596697
v -19.80938029 -25.05971135 -1.50499797
v -16.57386088 -19.56085004 -1.42908502
v 6.44149327 -4.55751552 -2.08999801
v 0.87473512 6.60476123 -0.78629363
v 0.87475801 6.60477744 -0.78624368
v 0.96522689 6.30579625 -0.70999777
v -16.57386088 -19.56085004 -1.42908502
v -16.57387137 -19.56085004 -1.42906702
v -16.57698131 -19.55675115 -1.43596697
v -0.08650804 1.48935936 2.90800190
v 0.01949501 1.48435448 -2.09199810
v -0.08650804 1.48935936 -2.09199810
v 6.44149327 -4.55751552 -2.08999801
v 6.45505834 -4.56062879 -2.08999801
v 6.55565858 -4.70021571 -1.89862204
v -4.78678703 -0.89067586 -1.06799805
v -10.59331298 23.23559008 -0.37171689
v -8.88303208 20.18733989 -0.34247190
v -13.75913119 28.79990969 -0.39932939
v -0.29450798 1.53135143 2.90800190
v -0.19150305 1.50535045 -2.09199810
v -0.29450798 1.53135143 -2.09199810
v 1.76624489 4.91808520 -0.70999777
v 1.76675606 4.93087254 -0.71730888
v 0.96531892 6.30521641 -0.70999777
v 6.50950074 -4.57362880 -2.08999801
v -4.78650403 -0.89264430 -1.07288694
v -4.78529906 -0.89754225 -1.08532703
v -0.39350700 1.56835447 -2.09199810
v -0.39350700 1.56835447 2.90800190
v -0.29450798 1.53135143 -2.09199810
v -0.29450798 1.53135143 2.90800190
v 7.37754273 -4.74545755 -2.08215594
v 7.37786412 -4.74074258 -2.08999801
v 7.41796422 -4.74689235 -2.08999801
v -16.46673083 -19.66063108 -1.22674406
v -16.46673083 -19.66063108 -1.22674406
v -16.44025111 -19.67592038 -1.18907595
v -16.46678138 -19.66060056 -1.22665906
v -4.78678703 -0.89067586 -1.06799805
v 1.74515700 5.47254430 -0.98699778
v 0.87473512 6.60476123 -0.78629363
v -6.65587401 -2.59622659 -2.08452392
v -6.86163878 -2.45761647 -1.66669905
v -6.61058593 -2.54338564 -2.07000804
v -0.48950696 1.61435936 2.90800190
v -0.39350700 1.56835447 2.90800190
v -0.48950696 1.61435936 -2.09199810
v -0.39350700 1.56835447 -2.09199810
v 7.37786412 -4.74074258 -2.08999801
v -10.55812716 23.25589953 -0.39932939
v -6.96884704 -2.89821352 -2.08999801
v -6.96001220 -2.88948550 -2.08999801
v -6.91908002 -2.84839358 -2.08999801
v -6.91029096 -2.83987965 -2.08999801
v -6.76504302 -2.70174159 -2.08999801
v 7.31006932 -4.72949781 -2.08999801
v 7.32650304 -4.73241176 -2.08999801
v 7.37786412 -4.74074258 -2.08999801
v -4.96134710 -0.75690206 -0.65589672
v 0.59541512 7.46381627 -0.98699778
v 0.75399995 6.98313342 -0.87681592
v 0.81760597 6.79099522 -0.83297652
v -4.79196692 -0.85469569 -0.97880381
v -4.79221106 -0.85304769 -0.97447020
v -4.79596496 -0.82697036 -0.90609711
v 7.25849366 -4.72159375 -2.08999801
v -0.66550243 1.73435448 -2.09199810
v -0.74450469 1.80636142 -2.09199810
v -0.74450469 1.80636142 2.90800190
v -16.61276126 -19.50849141 -1.51848602
v -16.61599135 -19.50281133 -1.52875900
v -16.61598086 -19.50282087 -1.52877796
v -0.74450469 1.80636142 2.90800190
v -0.74450469 1.80636142 -2.09199810
v -0.81550390 1.88634740 2.90800190
v -0.81550390 1.88634740 -2.09199810
v 0.46589088 7.84275351 -1.08154595
v 0.59537005 7.46402941 -0.98699778
v 0.46580005 7.84270726 -1.08172297
v 0.46580005 7.84270726 -1.08172297
v -16.56692100 -19.56804075 -1.41519904
v -0.81550390 1.88634740 2.90800190
v -0.81550390 1.88634740 -2.09199810
v -0.87850738 1.97335337 -2.09199810
v -4.80187798 -0.78593959 -0.79866213
v -4.79789495 -0.81355800 -0.87093502
v 0.46580005 7.84270726 -1.08172297
v 0.18365705 8.61054526 -1.25299799
v 0.46589088 7.84275351 -1.08154595
v 0.18320704 8.61246882 -1.25299799
v 0.46589088 7.84275351 -1.08154595
v 0.18365705 8.61054526 -1.25299799
v 0.18119299 8.61701499 -1.25458801
v 0.18146706 8.61703025 -1.25411904
v 4.96450305 3.08516942 2.33228898
v -6.32972503 -2.23184766 -1.97397804
v -6.55222917 -2.08195962 -1.52023304
v -6.28143096 -2.18102063 -1.95745206
v -16.57387137 -19.56085004 -1.42906702
v -16.56692100 -19.56804075 -1.41519904
v -16.54660106 -19.58915128 -1.37417698
v -16.57386088 -19.56085004 -1.42908502
v -16.56692100 -19.56804075 -1.41519904
v -16.57387137 -19.56085004 -1.42906702
v -16.54657054 -19.58916082 -1.37423396
v -16.54660106 -19.58915128 -1.37417698
v -16.56692100 -19.56804075 -1.41519904
v 4.96450305 2.68760143 2.98776507
v -12.04326129 29.78763972 -1.25299799
v -12.06263137 29.77937899 -1.22740996
v 0.18320704 8.61246882 -1.25299799
v -19.68527102 -25.19196119 -1.25299799
v -16.52741122 -19.60902013 -1.33557999
v -16.54660106 -19.58915128 -1.37417698
v -16.52738070 -19.60904111 -1.33563697
v -16.54657054 -19.58916082 -1.37423396
v -16.52738070 -19.60904111 -1.33563697
v -16.54660106 -19.58915128 -1.37417698
v 0.18320704 8.61246882 -1.25299799
v 0.18146706 8.61703025 -1.25411904
v -12.04326129 29.78763972 -1.25299799
v 4.96450305 3.08516942 2.33228898
v 4.96450305 2.68760143 2.98776507
v 5.18798280 3.20534740 2.37100196
v 5.54784608 3.01334654 3.06900191
v 5.60149598 3.43297849 2.43400502
v 1.63333297 6.08423863 -1.24343598
v 0.59541512 7.46381627 -0.98699778
v 1.64168000 6.04735862 -1.22967994
v 1.62752008 6.10988866 -1.25299799
v 5.60149598 3.04416953 3.07505202
v 1.65688491 5.97715245 -1.20276701
v 1.64895797 6.01447545 -1.21724606
v -15.26613116 -26.45421018 1.08800197
v -14.79736114 -26.31739988 1.25683403
v -15.47920108 -26.19698133 1.84300196
v -15.16418147 -26.10554113 1.95516896
v 5.60149598 3.43297849 2.43400502
v 5.60149598 3.04416953 3.07505202
v 6.09157777 3.65336142 2.49500203
v 1.67872095 5.87426244 -1.16284895
v 1.67060304 5.91251622 -1.17768800
v -6.39455199 -2.30089368 -1.99574995
v -15.64387107 -26.56747998 0.94404012
v -16.01004100 -26.35600080 1.64113402
v 6.30449891 3.75174938 2.51712990
v 6.30449891 3.37407933 3.13982391
v -6.79252410 -2.37132754 -1.63604200
v 1.66420197 5.94481955 -1.19070101
v 7.06649327 4.04027854 2.58201289
v -14.24355102 -25.70005979 2.23660493
v -13.87770057 -25.91120137 1.54012406
v 1.74334192 5.48636828 -0.99354392
v 1.73945093 5.51671849 -1.00803006
v -6.51838517 -2.43854250 -2.03891206
v -6.73069501 -2.29561366 -1.60727096
v -6.47225690 -2.38660158 -2.02306509
v 6.30449891 3.37407933 3.13982391
v 1.70552993 5.73264561 -1.10445702
v 1.69203401 5.80390464 -1.13382900
v 0.85449409 1.88634740 -2.09199810
v 0.78349495 1.80636142 -2.09199810
v 0.78349495 1.80636142 2.90800190
v -6.52580810 -2.44688954 -2.04147005
v -6.74913621 -2.31808962 -1.61593997
v -14.62979102 -26.24250974 1.31068599
v -4.57083702 -1.65002956 0.03727585
v -4.61485100 -1.52451064 -0.04399770
v -15.52578139 -20.20392026 -0.13199770
v 0.46580005 7.84270726 -1.08172297
v 0.61949396 1.66935240 2.90800190
v 0.70449305 1.73435448 -2.09199810
v 0.61949396 1.66935240 -2.09199810
v -15.16418147 -26.10554113 1.95516896
v 5.18798280 3.20534740 2.37100196
v 24.54543805 3.20534740 2.37100196
v 4.96450305 3.08516942 2.33228898
v -14.79736114 -26.31739988 1.25683403
v 0.18365705 8.61054526 -1.25299799
v 0.43249702 1.56835447 2.90800190
v 0.52849793 1.61435936 -2.09199810
v 0.43249702 1.56835447 -2.09199810
v -4.66251206 -1.38860060 -0.13199770
v 0.43249702 1.56835447 2.90800190
v 0.43249702 1.56835447 -2.09199810
v 0.33349800 1.53135143 -2.09199810
v -4.81436706 -0.69922389 -0.56111890
v -0.40278399 10.06525908 -1.58677101
v -0.53584802 10.38017951 -1.66455996
v -8.62139678 24.37599002 -1.65703797
v 1.74515700 5.47254430 -0.98699778
v -6.29180694 -1.79640652 -1.39743400
v -6.04311204 -1.93983962 -1.87102604
v -6.31458116 -1.82094361 -1.40821099
v -16.67004085 -19.15113057 -2.08999801
v -16.67141128 -19.15632047 -2.08205390
v -16.67601085 -19.17837133 -2.04259491
v -4.80454803 -0.76738490 -0.74989092
v -4.80429602 -0.76910909 -0.75463992
v 4.64327502 1.72034739 2.68300200
v -6.09309220 -1.98956753 -1.88957703
v -6.33945203 -1.84749355 -1.42015803
v -6.05280089 -1.94955959 -1.87458205
v -17.08060145 -26.59118070 0.23858640
v -17.43688083 -26.38556089 0.91684967
v -17.14408088 -26.56628980 0.19800210
v 4.82549500 1.05835937 2.42183208
v 28.41452909 1.25335143 2.50400209
v 1.51267505 6.52326451 -1.40778399
v 1.50236011 6.55845128 -1.42031801
v -0.00073802 9.08474360 -1.36464596
v 1.53243494 6.45711718 -1.38470995
v -17.57501101 -26.33191098 0.82157278
v -4.81436706 -0.69922389 -0.56111890
v -4.80888104 -0.73727925 -0.66655862
v -4.85545897 -0.71420796 -0.58817178
v 1.48181391 6.62525426 -1.44288695
v 1.46106911 6.69167529 -1.46494102
v 1.45139503 6.72216235 -1.47486198
v 1.47095704 6.66042529 -1.45472205
v 5.60149598 3.04416953 3.07505202
v 5.54784608 3.01334654 3.06900191
v -17.81351161 -26.23977079 0.65034902
v -17.55278087 -26.40723981 -0.07967633
v -17.67576098 -26.29279126 0.75200230
v 4.84159303 2.60434948 2.96700191
v 23.84613919 3.01334654 3.06900191
v 4.96450305 2.68760143 2.98776507
v 26.36839986 2.17235838 2.83800197
v 26.10449910 2.28260241 2.87092209
v 4.46483779 2.17235838 2.83800197
v 4.46483779 2.17235838 2.83800197
v 27.45783925 1.72034739 2.68300200
v 1.54207802 6.42420445 -1.37299097
v 1.43982100 6.75817357 -1.48641503
v 1.42786598 6.79426060 -1.49753296
v 1.55153108 6.39094029 -1.36078095
v 1.42032099 6.81765233 -1.50499797
v -0.26225102 9.73177634 -1.50499797
v -0.26260197 9.73307334 -1.50499797
v -17.65522075 -26.36733999 -0.15111861
v -17.60924125 -26.38518132 -0.11799780
v -17.76631045 -26.30318059 0.06036025
v 4.88323379 0.65835063 1.35600197
v 28.51048970 1.62647544 1.79364002
v -17.97722125 -26.17648114 0.52942997
v -16.54660106 -19.58915128 -1.37417698
v -16.52741122 -19.60902013 -1.33557999
v -7.75114179 -4.38098659 -1.35615003
v -16.50541091 -19.63053121 -1.29226696
v -16.48394084 -19.64739980 -1.25299799
v 4.47725892 2.14559446 2.00400209
v 4.43653321 2.23334752 2.03900194
v -18.00280070 -26.16658963 0.51058012
v -7.21455216 -3.14931263 -2.08999801
v -7.20512223 -3.13924159 -2.08999801
v -7.16607404 -3.09923257 -2.08999801
v 3.80749011 -3.08864369 -0.94019192
v 3.97590089 -2.85664858 -0.75999779
v 31.76950002 -3.26865162 -1.07999802
v 0.08613002 8.86748801 -1.31647003
v 0.18119299 8.61701499 -1.25458801
v 1.55980897 6.36222325 -1.35037899
v -18.00280070 -26.16658963 0.51058012
v -18.06699061 -26.12952985 0.45900229
v -17.76631045 -26.30318059 0.06036025
v -7.22414899 -3.15952052 -2.08999801
v -8.24119401 -5.00912942 -1.51848602
v -16.61599135 -19.50281133 -1.52875900
v 1.57067299 6.32297765 -1.33564997
v 1.56143403 6.35657750 -1.34833801
v 0.18365705 8.61054526 -1.25299799
v -4.79196692 -0.85469569 -0.97880381
v -4.79221106 -0.85304769 -0.97447020
v -4.85650396 -0.40665178 -2.09199810
v 4.81467700 -0.93665059 0.50600231
v 31.47482991 -0.93665059 0.50600231
v 4.70849109 -1.36864259 0.24612710
v -16.64372134 -19.45041074 -1.62027395
v -4.78650403 -0.89264430 -2.09199810
v -4.78650403 -0.89264430 -1.07288694
v 4.83600783 -0.81964620 0.57228738
v 31.13211751 -0.41064958 0.80400211
v 4.82549500 -0.89264430 0.53092992
v 4.81467700 -0.93665059 0.50600231
v -0.48950696 3.55535351 -2.09199810
v -0.48950696 3.55535351 2.90800190
v -0.58050299 3.50036131 -2.09199810
v 1.62752008 6.10988866 -1.25299799
v 1.61696100 6.15256749 -1.27057695
v -17.43688083 -26.38556089 0.91684967
v -17.08060145 -26.59118070 0.23858640
v -16.95703101 -26.60328092 0.30665141
v -17.20601058 -26.40645971 1.05279696
v -17.22907138 -26.40423002 1.04000199
v -7.04833007 -2.69510354 -1.74735606
v -7.07366681 -2.72989358 -1.75925899
v -16.67323089 -19.36946096 -1.74099803
v -0.48950696 3.55535351 2.90800190
v -0.48950696 3.55535351 -2.09199810
v -0.39350700 3.60235034 -2.09199810
v 1.58011794 6.28914843 -1.32305205
v 0.00125301 9.07981406 -1.36357701
v 4.91758180 0.12235512 1.08800197
v 4.89902711 0.50135295 1.27750194
v -7.08880401 -2.75050868 -1.76660001
v -7.03562713 -2.67796864 -1.74099803
v 4.91694093 0.13540132 2.00400209
v 24.13144994 -0.19064838 1.84300196
v 4.90920520 0.29336043 2.08200192
v 29.94264913 0.29336043 2.08200192
v 4.90607715 -0.19064838 1.84300196
v 4.91948915 0.08335372 1.97830403
v -17.22907138 -26.40423002 1.04000199
v -10.04250216 -13.95745076 1.04000199
v -17.43688083 -26.38556089 0.91684967
v 4.89550185 -0.40665178 1.72825205
v 4.85747695 -0.67064418 1.58800197
v 24.13144994 -0.19064838 1.84300196
v 4.90607715 -0.19064838 1.84300196
v -0.08650804 3.68035351 -2.09199810
v -0.08650804 3.68035351 2.90800190
v -0.19150305 3.66434751 -2.09199810
v -7.02792907 -2.95689859 -2.08999801
v -7.01894879 -2.94785060 -2.08999801
v -6.97766709 -2.90707959 -2.08999801
v -0.08650804 3.68035351 -2.09199810
v 0.01949501 3.68535839 -2.09199810
v -0.08650804 3.68035351 2.90800190
v -16.40692115 -26.65903081 0.60422480
v -16.76990104 -26.44939031 1.29525805
v -16.52138114 -26.64698972 0.54454601
v -16.59537101 -26.63920964 0.50600231
v 0.12549806 3.68035351 2.90800190
v 0.01949501 3.68535839 -2.09199810
v 0.12549806 3.68035351 -2.09199810
v -4.78673291 -0.89104207 -1.06891000
v -6.96884704 -2.89821352 -2.08999801
v -7.12894177 -2.80588259 -1.78512394
v -6.96001220 -2.88948550 -2.08999801
v -17.10626101 -26.41629018 1.10821402
v 4.34049392 -2.27364053 0.59332281
v 31.76950002 -2.46664967 0.45900229
v 4.44651198 -2.04564466 0.75200230
v 4.22725892 -2.46664967 0.45900229
v 1.41805506 6.82416735 -1.50736403
v 1.40532899 6.85979758 -1.51979399
v 1.39490700 6.88906346 -1.53006494
v 4.22725892 -2.46664967 0.45900229
v 31.76950002 -2.86264552 0.16400220
v 31.76950002 -2.46664967 0.45900229
v 1.42032099 6.81765233 -1.50499797
v 3.80749011 -3.08864369 -0.01877373
v 31.76950002 -3.22864260 -0.13199770
v 3.97155213 -2.86264552 0.16400220
v -7.26251006 -2.99136867 -1.84516895
v -7.24907517 -2.97261562 -1.83924699
v -7.12669206 -3.05807962 -2.08999801
v -15.87767100 -26.59448041 0.84345871
v -15.64387107 -26.56747998 0.94404012
v -16.13382125 -26.37026014 1.58800197
v -16.01004100 -26.35600080 1.64113402
v -4.79039502 -0.86562099 -1.00586998
v -15.96932101 -26.60508146 0.80400211
v -16.72105098 -26.44293966 1.31900203
v 5.41031909 -4.29611768 -2.02216506
v 5.42148805 -4.29855861 -2.02492809
v -16.76990104 -26.44939031 1.29525805
v -16.40692115 -26.65903081 0.60422480
v 5.47858596 -4.31053676 -2.03848696
v 5.48949599 -4.31276454 -2.04101300
v 1.63333297 6.08423863 -1.24343598
v 1.37005091 5.93239842 -1.74509895
v 1.62752008 6.10988866 -1.25299799
v -7.12669206 -3.05807962 -2.08999801
v -7.11739898 -3.04855861 -2.08999801
v -7.10799193 -3.03891458 -2.08999801
v -7.06853318 -2.99767055 -2.08999801
v -6.72169280 -2.66061963 -2.08999801
v -4.78678703 -0.89067586 -1.06799805
v 5.70980287 -4.35603847 -2.08999801
v 5.68331409 -4.35107936 -2.08438611
v 5.61506104 -4.33771266 -2.06925607
v 5.54683900 -4.32399453 -2.05372500
v 5.35349488 -4.28418435 -2.00866508
v -6.66270185 -2.60399355 -2.08682489
v -17.14408088 -26.56628980 0.19800210
v -3.39130902 -3.50273647 0.42556149
v -17.08060145 -26.59118070 0.23858640
v -16.52138114 -26.64698972 0.54454601
v -2.95686901 -3.88171853 0.75102431
v -16.40692115 -26.65903081 0.60422480
v -4.79596496 -0.82697036 -0.90609711
v -4.79789495 -0.81355800 -0.87093502
v -6.96001220 -2.88948550 -2.08999801
v -7.11428618 -2.78575649 -1.77824104
v -6.91908002 -2.84839358 -2.08999801
v -4.80429602 -0.76910909 -0.75463992
v -4.80187798 -0.78593959 -0.79866213
v -6.91908002 -2.84839358 -2.08999801
v -7.08880401 -2.75050868 -1.76660001
v -6.91029096 -2.83987965 -2.08999801
v 0.78349495 3.36335240 -2.09199810
v 0.85449409 3.28335033 -2.09199810
v 0.85449409 3.28335033 2.90800190
v -4.80454803 -0.76738490 -0.74989092
v -15.87767100 -26.59448041 0.84345871
v -2.51940709 -4.18608560 1.03717506
v -15.64387107 -26.56747998 0.94404012
v -15.26613116 -26.45421018 1.08800197
v -2.43799382 -4.23607339 1.08800197
v -14.79736114 -26.31739988 1.25683403
v -6.91029096 -2.83987965 -2.08999801
v -7.07366681 -2.72989358 -1.75925899
v -6.86871123 -2.79880251 -2.08999801
v 5.82949281 -4.39244546 -2.08999801
v 5.77192092 -4.37563075 -2.08999801
v 5.70980287 -4.35603847 -2.08999801
v 0.85449409 3.28335033 2.90800190
v 0.85449409 3.28335033 -2.09199810
v 0.91749811 3.19636045 -2.09199810
v 31.76950002 -4.00955762 -1.73018599
v 5.13636184 -4.23363246 -1.95654905
v 5.08049989 -4.22003640 -1.94282103
v 0.23049402 3.66434751 -2.09199810
v 0.23049402 3.66434751 2.90800190
v 0.12549806 3.68035351 -2.09199810
v 5.02503419 -4.20604457 -1.92868197
v 1.56143403 6.35657750 -1.34833801
v 1.30813789 6.21033726 -1.83123302
v 1.55980897 6.36222325 -1.35037899
v 5.22829604 -4.25592555 -1.97907197
v 5.28449512 -4.26907863 -1.99236095
v 5.21650100 -4.25311746 -1.97623706
v 5.20460010 -4.25032558 -1.97342503
v 5.14849305 -4.23668470 -1.95964003
v 5.01249099 -4.20291652 -1.92553198
v 4.99987197 -4.19955959 -1.92212796
v 4.94449782 -4.18527736 -1.90770102
v 4.87648988 -4.16711940 -1.88935804
v -17.22907138 -26.40423002 1.04000199
v -17.20601058 -26.40645971 1.05279696
v -10.04250216 -13.95745076 1.04000199
v -17.10626101 -26.41629018 1.10821402
v -4.81436706 -0.69922389 -0.56111890
v -4.85650396 -0.40665178 2.90800190
v -4.80612707 -0.75642909 -0.52670938
v -4.78650403 -0.89264430 -0.44501999
v -4.78650403 -0.89264430 2.90800190
v -6.86163878 -2.45761647 -1.66669905
v 5.31385303 -4.27563943 -1.99899805
v 5.35349488 -4.54858960 -1.57257795
v 5.29627395 -4.27168741 -1.99499798
v -17.57501101 -26.33191098 0.82157278
v -6.81847215 -2.40335550 -1.64788604
v -4.80888104 -0.73727925 -0.66655862
v -15.08667064 -20.45745076 0.26896480
v -18.32757068 -25.97910108 0.23488900
v -15.03984141 -20.48450078 0.30925259
v 5.08049989 -4.22003640 -1.94282103
v 5.08049989 -4.49768581 -1.48488796
v 5.02503419 -4.20604457 -1.92868197
v -2.29207402 -4.32568874 2.08200192
v -12.64360118 29.44392024 -1.39499795
v -0.66550243 1.73435448 2.90800190
v -0.58050299 1.66935240 -2.09199810
v -0.66550243 1.73435448 -2.09199810
v -17.55526137 -26.40628042 -0.08135479
v -0.66550243 1.73435448 2.90800190
v -15.56040072 -20.18385114 -1.07999802
v -15.88630080 -19.99567975 -1.39499795
v -4.67771697 -1.33522560 -1.07999802
v -6.24140716 -2.13997354 -1.94320905
v -6.48126006 -2.00137855 -1.48647499
v -6.20155120 -2.09850063 -1.92932701
v -4.76501989 -0.98004659 -1.29193699
v -6.43445420 -1.94984962 -1.46512198
v -6.19253278 -2.08936061 -1.92607105
v -6.45604491 -1.97333254 -1.47517598
v -6.20155120 -2.09850063 -1.92932701
v -6.45604491 -1.97333254 -1.47517598
v -6.19253278 -2.08936061 -1.92607105
v -4.67771697 -1.33522560 -1.07999802
v -4.67239189 -1.35690762 -1.06799805
v -4.66950798 -1.36864259 -1.06149805
v 5.48949599 -4.31276454 -2.04101300
v 5.48949599 -4.57147779 -1.61446297
v 5.47858596 -4.31053676 -2.03848696
v 5.47858596 -4.31053676 -2.03848696
v 5.46087098 -4.56680860 -1.60590100
v 5.42148805 -4.29855861 -2.02492809
v 5.42148805 -4.29855861 -2.02492809
v 5.42148805 -4.56020059 -1.59381795
v 5.41031909 -4.29611768 -2.02216506
v 1.42786598 6.79426060 -1.49753296
v 1.18374109 6.67510424 -1.95702600
v 1.42032099 6.81765233 -1.50499797
v -4.62692809 -1.49007155 -0.98573571
v 5.41031909 -4.29611768 -2.02216506
v 5.39240479 -4.55511941 -1.58452201
v 5.35349488 -4.28418435 -2.00866508
v 0.01949501 1.48435448 2.90800190
v 0.12549806 1.48935936 2.90800190
v 0.01949501 1.48435448 -2.09199810
v 0.12549806 1.48935936 -2.09199810
v -6.47225690 -2.38660158 -2.02306509
v -6.68686509 -2.24213161 -1.58676898
v -6.43324780 -2.34317555 -2.00937295
v 0.01949501 1.48435448 2.90800190
v 5.54683900 -4.32399453 -2.05372500
v 5.52932191 -4.57771863 -1.62587094
v 5.48949599 -4.31276454 -2.04101300
v -18.32757068 -25.97910108 0.23488900
v -17.97150111 -26.18473996 -0.39932710
v -17.65522075 -26.36733999 -0.15111861
v 5.61506104 -4.33771266 -2.06925607
v 5.59774184 -4.58871974 -1.64599204
v 5.54683900 -4.32399453 -2.05372500
v -0.08650804 1.48935936 2.90800190
v -0.08650804 1.48935936 -2.09199810
v -0.19150305 1.50535045 -2.09199810
v -15.20345092 -20.38994016 -0.75999779
v -4.49872398 -1.84952261 -0.75999779
v -18.02069163 -26.15635099 -0.43799779
v -6.74913621 -2.31808962 -1.61593997
v -0.48950696 1.61435936 2.90800190
v -0.48950696 1.61435936 -2.09199810
v -0.58050299 1.66935240 -2.09199810
v -6.00284410 -1.90047158 -1.85572803
v -6.26717210 -1.77046658 -1.38533998
v -5.99262786 -1.89069058 -1.85174203
v -15.20349097 -20.38992109 -0.75999779
v -15.12590098 -20.43471135 -0.69496387
v -18.40482020 -25.93457975 -0.75999779
v 5.35349488 -4.28418435 -2.00866508
v -6.24341416 -1.74590053 -1.37334704
v -5.98247313 -1.88086464 -1.84783196
v -5.99262786 -1.89069058 -1.85174203
v 5.29627395 -4.27168741 -1.99499798
v 5.31453919 -4.54187574 -1.56030703
v 5.28449512 -4.26907863 -1.99236095
v -0.87850738 1.97335337 2.90800190
v -6.19253278 -2.08936061 -1.92607105
v -6.43445420 -1.94984962 -1.46512198
v -4.77872300 -0.92430629 -1.15323102
v -4.77380896 -0.94431050 -1.20398605
v 0.12549806 1.48935936 -2.09199810
v 0.12549806 1.48935936 2.90800190
v 0.23049402 1.50535045 -2.09199810
v -17.60924125 -26.38518132 -0.11799780
v -3.76850700 -3.08864369 0.09835416
v -3.71862602 -3.14485659 0.14394590
v 5.20460010 -4.25032558 -1.97342503
v 5.18599916 -4.51907863 -1.51858795
v 5.14849305 -4.23668470 -1.95964003
v 0.85449409 1.88634740 -2.09199810
v 0.85449409 1.88634740 2.90800190
v 0.91749811 1.97335337 -2.09199810
v 5.14849305 -4.23668470 -1.95964003
v 5.14849305 -4.51210536 -1.50583398
v 5.13636184 -4.23363246 -1.95654905
v 0.85449409 1.88634740 2.90800190
v 5.13636184 -4.23363246 -1.95654905
v 5.11751819 -4.50543775 -1.49605298
v 5.08049989 -4.22003640 -1.94282103
v -18.65063167 -25.79259099 -0.06087130
v -15.46751094 -20.23756971 -0.07778614
v -18.72698092 -25.74851026 -0.13199770
v -19.88834071 -24.77221097 -1.95799804
v -19.88835025 -24.77231015 -1.95786798
v -16.68472075 -19.28341092 -1.87993705
v 0.61949396 1.66935240 2.90800190
v 0.61949396 1.66935240 -2.09199810
v 0.52849793 1.61435936 -2.09199810
v -4.49788404 -1.85133852 0.16927791
v -4.50151610 -1.84351053 0.16400220
v -8.05402923 -8.38480176 0.30925190
v 5.78811097 -4.61768045 -1.69896996
v 5.66617799 -4.59943141 -1.66559196
v 5.77192092 -4.37563075 -2.08999801
v 5.70980287 -4.35603847 -2.08999801
v 5.82949281 -4.62340249 -1.70944703
v 5.78811097 -4.61768045 -1.69896996
v 5.82949281 -4.39244546 -2.08999801
v 0.23049402 1.50535045 2.90800190
v 5.68331409 -4.35107936 -2.08438611
v 5.66617799 -4.59943141 -1.66559196
v 5.61506104 -4.33771266 -2.06925607
v 5.59774184 -4.58871974 -1.64599204
v 5.46087098 -4.56680860 -1.60590100
v -19.86896014 -24.93070974 -1.71750104
v 0.91749811 1.97335337 2.90800190
v 0.78349495 1.80636142 2.90800190
v 0.78349495 1.80636142 -2.09199810
v 0.70449305 1.73435448 -2.09199810
v 0.52849793 1.61435936 2.90800190
v 5.52932191 -4.57771863 -1.62587094
v 0.52849793 1.61435936 2.90800190
v -4.66251206 -1.38860060 -0.13199770
v 0.23049402 1.50535045 2.90800190
v 0.33349800 1.53135143 2.90800190
v 0.23049402 1.50535045 -2.09199810
v -6.20718217 -2.56570949 -0.83664191
v -6.19839978 -2.55583658 -0.83378720
v -6.19839978 -2.55583658 -0.83379042
v -4.77895093 -0.92336019 -0.42399779
v 5.95414186 -4.42934169 -2.08999801
v 6.02181506 -4.44910135 -2.08999801
v -6.19839978 -2.55583658 -0.83379042
v -6.19839978 -2.55583658 -0.83378720
v -6.16054320 -2.51526369 -0.82047510
v -6.13412309 -2.48691262 -0.81114542
v -6.16054320 -2.51526369 -0.82047510
v -6.19839978 -2.55583658 -0.83378720
v -4.66950798 -1.36864259 -1.06149805
v -4.67239189 -1.35690762 -1.06799805
v -4.66950798 -1.36864259 -2.09199810
v -19.88835025 -24.77231015 -1.95786798
v -4.67771697 -1.33522560 -1.07999802
v -4.78650403 -0.89264430 -2.09199810
v -4.76501989 -0.98004659 -1.29193699
v -4.68224096 -1.31682362 -1.09097505
v 5.89750123 -4.41313638 -2.08999801
v 5.88651490 -4.40993251 -2.08999801
v -6.16054320 -2.51526369 -0.82047510
v -4.76627111 -0.97495015 -1.27939606
v -4.76905608 -0.96362819 -1.25152397
v -15.20845103 -20.38714017 0.16400220
v -15.41265082 -20.26924123 -0.02668017
v -18.40980029 -25.93162145 0.16400220
v 6.02181506 -4.44910135 -2.08999801
v 6.00820422 -4.64685573 -1.75741303
v 5.95414186 -4.42934169 -2.08999801
v -5.05058098 -0.79906209 -0.70999777
v 5.88651490 -4.40993251 -2.08999801
v 5.87136292 -4.62949170 -1.72057998
v 5.82949281 -4.39244546 -2.08999801
v 6.11356616 -4.47392740 -2.08999801
v 6.10149598 -4.47069253 -2.08999801
v 6.08953309 -4.46736659 -2.08999801
v 6.03350282 -4.45233669 -2.08999801
v -6.20718217 -2.56570949 -0.83664191
v -6.19839978 -2.55583658 -0.83379042
v -5.21063805 -0.88768520 -0.81105721
v -18.65063167 -25.79259099 -0.06087130
v -18.40980029 -25.93162145 0.16400220
v -15.20845103 -20.38714017 0.16400220
v -16.07251143 -19.88825025 -0.70999777
v -16.21672130 -19.80499067 -0.88844031
v -19.27389026 -25.43278112 -0.70999777
v -18.06699061 -26.12952985 0.45900229
v -16.21672130 -19.80499067 -0.88844031
v -16.23525119 -19.79429044 -0.91129249
v -19.44397044 -25.33459081 -0.92043668
v -4.77328300 -0.94644679 -1.20925701
v -18.40482020 -25.93457975 -0.75999779
v -16.48388076 -19.64743985 -1.25299799
v -18.72698092 -25.74851026 -0.13199770
v -0.87850738 3.19636045 2.90800190
v -0.87850738 3.19636045 -2.09199810
v -0.81550390 3.28335033 -2.09199810
v 31.75505757 -4.39355935 -1.33495998
v 31.76232076 -4.36348476 -1.29164696
v 5.14612794 -4.51164760 -1.50499797
v -0.81550390 3.28335033 2.90800190
v -0.81550390 3.28335033 -2.09199810
v -0.74450469 3.36335240 2.90800190
v -0.74450469 3.36335240 -2.09199810
v 5.11751819 -4.50543775 -1.49605298
v 31.74690938 -4.42030849 -1.37347496
v 31.73606038 -4.45818080 -1.42801499
v 31.71367955 -4.51164760 -1.50499797
v -0.66550243 3.43635045 -2.09199810
v -0.66550243 3.43635045 2.90800190
v -0.74450469 3.36335240 2.90800190
v -0.74450469 3.36335240 -2.09199810
v 5.04390883 -4.48973550 -1.47344196
v 5.08049989 -4.49768581 -1.48488796
v -0.41191697 5.06177722 0.75200230
v -14.00071120 28.59774028 0.75200230
v -0.41847003 5.06145726 0.75580370
v -0.66550243 3.43635045 -2.09199810
v -0.58050299 3.50036131 -2.09199810
v -0.66550243 3.43635045 2.90800190
v -0.58050299 3.50036131 2.90800190
v -19.37907100 -25.37213125 -1.70199800
v -16.11736083 -19.86227025 -1.63840699
v -19.34391093 -25.39243116 -1.66490400
v -16.09376121 -19.87590017 -1.61350596
v -0.58050299 3.50036131 2.90800190
v -4.77872300 -0.92430629 -1.15323102
v -4.77380896 -0.94431050 -1.20398605
v -5.99450517 -1.49667861 -1.24312901
v 5.14849305 -4.51210536 -1.50583398
v 5.18599916 -4.51907863 -1.51858795
v 5.42148805 -4.56020059 -1.59381795
v -15.52570128 -20.20396985 -0.13199770
v -15.79824138 -20.04660978 -0.40730849
v -18.72698092 -25.74851026 -0.13199770
v -0.39350700 3.60235034 2.90800190
v 5.46087098 -4.56680860 -1.60590100
v 5.48949599 -4.57147779 -1.61446297
v 5.52932191 -4.57771863 -1.62587094
v 5.14612794 -4.51164760 -1.50499797
v -18.76178050 -25.72850026 -1.07999802
v -15.56044078 -20.18383016 -1.07999802
v -18.40482020 -25.93457975 -0.75999779
v -0.29450798 3.63834654 -2.09199810
v -0.29450798 3.63834654 2.90800190
v -0.39350700 3.60235034 2.90800190
v -0.39350700 3.60235034 -2.09199810
v -18.02069163 -26.15635099 -0.43799779
v -0.29450798 3.63834654 2.90800190
v -0.29450798 3.63834654 -2.09199810
v -0.19150305 3.66434751 2.90800190
v -0.19150305 3.66434751 -2.09199810
v -0.19150305 3.66434751 2.90800190
v 31.65924764 -4.59187879 -1.65177500
v 31.67549062 -4.57382764 -1.61875904
v 5.95284486 -4.64064540 -1.74099803
v 31.63203740 -4.62671460 -1.71550000
v 31.61884999 -4.64064540 -1.74099803
v -4.78529906 -0.89754225 -1.08532703
v 5.82949281 -4.62340249 -1.70944703
v 5.87136292 -4.62949170 -1.72057998
v 5.89750123 -4.63310756 -1.72719502
v 0.01949501 3.68535839 2.90800190
v 5.93972182 -4.63882961 -1.73767304
v -15.88633132 -19.99566068 -1.39499795
v -19.08769107 -25.54034986 -1.39499795
v -18.40980029 -25.93162145 0.16400220
v 0.01949501 3.68535839 2.90800190
v 5.78811097 -4.61768045 -1.69896996
v 31.71248937 -4.51414956 -1.50957799
v 31.70685887 -4.52371778 -1.52707303
v -4.78650403 -0.89264430 -1.07288694
v -19.08769107 -25.54034986 -1.39499795
v -15.88633132 -19.99566068 -1.39499795
v -18.76178050 -25.72850026 -1.07999802
v -15.56044078 -20.18383016 -1.07999802
v 5.66617799 -4.59943141 -1.66559196
v -15.43886065 -20.25411023 -0.05109995
v 5.59774184 -4.58871974 -1.64599204
v -15.20349097 -20.38992109 -0.75999779
v -15.52570128 -20.20396985 -0.13199770
v 6.19353700 -4.66621961 -1.80865395
v 6.16948915 -4.66379251 -1.80223894
v -7.76328778 -4.39047755 -1.36453104
v -6.19785094 -1.69876553 -1.35037303
v -6.19471478 -1.69554652 -1.34876394
v -19.01605105 -25.58163060 -0.42399779
v 6.07666993 -4.65399637 -1.77631199
v 6.03350282 -4.64954175 -1.76453996
v -19.21207118 -25.46847142 -0.64127451
v -15.98946071 -19.93620099 -0.61767620
v -16.07251143 -19.88825025 -0.70999777
v -19.27389026 -25.43278112 -0.70999777
v -6.17028594 -1.67026259 -1.33639300
v -6.14540601 -1.64496364 -1.32346106
v -6.04595017 -1.54544558 -1.27061200
v -6.12065721 -1.62036659 -1.31018901
v 6.00820422 -4.64685573 -1.75741303
v 6.37349916 -4.68373670 -1.85502195
v 6.12598586 -4.65915479 -1.78998005
v 6.10149598 -4.65663661 -1.78330505
v 5.95284486 -4.64064540 -1.74099803
v -5.05819511 -1.40694155 -0.42399779
v -5.25686407 -1.59564759 -0.49858931
v -19.01605105 -25.58163060 -0.42399779
v 5.20460010 -4.25032558 -1.97342503
v 5.21650100 -4.25311746 -1.97623706
v 5.21650100 -4.52452554 -1.52857399
v -16.29663062 -19.75885000 -0.98699778
v 0.33349800 3.63834654 -2.09199810
v 0.23049402 3.66434751 2.90800190
v 0.23049402 3.66434751 -2.09199810
v -4.70603704 -1.22000660 -0.23871790
v -4.66950798 -1.36864259 -0.14602390
v -4.78650403 -0.89264430 2.90800190
v 5.24656081 -4.52998866 -1.53856695
v 5.22829604 -4.25592555 -1.97907197
v -4.77895093 -0.92336019 -0.42399779
v 5.28449512 -4.53677835 -1.55098796
v 5.28449512 -4.26907863 -1.99236095
v -4.66950798 -1.36864259 2.90800190
v -15.56040072 -20.18385114 -1.07999802
v -15.56044078 -20.18383016 -1.07999802
v -15.88630080 -19.99567975 -1.39499795
v -15.88633132 -19.99566068 -1.39499795
v -15.88630080 -19.99567975 -1.39499795
v -15.56044078 -20.18383016 -1.07999802
v -16.11736083 -19.86227025 -1.63840699
v -15.88630080 -19.99567975 -1.39499795
v -16.09376121 -19.87590017 -1.61350596
v -4.78650403 -0.89264430 -0.44501999
v -15.20345092 -20.38994016 -0.75999779
v -15.20349097 -20.38992109 -0.75999779
v -15.56040072 -20.18385114 -1.07999802
v -15.56044078 -20.18383016 -1.07999802
v -15.56040072 -20.18385114 -1.07999802
v -15.20349097 -20.38992109 -0.75999779
v 5.08049989 -4.49768581 -1.48488796
v -15.15702128 -20.41674985 -0.72108120
v -15.20349097 -20.38992109 -0.75999779
v -15.20345092 -20.38994016 -0.75999779
v -15.12590098 -20.43471135 -0.69496387
v -15.20349097 -20.38992109 -0.75999779
v -15.15702128 -20.41674985 -0.72108120
v 0.52849793 3.55535351 2.90800190
v 0.52849793 3.55535351 -2.09199810
v 0.61949396 3.50036131 2.90800190
v 0.61949396 3.50036131 -2.09199810
v -15.03984141 -20.48450078 0.30925259
v -15.03986144 -20.48447980 0.30929950
v -15.08667064 -20.45745076 0.26896480
v -15.12637115 -20.43453016 0.23489089
v -15.08667064 -20.45745076 0.26896480
v -15.03986144 -20.48447980 0.30929950
v 0.70449305 3.43635045 -2.09199810
v 0.70449305 3.43635045 2.90800190
v 0.61949396 3.50036131 2.90800190
v 0.61949396 3.50036131 -2.09199810
v 5.01249099 -4.20291652 -1.92553198
v 5.01249099 -4.48300637 -1.46375704
v 4.99987197 -4.19955959 -1.92212796
v 0.70449305 3.43635045 2.90800190
v 0.70449305 3.43635045 -2.09199810
v 0.78349495 3.36335240 2.90800190
v 0.78349495 3.36335240 -2.09199810
v -15.12637115 -20.43453016 0.23489089
v -15.20851111 -20.38710965 0.16400220
v -15.20845103 -20.38714017 0.16400220
v -15.12637115 -20.43453016 0.23489089
v -15.20845103 -20.38714017 0.16400220
v -15.08667064 -20.45745076 0.26896480
v -4.50750494 -1.83064760 -0.77322870
v 0.78349495 3.36335240 2.90800190
v -15.13051105 25.98081980 2.05664396
v -15.49556136 25.78098880 1.35600197
v -15.13962054 25.89402018 2.08200192
v 0.91749811 3.19636045 2.90800190
v -15.20851111 -20.38710965 0.16400220
v -15.43886065 -20.25411023 -0.05109995
v -15.41265082 -20.26924123 -0.02668017
v -15.41265082 -20.26924123 -0.02668017
v -8.20530486 -4.96178140 -1.50499797
v -6.52229905 -2.04684963 -1.50499797
v -6.50667405 -2.02928652 -1.49812400
v -6.29180694 -1.79640652 -1.39743400
v -6.31458116 -1.82094361 -1.40821099
v -15.52578139 -20.20392026 -0.13199770
v -15.52570128 -20.20396985 -0.13199770
v -15.46751094 -20.23756971 -0.07778614
v -15.79824138 -20.04660978 -0.40730849
v -15.52570128 -20.20396985 -0.13199770
v -15.74538112 -20.07713117 -0.35383019
v -15.52578139 -20.20392026 -0.13199770
v -15.74538112 -20.07713117 -0.35383019
v -15.52570128 -20.20396985 -0.13199770
v -6.45604491 -1.97333254 -1.47517598
v -6.48126006 -2.00137855 -1.48647499
v 5.28449512 -4.53677835 -1.55098796
v 0.43249702 3.60235034 2.90800190
v 0.33349800 3.63834654 2.90800190
v 0.43249702 3.60235034 -2.09199810
v -6.33945203 -1.84749355 -1.42015803
v 0.43249702 3.60235034 2.90800190
v 0.43249702 3.60235034 -2.09199810
v 0.52849793 3.55535351 2.90800190
v 0.52849793 3.55535351 -2.09199810
v 5.18599916 -4.51907863 -1.51858795
v -17.97150111 -26.18473996 -0.39932710
v -18.02069163 -26.15635099 -0.43799779
v -4.03624511 -2.71979250 -0.17098550
v -6.24341416 -1.74590053 -1.37334704
v -6.21964002 -1.72108962 -1.36151695
v -6.26717210 -1.77046658 -1.38533998
v -6.43445420 -1.94984962 -1.46512198
v 5.14849305 -4.51210536 -1.50583398
v -17.65522075 -26.36733999 -0.15111861
v -3.98610497 -2.78888454 -0.11799780
v 5.14612794 -4.51164760 -1.50499797
v 5.11751819 -4.50543775 -1.49605298
v 5.01249099 -4.48300637 -1.46375704
v 5.01249099 -4.20291652 -1.92553198
v 5.04390883 -4.48973550 -1.47344196
v 5.02503419 -4.20604457 -1.92868197
v 4.98070693 -4.47569741 -1.45323801
v 4.99987197 -4.19955959 -1.92212796
v 5.01249099 -4.48300637 -1.46375704
v -16.66810107 -19.38647069 -1.71724498
v -16.65933108 -19.40778150 -1.68376505
v -7.03562713 -2.67796864 -1.74099803
v -16.67323089 -19.36946096 -1.74099803
v -0.19150305 1.50535045 2.90800190
v 5.04390883 -4.48973550 -1.47344196
v -0.19150305 1.50535045 2.90800190
v 4.99987197 -4.19955959 -1.92212796
v 4.98070693 -4.47569741 -1.45323801
v 4.94449782 -4.18527736 -1.90770102
v 4.94449782 -4.46765651 -1.44165897
v -7.03291106 -2.67448963 -1.73987198
v -7.00659013 -2.64107265 -1.72870505
v 4.87648988 -4.45203151 -1.41914904
v 4.87648988 -4.16711940 -1.88935804
v 4.94449782 -4.46765651 -1.44165897
v -4.40151000 -2.05859865 0.30912119
v -4.40149498 -2.05861463 0.30913430
v -4.40151000 -2.05859865 0.30912119
v -8.05402923 -8.38480176 0.30925190
v -6.93843579 -2.55391468 -1.70037699
v -6.96407104 -2.58673562 -1.71099102
v -6.99038482 -2.62009157 -1.72219503
v -0.58050299 1.66935240 2.90800190
v -0.58050299 1.66935240 2.90800190
v -4.50750494 -1.83064760 0.15460519
v -4.50151610 -1.84351053 0.16400220
v -6.81847215 -2.40335550 -1.64788604
v -6.86163878 -2.45761647 -1.66669905
v -6.92191911 -2.53293361 -1.69336998
v -15.20666099 24.09165965 2.50400209
v -15.56077075 23.77205859 1.83400202
v -15.13340068 23.03207026 2.68300200
v -6.87900281 -2.47899355 -1.67467403
v -6.79252410 -2.37132754 -1.63604200
v -6.77453399 -2.34937062 -1.62760794
v -15.41700053 22.24916850 2.08330894
v -15.12785125 22.94135867 2.69692302
v -15.46244121 22.57403002 2.03900194
v -15.48600078 22.73465930 2.01509905
v -15.29441142 21.37306987 2.20286894
v -14.98034072 21.86380969 2.83800197
v -14.94326091 21.57572947 2.87137198
v 0.70449305 1.73435448 2.90800190
v 0.70449305 1.73435448 2.90800190
v -4.29732299 -2.28078260 0.45900229
v -11.26074004 -13.93902101 0.30919179
v -6.71394086 -2.27515163 -1.59941494
v -8.20530486 -4.96178140 -1.50499797
v -6.68686509 -2.24213161 -1.58676898
v -15.25526118 21.18158923 2.22439003
v -15.18509078 20.83123027 2.26124811
v -15.11009097 21.17210017 2.47766805
v 5.68331409 -4.35107936 -2.08438611
v 0.33349800 1.53135143 2.90800190
v 5.77192092 -4.37563075 -2.08999801
v 0.33349800 1.53135143 -2.09199810
v -4.66950798 -1.36864259 -2.09199810
v -4.50750494 -1.83064760 -2.09199810
v -4.66950798 -1.36864259 -1.06149805
v 5.48949599 -4.57147779 -1.61446297
v -4.66403008 -1.38425161 -1.05176198
v -0.81550390 3.28335033 2.90800190
v 5.42148805 -4.56020059 -1.59381795
v -4.62692809 -1.49007155 -0.98573571
v -4.62821007 -1.48642458 -0.98801070
v -4.63422894 -1.46924354 -0.99872577
v -6.55222917 -2.08195962 -1.52023304
v -6.57254577 -2.10559549 -1.53077304
v -6.59193206 -2.12874355 -1.54026699
v -6.63665605 -2.18182863 -1.56248903
v -6.66152692 -2.21152248 -1.57466900
v -5.05819511 -1.40694155 -0.42399779
v -14.66857123 20.15915881 3.00444698
v -14.75246119 20.60478984 2.96700191
v -15.00224090 19.91805850 2.35725307
v 5.39240479 -4.55511941 -1.58452201
v -6.52229905 -2.04684963 -1.50499797
v 5.35349488 -4.54858960 -1.57257795
v -4.50750494 -1.83064760 -0.77322870
v -15.26744056 21.24231921 2.21800208
v -15.29441142 21.37306987 2.20286894
v 6.12598586 -4.65915479 -1.78998005
v 6.11356616 -4.47392740 -2.08999801
v 6.16948915 -4.66379251 -1.80223894
v 6.16948915 -4.48943080 -2.08999801
v -14.86073089 21.15581904 2.91271400
v -14.92115092 21.46320925 2.88243604
v 6.19353700 -4.66621961 -1.80865395
v 6.16948915 -4.66379251 -1.80223894
v 6.18190980 -4.49268045 -2.08999801
v 6.16948915 -4.48943080 -2.08999801
v -4.66950798 -1.36864259 -0.14602390
v -4.66251206 -1.38860060 -0.13199770
v -4.66950798 -1.36864259 2.90800190
v -16.68731093 -19.22816076 -1.95799804
v -16.68731093 -19.22821035 -1.95792997
v -7.53521514 -3.38104762 -1.95336401
v -14.94326091 21.57572947 2.87137198
v 6.18190980 -4.49268045 -2.08999801
v 6.16948915 -4.48943080 -2.08999801
v -7.49632812 -3.32468166 -1.93897104
v -7.52360320 -3.36401858 -1.94931996
v -16.68410087 -19.29744138 -1.85998404
v -16.67838073 -19.34294118 -1.78741300
v 6.10149598 -4.47069253 -2.08999801
v 6.11356616 -4.47392740 -2.08999801
v 6.10149598 -4.65663661 -1.78330505
v 6.12598586 -4.65915479 -1.78998005
v 6.08953309 -4.46736659 -2.08999801
v 6.07666993 -4.65399637 -1.77631199
v 6.03350282 -4.45233669 -2.08999801
v 6.03350282 -4.64954175 -1.76453996
v 5.95284486 -4.64064540 -1.74099803
v -7.44593596 -3.25180568 -1.92012298
v -7.47252393 -3.29018153 -1.93016696
v -7.41907287 -3.21304859 -1.90993202
v -4.50750494 -1.83064760 2.90800190
v -4.50750494 -1.83064760 0.15460519
v -4.55649304 -1.69095363 0.06381088
v -4.57083702 -1.65002956 0.03727585
v 6.03350282 -4.45233669 -2.08999801
v 6.03350282 -4.64954175 -1.76453996
v 6.02181506 -4.44910135 -2.08999801
v 6.00820422 -4.64685573 -1.75741303
v -4.61485100 -1.52451064 -0.04399770
v 0.12549806 3.68035351 2.90800190
v -15.29441142 21.37306987 2.20286894
v -15.26744056 21.24231921 2.21800208
v 0.10637903 -5.01692762 2.21311307
v -0.07548296 -4.91190042 2.55933595
v 0.10753798 -5.04207362 2.21800208
v 6.10149598 -4.47069253 -2.08999801
v 6.10149598 -4.65663661 -1.78330505
v 6.08953309 -4.46736659 -2.08999801
v 6.07666993 -4.65399637 -1.77631199
v -15.26744056 21.24231921 2.21800208
v -4.48846197 2.57290135 2.21800208
v -15.25526118 21.18158923 2.22439003
v -2.11927593 4.57561742 1.77257097
v -2.07404879 4.59736119 1.74600601
v -7.40669799 -3.19536366 -1.90504599
v -7.48452497 -3.30765261 -1.93451297
v -16.68731093 -19.22821035 -1.95792997
v -7.54747605 -3.39874758 -1.95799804
v -16.68731093 -19.22816076 -1.95799804
v -7.53521514 -3.38104762 -1.95336401
v 5.93972182 -4.63882961 -1.73767304
v 5.89750123 -4.41313638 -2.08999801
v 5.89750123 -4.63310756 -1.72719502
v -4.05450201 -2.69464649 -0.19031470
v -7.24907517 -2.97261562 -1.83924699
v -7.26251006 -2.99136867 -1.84516895
v 0.14320600 -5.69188442 2.33262396
v 5.88651490 -4.40993251 -2.08999801
v 5.87136292 -4.62949170 -1.72057998
v -0.13329101 -4.90900172 2.67822599
v -0.13755596 -4.90878762 2.68700194
v -7.28877807 -3.02832569 -1.85633194
v -7.31519914 -3.06519069 -1.86797202
v -4.26582909 -2.33446254 -0.43755299
v -4.05847692 -2.68787159 -0.19496410
v 6.37349916 -4.54126443 -2.08999801
v 6.37349916 -4.68373670 -1.85502195
v 6.18190980 -4.49268045 -2.08999801
v 6.19353700 -4.66621961 -1.80865395
v -7.12894177 -2.80588259 -1.78512394
v -7.14333081 -2.82578053 -1.79169405
v -7.16914201 -2.86122669 -1.80381703
v -7.18315721 -2.88063564 -1.81017900
v -7.20909715 -2.91652455 -1.82202697
v 5.82949281 -4.62340249 -1.70944703
v 6.37349916 -4.54126443 -2.08999801
v -7.36758208 -3.13954653 -1.88942301
v -7.39412522 -3.17751064 -1.89990902
v 0.14320600 -5.69188442 2.33262396
v -0.20115399 -5.49300136 2.98819709
v 0.14102399 -5.76306667 2.34348106
v -0.20749497 -5.92018642 3.04015303
v 5.31453919 -4.54187574 -1.56030703
v 0.33349800 3.63834654 2.90800190
v 0.13549995 -5.94362344 2.37100196
v -0.21100402 -6.15765847 3.06900191
v 0.12562799 -6.41734876 2.43419290
v 0.33349800 3.63834654 -2.09199810
v -3.98800397 -2.78625955 -0.12000520
v -7.34120011 -3.10208668 -1.87864006
v -7.32822204 -3.08368458 -1.87329400
v -0.41191697 5.06177722 0.75200230
v -13.74926066 28.80066882 0.52943188
v -14.00071120 28.59774028 0.75200230
v -7.23518920 -2.95323648 -1.83312094
v -0.21117997 -6.22282972 3.07538104
v -7.59786820 -3.47768153 -1.98133504
v -7.57224107 -3.43727650 -1.97018600
v -7.56138396 -3.42033853 -1.96497405
v -0.21117997 -6.22282972 3.07538104
v -0.25777996 -6.77502145 3.12175393
v 0.12562799 -6.41734876 2.43419290
v 0.05076802 -7.18522348 2.51738405
v 0.07205403 -6.94954480 2.49500203
v -0.27644098 -6.99624337 3.14031506
v -4.11744499 -2.58736147 0.67405450
v -17.97722125 -26.17648114 0.52942997
v -4.05450201 -2.69464649 0.74946147
v 0.91749811 1.97335337 -2.09199810
v 0.91749811 1.97335337 2.90800190
v 0.97249794 2.06635533 -2.09199810
v -7.67130113 -3.59308352 -2.01436090
v -7.66115403 -3.57715358 -2.00974703
v -15.20666099 24.09165965 2.50400209
v -3.30817199 3.74566136 2.44893599
v -15.21473098 24.19719897 2.48469400
v -15.20851111 -20.38710965 0.16400220
v -7.63470197 -3.53523769 -1.99879801
v -7.62423491 -3.51883449 -1.99398005
v -7.54747605 -3.39874758 -1.95799804
v -12.96877074 29.25618945 -1.07999802
v 0.87539911 5.27833043 -1.07999802
v -9.79672122 23.69547854 -1.05404198
v -4.55649304 -1.69095363 0.06381088
v -7.56138396 -3.42033853 -1.96497405
v -7.49583983 -3.45818056 -2.08999801
v -7.57224107 -3.43727650 -1.97018600
v -2.65458500 4.26978551 2.08200192
v -2.54072362 4.33970128 2.01596093
v -15.13962054 25.89402018 2.08200192
v 1.01749611 2.16335545 -2.09199810
v 1.01749611 2.16335545 2.90800190
v 1.05349207 2.26536046 -2.09199810
v -0.88426000 4.99524937 1.04000199
v -14.32068133 28.26682864 1.04000199
v -7.54747605 -3.39874758 -1.95799804
v -7.45975995 -3.41815652 -2.08999801
v -7.56138396 -3.42033853 -1.96497405
v -14.92115092 21.46320925 2.88243604
v -14.86073089 21.15581904 2.91271400
v 0.05076802 -7.18522348 2.51738405
v -0.28467298 -7.04800977 3.14400196
v 0.03963697 -7.25304975 2.52284908
v -4.04754400 -2.70424356 0.75668132
v -17.67576098 -26.29279126 0.75200230
v -3.84448791 -2.98396863 0.96230853
v -14.94326091 21.57572947 2.87137198
v -0.27644098 -6.99624337 3.14031506
v 1.09449196 2.47735034 -2.09199810
v 1.09449196 2.47735034 2.90800190
v 1.10049701 2.58535252 -2.09199810
v -0.30447900 -7.18279781 3.15073395
v -7.63470197 -3.53523769 -1.99879801
v -7.58683610 -3.56284060 -2.08999801
v -7.66115403 -3.57715358 -2.00974703
v -4.40149498 -2.05861463 0.30913430
v -8.05402923 -8.38480176 0.30925190
v -4.40144897 -2.05872049 0.30897120
v -13.74926066 28.80066882 0.52943188
v -14.01852107 28.65015994 -0.04399770
v -14.00071120 28.59774028 0.75200230
v -13.72743106 28.81827937 0.51016742
v -13.66367126 28.85509883 0.45900229
v -13.32068133 29.05311023 0.16400220
v -14.01852107 28.65015994 -0.04399770
v -13.72743106 28.81827937 0.51016742
v -4.30150390 -2.27364053 -0.48202640
v -4.32609296 -2.22076954 -0.51668352
v -4.30150390 -2.27364053 -2.09199810
v -4.49872398 -1.84952261 -0.75999779
v -4.50750494 -1.83064760 -0.77322870
v -4.50750494 -1.83064760 -2.09199810
v -4.34445691 -2.18127956 -0.54259008
v 0.89876008 5.17107640 -1.05404198
v 0.87539911 5.27833043 -1.07999802
v 0.87539101 5.27842246 -1.07999802
v 0.01949501 -4.91664638 2.16792107
v 0.08941901 -4.91315259 2.18912601
v -7.50607800 -3.46974649 -2.08999801
v -7.54080701 -3.51059450 -2.08999801
v -7.59786820 -3.47768153 -1.98133504
v -7.57224107 -3.43727650 -1.97018600
v -1.04198247 4.96041356 0.19800210
v 0.91749811 3.19636045 2.90800190
v 0.91749811 3.19636045 -2.09199810
v 0.97249794 3.10434948 -2.09199810
v -4.40151000 -2.05859865 0.30912119
v -4.40149498 -2.05861463 0.30913430
v -4.50750494 -1.83064760 2.90800190
v -7.50607800 -3.46974649 -2.08999801
v 0.89876008 5.17107640 -1.05404198
v 0.52846003 5.05497227 -0.75999779
v -4.40149498 -2.05861463 0.30913430
v -4.35116410 -2.16685952 0.38184130
v -4.50750494 -1.83064760 2.90800190
v -7.49583983 -3.45818056 -2.08999801
v -7.53521514 -3.38104762 -1.95336401
v 1.01749611 3.00635753 -2.09199810
v 1.05349207 2.90435253 -2.09199810
v 1.05349207 2.90435253 2.90800190
v 1.43358111 5.55669652 -1.61998796
v -9.18610883 24.04797946 -1.66489995
v 1.43142891 5.57457934 -1.62642300
v 1.05349207 2.90435253 2.90800190
v 1.05349207 2.90435253 -2.09199810
v 1.07949305 2.79935752 -2.09199810
v -7.45975995 -3.41815652 -2.08999801
v -7.44981217 -3.40671267 -2.08999801
v -4.30150390 -2.27364053 0.45364740
v 1.44960189 5.42754660 -1.57384896
v 1.44725990 5.44611655 -1.58045399
v 0.03963697 -7.25304975 2.52284908
v -7.88151288 -21.03374089 2.52972603
v 0.05076802 -7.18522348 2.51738405
v -7.53521514 -3.38104762 -1.95336401
v -7.52360320 -3.36401858 -1.94931996
v -7.45975995 -3.41815652 -2.08999801
v -7.44981217 -3.40671267 -2.08999801
v -4.50151610 -1.84351053 0.16400220
v -4.49788404 -1.85133852 0.16927791
v -4.40151000 -2.05859865 0.30912119
v -7.44981217 -3.40671267 -2.08999801
v -7.52360320 -3.36401858 -1.94931996
v -7.41277909 -3.36572756 -2.08999801
v -7.49632812 -3.32468166 -1.93897104
v 1.07949305 2.37035642 2.90800190
v 1.09449196 2.47735034 -2.09199810
v 1.07949305 2.37035642 -2.09199810
v -4.50750494 -1.83064760 0.15460519
v 1.46172500 5.29819737 -1.52454400
v 1.45703292 5.35384665 -1.54616499
v 1.45514894 5.37304126 -1.55342400
v 1.46757698 5.22352038 -1.49517596
v 1.46344995 5.27865039 -1.51701105
v -7.48452497 -3.30765261 -1.93451297
v -7.40287614 -3.35474147 -2.08999801
v 1.05349207 2.26536046 -2.09199810
v 1.07949305 2.37035642 2.90800190
v 1.07949305 2.37035642 -2.09199810
v -4.30150390 -2.27364053 2.90800190
v -4.40144897 -2.05872049 0.30897120
v -4.35116410 -2.16685952 0.38184130
v -4.40149498 -2.05861463 0.30913430
v -10.50880313 23.28436862 -0.43799779
v 0.00082600 5.08242236 -0.43799779
v -7.23325896 17.32997905 -0.34247580
v -7.41277909 -3.36572756 -2.08999801
v -7.40287614 -3.35474147 -2.08999801
v -7.39304900 -3.34361758 -2.08999801
v -10.50876403 23.28439914 -0.43799779
v -0.43955803 5.06040440 -0.17157140
v 1.44058394 5.50121556 -1.60026097
v 1.01749611 2.16335545 2.90800190
v 1.01749611 2.16335545 -2.09199810
v 0.97249794 2.06635533 -2.09199810
v -0.46050799 5.05935155 -0.15888670
v -4.26621008 -2.33380665 -0.43799779
v -7.57648301 -3.55093850 -2.08999801
v -7.62423491 -3.51883449 -1.99398005
v -7.54080701 -3.51059450 -2.08999801
v -7.59786820 -3.47768153 -1.98133504
v -18.02069163 -26.15635099 -0.43799779
v -4.26621008 -2.33380665 -0.43799779
v -4.26582909 -2.33446254 -0.43755299
v -10.50876403 23.28439914 -0.43799779
v -10.12463164 23.50617991 -0.75999779
v -10.50880313 23.28436862 -0.43799779
v -10.17109466 23.47934924 -0.72108543
v -10.12463164 23.50617991 -0.75999779
v -10.12472415 23.50610934 -0.75999779
v -10.17109466 23.47934924 -0.72108543
v -10.50880313 23.28436862 -0.43799779
v -10.12463164 23.50617991 -0.75999779
v -7.39304900 -3.34361758 -2.08999801
v -7.40287614 -3.35474147 -2.08999801
v -7.48452497 -3.30765261 -1.93451297
v -7.47252393 -3.29018153 -1.93016696
v 1.46903396 5.20304356 -1.48700404
v 1.47304010 5.12691746 -1.45547605
v 0.51509309 6.65333043 -1.39499795
v 1.47448897 5.07134543 -1.43129802
v 1.47514606 5.04986058 -1.42202795
v -3.98610497 -2.78888454 -0.11799780
v -3.91167998 -2.89140858 -0.04399770
v -10.55812716 23.25589953 -0.39932939
v -10.59331298 23.23559008 -0.37171689
v -10.50876403 23.28439914 -0.43799779
v -10.55812716 23.25589953 -0.39932939
v -10.50876403 23.28439914 -0.43799779
v -10.50880313 23.28436862 -0.43799779
v -0.21205699 -5.34209146 2.96700191
v -10.03337741 -22.65174093 3.00444603
v -0.20115399 -5.49300136 2.98819709
v -7.39304900 -3.34361758 -2.08999801
v -7.47252393 -3.29018153 -1.93016696
v -7.35672498 -3.30334963 -2.08999801
v -7.44593596 -3.25180568 -1.92012298
v -17.60924125 -26.38518132 -0.11799780
v -0.23853099 -4.90373744 2.89468503
v -7.31934905 -3.26198353 -2.08999801
v -7.41907287 -3.21304859 -1.90993202
v -7.35672498 -3.30334963 -2.08999801
v -7.31934905 -3.26198353 -2.08999801
v -7.30957580 -3.25137867 -2.08999801
v 0.97249794 2.06635533 2.90800190
v -12.28854060 -24.49062146 2.68300200
v -12.21312118 -24.44066991 2.69684792
v 0.00082600 5.08242236 -0.43799779
v -10.50880313 23.28436862 -0.43799779
v -10.17109466 23.47934924 -0.72108543
v -3.65781903 -3.21338357 0.19952990
v -3.44550097 -3.45264162 0.38223490
v 0.97249794 2.06635533 2.90800190
v -7.41907287 -3.21304859 -1.90993202
v -7.40669799 -3.19536366 -1.90504599
v -7.31934905 -3.26198353 -2.08999801
v -7.30957580 -3.25137867 -2.08999801
v -7.21455216 -3.14931263 -2.08999801
v -7.32822204 -3.08368458 -1.87329400
v -7.20512223 -3.13924159 -2.08999801
v -4.05216002 -2.69788160 0.75200230
v -14.07497096 28.61755000 -0.15146521
v -14.11379123 28.58630000 -0.11799780
v 1.01749611 3.00635753 2.90800190
v 0.97249794 3.10434948 -2.09199810
v 1.01749611 3.00635753 -2.09199810
v -7.22414899 -3.15952052 -2.08999801
v -7.34120011 -3.10208668 -1.87864006
v -7.29977202 -3.24091067 -2.08999801
v -7.39412522 -3.17751064 -1.89990902
v -7.26231885 -3.20026149 -2.08999801
v -7.36758208 -3.13954653 -1.88942301
v -14.07497096 28.61755000 -0.15146521
v -13.75913119 28.79990969 -0.39932939
v 1.09449196 2.69335447 2.90800190
v 1.07949305 2.79935752 2.90800190
v 1.09449196 2.69335447 -2.09199810
v -7.36758208 -3.13954653 -1.88942301
v -7.26231885 -3.20026149 -2.08999801
v -13.70980144 28.82837878 -0.43799779
v -13.00368094 29.23610888 -0.13199770
v -13.32567096 29.05015002 -0.75999779
v 1.09449196 2.69335447 2.90800190
v 1.09449196 2.69335447 -2.09199810
v 1.10049701 2.58535252 2.90800190
v 1.10049701 2.58535252 -2.09199810
v -12.71461082 29.40299998 -0.42399779
v -7.29977202 -3.24091067 -2.08999801
v -7.30957580 -3.25137867 -2.08999801
v -7.40669799 -3.19536366 -1.90504599
v -7.39412522 -3.17751064 -1.89990902
v -0.81060582 -10.55266084 2.67585206
v -0.81173497 -10.55248060 2.67771292
v -0.81667119 -10.56755056 2.67606211
v -7.16607404 -3.09923257 -2.08999801
v -7.28877807 -3.02832569 -1.85633194
v 1.01749611 3.00635753 2.90800190
v 1.46757698 5.22352038 -1.49517596
v 1.75135994 5.41324864 -0.96103013
v 1.46828699 5.21352635 -1.49119401
v -12.60798144 13.61611949 3.20089602
v -12.67460132 12.96838961 2.66928911
v -12.26269126 12.82054911 3.19700193
v 1.07949305 2.79935752 2.90800190
v -1.17675570 -11.38178052 2.73188400
v -1.10172057 -11.26769056 2.68600202
v -4.05847692 -2.68787159 -0.19496410
v -4.26582909 -2.33446254 -0.43755299
v -4.05450201 -2.69464649 -2.09199810
v -4.26582909 -2.33446254 -0.43755299
v -4.26621008 -2.33380665 -0.43799779
v -4.05450201 -2.69464649 -2.09199810
v -4.26621008 -2.33380665 -0.43799779
v -4.30150390 -2.27364053 -0.48202640
v -4.30150390 -2.27364053 -2.09199810
v -1.12089330 -10.50210084 3.18742895
v -1.32578069 -11.04210080 3.17192101
v -0.81215459 -10.55241098 2.67840505
v -1.17712191 -11.38157071 2.73258495
v -1.40469150 -11.25013055 3.16592097
v -4.05450201 -2.69464649 -0.19031470
v -7.57648301 -3.55093850 -2.08999801
v -7.58683610 -3.56284060 -2.08999801
v -7.63470197 -3.53523769 -1.99879801
v -7.62423491 -3.51883449 -1.99398005
v -1.15270022 -11.39567079 2.68606806
v 1.09449196 2.47735034 2.90800190
v 1.05349207 2.26536046 2.90800190
v 1.05206490 6.00884543 -0.63953298
v 1.05349207 2.26536046 2.90800190
v -0.80356389 -10.53391065 2.67649794
v -4.05450201 -2.69464649 0.74946147
v -4.30150390 -2.27364053 2.90800190
v -4.11744499 -2.58736147 0.67405450
v -4.15957403 -2.51555361 0.62368423
v -4.05450201 -2.69464649 2.90800190
v -0.80309093 -10.53418054 2.67559004
v -0.80392247 -10.53370084 2.67718101
v -1.07382762 -10.37794103 3.19099998
v -4.29732299 -2.28078260 0.45900229
v -4.30150390 -2.27364053 0.45364740
v 1.10049701 2.58535252 2.90800190
v -7.66115403 -3.57715358 -2.00974703
v -7.62119794 -3.60403957 -2.08999801
v -7.67130113 -3.59308352 -2.01436090
v 0.97249794 3.10434948 2.90800190
v 0.87280488 6.61113940 -0.78784209
v -12.45669055 29.55188952 -0.70999777
v 0.87475801 6.60477744 -0.78624368
v -1.40469150 -11.25013055 3.16592097
v -1.45349669 -11.35695066 3.16404605
v -1.18637639 -11.40026082 2.73332000
v -1.40469150 -11.25013055 3.16592097
v -1.18637639 -11.40026082 2.73332000
v -1.17712191 -11.38157071 2.73258495
v -7.57648301 -3.55093850 -2.08999801
v 0.97249794 3.10434948 2.90800190
v -1.17675570 -11.38178052 2.73188400
v -1.18594149 -11.40033044 2.73261404
v -1.15707189 -11.40501012 2.68607092
v -1.17675570 -11.38178052 2.73188400
v -1.15707189 -11.40501012 2.68607092
v -1.15270022 -11.39567079 2.68606806
v 0.75401497 6.98314963 -0.87677193
v -12.28662086 29.65007983 -0.92043680
v 0.81762910 6.79101048 -0.83293062
v 0.46589088 7.84275351 -1.08154595
v -12.23272109 29.68118869 -0.98699778
v -7.54080701 -3.51059450 -2.08999801
v -7.50607800 -3.46974649 -2.08999801
v -7.49583983 -3.45818056 -2.08999801
v -7.29977202 -3.24091067 -2.08999801
v 1.07949305 2.79935752 -2.09199810
v -7.01894879 -2.94785060 -2.08999801
v -7.16914201 -2.86122669 -1.80381703
v -6.97766709 -2.90707959 -2.08999801
v -7.14333081 -2.82578053 -1.79169405
v -1.63511443 -11.75528039 3.15700197
v -1.79139499 -12.11063089 3.14211202
v -1.59382421 -12.22474088 2.76598501
v -7.10799193 -3.03891458 -2.08999801
v -7.23518920 -2.95323648 -1.83312094
v -7.06853318 -2.99767055 -2.08999801
v -3.66003990 -3.21088161 0.19759730
v -3.65959692 -3.21136965 0.19800210
v -17.55278087 -26.40723981 -0.07967633
v -15.46071124 26.11755954 1.25672805
v -15.06019092 26.46698008 1.90633798
v -15.34490085 26.59166919 1.08800197
v -7.01894879 -2.94785060 -2.08999801
v -7.02792907 -2.95689859 -2.08999801
v -7.16914201 -2.86122669 -1.80381703
v -7.18315721 -2.88063564 -1.81017900
v -1.03385723 -10.24720086 3.19615412
v -1.07382762 -10.37794103 3.19099998
v -0.79672033 -10.51509084 2.67549300
v -8.51620984 24.27034007 -1.72750902
v -0.65662938 10.65772925 -1.72750902
v -7.06853318 -2.99767055 -2.08999801
v -7.20909715 -2.91652455 -1.82202697
v -0.79859710 -10.52107038 2.67533398
v -0.80356389 -10.53391065 2.67649794
v -0.80309093 -10.53418054 2.67559004
v -7.14333081 -2.82578053 -1.79169405
v -7.12894177 -2.80588259 -1.78512394
v -6.97766709 -2.90707959 -2.08999801
v -6.96884704 -2.89821352 -2.08999801
v -4.04983306 -2.70108547 0.75435930
v -4.05216002 -2.69788160 0.75200230
v -0.80392247 -10.53370084 2.67718101
v -14.89579082 27.15425883 1.65322101
v -15.25415111 26.97550975 0.94402027
v -0.97850591 2.16335545 -2.09199810
v -0.97850591 2.16335545 2.90800190
v -0.93350768 2.06635533 -2.09199810
v -14.88804126 27.18696032 1.64098406
v -15.09400058 26.32935916 1.95483899
v -0.79859710 -10.52107038 2.67533398
v -1.24652651 -11.29686059 2.67533207
v -0.80356389 -10.53391065 2.67649794
v -1.12089330 -10.50210084 3.18742895
v -1.07382762 -10.37794103 3.19099998
v -4.26190710 -16.07719983 3.17612696
v 0.19749701 8.62688742 -2.08999801
v -1.27271059 11.95258914 -2.08999801
v -7.04833007 -2.69510354 -1.74735606
v -15.01598144 26.64686023 1.84300196
v -0.88201690 -9.77917947 3.20084405
v -1.02726543 -10.22565068 3.19700193
v -0.50821495 -9.67419137 2.65884209
v -0.79521728 -10.51121034 2.67514205
v -1.27280220 11.95287905 -2.08999801
v -7.03291106 -2.67448963 -1.73987198
v -6.86016583 -2.79070057 -2.08999801
v -7.03562713 -2.67796864 -1.74099803
v -0.79414159 -9.50905313 3.20317101
v -7.11428618 -2.78575649 -1.77824104
v -3.76850700 -3.08864369 1.03917098
v -15.09400058 26.32935916 1.95483899
v -15.47960067 25.93494998 1.31058705
v -15.46071124 26.11755954 1.25672805
v -3.76850700 -3.08864369 0.09835416
v -3.91167998 -2.89140858 -0.04399770
v -3.76850700 -3.08864369 -2.09199810
v -3.98610497 -2.78888454 -0.11799780
v -3.98800397 -2.78625955 -0.12000520
v -4.03624511 -2.71979250 -0.17098550
v -4.05450201 -2.69464649 -0.19031470
v -4.05450201 -2.69464649 -2.09199810
v -7.31519914 -3.06519069 -1.86797202
v -0.37987304 -7.69545450 3.17633200
v -0.05142796 -7.80743970 2.56750393
v -7.31519914 -3.06519069 -1.86797202
v -15.56936145 25.11878978 1.54003704
v -15.16488147 25.67095958 2.14311099
v -1.04050243 2.79935752 2.90800190
v -1.05550170 2.69335447 2.90800190
v -1.04050243 2.79935752 -2.09199810
v -3.84448791 -2.98396863 0.96230853
v -3.76850700 -3.08864369 1.03917098
v -4.05450201 -2.69464649 2.90800190
v -7.11739898 -3.04855861 -2.08999801
v -8.50638413 24.26801882 -1.74099803
v -0.39639795 -7.80778255 3.18194604
v -0.08135796 -7.98959054 2.58218694
v -15.20353103 25.32988940 2.23645806
v -7.20909715 -2.91652455 -1.82202697
v 0.97549701 4.98736058 -1.03431499
v -4.04754400 -2.70424356 0.75668132
v -4.04983306 -2.70108547 0.75435930
v -4.05216002 -2.69788160 0.75200230
v -4.05450201 -2.69464649 0.74946147
v -0.09432006 -8.04585065 2.58599710
v -0.08135796 -7.98959054 2.58218694
v -0.43392003 -7.98200740 3.18927193
v -0.93350768 2.06635533 2.90800190
v -0.87850738 1.97335337 2.90800190
v -0.93350768 2.06635533 -2.09199810
v -0.93350768 2.06635533 2.90800190
v -3.76850700 -3.08864369 2.90800190
v -0.39639795 -7.80778255 3.18194604
v -15.20353103 25.32988940 2.23645806
v -15.56936145 25.11878978 1.54003704
v -15.20478129 25.04118930 2.30300212
v -7.20512223 -3.13924159 -2.08999801
v -0.09432006 -8.04585065 2.58599710
v -7.04068494 -20.10350980 2.58900189
v -0.08135796 -7.98959054 2.58218694
v -15.57008147 24.84114848 1.60500205
v -0.10452104 -8.09019269 2.58900189
v -8.49960923 24.26564990 -1.75340104
v -8.50638413 24.26801882 -1.74099803
v -0.70559478 10.76659976 -1.75340104
v -17.14408088 -26.56628980 0.19800210
v -0.44277000 -8.02312269 3.19100189
v 1.71204591 5.69240819 -1.08669603
v 1.44058394 5.50121556 -1.60026097
v 1.43358111 5.55669652 -1.61998796
v -6.92191911 -2.53293361 -1.69336998
v -0.87850738 1.97335337 -2.09199810
v -0.26643896 -8.82342233 2.62700391
v -0.56846404 -8.64898481 3.20197201
v -7.08880401 -2.75050868 -1.76660001
v -3.65959692 -3.21136965 0.19800210
v -0.97850591 2.16335545 2.90800190
v -0.97850591 2.16335545 -2.09199810
v -1.01450139 2.26536046 -2.09199810
v -1.04050243 2.37035642 2.90800190
v -1.01450139 2.26536046 -2.09199810
v -1.04050243 2.37035642 -2.09199810
v -14.08502078 28.53012858 0.82157570
v -14.50323081 28.27437983 0.19800210
v -7.07366681 -2.72989358 -1.75925899
v -3.44614196 -3.45192470 1.31900203
v -16.13382125 -26.37026014 1.58800197
v -3.44550097 -3.45264162 1.31952095
v -0.26643896 -8.82342233 2.62700391
v -0.56846404 -8.64898481 3.20197201
v -0.32994604 -9.04464425 2.63633895
v -1.04050243 2.37035642 -2.09199810
v -1.05550170 2.47735034 -2.09199810
v -1.04050243 2.37035642 2.90800190
v -0.68241668 -9.07073774 3.20800209
v -0.44352496 -9.44036664 2.65300202
v -0.50821495 -9.67419137 2.65884209
v -0.79414159 -9.50905313 3.20317101
v -6.86871123 -2.79880251 -2.08999801
v -7.04833007 -2.69510354 -1.74735606
v -6.86016583 -2.79070057 -2.08999801
v -7.03291106 -2.67448963 -1.73987198
v -6.81707501 -2.75047864 -2.08999801
v -1.05550170 2.69335447 -2.09199810
v -1.05550170 2.69335447 2.90800190
v -1.06050658 2.58535252 -2.09199810
v -1.05550170 2.69335447 -2.09199810
v -3.65959692 -3.21136965 0.19800210
v -3.66003990 -3.21088161 0.19759730
v -3.44550097 -3.45264162 -2.09199810
v -14.55648112 28.23197947 0.23845910
v -14.20027137 28.43768893 0.91657668
v -14.55320144 28.23457919 0.23596720
v -7.00659013 -2.64107265 -1.72870505
v -6.99038482 -2.62009157 -1.72219503
v -6.81707501 -2.75047864 -2.08999801
v -6.80880523 -2.74246754 -2.08999801
v -1.04050243 2.79935752 2.90800190
v -1.04050243 2.79935752 -2.09199810
v -1.01450139 2.90435253 -2.09199810
v -3.71862602 -3.14485659 0.14394590
v -3.76850700 -3.08864369 0.09835416
v -3.44550097 -3.45264162 -2.09199810
v -3.76850700 -3.08864369 -2.09199810
v -0.97850591 3.00635753 2.90800190
v -1.01450139 2.90435253 -2.09199810
v -0.97850591 3.00635753 -2.09199810
v -6.93843579 -2.55391468 -1.70037699
v -6.92191911 -2.53293361 -1.69336998
v -6.72169280 -2.66061963 -2.08999801
v -3.66003990 -3.21088161 0.19759730
v -0.93350768 3.10434948 -2.09199810
v -0.97850591 3.00635753 2.90800190
v -0.97850591 3.00635753 -2.09199810
v -3.65781903 -3.21338357 0.19952990
v -3.65959692 -3.21136965 0.19800210
v -3.44550097 -3.45264162 0.38223490
v 1.13238692 6.84723960 -1.99899805
v -6.96407104 -2.58673562 -1.71099102
v -6.76504302 -2.70174159 -2.08999801
v -0.87850738 3.19636045 2.90800190
v -0.93350768 3.10434948 -2.09199810
v -0.87850738 3.19636045 -2.09199810
v -1.05550170 2.47735034 -2.09199810
v -1.06050658 2.58535252 -2.09199810
v -1.06050658 2.58535252 2.90800190
v -14.16098094 28.54850016 -0.07967013
v -6.99038482 -2.62009157 -1.72219503
v -6.80880523 -2.74246754 -2.08999801
v -0.05142796 -7.80743970 2.56750393
v -1.06050658 2.58535252 2.90800190
v -0.10452104 -8.09019269 2.58900189
v -7.37654710 -20.49686040 2.56777811
v -7.00659013 -2.64107265 -1.72870505
v -3.44550097 -3.45264162 2.90800190
v -3.76850700 -3.08864369 2.90800190
v -3.44550097 -3.45264162 1.31952095
v -3.44614196 -3.45192470 1.31900203
v -3.44550097 -3.45264162 1.31952095
v -3.76850700 -3.08864369 2.90800190
v -0.32994604 -9.04464425 2.63633895
v -6.47813201 -19.45218076 2.61611104
v -0.26643896 -8.82342233 2.62700391
v -3.53375006 -3.35320057 1.24291098
v -3.76761389 -3.08965053 1.04000199
v -3.44614196 -3.45192470 1.31900203
v -3.76850700 -3.08864369 1.03917098
v -6.71375823 -2.65321864 -2.08999801
v -0.93350768 3.10434948 2.90800190
v -0.10452104 -8.09019269 2.58900189
v -3.29185295 -3.59464063 0.50507909
v -16.59537101 -26.63920964 0.50600231
v -14.33399081 28.24823008 1.05264103
v -14.32068133 28.26682864 1.04000199
v -14.62885070 28.13101016 0.30657870
v -0.44352496 -9.44036664 2.65300202
v -0.50821495 -9.67419137 2.65884209
v -1.36010531 -11.48957052 2.67513895
v -0.79521728 -10.51121034 2.67514205
v -12.60798144 13.61611949 3.20089602
v -12.26269126 12.82054911 3.19700193
v -8.09379411 5.79525243 3.20084310
v -8.40683484 6.14254246 3.19700193
v -0.79859710 -10.52107038 2.67533398
v -0.80309093 -10.53418054 2.67559004
v -1.24652651 -11.29686059 2.67533207
v 1.43142891 5.57457934 -1.62642300
v 1.70552993 5.73264561 -1.10445702
v 1.43358111 5.55669652 -1.61998796
v -14.55648112 28.23197947 0.23845910
v -14.20027137 28.43768893 0.91657668
v -6.34640288 -2.24950160 -1.97964096
v -6.59193206 -2.12874355 -1.54026699
v -6.33824706 -2.24071254 -1.97694695
v -1.01450139 2.26536046 2.90800190
v -0.81060582 -10.55266084 2.67585206
v -0.81667119 -10.56755056 2.67606211
v -3.39130902 -3.50273647 0.42556149
v -3.44550097 -3.45264162 0.38223490
v -3.08950603 -3.78165163 -2.09199810
v -1.01450139 2.26536046 2.90800190
v -3.29017401 -3.59619655 0.50639850
v -3.29069304 -3.59570851 0.50600231
v -3.44550097 -3.45264162 -2.09199810
v -1.05550170 2.47735034 2.90800190
v -1.10172057 -11.26769056 2.68600202
v -6.39455199 -2.30089368 -1.99574995
v -6.63665605 -2.18182863 -1.56248903
v -6.34640288 -2.24950160 -1.97964096
v 1.72229195 5.63021336 -1.05942798
v 1.44960189 5.42754660 -1.57384896
v 1.44725990 5.44611655 -1.58045399
v -1.05550170 2.47735034 2.90800190
v -3.71132398 -15.78735055 2.68600202
v -6.33824706 -2.24071254 -1.97694695
v -6.57254577 -2.10559549 -1.53077304
v -6.32972503 -2.23184766 -1.97397804
v -3.44550097 -3.45264162 1.31952095
v -3.29185295 -3.59464063 1.43577302
v -3.44550097 -3.45264162 2.90800190
v -0.79521728 -10.51121034 2.67514205
v -0.79672033 -10.51509084 2.67549300
v -1.36010531 -11.48957052 2.67513895
v -0.80392247 -10.53370084 2.67718101
v -3.09064305 -3.78059854 1.58800197
v -0.81173497 -10.55248060 2.67771292
v -1.01450139 2.90435253 2.90800190
v -14.33399081 28.24823008 1.05264103
v -1.15270022 -11.39567079 2.68606806
v -1.15707189 -11.40501012 2.68607092
v -1.10172057 -11.26769056 2.68600202
v -1.01450139 2.90435253 2.90800190
v -0.81215459 -10.55241098 2.67840505
v -14.58921123 27.89218913 1.29504597
v -14.84092116 27.83574877 0.50600231
v -14.88458133 27.77569018 0.54453808
v -14.95215106 27.68274890 0.60412389
v -0.93350768 3.10434948 2.90800190
v -1.17675570 -11.38178052 2.73188400
v -14.39255118 28.16654979 1.10820901
v 4.91948915 0.08335372 1.06722200
v 4.91758180 0.12235512 1.08800197
v 1.46903396 5.20304356 -1.48700404
v -3.08950603 -3.78165163 0.65751648
v -1.03385723 -10.24720086 3.19615412
v -1.32578069 -11.04210080 3.17192101
v -3.38629699 -14.78818025 3.15700197
v -1.40469150 -11.25013055 3.16592097
v -6.66152692 -2.21152248 -1.57466900
v 4.91694093 0.13540132 2.00400209
v 4.90920520 0.29336043 2.08200192
v 4.91948915 0.08335372 2.90800190
v 4.89902711 0.50135295 2.17717409
v 4.89550185 0.57335923 2.21011806
v 4.89550185 0.57335923 2.90800190
v 4.89550185 0.57335923 1.31350195
v 4.89902711 0.50135295 1.27750194
v 4.89550185 0.57335923 -2.09199810
v 4.91948915 0.08335372 1.06722200
v 4.91758180 0.12235512 1.08800197
v -6.53954101 -18.99970998 3.20221710
v -6.33047986 -18.73985090 3.20496392
v -0.44277000 -8.02312269 3.19100189
v -7.23204589 -19.78181066 3.19100189
v 4.91948915 0.08335372 -2.09199810
v -6.68686509 -2.24213161 -1.58676898
v -6.71394086 -2.27515163 -1.59941494
v -0.44277000 -8.02312269 3.19100189
v -0.43392003 -7.98200740 3.18927193
v -7.23204589 -19.78181066 3.19100189
v -0.39639795 -7.80778255 3.18194604
v -0.37987304 -7.69545450 3.17633200
v 4.91948915 0.08335372 1.97830403
v -15.25415111 26.97550975 0.94402027
v -14.83870101 27.30105029 1.58800197
v -15.16076064 27.19161998 0.84346300
v -15.12415099 27.27635966 0.80400211
v -14.88804126 27.18696032 1.64098406
v -14.69421077 27.64305888 1.41930199
v 1.44960189 5.42754660 -1.57384896
v 1.72916603 5.58909045 -1.04149604
v 1.45514894 5.37304126 -1.55342400
v -6.24341416 -1.74590053 -1.37334704
v -15.00827098 27.55028926 0.66930491
v -3.29069304 -3.59570851 0.50600231
v -8.98276305 -21.64902105 3.09842110
v -8.85211682 -21.52514066 3.10848308
v -0.25777996 -6.77502145 3.12175393
v -6.04311204 -1.93983962 -1.87102604
v -6.29180694 -1.79640652 -1.39743400
v -6.00284410 -1.90047158 -1.85572803
v -3.29017401 -3.59619655 0.50639850
v 1.45514894 5.37304126 -1.55342400
v 1.73351502 5.55893956 -1.02762794
v 1.45703292 5.35384665 -1.54616499
v 0.59537005 7.46402941 -0.98699778
v 3.60349488 -3.31854762 -0.21058831
v -16.95703101 -26.60328092 0.30665141
v -1.18637639 -11.40026082 2.73332000
v -1.17712191 -11.38157071 2.73258495
v -14.60822082 27.84624873 1.31900203
v -14.95215106 27.68274890 0.60412389
v -1.18594149 -11.40033044 2.73261404
v -6.48126006 -2.00137855 -1.48647499
v -6.24140716 -2.13997354 -1.94320905
v -6.50667405 -2.02928652 -1.49812400
v -15.12415099 27.27635966 0.80400211
v 3.39969802 -3.56290163 -1.32651103
v 3.41199708 -3.51964368 -1.29027700
v 3.44748902 -3.59335865 -1.35203600
v 3.37948108 -3.54968752 -1.31544900
v 3.41199708 -3.51964368 -1.29027700
v 3.37949586 -3.54970254 -1.31545496
v 3.37949586 -3.54970254 -1.31545496
v 31.76950002 -3.64464368 -1.39499795
v 3.53241897 -3.64464368 -1.39499795
v 3.48449206 -3.45264162 -1.23414695
v 0.08630598 8.86759578 -1.31612802
v 1.75561690 5.36831151 -0.94094032
v 1.47304010 5.12691746 -1.45547605
v 1.46903396 5.20304356 -1.48700404
v 0.00136805 9.07996760 -1.36332202
v -0.00073802 9.08474360 -1.36464596
v -0.26260197 9.73307334 -1.50499797
v -0.00073802 9.08474360 -1.36464596
v -0.26225102 9.73177634 -1.50499797
v -0.26260197 9.73307334 -1.50499797
v -0.40278399 10.06525908 -1.58677101
v -14.58921123 27.89218913 1.29504597
v 3.37514710 -3.55370058 -1.30139995
v 3.37948108 -3.54968752 -1.31544900
v 3.37949586 -3.54970254 -1.31545496
v 0.08630598 8.86759578 -1.31612802
v -0.26260197 9.73307334 -1.50499797
v 0.00136805 9.07996760 -1.36332202
v -14.62885070 28.13101016 0.30657870
v -14.55648112 28.23197947 0.23845910
v 3.37949586 -3.54970254 -1.31545496
v 3.37949586 -3.89458265 -0.74628681
v 3.37514710 -3.55370058 -1.30139995
v -14.08502078 28.53012858 0.82157570
v -14.20027137 28.43768893 0.91657668
v -0.88426000 4.99524937 1.04000199
v -16.13382125 -26.37026014 1.58800197
v -16.01004100 -26.35600080 1.64113402
v -3.09064305 -3.78059854 1.58800197
v -3.08950603 -3.78165163 1.58880699
v -3.09064305 -3.78059854 1.58800197
v -15.47920108 -26.19698133 1.84300196
v 3.36596084 -3.56218447 -1.27167296
v -16.72105098 -26.44293966 1.31900203
v -6.26717210 -1.77046658 -1.38533998
v -15.16076064 27.19161998 0.84346300
v -2.42706090 4.40949546 1.03726602
v -15.25415111 26.97550975 0.94402027
v 3.35651612 -3.57091250 -1.24109805
v -3.29185295 -3.59464063 1.43577302
v -3.09064305 -3.78059854 1.58800197
v 0.18119299 8.61701499 -1.25458801
v 0.08613002 8.86748801 -1.31647003
v 0.08630598 8.86759578 -1.31612802
v -3.44614196 -3.45192470 1.31900203
v -3.53375006 -3.35320057 1.24291098
v -16.72105098 -26.44293966 1.31900203
v 3.33606887 -3.58981861 -1.17443097
v 3.35236621 -3.57475747 -1.22754204
v 3.33530593 -3.86675061 -0.71652299
v 3.35651612 -3.57091250 -1.24109805
v 3.33530593 -3.86675061 -0.71652299
v 3.35236621 -3.57475747 -1.22754204
v 0.00125301 9.07981406 -1.36357701
v -15.09400058 26.32935916 1.95483899
v -15.13051105 25.98081980 2.05664396
v -15.49556136 25.78098880 1.35600197
v -15.47960067 25.93494998 1.31058705
v -15.46071124 26.11755954 1.25672805
v -15.34490085 26.59166919 1.08800197
v 0.08613002 8.86748801 -1.31647003
v 0.00125301 9.07981406 -1.36357701
v 0.08630598 8.86759578 -1.31612802
v 0.00136805 9.07996760 -1.36332202
v 0.08630598 8.86759578 -1.31612802
v 0.00125301 9.07981406 -1.36357701
v 3.36547303 -3.56264247 -0.42399779
v 3.41199708 -3.51964368 -0.38640490
v 3.48449206 -3.45264162 -0.32783011
v -15.49556136 25.78098880 1.35600197
v -15.08929133 25.07736026 1.35600197
v -15.56936145 25.11878978 1.54003704
v -6.57254577 -2.10559549 -1.53077304
v -14.32068133 28.26682864 1.04000199
v 3.48449206 -3.45264162 -1.23414695
v 3.41199708 -3.51964368 -1.29027700
v 3.48449206 -3.45264162 -2.09199810
v -6.59193206 -2.12874355 -1.54026699
v 1.74334192 5.48636828 -0.99354392
v 1.46172500 5.29819737 -1.52454400
v 1.73945093 5.51671849 -1.00803006
v -6.55222917 -2.08195962 -1.52023304
v -6.52229905 -2.04684963 -1.50499797
v 1.75561690 5.36831151 -0.94094032
v 0.10753798 -5.04207362 2.21800208
v -10.67217803 -23.71238126 2.21800208
v 0.10637903 -5.01692762 2.21311307
v -0.61545396 10.56418906 -1.70712495
v -0.62183172 10.57839976 -1.71003604
v -0.61543798 10.56419955 -1.70708895
v -6.63665605 -2.18182863 -1.56248903
v -3.08950603 -3.78165163 0.65751648
v -0.65662938 10.65772925 -1.72750902
v -0.63114721 10.59967910 -1.71470499
v -0.63116252 10.59967910 -1.71472704
v -6.50667405 -2.02928652 -1.49812400
v -0.62181640 10.57840930 -1.71000504
v -0.61543798 10.56419955 -1.70708895
v -0.62183172 10.57839976 -1.71003604
v -3.29185295 -3.59464063 0.50507909
v -14.39255118 28.16654979 1.10820901
v -14.58921123 27.89218913 1.29504597
v -14.60822082 27.84624873 1.31900203
v -0.53584802 10.38017951 -1.66455996
v -0.53591704 10.38016902 -1.66467905
v -0.61543798 10.56419955 -1.70708895
v -3.29069304 -3.59570851 0.50600231
v -3.29185295 -3.59464063 0.50507909
v -3.08950603 -3.78165163 -2.09199810
v -0.61543798 10.56419955 -1.70708895
v -0.63114721 10.59967910 -1.71470499
v -0.62181640 10.57840930 -1.71000504
v -0.62183172 10.57839976 -1.71003604
v -0.63114721 10.59967910 -1.71470499
v -0.62183172 10.57839976 -1.71003604
v -0.63116252 10.59967910 -1.71472704
v 1.70552993 5.73264561 -1.10445702
v 1.70552993 5.73264561 -1.10445702
v 1.43142891 5.57457934 -1.62642300
v 1.69203401 5.80390464 -1.13382900
v -0.53591704 10.38016902 -1.66467905
v -0.53584802 10.38017951 -1.66455996
v -0.45004106 10.17677985 -1.61454201
v -0.53584802 10.38017951 -1.66455996
v -0.40278399 10.06525908 -1.58677101
v -0.45004106 10.17677985 -1.61454201
v -0.26225102 9.73177634 -1.50499797
v -0.40278399 10.06525908 -1.58677101
v -0.61545396 10.56418906 -1.70712495
v -0.61543798 10.56419955 -1.70708895
v -0.53591704 10.38016902 -1.66467905
v -6.21964002 -1.72108962 -1.36151695
v 3.37948108 -3.54968752 -1.31544900
v 1.42049599 5.64730321 -1.65090406
v -6.45604491 -1.97333254 -1.47517598
v -0.63114721 10.59967910 -1.71470499
v -0.62181640 10.57840930 -1.71000504
v -15.57779098 23.98767863 1.79351497
v -15.21473098 24.19719897 2.48469400
v -15.57188106 24.64270983 1.64880800
v -3.08950603 -3.78165163 1.58880699
v -6.28143096 -2.18102063 -1.95745206
v -3.08950603 -3.78165163 2.90800190
v -0.63116252 10.59967910 -1.71472704
v 1.71727204 5.66111241 -1.07304597
v -15.20794082 24.77052890 2.36132908
v 1.73351502 5.55893956 -1.02762794
v 1.73945093 5.51671849 -1.00803006
v -0.62183172 10.57839976 -1.71003604
v -0.61545396 10.56418906 -1.70712495
v -0.53591704 10.38016902 -1.66467905
v 1.46172500 5.29819737 -1.52454400
v 1.74334192 5.48636828 -0.99354392
v 1.46344995 5.27865039 -1.51701105
v -15.48600078 22.73465930 2.01509905
v -15.12785125 22.94135867 2.69692302
v -15.57779098 23.98767863 1.79351497
v -15.21473098 24.19719897 2.48469400
v 3.37514710 -3.55370058 -1.30139995
v 3.12849593 -3.78165163 -2.09199810
v 3.36596084 -3.56218447 -1.27167296
v 1.46344995 5.27865039 -1.51701105
v 1.74840808 5.44332324 -0.97437352
v -2.88178802 -3.93837466 0.80400211
v -15.96932101 -26.60508146 0.80400211
v -2.55624938 -4.16345777 1.01414895
v -15.87767100 -26.59448041 0.84345871
v -2.70250499 -4.07364358 0.92275047
v -2.88060498 -3.93925967 0.80478632
v -2.88178802 -3.93837466 0.80400211
v -5.88966918 -1.79262258 -1.81131494
v -6.17028594 -1.67026259 -1.33639300
v -6.14540601 -1.64496364 -1.32346106
v -2.29050243 -4.32664956 1.17453599
v -14.48867106 -26.17930021 1.35600197
v -2.43742162 -4.23642434 1.08833897
v -7.89282012 -20.51959028 3.16372895
v -7.69443297 -20.31340970 3.17294598
v -2.00211880 -4.46587171 1.33426404
v -6.19785094 -1.69876553 -1.35037303
v -5.94119811 -1.84174062 -1.83152699
v -6.21964002 -1.72108962 -1.36151695
v -6.19471478 -1.69554652 -1.34876394
v -5.98247313 -1.88086464 -1.84783196
v 3.35651612 -3.57091250 -1.24109805
v -1.85050750 -4.53847255 1.41393101
v -1.85550480 -4.53664150 1.41148496
v -2.70443499 -4.07219447 1.84300196
v -14.88458133 27.77569018 0.54453808
v -14.95215106 27.68274890 0.60412389
v -5.99450517 -1.49667861 -1.24312901
v -5.73096204 -1.64865662 -1.74528599
v -6.01441693 -1.51506557 -1.25299799
v -0.82482702 11.02393924 -1.82026303
v -0.87000060 11.12111960 -1.84574497
v -1.07073760 11.55501948 -1.95799804
v -0.70559478 10.76659976 -1.75340104
v -0.87000060 11.12111960 -1.84574497
v -0.82482702 11.02393924 -1.82026303
v -1.07040203 11.55391989 -1.95799804
v -1.07073760 11.55501948 -1.95799804
v -0.87000060 11.12111960 -1.84574497
v -15.34490085 26.59166919 1.08800197
v -2.95686901 -3.88171853 0.75102431
v -3.08950603 -3.78165163 0.65751648
v -2.70250499 -4.07364358 -2.09199810
v 3.33606887 -3.58981861 -1.17443097
v 3.35236621 -3.57475747 -1.22754204
v -2.70250499 -4.07364358 0.92275047
v -2.88060498 -3.93925967 0.80478632
v -2.88178802 -3.93837466 0.80400211
v -3.08950603 -3.78165163 -2.09199810
v 1.24715590 5.20907031 -0.41865671
v 1.24250197 5.22931920 -0.42399779
v 1.24732399 5.20919238 -0.41834241
v 1.24238801 5.23066245 -0.42399779
v 1.24732399 5.20919238 -0.41834241
v 1.24250197 5.22931920 -0.42399779
v -0.87000060 11.12111960 -1.84574497
v 1.24732399 5.20919238 -0.41834241
v 1.27118897 5.09374438 -0.38592181
v 1.27103591 5.09365330 -0.38621300
v 1.24732399 5.20919238 -0.41834241
v 1.27103591 5.09365330 -0.38621300
v 1.24715590 5.20907031 -0.41865671
v -2.70250499 -4.07364358 2.90800190
v -3.08950603 -3.78165163 2.90800190
v -2.70250499 -4.07364358 1.84418905
v -13.00368094 29.23610888 -0.13199770
v 1.00241303 4.98047839 -0.13274831
v 1.24238801 5.23066245 -0.42399779
v -2.70443499 -4.07219447 1.84300196
v -3.08950603 -3.78165163 1.58880699
v -13.99357104 -25.55733098 2.30300212
v -1.85633640 -4.53624477 2.30300212
v -1.97683501 -4.47807874 2.24194598
v 0.99542403 7.87919150 -1.83110201
v 0.99183893 7.88707934 -1.83330595
v 1.24250197 5.22931920 -0.42399779
v 1.24715590 5.20907031 -0.41865671
v 1.32678390 5.08335362 -0.42399779
v -1.18474370 11.77936946 -2.03254390
v 1.27103591 5.09365330 -0.38621300
v 3.48449206 -3.45264162 2.90800190
v 3.12849593 -3.78165163 2.90800190
v 3.48449206 -3.45264162 -0.32783011
v -1.27271059 11.95258914 -2.08999801
v -1.27280220 11.95287905 -2.08999801
v -1.18474370 11.77936946 -2.03254390
v -1.27271059 11.95258914 -2.08999801
v -1.18474370 11.77936946 -2.03254390
v -1.07040203 11.55391989 -1.95799804
v -14.84411120 -25.96302022 2.05688310
v 1.10086298 5.82088719 -0.59019798
v 1.17881989 5.49618064 -0.49859589
v 1.17881989 5.49618064 -0.49859589
v 1.10100794 5.82093344 -0.58993810
v 3.41199708 -3.51964368 -0.38640490
v -4.88050604 18.20110903 -2.08999801
v -1.18474370 11.77936946 -2.03254390
v -1.27280220 11.95287905 -2.08999801
v -2.65458500 4.26978551 2.08200192
v -15.13962054 25.89402018 2.08200192
v 3.36547303 -3.56264247 -0.42399779
v -13.63734126 -25.77340116 1.60500205
v -1.45969941 -4.68080653 1.60500205
v -13.16620135 14.15856944 2.65300202
v -12.89018130 13.45334922 2.66392303
v -12.70694137 13.87854968 3.20268989
v 31.76950002 -3.26865162 -1.07999802
v 3.64777589 -3.26865162 -1.07999802
v -12.89018130 13.45334922 2.66392303
v -1.40250190 -4.70164956 1.63105798
v -1.45969941 -4.68080653 1.60500205
v 3.64777589 -3.26865162 -1.07999802
v -14.76500106 -25.92771138 2.08200192
v -14.55902076 -25.83777036 2.14310598
v -2.29207402 -4.32568874 2.08200192
v -13.16620135 14.15856944 2.65300202
v -8.02199292 5.24914037 2.65300202
v -12.89018130 13.45334922 2.66392303
v 31.76187062 -1.94164063 -0.11799780
v 31.76950002 -1.99088063 -0.15145040
v 4.49488282 -1.94164063 -0.11799780
v -2.51940709 -4.18608560 1.03717506
v 0.49095392 8.89806758 -2.08999801
v -1.07040203 11.55391989 -1.95799804
v 0.50540400 8.87083064 -2.08394599
v 0.58488703 8.72033225 -2.04886794
v 0.56118989 8.76536189 -2.05976200
v 0.53737903 8.81025229 -2.06973696
v 31.76950002 -2.39244546 0.51063812
v -1.27271059 11.95258914 -2.08999801
v 31.76950002 -2.86264552 0.16400220
v 3.68326783 -3.22864260 -0.13199770
v -8.80122924 6.12374364 2.67826509
v -9.33613420 6.85428820 2.73211002
v -8.80698895 6.12891637 2.67606902
v -8.80212188 6.12264548 2.67596507
v -14.66035056 20.11549960 3.00810790
v 1.24250197 5.22931920 -0.42399779
v 1.32678390 5.08335362 -0.42399779
v 0.50213790 8.86922847 -2.08999801
v 0.49095392 8.89806758 -2.08999801
v 0.50540400 8.87083064 -2.08394599
v -9.27255797 6.72898350 2.68600202
v -8.80698895 6.12891637 2.67606902
v -9.33613420 6.85428820 2.73211002
v 0.52643800 8.80491267 -2.08999801
v 0.50213790 8.86922847 -2.08999801
v 0.50540400 8.87083064 -2.08394599
v 0.53737903 8.81025229 -2.06973696
v -15.16418147 -26.10554113 1.95516896
v -9.10832810 6.98586522 3.16590405
v -9.33586717 6.85444127 2.73261309
v -8.96665692 6.81203757 3.17191911
v -8.80103803 6.12397252 2.67875504
v -8.60323882 6.36602221 3.18724895
v 3.80749011 -3.08864369 -0.94019192
v 3.64777589 -3.26865162 -1.07999802
v 3.80749011 -3.08864369 -2.09199810
v 3.60349488 -3.31854762 -1.12179804
v 3.48449206 -3.45264162 -1.23414695
v -9.36031079 6.84032641 2.68606997
v 0.52643800 8.80491267 -2.08999801
v 0.53737903 8.81025229 -2.06973696
v 0.54532099 8.75620661 -2.08999801
v 0.56118989 8.76536189 -2.05976200
v -8.80212188 6.12264548 2.67596507
v -8.78986096 6.10686742 2.67570305
v -8.78916001 6.10727940 2.67704511
v -8.78916001 6.10727940 2.67704511
v 0.54532099 8.75620661 -2.08999801
v 0.56118989 8.76536189 -2.05976200
v 0.56391406 8.70624839 -2.08999801
v 0.58488703 8.72033225 -2.04886794
v -8.51928496 6.26314746 3.19080305
v -8.78890014 6.10741626 2.67752910
v -2.29050243 -4.32664956 2.90800190
v -2.70250499 -4.07364358 2.90800190
v -2.29050243 -4.32664956 2.08284497
v 0.56391406 8.70624839 -2.08999801
v 0.54532099 8.75620661 -2.08999801
v -2.29207402 -4.32568874 2.08200192
v -3.29069304 -3.59570851 0.50600231
v -9.36031079 6.84032641 2.68606997
v -9.33613420 6.85428820 2.73211002
v -9.36620879 6.84878026 2.68607306
v -14.28301120 18.57353984 3.10825801
v -14.32412124 18.74458895 3.09842491
v -14.61377120 18.38266001 2.47855496
v -9.34742522 6.87179051 2.73334694
v -9.33586717 6.85444127 2.73261309
v -9.10832810 6.98586522 3.16590405
v -9.17635894 7.08146153 3.16403389
v 1.76669502 5.18802844 -0.85478520
v 1.76832008 5.14060460 -0.83092982
v 1.76542902 5.21728049 -0.86924851
v 1.76287293 5.26360522 -0.89165658
v 1.75561690 5.36831151 -0.94094032
v 1.76136208 5.29319249 -0.90609080
v 1.75135994 5.41324864 -0.96103013
v 1.74840808 5.44332324 -0.97437352
v -9.34763122 6.87154637 2.73284006
v -9.36620879 6.84878026 2.68607306
v -9.27255797 6.72898350 2.68600202
v -9.36031079 6.84032641 2.68606997
v -14.44727111 19.25702868 3.06900191
v -14.95753074 19.74475871 2.37244701
v 0.50213790 8.86922847 -2.08999801
v 0.49095392 8.89806758 -2.08999801
v 0.52643800 8.80491267 -2.08999801
v 0.58735895 8.64153682 -2.08999801
v 1.71727204 5.66111241 -1.07304597
v 1.71204591 5.69240819 -1.08669603
v 1.73351502 5.55893956 -1.02762794
v 1.72916603 5.58909045 -1.04149604
v 1.72229195 5.63021336 -1.05942798
v -14.55917144 19.70773898 3.03703690
v -2.29050243 -4.32664956 1.17453599
v -2.43742162 -4.23642434 1.08833897
v -2.29050243 -4.32664956 -2.09199810
v -2.43799382 -4.23607339 1.08800197
v -2.51940709 -4.18608560 1.03717506
v -2.55624938 -4.16345777 1.01414895
v -2.70250499 -4.07364358 0.92275047
v -2.70250499 -4.07364358 -2.09199810
v -9.89902282 7.61309348 2.68633509
v -2.70250499 -4.07364358 1.84418905
v -2.42669469 -4.24301662 2.00400209
v -14.96221137 19.76330004 2.37100196
v -9.65948272 7.75133763 3.14236403
v -9.85732055 7.63715659 2.76572800
v -9.43204999 7.44066821 3.15700197
v -9.85759616 7.63700352 2.76521611
v -14.66035056 20.11549960 3.00810790
v -15.00224090 19.91805850 2.35725307
v -9.86811709 7.65494738 2.76597595
v -9.85732055 7.63715659 2.76572800
v -9.65948272 7.75133763 3.14236403
v -9.71565127 7.84084521 3.14099789
v -9.86832309 7.65468846 2.76546192
v -9.90048766 7.61547337 2.68633604
v -9.85759616 7.63700352 2.76521611
v -9.89902282 7.61309348 2.68633509
v 0.51509309 6.65333043 -1.39499795
v 0.53096199 6.60228930 -1.38511205
v 0.51511598 6.65320836 -1.39499795
v -1.39964080 -4.70238246 2.50459504
v -1.40119720 -4.70198573 2.50400209
v -12.28854060 -24.49062146 2.68300200
v 0.55549788 6.51607762 -1.36681294
v 0.53094697 6.60227452 -1.38513398
v 0.55551410 6.51609240 -1.36679006
v 0.53096199 6.60228930 -1.38511205
v 0.55551410 6.51609240 -1.36679006
v 0.53094697 6.60227452 -1.38513398
v 1.76287293 5.26360522 -0.89165658
v 1.47448897 5.07134543 -1.43129802
v 1.76136208 5.29319249 -0.90609080
v -1.85050750 -4.53847255 2.30559897
v -1.85550480 -4.53664150 2.30339193
v -13.75708079 -25.42465963 2.36133003
v 0.55549788 6.51607762 -1.36681294
v -12.96877074 29.25618945 -1.07999802
v 0.53094697 6.60227452 -1.38513398
v 0.75474000 5.80494128 -1.21324897
v -14.16893077 18.18965922 3.12660694
v -14.28301120 18.57353984 3.10825801
v -14.56833053 18.23482905 2.48812103
v -15.47920108 -26.19698133 1.84300196
v 0.77676606 5.71581565 -1.19185901
v 0.75474000 5.80494128 -1.21324897
v 0.75475502 5.80494128 -1.21322703
v 0.77676606 5.71581565 -1.19185901
v 0.75475502 5.80494128 -1.21322703
v 0.77677393 5.71581565 -1.19183600
v -2.70443499 -4.07219447 1.84300196
v -3.08950603 -3.78165163 1.58880699
v -15.47920108 -26.19698133 1.84300196
v -10.34806705 8.44532309 2.77721596
v 0.87539911 5.27833043 -1.07999802
v 0.77676606 5.71581565 -1.19185901
v 0.87539101 5.27842246 -1.07999802
v 0.77677393 5.71581565 -1.19183600
v 0.87539101 5.27842246 -1.07999802
v 0.77676606 5.71581565 -1.19185901
v -10.34833407 8.44517146 2.77670193
v -10.39575839 8.41778098 2.68642712
v -14.61377120 18.38266001 2.47855496
v -13.99357104 -25.55733098 2.30300212
v -1.85633640 -4.53624477 2.30300212
v -1.85550480 -4.53664150 2.30339193
v -1.85633640 -4.53624477 2.30300212
v -13.75708079 -25.42465963 2.36133003
v -2.29050243 -4.32664956 2.08284497
v -5.98853087 3.88178550 3.14037800
v -5.80629516 3.75525938 3.12175298
v -14.06091094 17.82593928 3.14400196
v 0.55551410 6.51609240 -1.36679006
v 0.75475502 5.80494128 -1.21322703
v 0.75474000 5.80494128 -1.21324897
v 0.55551410 6.51609240 -1.36679006
v 0.75474000 5.80494128 -1.21324897
v 0.55549788 6.51607762 -1.36681294
v -8.77667785 6.09174643 2.67533207
v -8.77637315 6.09139548 2.67532396
v -8.77665496 6.09174643 2.67536211
v -1.96338439 -4.48456373 1.35572004
v 1.74515700 5.47254430 -0.98699778
v 1.74840808 5.44332324 -0.97437352
v -1.96287319 -4.48480739 1.35600197
v 0.77676606 5.71581565 -1.19185901
v -12.64360118 29.44392024 -1.39499795
v 0.51511598 6.65320836 -1.39499795
v 0.87539911 5.27833043 -1.07999802
v 1.45703292 5.35384665 -1.54616499
v -8.77633500 6.09180747 2.67583609
v -8.77152801 6.08585654 2.67518711
v -8.42609191 6.16315757 3.19593906
v -1.96287319 -4.48480739 1.35600197
v -1.59345037 -12.22496022 2.76527405
v -1.55198461 -12.24891080 2.68633699
v -1.18594149 -11.40033044 2.73261404
v 1.76136208 5.29319249 -0.90609080
v -8.78986096 6.10686742 2.67570305
v -8.78916001 6.10727940 2.67704511
v -8.77665496 6.09174643 2.67536211
v -8.78916001 6.10727940 2.67704511
v -8.77667785 6.09174643 2.67533207
v -1.85550480 -4.53664150 2.90800190
v -2.29050243 -4.32664956 2.90800190
v -1.85550480 -4.53664150 2.30339193
v -1.97683501 -4.47807874 2.24194598
v -1.85633640 -4.53624477 2.30300212
v -2.29050243 -4.32664956 2.08284497
v -8.51928496 6.26314746 3.19080305
v -8.78890014 6.10741626 2.67752910
v -14.34241080 17.48596965 2.52973008
v -14.13046145 16.78121958 2.56777906
v -13.89131141 17.23773013 3.16373110
v 1.72916603 5.58909045 -1.04149604
v -13.81262088 16.96477900 3.17287397
v 1.09808588 6.95316563 -2.02537704
v -14.53568053 18.12854968 2.49500203
v -14.06091094 17.82593928 3.14400196
v 1.07598305 7.01922045 -2.04112411
v 1.07954597 7.00876818 -2.03869891
v 1.07954597 7.00876818 -2.03869891
v 0.01949501 5.08335362 -0.45007560
v -2.00211880 -4.46587171 1.33426404
v -2.29050243 -4.32664956 1.17453599
v -1.85550480 -4.53664150 -2.09199810
v -2.29050243 -4.32664956 -2.09199810
v 0.40249801 5.06420336 -0.68407023
v 0.17225897 5.07570945 -0.54334182
v -10.12472415 23.50610934 -0.75999779
v -1.96338439 -4.48456373 1.35572004
v 1.05709291 7.07493029 -2.05416608
v 1.05363703 7.08529149 -2.05664802
v 1.07598305 7.01922045 -2.04112411
v -1.96287319 -4.48480739 1.35600197
v -1.85550480 -4.53664150 1.41148496
v 1.01210189 7.20615636 -2.08439398
v 1.03508997 7.14061938 -2.06980109
v 1.01210189 7.20615636 -2.08439398
v 1.00875306 7.21604453 -2.08670807
v 1.05363703 7.08529149 -2.05664802
v 1.03508997 7.14061938 -2.06980109
v -1.55198461 -12.24891080 2.68633699
v -2.00125670 -13.08121099 2.68642712
v -14.50323081 28.27437983 0.19800210
v -14.16098094 28.54850016 -0.07967013
v -1.04198247 4.96041356 0.19800210
v 1.00357294 7.23082934 -2.08999801
v -0.93650609 4.98736058 0.13084440
v -0.95640349 4.98226462 0.14352560
v -1.40250190 -4.70164956 2.50345397
v -1.52631933 -4.65654458 2.44872999
v -13.17006087 -25.08463086 2.50400209
v -1.35169771 4.88132725 1.32027304
v -0.95095623 -4.81696071 2.67572093
v -0.75697118 5.01450644 0.96201998
v -1.45349669 -11.35695066 3.16404605
v -0.46050799 5.05935155 0.78019750
v -0.85739690 4.99932347 1.02354097
v -1.59382421 -12.22474088 2.76598501
v -2.04892519 -13.05368032 2.77717996
v -0.28582597 5.06809436 0.67366558
v -0.41023803 5.06186925 0.75095779
v -8.19179320 5.42177830 2.65884089
v -9.31029296 7.01896153 2.67518592
v -1.59345037 -12.22496022 2.76527405
v -13.25248122 15.30747901 3.20219803
v -13.35683131 15.61987983 3.19864988
v -13.55426097 15.13316928 2.62767005
v -13.95795131 16.29409037 2.58900189
v 0.01949501 5.08335362 0.48460349
v -13.66367126 28.85509883 0.45900229
v -0.28582597 5.06809436 0.67366558
v 0.06329596 5.08115636 0.45900229
v -9.23292279 6.88215123 2.67532206
v -8.77637315 6.09139548 2.67532396
v -8.77667785 6.09174643 2.67533207
v -8.78986096 6.10686742 2.67570305
v -8.80212188 6.12264548 2.67596507
v -8.80698895 6.12891637 2.67606902
v 0.49949908 5.05935155 0.18575290
v -13.32068133 29.05311023 0.16400220
v 0.40249801 5.06420336 0.24651700
v 0.86187196 5.00454245 -0.04399770
v -13.00368094 29.23610888 -0.13199770
v 0.54220009 5.05289756 0.16031981
v 0.53643990 5.05376635 0.16400220
v 0.17440200 5.07560263 0.38940060
v 0.06447804 5.08111058 0.45826080
v -3.02037597 -14.67402066 2.75913095
v -4.01715589 -16.21943082 2.70937800
v -3.71132398 -15.78735055 2.68600202
v -9.27255797 6.72898350 2.68600202
v -2.98210704 -14.69610013 2.68628693
v -13.58230090 16.29492961 3.19100189
v -13.81262088 16.96477900 3.17287397
v -14.13046145 16.78121958 2.56777906
v -13.25248122 15.30747901 3.20219803
v -13.55426097 15.13316928 2.62767005
v -13.52062106 15.04872905 2.62986112
v -3.22501898 -14.55592050 3.14872909
v -3.38629699 -14.78818025 3.15700197
v -3.02075005 -14.67380037 2.75984311
v -13.13195109 14.99646960 3.20495391
v -1.40250190 -4.70164956 2.90800190
v -1.85550480 -4.53664150 2.90800190
v -1.40250190 -4.70164956 2.50345397
v -3.02075005 -14.67380037 2.75984311
v -2.99935699 -14.63813104 2.76022005
v -3.22501898 -14.55592050 3.14872909
v -3.11186004 -14.37199106 3.14661002
v -8.77152801 6.08585654 2.67518711
v -8.77633500 6.09180747 2.67583609
v -9.31029296 7.01896153 2.67518592
v -8.78890014 6.10741626 2.67752910
v -8.80103803 6.12397252 2.67875504
v -9.33586717 6.85444127 2.73261309
v -2.98210704 -14.69610013 2.68628693
v -2.97782695 -14.68905057 2.68628812
v -3.02037597 -14.67402066 2.75913095
v -2.99915099 -14.63862027 2.75950503
v -13.13195109 14.99646960 3.20495391
v -12.99902129 14.65311919 3.20800209
v -7.29604888 4.98342334 3.20240498
v -2.52008611 4.35236655 2.00400209
v -9.23292279 6.88215123 2.67532206
v -8.80122924 6.12374364 2.67826509
v -8.78916001 6.10727940 2.67704511
v -8.77665496 6.09174643 2.67536211
v -8.77637315 6.09139548 2.67532396
v -12.60798144 13.61611949 3.20089602
v -9.89902282 7.61309348 2.68633509
v -9.90048766 7.61547337 2.68633604
v -10.39575839 8.41778098 2.68642712
v -2.23423558 -12.94665040 3.12997103
v -2.04892519 -13.05368032 2.77717996
v -1.54982549 -4.64798440 1.56099296
v -1.40250190 -4.70164956 -2.09199810
v -1.45969941 -4.68080653 1.60500205
v -2.04855129 -13.05390062 2.77646494
v -2.00125670 -13.08121099 2.68642712
v -1.52631933 -4.65654458 2.44872999
v 3.80749011 -3.08864369 -0.01877373
v 3.48449206 -3.45264162 2.90800190
v 3.68326783 -3.22864260 -0.13199770
v -1.85550480 -4.53664150 2.30339193
v -1.85050750 -4.53847255 2.30559897
v -1.79139499 -12.11063089 3.14211202
v -2.23423558 -12.94665040 3.12997103
v -1.59382421 -12.22474088 2.76598501
v -2.04892519 -13.05368032 2.77717996
v -2.00125670 -13.08121099 2.68642712
v -1.55198461 -12.24891080 2.68633699
v -2.04855129 -13.05390062 2.77646494
v -9.34742522 6.87179051 2.73334694
v -1.59345037 -12.22496022 2.76527405
v -2.42706090 4.40949546 1.03726602
v 3.48449206 -3.45264162 -2.09199810
v -9.86832309 7.65468846 2.76546192
v -9.85759616 7.63700352 2.76521611
v -1.85050750 -4.53847255 1.41393101
v -1.85550480 -4.53664150 1.41148496
v -3.36131096 3.69640647 1.60500205
v -1.40250190 -4.70164956 1.63105798
v -9.71565127 7.84084521 3.14099789
v -9.65948272 7.75133763 3.14236403
v -9.43204999 7.44066821 3.15700197
v -1.85550480 -4.53664150 -2.09199810
v 3.80749011 -3.08864369 2.90800190
v 1.09808588 6.95316563 -2.02537704
v 1.32384706 7.08362828 -1.59546101
v 1.13238692 6.84723960 -1.99899805
v -14.60822082 27.84624873 1.31900203
v -14.69421077 27.64305888 1.41930199
v -1.34945470 4.88190757 1.31900203
v 3.48449206 -3.45264162 -0.32783011
v 3.60349488 -3.31854762 -0.21058831
v -8.60323882 6.36602221 3.18724895
v -8.51928496 6.26314746 3.19080305
v -11.86194110 11.87676917 3.17612910
v -8.42609191 6.16315757 3.19593906
v -8.40683484 6.14254246 3.19700193
v -13.17006087 -25.08463086 2.50400209
v -1.40119720 -4.70198573 2.50400209
v 4.39976001 2.31263242 2.87989092
v 4.84159303 2.60434948 2.96700191
v -9.17635894 7.08146153 3.16403389
v -9.10832810 6.98586522 3.16590405
v -11.18102908 10.46991931 3.15700197
v -8.96665692 6.81203757 3.17191911
v -0.93650609 -4.82065381 2.68123293
v 0.07205403 -6.94954480 2.49500203
v 0.12562799 -6.41734876 2.43419290
v -4.58727002 2.99891148 2.96700191
v -12.71654105 -25.23153104 1.83400202
v -0.93650609 -4.82065381 1.83234894
v -0.47915399 -4.88982143 2.00400209
v -12.50446105 -25.08776082 1.87851906
v -0.93137151 -4.82141675 1.83441305
v -7.58157897 5.27022849 3.20800209
v -12.70694137 13.87854968 3.20268989
v -7.90588212 5.58677159 3.20315599
v -1.40250190 4.86835728 2.90800190
v -0.48950696 3.55535351 2.90800190
v -0.93650609 4.98736058 2.90800190
v -0.39350700 3.60235034 2.90800190
v -0.29450798 3.63834654 2.90800190
v 4.09349990 -2.69464649 -0.64251131
v 4.25895095 -2.41264858 -0.43799779
v 31.76950002 -2.85664858 -0.75999779
v 31.76950002 -2.41264858 -0.43799779
v -0.95095623 -4.81696071 2.67572093
v -1.40250190 -4.70164956 2.90800190
v -1.39964080 -4.70238246 2.50459504
v -1.40250190 -4.70164956 2.50345397
v -1.40119720 -4.70198573 2.50400209
v 4.49488282 -1.94164063 -0.11799780
v 4.54648805 -1.83064760 -0.04684966
v 31.76187062 -1.94164063 -0.11799780
v -0.67850280 0.65535991 2.90800190
v -4.05450201 2.86135350 2.90800190
v -0.73050481 0.58436082 2.90800190
v 4.54648805 -1.83064760 0.89177638
v 31.71532750 -2.04564466 0.75200230
v 4.62644410 -1.60265054 1.04000199
v -0.48150396 0.83335374 2.90800190
v -0.58050299 1.66935240 2.90800190
v -0.55350304 0.78135173 2.90800190
v -12.99902129 14.65311919 3.20800209
v -0.39350700 1.56835447 2.90800190
v -0.48950696 1.61435936 2.90800190
v -0.40550804 0.87935893 2.90800190
v 4.09349990 -2.69464649 0.28915361
v 3.97155213 -2.86264552 0.16400220
v -0.19150305 1.50535045 2.90800190
v -0.29450798 1.53135143 2.90800190
v -0.24250603 0.94735209 2.90800190
v -0.61850530 0.72135423 2.90800190
v -0.93650609 -4.82065381 2.68123293
v -0.93650609 -4.82065381 2.90800190
v -2.99935699 -14.63813104 2.76022005
v 0.01949501 1.48435448 2.90800190
v -0.08650804 1.48935936 2.90800190
v -0.06850195 0.98134838 2.90800190
v -3.02037597 -14.67402066 2.75913095
v -2.99915099 -14.63862027 2.75950503
v 0.01949501 0.98534642 2.90800190
v 3.80749011 -3.08864369 -0.94019192
v 3.80749011 -3.08864369 -2.09199810
v 4.09349990 -2.69464649 -2.09199810
v 0.10749304 0.98134838 2.90800190
v 0.90979195 7.61673938 -2.08999801
v 0.92489791 7.56061850 -2.08999801
v -2.97782695 -14.68905057 2.68628812
v -2.98210704 -14.69610013 2.68628693
v 4.09349990 -2.69464649 -0.64251131
v 3.97590089 -2.85664858 -0.75999779
v 0.19549799 0.96834825 2.90800190
v 0.28149605 0.94735209 2.90800190
v 0.23049402 1.50535045 2.90800190
v -3.71132398 -15.78735055 2.68600202
v -0.93650609 -4.82065381 1.83234894
v -1.02446538 -4.79817762 1.79432499
v -0.93650609 -4.82065381 -2.09199810
v -1.40250190 -4.70164956 1.63105798
v -1.40250190 -4.70164956 -2.09199810
v 1.20011401 6.61977635 -1.94341505
v 1.21591401 6.56424962 -1.92920399
v 1.21938491 6.55185948 -1.92598701
v 3.80749011 -3.08864369 -0.01877373
v 3.97155213 -2.86264552 0.16400220
v 3.80749011 -3.08864369 2.90800190
v -3.22501898 -14.55592050 3.14872909
v -3.11186004 -14.37199106 3.14661002
v -3.38629699 -14.78818025 3.15700197
v -1.63511443 -11.75528039 3.15700197
v -2.23423558 -12.94665040 3.12997103
v -1.79139499 -12.11063089 3.14211202
v 0.44449806 0.87935893 2.90800190
v 0.52049494 0.83335374 2.90800190
v 0.52849793 1.61435936 2.90800190
v 4.09349990 -2.69464649 0.28915361
v -0.38174200 -4.89658059 2.03900194
v -0.46050799 -4.89264478 2.01100707
v -0.47777295 -4.89003457 2.00451994
v 0.59249306 0.78135173 2.90800190
v 0.61949396 1.66935240 2.90800190
v 0.36449599 0.91735332 2.90800190
v 0.43249702 1.56835447 2.90800190
v -13.52062106 15.04872905 2.62986112
v -13.55426097 15.13316928 2.62767005
v -7.01987195 4.27781163 2.58900189
v -13.95795131 16.29409037 2.58900189
v 0.65749598 0.72135423 2.90800190
v 0.70449305 1.73435448 2.90800190
v -1.02726543 -10.22565068 3.19700193
v 1.38707900 5.84563742 -1.71620095
v -9.15079999 24.06836901 -1.70199800
v 1.38406610 5.86171923 -1.72168005
v 1.37005091 5.93239842 -1.74509895
v 1.37323189 5.91665135 -1.73993802
v 1.38406610 5.86171923 -1.72168005
v 1.37323189 5.91665135 -1.73993802
v 4.09349990 -2.69464649 2.90800190
v -0.38002598 -4.89667262 2.03955412
v -0.38174200 -4.89658059 2.03900194
v 4.82549500 1.05835937 2.90800190
v -0.45152104 -4.89310159 2.83800197
v -0.46050799 -4.89264478 2.83525491
v -1.63511443 -11.75528039 3.15700197
v -4.14607000 -15.90677060 3.17358804
v 31.76950002 -2.41264858 -0.43799779
v -0.93160802 -4.82138576 2.68300200
v -11.35306430 -23.77363004 2.83800197
v -11.12273192 -23.59798993 2.87134910
v -5.57382703 -17.81161107 3.20268893
v -5.39686394 -17.59572019 3.20090389
v -0.88201690 -9.77917947 3.20084405
v 4.25895095 -2.41264858 -0.43799779
v 4.34049392 -2.27364053 -0.34356040
v 1.35595202 6.00203953 -1.76791203
v 1.37005091 5.93239842 -1.74509895
v 1.38707900 5.84563742 -1.71620095
v 1.39583802 5.80231724 -1.70199800
v 0.71749306 0.65535991 2.90800190
v -9.85732055 7.63715659 2.76572800
v -11.26527953 10.09720908 2.75980592
v -10.34806705 8.44532309 2.77721596
v -9.86811709 7.65494738 2.76597595
v 31.68666005 -1.44864358 0.19800210
v 4.68044496 -1.44864358 0.19800210
v -11.87722087 -24.17998113 2.75194693
v -0.68241668 -9.07073774 3.20800209
v -0.79414159 -9.50905313 3.20317101
v -0.93247008 -4.82126369 1.83400202
v -9.34763122 6.87154637 2.73284006
v -9.33613420 6.85428820 2.73211002
v 4.76404786 -1.14264454 1.31900203
v 4.70849109 -1.36864259 1.18192804
v 31.36695027 -1.14264454 1.31900203
v 1.28761506 6.29323827 -1.85512102
v 1.29109406 6.27947436 -1.85121799
v 1.29445910 6.26561938 -1.84717298
v -9.15079999 24.06836901 -1.70199800
v 1.29109406 6.27947436 -1.85121799
v 1.30813789 6.21033726 -1.83123302
v 1.29445910 6.26561938 -1.84717298
v -0.93137151 -4.82141675 1.83441305
v -0.93247008 -4.82126369 1.83400202
v -0.47915399 -4.88982143 2.00400209
v -0.93137151 -4.82141675 1.83441305
v -0.46050799 -4.89264478 -2.09199810
v 1.32423592 6.14158164 -1.81061006
v -15.18509078 20.83123027 2.26124811
v -0.91923308 -4.82326259 2.68700194
v -0.93650609 -4.82065381 2.90800190
v -0.93160802 -4.82138576 2.68300200
v -0.93650609 -4.82065381 2.68123293
v -0.30447900 -7.18279781 3.15073395
v 1.23771095 6.48447619 -1.90800595
v 1.25603700 6.41639243 -1.88966894
v 1.27007508 6.36086522 -1.87391901
v 1.22290993 6.53921042 -1.92269003
v 1.32082605 6.15592442 -1.81486595
v 1.21938491 6.55185948 -1.92598701
v 1.22290993 6.53921042 -1.92269003
v 4.34049392 -2.27364053 -0.34356040
v 4.25895095 -2.41264858 -0.43799779
v 4.34049392 -2.27364053 -2.09199810
v 4.09349990 -2.69464649 -0.64251131
v 4.09349990 -2.69464649 -2.09199810
v -14.95753074 19.74475871 2.37244701
v -5.28301001 2.99907933 2.37100196
v -14.61377120 18.38266001 2.47855496
v -14.96221137 19.76330004 2.37100196
v -0.46050799 -4.89264478 2.90800190
v -0.46050799 -4.89264478 2.83525491
v -0.15650702 0.96834825 2.90800190
v -14.34241080 17.48596965 2.52973008
v -6.80186200 4.09095250 2.56751108
v -14.13046145 16.78121958 2.56777906
v -6.94654584 4.20946751 2.58239198
v -13.95795131 16.29409037 2.58900189
v -0.93650609 -4.82065381 1.83234894
v -0.93650609 -4.82065381 -2.09199810
v 4.22725892 -2.46664967 0.45900229
v 4.34049392 -2.27364053 0.59332281
v 4.09349990 -2.69464649 2.90800190
v -0.46050799 -4.89264478 2.01100707
v -0.47777295 -4.89003457 2.00451994
v -0.93137151 -4.82141675 1.83441305
v -0.93247008 -4.82126369 1.83400202
v -0.46050799 -4.89264478 -2.09199810
v -0.93247008 -4.82126369 1.83400202
v 0.01949501 -4.91664638 2.35032296
v -0.03483403 -4.91393079 2.46988702
v 0.10637903 -5.01692762 2.21311307
v 1.15705299 6.76513158 -1.97912598
v 1.14058900 6.82076560 -1.99281096
v 1.13707900 6.83225547 -1.99553895
v 1.14058900 6.82076560 -1.99281096
v 1.13707900 6.83225547 -1.99553895
v -0.07548296 -4.91190042 2.55933595
v 4.34049392 -2.27364053 2.90800190
v 4.09349990 -2.69464649 0.28915361
v -0.66550243 1.73435448 2.90800190
v 1.18374109 6.67510424 -1.95702600
v 1.18032289 6.68706761 -1.96007204
v 1.16401911 6.74186145 -1.97347701
v -9.15079999 24.06836901 -1.70199800
v 1.16054010 6.75364123 -1.97637200
v 1.18032289 6.68706761 -1.96007204
v 1.16401911 6.74186145 -1.97347701
v -0.21205699 -5.34209146 2.96700191
v -5.12927008 2.90380345 2.34347892
v -15.00224090 19.91805850 2.35725307
v -0.74450469 1.80636142 2.90800190
v -0.23853099 -4.90373744 2.89468503
v -0.20115399 -5.49300136 2.98819709
v -3.02075005 -14.67380037 2.75984311
v 1.16054010 6.75364123 -1.97637200
v 1.18374109 6.67510424 -1.95702600
v -2.04855129 -13.05390062 2.77646494
v -0.87850738 1.97335337 2.90800190
v -0.81550390 1.88634740 2.90800190
v 4.62644410 -1.60265054 1.04000199
v 4.44651198 -2.04564466 0.75200230
v 0.78349495 1.80636142 2.90800190
v 0.85449409 1.88634740 2.90800190
v -14.53568053 18.12854968 2.49500203
v -6.12238908 3.55684934 2.49500203
v -4.87901092 -16.89679136 3.19700193
v -4.45973802 -16.85809125 2.67514706
v -4.28547502 -16.11186971 3.17664099
v -0.03483403 -4.91393079 2.46988702
v 0.01949501 -4.91664638 2.90800190
v -0.07548296 -4.91190042 2.55933595
v 0.01949501 -4.91664638 2.35032296
v -0.13755596 -4.90878762 2.68700194
v -0.23853099 -4.90373744 2.89468503
v -0.13329101 -4.90900172 2.67822599
v -0.46050799 -4.89264478 2.90800190
v 4.54648805 -1.83064760 -0.04684966
v 4.49488282 -1.94164063 -0.11799780
v 4.54648805 -1.83064760 -2.09199810
v 4.34049392 -2.27364053 -0.34356040
v 4.34049392 -2.27364053 -2.09199810
v -14.84092116 27.83574877 0.50600231
v -0.46050799 -4.89264478 -2.09199810
v 0.01949501 -4.91664638 -2.09199810
v -0.46050799 -4.89264478 2.01100707
v -0.38174200 -4.89658059 2.03900194
v 0.33349800 1.53135143 2.90800190
v -2.50832921 4.35959826 1.08800197
v 0.12549806 1.48935936 2.90800190
v -4.03944206 -16.25396146 2.70826101
v -4.44839311 -16.84250058 2.67534208
v -4.02596807 -16.26175107 2.68260598
v 4.44651198 -2.04564466 0.75200230
v 4.54648805 -1.83064760 0.89177638
v 4.34049392 -2.27364053 2.90800190
v 4.34049392 -2.27364053 0.59332281
v -4.00977111 -16.23734082 2.68278098
v 4.54648805 -1.83064760 2.90800190
v -4.14607000 -15.90677060 3.17358804
v -4.01735497 -16.21895017 2.71008492
v -0.45152104 -4.89310159 2.83800197
v -0.81550390 3.28335033 2.90800190
v -0.74450469 3.36335240 2.90800190
v -1.85550480 4.70235644 2.90800190
v -0.46050799 -4.89264478 2.83525491
v 0.01949501 -4.91664638 2.16792107
v -0.38002598 -4.89667262 2.03955412
v -15.57008147 24.84114848 1.60500205
v 4.68044496 -1.44864358 0.19800210
v 31.67649007 -1.38087954 0.23876600
v -0.66550243 3.43635045 2.90800190
v -15.96932101 -26.60508146 0.80400211
v -4.03944206 -16.25396146 2.70826101
v -0.58050299 3.50036131 2.90800190
v 0.10637903 -5.01692762 2.21311307
v 0.09073901 -4.91309060 2.18952799
v -4.28547502 -16.11186971 3.17664099
v -4.03980803 -16.25374974 2.70895910
v -4.26190710 -16.07719983 3.17612696
v -0.19150305 3.66434751 2.90800190
v -0.46050799 5.05935155 2.90800190
v 0.09073901 -4.91309060 2.18952799
v 0.08954799 -4.91313638 2.19221592
v 0.07943904 -4.91365566 2.21502805
v -4.02596807 -16.26175107 2.68260598
v -0.08650804 3.68035351 2.90800190
v 0.01949501 5.08335362 2.90800190
v 0.01949501 3.68535839 2.90800190
v 0.12549806 3.68035351 2.90800190
v 0.49949908 5.05935155 2.90800190
v 0.05809200 -4.91472377 2.26320791
v 0.02351594 -4.91644754 2.34124708
v 0.23049402 3.66434751 2.90800190
v 0.33349800 3.63834654 2.90800190
v 4.70849109 -1.36864259 0.24612710
v 4.68044496 -1.44864358 0.19800210
v 4.70849109 -1.36864259 -2.09199810
v 4.54648805 -1.83064760 -0.04684966
v 4.54648805 -1.83064760 -2.09199810
v 0.09073901 -4.91309060 2.18952799
v -14.48867106 -26.17930021 1.35600197
v 0.70449305 3.43635045 2.90800190
v 1.44149208 4.86835728 2.90800190
v 0.61949396 3.50036131 2.90800190
v -2.23930907 4.51795445 1.84300196
v -15.01598144 26.64686023 1.84300196
v -7.04068494 -20.10350980 2.58900189
v -4.80017591 -17.32612027 2.66929293
v 0.52849793 3.55535351 2.90800190
v -4.45973802 -16.85809125 2.67514706
v 0.01949501 -4.91664638 2.90800190
v 0.01949501 -4.91664638 2.35032296
v 0.49949908 -4.89264478 2.90800190
v 4.70849109 -1.36864259 2.90800190
v 4.54648805 -1.83064760 2.90800190
v 4.70849109 -1.36864259 1.18192804
v 4.62644410 -1.60265054 1.04000199
v 4.54648805 -1.83064760 0.89177638
v -4.00977111 -16.23734082 2.68278098
v -15.01598144 26.64686023 1.84300196
v 2.74149489 4.24035130 2.90800190
v 2.32949305 4.49335728 2.90800190
v 0.97249794 3.10434948 2.90800190
v -5.51064801 3.55004345 3.09157610
v -14.32412124 18.74458895 3.09842491
v 0.02351594 -4.91644754 2.34124708
v 0.05809200 -4.91472377 2.26320791
v 0.07943904 -4.91365566 2.21502805
v 0.08954799 -4.91313638 2.19221592
v 0.08954799 -4.91313638 2.19221592
v 0.09073901 -4.91309060 2.18952799
v 0.49949908 -4.89264478 2.90800190
v 0.49949908 -4.89264478 -2.09199810
v 0.09073901 -4.91309060 2.18952799
v 0.09073901 -4.91309060 2.18952799
v 0.49949908 -4.89264478 -2.09199810
v -4.02596807 -16.26175107 2.68260598
v -4.44839311 -16.84250058 2.67534208
v -4.03980803 -16.25374974 2.70895910
v -4.45973802 -16.85809125 2.67514706
v 1.89449501 4.70235644 2.90800190
v 0.85449409 3.28335033 2.90800190
v 0.08941901 -4.91315259 2.18912601
v 0.01949501 -4.91664638 2.16792107
v -4.44839311 -16.84250058 2.67534208
v -4.03944206 -16.25396146 2.70826101
v -4.01735497 -16.21895017 2.71008492
v 31.36695027 -1.14264454 1.31900203
v 31.01152730 -0.67064418 1.58800197
v 4.76404786 -1.14264454 1.31900203
v 4.83600783 -0.81964620 1.50308502
v 4.82549500 -0.89264430 1.46148098
v 0.01949501 -4.91664638 -2.09199810
v -14.55917144 19.70773898 3.03703690
v -5.09077191 3.28425036 3.04015303
v -14.66035056 20.11549960 3.00810790
v -4.01715589 -16.21943082 2.70937800
v -4.87901092 -16.89679136 3.19700193
v -4.28547502 -16.11186971 3.17664099
v 0.43249702 3.60235034 2.90800190
v 0.97549701 4.98736058 2.90800190
v 4.82549500 -0.89264430 0.53092992
v 4.81467700 -0.93665059 0.50600231
v 4.82549500 -0.89264430 -2.09199810
v 4.70849109 -1.36864259 0.24612710
v 4.70849109 -1.36864259 -2.09199810
v 0.91749811 3.19636045 2.90800190
v 4.63854384 -4.39342250 -1.33475697
v 4.60450196 -4.38474073 -1.32225096
v -4.87901092 -16.89679136 3.19700193
v -3.76850700 3.25535045 2.69908404
v 4.76404786 -1.14264454 1.31900203
v 4.82549500 -0.89264430 1.46148098
v 4.70849109 -1.36864259 2.90800190
v -7.01344800 -3.95563258 -1.70199800
v -6.67432189 -3.56505360 -1.61210799
v -7.01333404 -3.95552553 -1.70199800
v 4.82549500 -0.89264430 2.90800190
v 4.57100892 -4.37593545 -1.30957401
v 4.67249513 -4.40218057 -1.34737802
v 4.70691895 -4.41097059 -1.36002398
v 4.77359986 -4.42766370 -1.38406003
v 4.70849109 -1.36864259 1.18192804
v -0.32550597 0.91735332 2.90800190
v 4.89492202 -0.41064958 0.80400211
v -14.84092116 27.83574877 0.50600231
v 4.84115005 -4.44345559 -1.40680897
v 4.80849719 -4.43594875 -1.39600098
v -14.44727111 19.25702868 3.06900191
v 4.87648988 -4.45203151 -1.41914904
v -8.12740111 -5.29573573 -1.99899805
v -7.45544219 -4.47540750 -1.82598102
v -8.12652421 -5.29483547 -1.99899805
v -7.43061614 -4.44511976 -1.81961000
v -8.12652421 -5.29483547 -1.99899805
v -7.45544219 -4.47540750 -1.82598102
v 1.01749611 2.16335545 2.90800190
v 0.97249794 2.06635533 2.90800190
v 4.70849109 1.53435741 2.90800190
v 4.89550185 -0.40665178 0.80613363
v 4.89492202 -0.41064958 0.80400211
v 4.89550185 -0.40665178 -2.09199810
v -14.75246119 20.60478984 2.96700191
v 4.83600783 -0.81964620 0.57228738
v -0.39350700 3.60235034 -2.09199810
v -0.48950696 3.55535351 -2.09199810
v -0.93650609 4.98736058 -2.09199810
v -0.46050799 5.05935155 -2.09199810
v -0.29450798 3.63834654 -2.09199810
v 0.01949501 5.08335362 -2.09199810
v -0.08650804 3.68035351 -2.09199810
v 0.49949908 5.05935155 -2.09199810
v 0.12549806 3.68035351 -2.09199810
v 1.44149208 4.86835728 -2.09199810
v 0.52849793 3.55535351 -2.09199810
v 0.97549701 4.98736058 -2.09199810
v 2.32949305 4.49335728 -2.09199810
v 2.74149489 4.24035130 -2.09199810
v 0.97249794 3.10434948 -2.09199810
v 0.33349800 3.63834654 -2.09199810
v 1.36126208 6.98249350 -1.56222498
v -7.43061614 -4.44511976 -1.81961000
v -19.37907100 -25.37213125 -1.70199800
v -7.36948895 -4.37100782 -1.80358505
v 4.82549500 -0.89264430 0.53092992
v 4.82549500 -0.89264430 -2.09199810
v 4.85747695 -0.67064418 1.58800197
v 4.89550185 -0.40665178 1.72825205
v 4.82549500 -0.89264430 2.90800190
v 4.89550185 -0.40665178 2.90800190
v 4.83600783 -0.81964620 1.50308502
v 4.82549500 -0.89264430 1.46148098
v -0.73050481 0.58436082 -2.09199810
v -0.77650243 0.50835673 -2.09199810
v -4.85650396 0.57335923 -2.09199810
v -0.67850280 0.65535991 -2.09199810
v -6.63157392 4.39124547 3.18201208
v -6.54133391 4.31981955 3.17633390
v -13.58230090 16.29492961 3.19100189
v -0.61850530 0.72135423 -2.09199810
v -6.02841020 3.91405736 3.14400196
v -14.16893077 18.18965922 3.12660694
v -0.66550243 1.73435448 -2.09199810
v -0.55350304 0.78135173 -2.09199810
v 4.89550185 -0.40665178 0.80613363
v 4.89550185 -0.40665178 -2.09199810
v 4.91948915 0.08335372 -2.09199810
v -6.67431378 -3.56505360 -1.61213303
v 4.40049195 -4.32832851 -1.24279594
v 4.40049195 -4.02409853 -1.74487996
v 4.42781997 -4.33664455 -1.25299799
v 4.91948915 0.08335372 1.06722200
v -0.58050299 1.66935240 -2.09199810
v -0.48150396 0.83335374 -2.09199810
v 1.01749611 3.00635753 2.90800190
v 4.91948915 0.08335372 2.90800190
v 4.89550185 -0.40665178 2.90800190
v 4.91948915 0.08335372 1.97830403
v 4.90607715 -0.19064838 1.84300196
v -8.44298291 -5.68706264 -2.08754206
v -8.44312119 -5.68694057 -2.08722711
v -8.41922498 -5.65762843 -2.08090305
v -8.44312119 -5.68694057 -2.08722711
v -8.12740111 -5.29573573 -1.99899805
v -8.41922498 -5.65762843 -2.08090305
v -8.41922498 -5.65762843 -2.08090305
v -0.48950696 1.61435936 -2.09199810
v -0.39350700 1.56835447 -2.09199810
v -0.40550804 0.87935893 -2.09199810
v 4.89550185 -0.40665178 1.72825205
v 3.48449206 3.61835752 2.90800190
v 3.12849593 3.94835935 2.90800190
v 1.07949305 2.79935752 2.90800190
v 4.67249513 -4.10910548 -1.83076298
v 4.70691895 -4.41097059 -1.36002398
v 4.67249513 -4.40218057 -1.34737802
v -12.99902129 14.65311919 3.20800209
v -0.29450798 1.53135143 -2.09199810
v -0.32550597 0.91735332 -2.09199810
v -0.24250603 0.94735209 -2.09199810
v -8.45361876 -5.70023050 -2.08999801
v -8.44312119 -5.68694057 -2.08722711
v -8.45228410 -5.69884242 -2.08999801
v -8.44298291 -5.68706264 -2.08754206
v -8.45228410 -5.69884242 -2.08999801
v -8.44312119 -5.68694057 -2.08722711
v 1.09449196 2.69335447 2.90800190
v 1.05349207 2.90435253 2.90800190
v -7.58157897 5.27022849 3.20800209
v -13.35683131 15.61987983 3.19864988
v -13.25248122 15.30747901 3.20219803
v -8.45228410 -5.69884242 -2.08999801
v -8.44298291 -5.68706264 -2.08754206
v -8.41922498 -5.65762843 -2.08090305
v -9.04073119 -6.71802272 -2.08999801
v -8.44298291 -5.68706264 -2.08754206
v 1.10049701 2.58535252 2.90800190
v -0.15650702 0.96834825 -2.09199810
v -0.19150305 1.50535045 -2.09199810
v -7.27354980 4.96082555 3.20196509
v 0.78349495 3.36335240 2.90800190
v -8.41922498 -5.65762843 -2.08090305
v -8.12652421 -5.29483547 -1.99899805
v 3.80749011 3.25535045 2.90800190
v -8.45228410 -5.69884242 -2.08999801
v -15.57779098 23.98767863 1.79351497
v 0.28149605 0.94735209 -2.09199810
v 0.19549799 0.96834825 -2.09199810
v 0.23049402 1.50535045 -2.09199810
v 4.94449782 -4.18527736 -1.90770102
v 0.36449599 0.91735332 -2.09199810
v 0.33349800 1.53135143 -2.09199810
v 4.84115005 -4.44345559 -1.40680897
v 4.82178712 -4.15170755 -1.87379003
v 4.87648988 -4.45203151 -1.41914904
v 0.43249702 1.56835447 -2.09199810
v 0.52849793 1.61435936 -2.09199810
v 0.44449806 0.87935893 -2.09199810
v 0.59249306 0.78135173 -2.09199810
v 0.52049494 0.83335374 -2.09199810
v 0.61949396 1.66935240 -2.09199810
v -15.56077075 23.77205859 1.83400202
v 0.71749306 0.65535991 -2.09199810
v 0.65749598 0.72135423 -2.09199810
v 4.89550185 0.57335923 -2.09199810
v 0.76949501 0.58436082 -2.09199810
v 4.09349990 2.86135350 2.90800190
v 1.07949305 2.37035642 2.90800190
v 4.34049392 2.44034849 2.90800190
v -12.43770099 12.43544970 2.67519307
v -11.97821116 12.14719973 3.18190002
v 0.49949908 -4.89264478 -2.09199810
v 0.97549701 -4.82065381 -2.09199810
v 0.97549701 -4.82065381 2.90800190
v 0.49949908 -4.89264478 2.90800190
v -8.12740111 -5.29573573 -1.99899805
v -12.14149070 11.80612956 2.70717502
v -12.14165092 11.80580912 2.70671391
v -12.43252063 12.42380915 2.67532206
v -12.15002131 11.78830920 2.68236208
v 1.05349207 2.26536046 2.90800190
v 4.54648805 1.99634848 2.90800190
v 4.67249513 -4.10910548 -1.83076298
v 4.72681594 -4.12520351 -1.84702206
v 4.82178712 -4.15170755 -1.87379003
v -11.52388644 29.70432864 -2.08268309
v -11.52037597 29.70088969 -2.08999801
v -11.52792239 29.70213900 -2.08999801
v 4.80849719 -4.14815273 -1.87020695
v 4.75405288 -4.13312234 -1.85502601
v -12.43770099 12.43544970 2.67519307
v -12.14149070 11.80612956 2.70717502
v -8.44312119 -5.68694057 -2.08722711
v 1.09449196 2.47735034 2.90800190
v 0.91749811 1.97335337 2.90800190
v 0.76949501 0.58436082 2.90800190
v 0.81549311 0.50835673 2.90800190
v -11.56724429 29.74397860 -1.98445201
v -11.54073882 29.71928988 -2.04326701
v -11.61782146 29.71191035 -2.08999801
v -11.56245971 29.70500003 -2.08999801
v -8.45361876 -5.70023050 -2.08999801
v -8.44312119 -5.68694057 -2.08722711
v 0.98925209 7.29531346 -2.08999801
v 0.97503090 7.35409032 -2.08999801
v -12.13801074 11.76126967 2.68266201
v -12.12440085 11.76912986 2.70858097
v 4.61863208 -4.09296169 -1.81444597
v 4.60450196 -4.08876552 -1.81021500
v 4.55091310 -4.07240762 -1.79368401
v 4.46849990 -4.04648341 -1.76749396
v 4.40049195 -4.02409853 -1.74487996
v 4.38530898 -4.01895656 -1.73968899
v 4.31699586 -3.99547352 -1.71596003
v 4.27720094 -3.98164858 -1.70199800
v -11.87856078 11.91112910 3.17659307
v -12.12415099 11.76927958 2.70905304
v 0.99174690 7.28478442 -2.08999801
v -0.08650804 1.48935936 -2.09199810
v 0.10749304 0.98134838 -2.09199810
v 0.01949501 0.98534642 -2.09199810
v 0.01949501 1.48435448 -2.09199810
v -11.57820678 29.75374995 -1.95889199
v -11.56724429 29.74397860 -1.98445201
v -11.64185119 29.71397982 -2.08999801
v -11.61782146 29.71191035 -2.08999801
v -11.30389953 10.07489978 2.68628812
v -11.26554656 10.09705935 2.75930691
v -11.88795066 11.25879966 2.68600202
v -12.12440085 11.76912986 2.70858097
v -8.12740111 -5.29573573 -1.99899805
v -6.40438581 -2.31148257 -1.99899805
v -11.06095672 10.21520911 3.14878201
v -11.18102908 10.46991931 3.15700197
v -11.26527953 10.09720908 2.75980592
v -12.12415099 11.76927958 2.70905304
v -11.86194110 11.87676917 3.17612910
v -11.87856078 11.91112910 3.17659307
v -1.04050243 2.37035642 2.90800190
v -1.05550170 2.47735034 2.90800190
v -11.64185119 29.71397982 -2.08999801
v -11.75799060 29.71614848 -2.08999801
v -11.57820678 29.75374995 -1.95889199
v -12.13801074 11.76126967 2.68266201
v -3.76850700 3.25535045 2.90800190
v -10.34833407 8.44517146 2.77670193
v -11.30389953 10.07489978 2.68628812
v -10.39575839 8.41778098 2.68642712
v -1.06050658 2.58535252 2.90800190
v 1.23497200 7.31508837 -1.66657305
v 1.03508997 7.14061938 -2.06980109
v 1.01210189 7.20615636 -2.08439398
v -11.26527953 10.09720908 2.75980592
v -10.34806705 8.44532309 2.77721596
v -10.16279387 8.55233298 3.12992597
v -11.06095672 10.21520911 3.14878201
v -11.26554656 10.09705935 2.75930691
v 1.00357294 7.23082934 -2.08999801
v -3.44550097 3.61835752 2.90800190
v -11.57855773 29.75403987 -1.95799804
v -9.29983306 25.85500918 -2.08999801
v -11.57820678 29.75374995 -1.95889199
v -10.16279387 8.55233298 3.12992597
v -7.29774308 -4.28752651 -1.78296900
v -7.01344800 -3.95563258 -1.70199800
v -7.29773498 -4.28754176 -1.78299701
v 0.59319496 8.62624751 -2.08999801
v -7.01333404 -3.95552553 -1.70199800
v -6.67431378 -3.56505360 -1.61213303
v -7.01333404 -3.95552553 -1.70199800
v -6.67432189 -3.56505360 -1.61210799
v 0.91749811 1.97335337 -2.09199810
v 0.97249794 2.06635533 -2.09199810
v 4.82549500 1.05835937 -2.09199810
v 4.70849109 1.53435741 -2.09199810
v 1.39796710 5.79110251 -1.69857395
v 1.39583802 5.80231724 -1.70199800
v -11.54073882 29.71928988 -2.04326701
v -11.52388644 29.70432864 -2.08268309
v -11.56245971 29.70500003 -2.08999801
v -11.52792239 29.70213900 -2.08999801
v -2.70250499 4.24035130 2.90800190
v -3.08950603 3.94835935 2.90800190
v -1.01450139 2.90435253 2.90800190
v -1.04050243 2.79935752 2.90800190
v -2.29050243 4.49335728 2.90800190
v -0.93350768 3.10434948 2.90800190
v 0.85449409 1.88634740 -2.09199810
v -0.87850738 3.19636045 2.90800190
v 1.40972304 5.71912633 -1.67509305
v 1.40677094 5.73600255 -1.68044496
v -7.36948895 -4.37100782 -1.80358505
v -7.36950517 -4.37100782 -1.80355799
v -7.29773498 -4.28754176 -1.78299701
v -7.36950517 -4.37100782 -1.80355799
v 0.70449305 1.73435448 -2.09199810
v 0.78349495 1.80636142 -2.09199810
v -12.00296092 29.69817935 -2.05607295
v -11.74790072 29.82004939 -1.68376899
v -11.96781135 29.69699870 -2.08999801
v -7.43063092 -4.44511976 -1.81958401
v -7.43061614 -4.44511976 -1.81961000
v -7.45544219 -4.47540750 -1.82598102
v -7.36948895 -4.37100782 -1.80358505
v -7.43061614 -4.44511976 -1.81961000
v -7.36950517 -4.37100782 -1.80355799
v -7.36950517 -4.37100782 -1.80355799
v -14.56833053 18.23482905 2.48812103
v 1.42049599 5.64730321 -1.65090406
v -7.29773498 -4.28754176 -1.78299701
v -7.01333404 -3.95552553 -1.70199800
v -11.76822066 29.82283984 -1.65413296
v -11.93358111 29.70282946 -2.08999801
v -4.30150390 2.44034849 2.90800190
v -0.93350768 2.06635533 2.90800190
v -0.97850591 2.16335545 2.90800190
v -1.05550170 2.69335447 2.90800190
v -6.36887908 3.73624645 2.52292705
v -6.31574798 3.69278942 2.51744699
v -0.93350768 3.10434948 -2.09199810
v -2.29050243 4.49335728 -2.09199810
v -0.87850738 3.19636045 -2.09199810
v -7.57557511 4.78652440 2.62699604
v -13.16620135 14.15856944 2.65300202
v -11.72475123 29.81682978 -1.71772003
v -7.01333404 -3.95552553 -1.70199800
v -12.67460132 12.96838961 2.66928911
v -0.81550390 3.28335033 -2.09199810
v 4.21247315 -3.95720448 -1.67972505
v 4.26448989 -3.97705569 -1.69781899
v -1.85550480 4.70235644 -2.09199810
v -7.01344800 -3.95563258 -1.70199800
v -7.29774308 -4.28752651 -1.78296900
v -6.80502105 -3.59464063 -1.70199800
v -12.43770099 12.43544970 2.67519307
v -0.74450469 3.36335240 -2.09199810
v -11.88795066 11.25879966 2.68600202
v -12.13801074 11.76126967 2.68266201
v -12.15002131 11.78830920 2.68236208
v -12.43252063 12.42380915 2.67532206
v -0.66550243 3.43635045 -2.09199810
v -7.36950517 -4.37100782 -1.80355799
v -7.43063092 -4.44511976 -1.81958401
v -5.86614013 -1.77112355 -1.80162096
v -0.15650702 -0.80164088 2.90800190
v -0.24250603 -0.78064479 2.90800190
v -0.19150305 -1.33864357 2.90800190
v -1.40250190 4.86835728 -2.09199810
v 4.29604602 -4.29527749 -1.20229697
v 4.26448989 -3.97705569 -1.69781899
v 4.27720094 -3.98164858 -1.70199800
v -0.58050299 3.50036131 -2.09199810
v -11.30389953 10.07489978 2.68628812
v -11.88795066 11.25879966 2.68600202
v -7.85909820 -3.89091958 -2.08999801
v -0.19150305 3.66434751 -2.09199810
v -9.15079999 24.06836901 -1.70199800
v -0.40550804 -0.71265157 2.90800190
v -0.48150396 -0.66664626 2.90800190
v -0.48950696 -1.44765260 2.90800190
v -12.12415099 11.76927958 2.70905304
v -11.72475123 29.81682978 -1.71772003
v -11.70768142 29.81252871 -1.74099803
v -11.93358111 29.70282946 -2.08999801
v 0.01949501 3.68535839 -2.09199810
v -12.14165092 11.80580912 2.70671391
v -12.12440085 11.76912986 2.70858097
v -12.43252063 12.42380915 2.67532206
v 4.75405288 -4.13312234 -1.85502601
v 4.77359986 -4.42766370 -1.38406003
v 4.72681594 -4.12520351 -1.84702206
v -0.55350304 -0.61464437 2.90800190
v -0.58050299 -1.50365164 2.90800190
v 4.80849719 -4.14815273 -1.87020695
v 4.80849719 -4.43594875 -1.39600098
v 4.75405288 -4.13312234 -1.85502601
v 4.77359986 -4.42766370 -1.38406003
v -0.61850530 -0.55464681 2.90800190
v -0.67850280 -0.48964437 2.90800190
v -11.18102908 10.46991931 3.15700197
v -11.06095672 10.21520911 3.14878201
v -10.16279387 8.55233298 3.12992597
v 0.43249702 3.60235034 -2.09199810
v 1.46828699 5.21352635 -1.49119401
v -11.68162131 29.80307017 -1.78791702
v -11.84408069 29.71121989 -2.08999801
v 0.61949396 3.50036131 -2.09199810
v 0.70449305 3.43635045 -2.09199810
v -12.26269126 12.82054911 3.19700193
v -11.97821116 12.14719973 3.18190002
v -11.87856078 11.91112910 3.17659307
v -7.01344800 -3.95563258 -1.70199800
v 0.50281000 6.69202624 -1.40293396
v 0.51509309 6.65333043 -1.39499795
v 0.50279403 6.69202624 -1.40295601
v -0.77650243 -0.34264119 2.90800190
v -4.78650403 1.05835937 2.90800190
v -0.73050481 -0.41864519 2.90800190
v -9.43204999 7.44066821 3.15700197
v -0.06850195 -0.81464125 2.90800190
v 0.01949501 -0.81964620 2.90800190
v -0.06850195 -0.81464125 -2.09199810
v -0.81450438 -0.26164748 2.90800190
v -11.64185119 29.71397982 -2.08999801
v -9.29983306 25.85500918 -2.08999801
v -11.75799060 29.71614848 -2.08999801
v 0.51511598 6.65320836 -1.39499795
v 0.50279403 6.69202624 -1.40295601
v 0.51509309 6.65333043 -1.39499795
v -0.84450322 -0.17863968 2.90800190
v -0.86550689 -0.09264119 2.90800190
v -0.87850738 -0.00565084 2.90800190
v -0.88250518 0.08335372 2.90800190
v 0.50281000 6.69202624 -1.40293396
v 0.50279403 6.69202624 -1.40295601
v 0.42123604 6.94985448 -1.45607603
v 0.50281000 6.69202624 -1.40293396
v 0.42123604 6.94985448 -1.45607603
v 0.38138795 7.07587634 -1.48201299
v -6.79418015 4.53849231 3.19100189
v 0.23049402 3.66434751 -2.09199810
v 4.57100892 -4.37593545 -1.30957401
v 4.46849990 -4.04648341 -1.76749396
v 4.55091310 -4.07240762 -1.79368401
v -14.06091094 17.82593928 3.14400196
v -13.89131141 17.23773013 3.16373110
v -6.02841020 3.91405736 3.14400196
v -6.54133391 4.31981955 3.17633390
v -6.13598418 3.99901829 3.15079093
v 0.50279403 6.69202624 -1.40295601
v 0.51511598 6.65320836 -1.39499795
v 1.89449501 4.70235644 -2.09199810
v -1.01450139 2.26536046 2.90800190
v -6.79418015 4.53849231 3.19100189
v -13.81262088 16.96477900 3.17287397
v -11.79183078 29.82790957 -1.62134898
v -11.76822066 29.82283984 -1.65413296
v -12.01352096 29.69925891 -2.04630589
v -14.28301120 18.57353984 3.10825801
v 0.52849793 -1.44765260 2.90800190
v 0.61949396 -1.50365164 2.90800190
v 0.52049494 -0.66664626 2.90800190
v 0.53094697 6.60227452 -1.38513398
v 0.51511598 6.65320836 -1.39499795
v 0.53096199 6.60228930 -1.38511205
v 0.44449806 -0.71265157 2.90800190
v -5.35087395 3.43889843 3.07529306
v 0.36449599 -0.75064595 2.90800190
v 0.43249702 -1.40164663 2.90800190
v 0.12549806 1.48935936 -2.09199810
v -0.06850195 0.98134838 -2.09199810
v 4.38530898 -4.01895656 -1.73968899
v 4.36448121 -4.31705274 -1.22897696
v 4.31699586 -3.99547352 -1.71596003
v -0.77650243 -0.34264119 2.90800190
v -0.73050481 -0.41864519 -2.09199810
v -0.77650243 -0.34264119 -2.09199810
v -12.00296092 29.69817935 -2.05607295
v -4.89302611 3.16596447 3.01220012
v -14.66857123 20.15915881 3.00444698
v 0.28149605 -0.78064479 2.90800190
v 0.33349800 -1.36464454 2.90800190
v 0.50281000 6.69202624 -1.40293396
v -5.29526305 3.40653454 3.06900191
v -7.62119794 -3.60403957 -2.08999801
v 3.12849593 3.94835935 -2.09199810
v 3.48449206 3.61835752 -2.09199810
v 1.07949305 2.79935752 -2.09199810
v -0.86550689 -0.09264119 2.90800190
v -0.84450322 -0.17863968 2.90800190
v -0.86550689 -0.09264119 -2.09199810
v -7.63158202 -3.61603250 -2.08999801
v -11.26554656 10.09705935 2.75930691
v -10.34833407 8.44517146 2.77670193
v 31.76950002 -4.11964978 -0.98699778
v 31.76950002 -3.86064662 -0.70999777
v 3.81618714 -4.11964978 -0.98699778
v -7.26231885 -3.20026149 -2.08999801
v 1.05349207 2.26536046 -2.09199810
v 4.54648805 1.99634848 -2.09199810
v 1.01749611 2.16335545 -2.09199810
v -3.73677611 3.29101048 1.83441603
v 3.78750110 -4.10707559 -0.97355360
v 0.76949501 -0.41864519 2.90800190
v 0.81549311 -0.34264119 2.90800190
v -11.63969111 29.78561984 -1.86051595
v -11.61187625 29.77124034 -1.90494204
v -11.57855773 29.75403987 -1.95799804
v -15.46244121 22.57403002 2.03900194
v 0.71749306 -0.48964437 2.90800190
v -11.68162131 29.80307017 -1.78791702
v -11.63969111 29.78561984 -1.86051595
v -11.84408069 29.71121989 -2.08999801
v 4.12848878 -4.23877467 -1.13303494
v 31.76950002 -4.11964978 -0.98699778
v 4.06049609 -4.21451368 -1.10328496
v 4.16587281 -4.25180568 -1.14899802
v 4.19649720 -4.26221265 -1.16176200
v 31.76950002 -4.11964978 -0.98699778
v 4.16587281 -4.25180568 -1.14899802
v 4.23339295 -4.27457179 -1.17690694
v 4.19649720 -4.26221265 -1.16176200
v 4.26448989 -4.28514661 -1.18987095
v 4.29604602 -4.29527749 -1.20229697
v 4.26448989 -4.28514661 -1.18987095
v 0.88349390 0.34534712 2.90800190
v 0.85349488 0.42835493 2.90800190
v 0.90449691 0.25934852 2.90800190
v 1.38707900 5.84563742 -1.71620095
v 1.65688491 5.97715245 -1.20276701
v 1.39583802 5.80231724 -1.70199800
v 0.92249489 0.08335372 2.90800190
v 0.91749811 0.17135101 2.90800190
v -11.75799060 29.71614848 -2.08999801
v 3.92350221 -4.16321363 -1.04039598
v 3.96297717 -4.17795362 -1.05847001
v 3.89498401 -4.15176858 -1.02638304
v 3.99250197 -4.18912257 -1.07216203
v 4.02204299 -4.20006360 -1.08558095
v 4.36448121 -4.31705274 -1.22897696
v 4.29604602 -4.29527749 -1.20229697
v 3.85549378 -4.13608255 -1.00714302
v 3.89498401 -4.15176858 -1.02638304
v 0.70449305 -1.56764759 2.90800190
v 4.89550185 0.57335923 2.90800190
v 0.78349495 -1.63965358 2.90800190
v 4.91948915 0.08335372 2.90800190
v 3.82752395 -4.12434854 -0.99276131
v 3.85549378 -4.13608255 -1.00714302
v 4.42781997 -4.33664455 -1.25299799
v 4.40049195 -4.32832851 -1.24279594
v 4.40049195 -4.32832851 -1.24279594
v -12.01352096 29.69925891 -2.04630589
v -12.05973125 29.69606028 -1.99899805
v -11.79183078 29.82790957 -1.62134898
v 0.52049494 -0.66664626 2.90800190
v 0.59249306 -0.61464437 2.90800190
v 0.52049494 -0.66664626 -2.09199810
v 0.91749811 -0.00565084 2.90800190
v 0.90449691 -0.09264119 2.90800190
v 0.88349390 -0.17863968 2.90800190
v 0.85349488 -0.26164748 2.90800190
v 0.59249306 -0.61464437 2.90800190
v -12.09339118 29.69310961 -1.96810901
v 0.52049494 -0.66664626 2.90800190
v 0.52049494 -0.66664626 -2.09199810
v 0.44449806 -0.71265157 -2.09199810
v -14.98034072 21.86380969 2.83800197
v 3.99250197 -4.18912257 -1.07216203
v 4.02204299 -4.20006360 -1.08558095
v 3.81618714 -4.11964978 -0.98699778
v 0.85449409 3.28335033 -2.09199810
v 0.78349495 3.36335240 -2.09199810
v 1.39796710 5.79110251 -1.69857395
v -4.32609296 -2.22076954 -0.51668352
v -4.30150390 -2.27364053 -0.48202640
v 0.91749811 3.19636045 -2.09199810
v -4.02882195 2.89673839 2.83800197
v -8.40683484 6.14254246 3.19700193
v 1.05349207 2.90435253 -2.09199810
v -8.19179320 5.42177830 2.65884089
v 1.01749611 3.00635753 -2.09199810
v -7.90588212 5.58677159 3.20315599
v -8.09379411 5.79525243 3.20084310
v -1.40250190 -4.70164956 2.90800190
v -0.93650609 -4.82065381 2.90800190
v -0.48950696 -3.38965358 2.90800190
v 1.07949305 2.37035642 -2.09199810
v 1.09449196 2.47735034 -2.09199810
v 4.09349990 2.86135350 -2.09199810
v 4.34049392 2.44034849 -2.09199810
v 3.80749011 3.25535045 -2.09199810
v 1.10049701 2.58535252 -2.09199810
v 1.09449196 2.69335447 -2.09199810
v -7.70772290 -3.65057863 -2.02998900
v -7.69775224 -3.63478555 -2.02586603
v 0.81549311 -0.34264119 2.90800190
v 0.85349488 -0.26164748 -2.09199810
v 0.81549311 -0.34264119 -2.09199810
v -0.29450798 -3.47163858 2.90800190
v -0.46050799 -4.89264478 2.90800190
v -0.19150305 -3.49763955 2.90800190
v -0.58050299 -3.33365359 2.90800190
v -7.27354980 4.96082555 3.20196509
v -7.29604888 4.98342334 3.20240498
v -7.57557511 4.78652440 2.62699604
v -7.58157897 5.27022849 3.20800209
v -0.74450469 1.80636142 -2.09199810
v -0.81550390 1.88634740 -2.09199810
v -0.66550243 -3.26964368 2.90800190
v -0.74450469 -3.19664563 2.90800190
v -1.85550480 -4.53664150 2.90800190
v -0.87850738 1.97335337 -2.09199810
v -8.19179320 5.42177830 2.65884089
v -8.02199292 5.24914037 2.65300202
v -7.90588212 5.58677159 3.20315599
v -0.93350768 2.06635533 -2.09199810
v -4.78650403 1.05835937 -2.09199810
v -0.87850738 -3.02965249 2.90800190
v -2.29050243 -4.32664956 2.90800190
v -0.81550390 -3.11664356 2.90800190
v -7.69775224 -3.63478555 -2.02586603
v -7.66580701 -3.65628566 -2.08999801
v -7.70772290 -3.65057863 -2.02998900
v -4.66950798 1.53435741 -2.09199810
v 0.85349488 0.42835493 -2.09199810
v -12.09874129 29.69258891 -1.96316695
v -12.09926105 29.69249926 -1.96266198
v -11.86174083 29.82946025 -1.51200104
v -4.48846197 2.57290135 2.21800208
v -4.46546698 2.56101452 2.21296811
v -0.97850591 2.16335545 -2.09199810
v -4.50750494 1.99634848 -2.09199810
v -7.67620587 -3.66875161 -2.08999801
v -7.71743608 -3.66595949 -2.03402305
v -0.74450469 -1.63965358 2.90800190
v -0.66550243 -1.56764759 2.90800190
v -4.85650396 0.57335923 2.90800190
v -11.85072112 29.82934008 -1.52935600
v -12.09339118 29.69310961 -1.96810901
v -12.09874129 29.69258891 -1.96316695
v -11.86174083 29.82946025 -1.51200104
v -0.97850591 3.00635753 -2.09199810
v -2.70250499 4.24035130 -2.09199810
v -7.84401488 -3.86681165 -2.08448291
v -7.81672502 -3.82339968 -2.07396197
v 0.97249794 -2.93764247 2.90800190
v 2.74149489 -4.07364358 2.90800190
v 1.01749611 -2.83965053 2.90800190
v -4.30150390 2.44034849 -2.09199810
v -1.01450139 2.26536046 -2.09199810
v -7.73708892 -3.69695057 -2.04257607
v -7.74402404 -3.70786061 -2.04557395
v -7.78030181 -3.76558460 -2.05956507
v -7.80761504 -3.80896558 -2.07025504
v -7.85909820 -3.89091958 -2.08999801
v -8.02199292 5.24914037 2.65300202
v -8.77152801 6.08585654 2.67518711
v -1.05550170 2.69335447 -2.09199810
v -3.44550097 3.61835752 -2.09199810
v -1.04050243 2.79935752 -2.09199810
v -1.05550170 2.47735034 -2.09199810
v -1.04050243 2.37035642 -2.09199810
v -4.05450201 2.86135350 -2.09199810
v -3.08950603 3.94835935 -2.09199810
v -1.01450139 2.90435253 -2.09199810
v 0.43249702 -1.40164663 -2.09199810
v 0.33349800 -1.36464454 -2.09199810
v 0.36449599 -0.75064595 -2.09199810
v 0.23049402 -1.33864357 -2.09199810
v 0.12549806 -1.32265260 -2.09199810
v 0.19549799 -0.80164088 -2.09199810
v -7.84126782 -3.86867251 -2.08999801
v -7.85909820 -3.89091958 -2.08999801
v -7.84401488 -3.86681165 -2.08448291
v 0.61949396 -3.33365359 2.90800190
v 1.44149208 -4.70164956 2.90800190
v 0.70449305 -3.26964368 2.90800190
v 0.01949501 -1.31764759 -2.09199810
v 0.01949501 -0.81964620 -2.09199810
v -7.80831695 -3.82826747 -2.08999801
v -7.84126782 -3.86867251 -2.08999801
v -7.84401488 -3.86681165 -2.08448291
v -7.80831695 -3.82826747 -2.08999801
v -7.81672502 -3.82339968 -2.07396197
v -12.00296092 29.69817935 -2.05607295
v -12.01352096 29.69925891 -2.04630589
v -11.96781135 29.69699870 -2.08999801
v -0.08650804 -1.32265260 -2.09199810
v 1.89449501 -4.53664150 2.90800190
v 0.78349495 -3.19664563 2.90800190
v -13.58230090 16.29492961 3.19100189
v -11.93358111 29.70282946 -2.08999801
v -11.96781135 29.69699870 -2.08999801
v 0.97549701 -4.82065381 2.90800190
v 0.52849793 -3.38965358 2.90800190
v -0.06850195 -0.81464125 -2.09199810
v -7.80831695 -3.82826747 -2.08999801
v -7.84126782 -3.86867251 -2.08999801
v 0.12549806 -3.51364650 2.90800190
v 0.49949908 -4.89264478 2.90800190
v 0.23049402 -3.49763955 2.90800190
v -0.15650702 -0.80164088 -2.09199810
v -0.19150305 -1.33864357 -2.09199810
v 1.36126208 6.98249350 -1.56222498
v 1.14058900 6.82076560 -1.99281096
v 1.13707900 6.83225547 -1.99553895
v -7.80831695 -3.82826747 -2.08999801
v -7.81672502 -3.82339968 -2.07396197
v -7.79778123 -3.81558766 -2.08999801
v -7.80761504 -3.80896558 -2.07025504
v -0.29450798 -1.36464454 -2.09199810
v -0.24250603 -0.78064479 -2.09199810
v -0.55350304 -0.61464437 2.90800190
v -0.55350304 -0.61464437 -2.09199810
v -0.61850530 -0.55464681 2.90800190
v -7.79778123 -3.81558766 -2.08999801
v -0.39350700 -1.40164663 -2.09199810
v -0.48950696 -1.44765260 -2.09199810
v -0.40550804 -0.71265157 -2.09199810
v -0.48150396 -0.66664626 -2.09199810
v -0.58050299 -1.50365164 -2.09199810
v -0.55350304 -0.61464437 -2.09199810
v -13.89131141 17.23773013 3.16373110
v -7.76433301 -3.77478565 -2.08999801
v -7.78030181 -3.76558460 -2.05956507
v -7.72070909 -3.72130360 -2.08999801
v -7.74402404 -3.70786061 -2.04557395
v 1.13707900 6.83225547 -1.99553895
v -11.84408069 29.71121989 -2.08999801
v 4.26448989 -4.28514661 -1.18987095
v -4.30150390 -2.27364053 -2.09199810
v -0.61850530 -0.55464681 -2.09199810
v -7.79778123 -3.81558766 -2.08999801
v -7.80761504 -3.80896558 -2.07025504
v -7.76433301 -3.77478565 -2.08999801
v -7.78030181 -3.76558460 -2.05956507
v 0.91749811 -1.80664553 2.90800190
v 4.89550185 -0.40665178 2.90800190
v 0.85449409 -1.72064759 2.90800190
v 4.23339295 -4.27457179 -1.17690694
v 4.21247315 -3.95720448 -1.67972505
v 4.26448989 -4.28514661 -1.18987095
v -11.61782146 29.71191035 -2.08999801
v -0.67850280 -0.48964437 -2.09199810
v -0.73050481 -0.41864519 -2.09199810
v 0.97249794 -1.89964761 2.90800190
v 4.82549500 -0.89264430 2.90800190
v -0.77650243 -0.34264119 2.90800190
v -0.77650243 -0.34264119 -2.09199810
v -0.81450438 -0.26164748 -2.09199810
v -0.77650243 -0.34264119 -2.09199810
v -4.50750494 -1.83064760 -2.09199810
v -0.84450322 -0.17863968 2.90800190
v -0.81450438 -0.26164748 -2.09199810
v -0.84450322 -0.17863968 -2.09199810
v -0.81450438 -0.26164748 -2.09199810
v -4.66950798 -1.36864259 -2.09199810
v 4.12848878 -3.92506947 -1.65045702
v 4.16587281 -4.25180568 -1.14899802
v 4.12848878 -4.23877467 -1.13303494
v -11.52388644 29.70432864 -2.08268309
v -11.54073882 29.71928988 -2.04326701
v -11.56724429 29.74397860 -1.98445201
v 1.01749611 -1.99763955 2.90800190
v 4.54648805 -1.83064760 2.90800190
v -7.68654418 -3.68112649 -2.08999801
v -0.84450322 -0.17863968 -2.09199810
v -0.84450322 -0.17863968 -2.09199810
v -4.78650403 -0.89264430 -2.09199810
v 1.09449196 -2.31064357 2.90800190
v 4.09349990 -2.69464649 2.90800190
v 1.07949305 -2.20364846 2.90800190
v 4.34049392 -2.27364053 2.90800190
v 4.06049609 -4.21451368 -1.10328496
v 4.06049609 -3.89781656 -1.62562895
v 4.12848878 -4.23877467 -1.13303494
v -0.86550689 -0.09264119 2.90800190
v -0.86550689 -0.09264119 -2.09199810
v -0.87850738 -0.00565084 -2.09199810
v -0.87850738 -0.00565084 -2.09199810
v -0.86550689 -0.09264119 -2.09199810
v -4.85650396 -0.40665178 -2.09199810
v -7.66580701 -3.65628566 -2.08999801
v -7.69775224 -3.63478555 -2.02586603
v -0.88250518 0.08335372 -2.09199810
v -0.88250518 0.08335372 2.90800190
v -0.87850738 -0.00565084 -2.09199810
v -15.56077075 23.77205859 1.83400202
v -0.39350700 -1.40164663 2.90800190
v -0.29450798 -1.36464454 2.90800190
v -0.32550597 -0.75064595 2.90800190
v -0.87850738 0.17135101 -2.09199810
v -0.87850738 0.17135101 2.90800190
v -0.88250518 0.08335372 -2.09199810
v -0.88250518 0.08335372 -2.09199810
v -4.88050604 0.08335372 -2.09199810
v -0.86550689 0.25934852 -2.09199810
v -0.87850738 0.17135101 -2.09199810
v -0.81450438 0.42835493 -2.09199810
v -7.66580701 -3.65628566 -2.08999801
v -7.67620587 -3.66875161 -2.08999801
v -7.63158202 -3.61603250 -2.08999801
v 0.01949501 -1.31764759 2.90800190
v 0.12549806 -1.32265260 2.90800190
v 0.01949501 -0.81964620 2.90800190
v 3.78750110 -4.10707559 -0.97355360
v 3.78750110 -3.77773060 -1.51622903
v 3.81618714 -4.11964978 -0.98699778
v 0.10749304 -0.81464125 2.90800190
v -0.08650804 -1.32265260 2.90800190
v -7.74402404 -3.70786061 -2.04557395
v -7.73708892 -3.69695057 -2.04257607
v -7.72070909 -3.72130360 -2.08999801
v -7.68654418 -3.68112649 -2.08999801
v -7.71743608 -3.66595949 -2.03402305
v 4.89550185 -0.40665178 -2.09199810
v 0.70449305 -1.56764759 -2.09199810
v 0.65749598 -0.55464681 -2.09199810
v 0.23049402 -1.33864357 2.90800190
v 0.19549799 -0.80164088 2.90800190
v -0.77650243 0.50835673 -2.09199810
v -0.77650243 0.50835673 2.90800190
v -0.81450438 0.42835493 -2.09199810
v -7.76433301 -3.77478565 -2.08999801
v -7.72070909 -3.72130360 -2.08999801
v -7.68654418 -3.68112649 -2.08999801
v 0.59249306 -0.61464437 -2.09199810
v 0.61949396 -1.50365164 -2.09199810
v 0.52049494 -0.66664626 -2.09199810
v -5.06825805 2.86608349 2.33253503
v 0.44449806 -0.71265157 -2.09199810
v 0.52849793 -1.44765260 -2.09199810
v -4.46546698 2.56101452 2.21296811
v 0.65749598 -0.55464681 2.90800190
v -11.70768142 29.81252871 -1.74099803
v -11.72475123 29.81682978 -1.71772003
v 0.91749811 -0.00565084 -2.09199810
v 0.92249489 0.08335372 -2.09199810
v -4.72382903 3.06501232 2.98825002
v 4.70691895 -4.41097059 -1.36002398
v 1.05349207 -2.09865369 2.90800190
v -11.85072112 29.82934008 -1.52935600
v -11.79183078 29.82790957 -1.62134898
v -11.86598086 29.82913981 -1.50499797
v -11.86174083 29.82946025 -1.51200104
v 0.36449599 -0.75064595 2.90800190
v 0.36449599 -0.75064595 -2.09199810
v 0.28149605 -0.78064479 2.90800190
v 0.88349390 -0.17863968 -2.09199810
v 0.85349488 -0.26164748 -2.09199810
v 0.81549311 -0.34264119 -2.09199810
v 0.28149605 -0.78064479 2.90800190
v 0.28149605 -0.78064479 -2.09199810
v 0.19549799 -0.80164088 -2.09199810
v -0.06850195 -0.81464125 2.90800190
v -11.68162131 29.80307017 -1.78791702
v -8.50641418 24.26801882 -1.74099803
v -11.63969111 29.78561984 -1.86051595
v 0.76949501 -0.41864519 -2.09199810
v 0.92249489 0.08335372 2.90800190
v 0.92249489 0.08335372 -2.09199810
v 0.91749811 -0.00565084 2.90800190
v 0.91749811 -0.00565084 -2.09199810
v 0.71749306 -0.48964437 -2.09199810
v 4.70849109 -1.36864259 2.90800190
v 0.81549311 0.50835673 -2.09199810
v 4.72681594 -4.12520351 -1.84702206
v 0.88349390 -0.17863968 2.90800190
v 0.90449691 -0.09264119 -2.09199810
v 0.88349390 -0.17863968 -2.09199810
v 0.85349488 0.42835493 -2.09199810
v 1.10049701 -2.41864552 2.90800190
v 3.80749011 -3.08864369 2.90800190
v 1.09449196 -2.52664651 2.90800190
v 3.48449206 -3.45264162 2.90800190
v 1.07949305 -2.63364162 2.90800190
v 1.05349207 -2.73764552 2.90800190
v 3.12849593 -3.78165163 2.90800190
v 0.91749811 -3.02965249 2.90800190
v 2.32949305 -4.32664956 2.90800190
v 0.85449409 -3.11664356 2.90800190
v 0.43249702 -3.43564357 2.90800190
v 0.33349800 -3.47163858 2.90800190
v 0.88349390 0.34534712 -2.09199810
v 0.88349390 -0.17863968 2.90800190
v 0.88349390 -0.17863968 -2.09199810
v 0.85349488 -0.26164748 -2.09199810
v 0.90449691 0.25934852 -2.09199810
v 0.91749811 0.17135101 -2.09199810
v -12.06263137 29.77937899 -1.22740996
v -12.04326129 29.78763972 -1.25299799
v -12.32705092 29.62665950 -1.73079503
v 0.01949501 -3.51964368 2.90800190
v 0.01949501 -4.91664638 2.90800190
v -0.08650804 -3.51364650 2.90800190
v -5.13996696 2.91042553 2.34539700
v -4.89302611 3.16596447 3.01220012
v -5.28301001 2.99907933 2.37100196
v -5.29526305 3.40653454 3.06900191
v -5.68771100 3.24450145 2.43404198
v 0.81549311 -0.34264119 2.90800190
v 0.81549311 -0.34264119 -2.09199810
v 0.76949501 -0.41864519 -2.09199810
v 0.90449691 -0.09264119 -2.09199810
v 4.91948915 0.08335372 -2.09199810
v -5.09077191 3.28425036 3.04015303
v -0.93350768 -2.93764247 2.90800190
v 0.71749306 -0.48964437 2.90800190
v 0.76949501 -0.41864519 -2.09199810
v 0.71749306 -0.48964437 -2.09199810
v -7.71743608 -3.66595949 -2.03402305
v -1.05550170 -2.52664651 2.90800190
v -1.06050658 -2.41864552 2.90800190
v -3.44550097 -3.45264162 2.90800190
v -12.26902080 29.65202914 -1.79419005
v -12.01754069 29.79831897 -1.29291403
v -3.76850700 -3.08864369 2.90800190
v -5.35087395 3.43889843 3.07529306
v -11.85072112 29.82934008 -1.52935600
v -4.72382903 3.06501232 2.98825002
v -5.06825805 2.86608349 2.33253503
v 4.82178712 -4.15170755 -1.87379003
v 4.84115005 -4.44345559 -1.40680897
v 4.80849719 -4.14815273 -1.87020695
v 4.80849719 -4.43594875 -1.39600098
v 0.85349488 0.42835493 -2.09199810
v 0.88349390 0.34534712 -2.09199810
v 0.85349488 0.42835493 2.90800190
v -5.12927008 2.90380345 2.34347892
v -1.04050243 -2.20364846 2.90800190
v -1.01450139 -2.09865369 2.90800190
v -4.30150390 -2.27364053 2.90800190
v 4.87648988 -4.16711940 -1.88935804
v -4.85650396 -0.40665178 2.90800190
v -4.78650403 -0.89264430 2.90800190
v -0.87850738 -1.80664553 2.90800190
v -0.81550390 -1.72064759 2.90800190
v 0.92249489 0.08335372 -2.09199810
v 0.92249489 0.08335372 2.90800190
v 0.91749811 0.17135101 -2.09199810
v -7.11428618 -2.78575649 -1.77824104
v -0.19150305 -3.49763955 -2.09199810
v -0.46050799 -4.89264478 -2.09199810
v -0.29450798 -3.47163858 -2.09199810
v -0.93650609 -4.82065381 -2.09199810
v -0.39350700 -3.43564357 -2.09199810
v 0.10749304 -0.81464125 2.90800190
v 0.19549799 -0.80164088 2.90800190
v 0.10749304 -0.81464125 -2.09199810
v 0.19549799 -0.80164088 -2.09199810
v 4.61863208 -4.09296169 -1.81444597
v 4.63854384 -4.39342250 -1.33475697
v 4.60450196 -4.08876552 -1.81021500
v -5.35087395 3.43889843 3.07529306
v -5.51064801 3.55004345 3.09157610
v -5.68771100 3.24450145 2.43404198
v -12.26902080 29.65202914 -1.79419005
v -11.98747134 29.80612002 -1.33621597
v -12.22978091 29.66374026 -1.83431900
v -0.48950696 -3.38965358 -2.09199810
v 0.94467402 7.48076831 -2.08999801
v 0.92794991 7.54886828 -2.08999801
v 0.95823097 7.42267857 -2.08999801
v 0.96094704 7.41146336 -2.08999801
v 0.01949501 -0.81964620 -2.09199810
v 0.01949501 -0.81964620 2.90800190
v 0.10749304 -0.81464125 -2.09199810
v 0.10749304 -0.81464125 2.90800190
v 4.55091310 -4.07240762 -1.79368401
v 4.60450196 -4.08876552 -1.81021500
v 4.60450196 -4.38474073 -1.32225096
v -12.01754069 29.79831897 -1.29291403
v 0.01949501 -0.81964620 -2.09199810
v -17.55526137 -26.40628042 -0.08135479
v -4.88050604 0.08335372 2.90800190
v 1.23497200 7.31508837 -1.66657305
v 1.01210189 7.20615636 -2.08439398
v 1.22503901 7.34102832 -1.67458999
v -0.81550390 -3.11664356 -2.09199810
v -2.29050243 -4.32664956 -2.09199810
v -0.87850738 -3.02965249 -2.09199810
v -0.74450469 -3.19664563 -2.09199810
v -1.85550480 -4.53664150 -2.09199810
v -0.66550243 -3.26964368 -2.09199810
v -0.58050299 -3.33365359 -2.09199810
v -1.40250190 -4.70164956 -2.09199810
v -0.06850195 -0.81464125 2.90800190
v -0.06850195 -0.81464125 -2.09199810
v -0.15650702 -0.80164088 -2.09199810
v -5.75063109 3.28980551 2.44285488
v -0.15650702 -0.80164088 -2.09199810
v -0.24250603 -0.78064479 -2.09199810
v -0.24250603 -0.78064479 2.90800190
v -5.75063109 3.28980551 2.44285488
v -14.53568053 18.12854968 2.49500203
v -5.68771100 3.24450145 2.43404198
v -0.24250603 -0.78064479 2.90800190
v -0.24250603 -0.78064479 -2.09199810
v -0.32550597 -0.75064595 -2.09199810
v -17.81351161 -26.23977079 0.65034902
v 4.46849990 -4.34818067 -1.26959705
v -0.87850738 0.17135101 2.90800190
v -0.86550689 0.25934852 2.90800190
v -11.92212081 29.82238017 -1.42980599
v -11.86598086 29.82913981 -1.50499797
v -12.17699122 29.67897998 -1.88804197
v -0.40550804 -0.71265157 -2.09199810
v -0.40550804 -0.71265157 2.90800190
v -0.32550597 -0.75064595 -2.09199810
v -0.97850591 -2.83965053 2.90800190
v -2.70250499 -4.07364358 2.90800190
v 4.46849990 -4.34818067 -1.26959705
v 4.46849990 -4.04648341 -1.76749396
v -0.81550390 -1.72064759 -2.09199810
v -0.74450469 -1.63965358 -2.09199810
v -0.40550804 -0.71265157 2.90800190
v -0.40550804 -0.71265157 -2.09199810
v -0.48150396 -0.66664626 -2.09199810
v 4.40049195 -4.02409853 -1.74487996
v 4.40049195 -4.32832851 -1.24279594
v 4.38530898 -4.01895656 -1.73968899
v 4.36448121 -4.31705274 -1.22897696
v 4.38530898 -4.01895656 -1.73968899
v 4.40049195 -4.32832851 -1.24279594
v -5.80629516 3.75525938 3.12175298
v -5.98853087 3.88178550 3.14037800
v -6.12238908 3.55684934 2.49500203
v -1.05550170 -2.31064357 2.90800190
v -4.05450201 -2.69464649 2.90800190
v -3.08950603 -3.78165163 2.90800190
v -1.04050243 -2.63364162 2.90800190
v -12.32705092 29.62665950 -1.73079503
v -12.35180068 29.61237918 -1.70199800
v -12.06263137 29.77937899 -1.22740996
v -0.97850591 3.00635753 2.90800190
v 4.60450196 -4.38474073 -1.32225096
v 0.53096199 6.60228930 -1.38511205
v 1.47622108 4.98868857 -1.39499795
v 0.55551410 6.51609240 -1.36679006
v -0.61850530 -0.55464681 2.90800190
v -0.61850530 -0.55464681 -2.09199810
v -0.67850280 -0.48964437 -2.09199810
v -12.64360118 29.44392024 -1.39499795
v -12.38710093 29.59198962 -1.66489995
v -0.84450322 0.34534712 2.90800190
v -4.66950798 1.53435741 2.90800190
v 0.77677393 5.71581565 -1.19183600
v 0.75475502 5.80494128 -1.21322703
v -12.96877074 29.25618945 -1.07999802
v -12.45669055 29.55188952 -0.70999777
v -13.01185107 29.23131953 -1.04132700
v -0.67850280 -0.48964437 2.90800190
v -0.67850280 -0.48964437 -2.09199810
v -0.73050481 -0.41864519 -2.09199810
v 4.57100892 -4.37593545 -1.30957401
v -0.81450438 0.42835493 2.90800190
v -0.77650243 0.50835673 2.90800190
v -4.50750494 1.99634848 2.90800190
v -12.23272109 29.68118869 -0.98699778
v -12.28662086 29.65007983 -0.92043680
v 2.74149489 -4.07364358 -2.09199810
v 2.32949305 -4.32664956 -2.09199810
v 0.97249794 -2.93764247 -2.09199810
v 0.85449409 -3.11664356 -2.09199810
v 0.91749811 -3.02965249 -2.09199810
v 0.51509309 6.65333043 -1.39499795
v -5.28301001 2.99907933 2.37100196
v -14.96221137 19.76330004 2.37100196
v -5.13996696 2.91042553 2.34539700
v 1.01749611 -2.83965053 -2.09199810
v -12.51859069 29.51614962 -0.64127201
v 0.78349495 -3.19664563 -2.09199810
v 1.89449501 -4.53664150 -2.09199810
v -5.06825805 2.86608349 2.33253503
v 1.44149208 -4.70164956 2.90800190
v 0.97549701 -4.82065381 2.90800190
v 1.44149208 -4.70164956 -2.09199810
v 0.97549701 -4.82065381 -2.09199810
v 0.52849793 -3.38965358 -2.09199810
v 0.61949396 -3.33365359 -2.09199810
v 1.44149208 -4.70164956 -2.09199810
v 0.70449305 -3.26964368 -2.09199810
v -12.19449115 29.67391978 -1.87022305
v -12.22978091 29.66374026 -1.83431900
v -11.96028113 29.81285868 -1.37514102
v -0.88250518 0.08335372 2.90800190
v -11.98747134 29.80612002 -1.33621597
v 4.12848878 -3.92506947 -1.65045702
v 4.06049609 -3.89781656 -1.62562895
v 4.14475513 -3.93143262 -1.65625405
v 4.04377198 -3.89076747 -1.61920202
v 3.99250197 -3.86943568 -1.59976995
v 4.19649720 -3.95119251 -1.67425001
v 3.94095778 -3.84752359 -1.57981396
v -0.86550689 0.25934852 2.90800190
v -0.87850738 0.17135101 2.90800190
v -0.86550689 0.25934852 -2.09199810
v -14.44727111 19.25702868 3.06900191
v -5.29526305 3.40653454 3.06900191
v -8.94986510 24.13951884 -1.91308498
v -8.97598004 24.13498889 -1.88801503
v -12.09926105 29.69249926 -1.96266198
v -4.72382903 3.06501232 2.98825002
v 0.78349495 -1.63965358 -2.09199810
v 0.85449409 -1.72064759 -2.09199810
v 3.92350221 -3.84019961 -1.57314503
v 0.91749811 -1.80664553 -2.09199810
v 4.82549500 -0.89264430 -2.09199810
v 0.97249794 -1.89964761 -2.09199810
v -4.58727002 2.99891148 2.96700191
v -14.75246119 20.60478984 2.96700191
v 4.70849109 -1.36864259 -2.09199810
v 4.54648805 -1.83064760 -2.09199810
v 1.01749611 -1.99763955 -2.09199810
v -4.66950798 -1.36864259 2.90800190
v -0.93350768 -1.89964761 2.90800190
v 1.38406610 5.86171923 -1.72168005
v 1.64895797 6.01447545 -1.21724606
v 1.38707900 5.84563742 -1.71620095
v 0.71749306 -0.48964437 -2.09199810
v 0.65749598 -0.55464681 -2.09199810
v 0.71749306 -0.48964437 2.90800190
v 1.05349207 -2.09865369 -2.09199810
v 4.34049392 -2.27364053 -2.09199810
v -11.92212081 29.82238017 -1.42980599
v 1.07949305 -2.20364846 -2.09199810
v -4.58727002 2.99891148 2.96700191
v 0.59249306 -0.61464437 -2.09199810
v 0.59249306 -0.61464437 2.90800190
v 0.65749598 -0.55464681 -2.09199810
v 0.65749598 -0.55464681 2.90800190
v -12.17699122 29.67897998 -1.88804197
v 0.59249306 -0.61464437 -2.09199810
v -4.50750494 -1.83064760 2.90800190
v -0.97850591 -1.99763955 2.90800190
v -1.01450139 -2.73764552 2.90800190
v 0.44449806 -0.71265157 2.90800190
v -0.66550243 -1.56764759 -2.09199810
v 0.44449806 -0.71265157 2.90800190
v 0.44449806 -0.71265157 -2.09199810
v 0.36449599 -0.75064595 -2.09199810
v 0.36449599 -0.75064595 2.90800190
v -8.99348187 24.12991915 -1.87019503
v -9.02876115 24.11974917 -1.83429098
v -9.06785417 24.10719882 -1.79387105
v -9.12602782 24.08267031 -1.73076797
v 0.28149605 -0.78064479 -2.09199810
v -12.09339118 29.69310961 -1.96810901
v -8.94986510 24.13951884 -1.91308498
v -12.09874129 29.69258891 -1.96316695
v 4.19649720 -4.26221265 -1.16176200
v 4.19649720 -3.95119251 -1.67425001
v 1.40972304 5.71912633 -1.67509305
v 1.67872095 5.87426244 -1.16284895
v -0.32550597 -0.75064595 -2.09199810
v -0.39350700 -3.43564357 2.90800190
v 0.91749811 -0.00565084 2.90800190
v 0.91749811 -0.00565084 -2.09199810
v 0.90449691 -0.09264119 -2.09199810
v 1.47616792 4.99422751 -1.39748502
v 1.47622108 4.98868857 -1.39499795
v -6.31574798 3.69278942 2.51744699
v -6.20718217 -2.56570949 -0.83664191
v 0.28149605 -0.78064479 -2.09199810
v -6.36887908 3.73624645 2.52292705
v -6.54133391 4.31981955 3.17633390
v -6.80186200 4.09095250 2.56751108
v -6.94654584 4.20946751 2.58239198
v -6.63157392 4.39124547 3.18201208
v 1.45139503 6.72216235 -1.47486198
v 1.21591401 6.56424962 -1.92920399
v 1.43982100 6.75817357 -1.48641503
v -16.07258105 -19.88821973 -0.70999777
v -6.13598418 3.99901829 3.15079093
v 0.10749304 -0.81464125 -2.09199810
v 0.65749598 -0.55464681 2.90800190
v -5.98853087 3.88178550 3.14037800
v -6.02841020 3.91405736 3.14400196
v -6.31574798 3.69278942 2.51744699
v -16.25550056 -19.78260030 -0.93626541
v -16.29671073 -19.75880040 -0.98699778
v 1.47462702 4.91506444 -1.36295903
v 0.87539101 5.27842246 -1.07999802
v 1.47616005 4.97191821 -1.38792598
v 3.33083606 -3.59464063 -0.45470920
v 31.76950002 -3.86064662 -0.70999777
v 3.36547303 -3.56264247 -0.42399779
v 1.05349207 -2.73764552 -2.09199810
v 3.12849593 -3.78165163 -2.09199810
v 1.07949305 -2.63364162 -2.09199810
v 3.48449206 -3.45264162 -2.09199810
v 1.09449196 -2.52664651 -2.09199810
v 1.10049701 -2.41864552 -2.09199810
v 4.09349990 -2.69464649 -2.09199810
v 1.09449196 -2.31064357 -2.09199810
v 3.80749011 -3.08864369 -2.09199810
v 0.88349390 0.34534712 2.90800190
v 0.23049402 -3.49763955 -2.09199810
v 0.49949908 -4.89264478 -2.09199810
v 0.12549806 -3.51364650 -2.09199810
v 0.01949501 -4.91664638 -2.09199810
v 0.01949501 -3.51964368 -2.09199810
v 1.76287293 5.26360522 -0.89165658
v 1.47514606 5.04986058 -1.42202795
v 1.47448897 5.07134543 -1.43129802
v 3.69254518 -4.06265773 -0.92604327
v 3.71949220 -4.07571973 -0.94001770
v -6.63157392 4.39124547 3.18201208
v -6.79418015 4.53849231 3.19100189
v -6.94654584 4.20946751 2.58239198
v -6.01441693 -1.51506557 -1.25299799
v -7.01987195 4.27781163 2.58900189
v -7.27354980 4.96082555 3.20196509
v -7.57557511 4.78652440 2.62699604
v -0.93350768 -2.93764247 -2.09199810
v 1.47304010 5.12691746 -1.45547605
v -0.08650804 -3.51364650 -2.09199810
v -2.70250499 -4.07364358 -2.09199810
v -0.97850591 -2.83965053 -2.09199810
v -16.29671073 -19.75880040 -0.98699778
v 3.58349109 -4.00867261 -0.86830908
v 3.62505603 -4.02979078 -0.89089191
v 3.65149903 -4.04312648 -0.90515471
v 3.76003480 -4.09465541 -0.96026307
v 3.33530593 -3.86675061 -0.71652299
v 3.37949586 -3.89458265 -0.74628681
v -1.04050243 -2.63364162 -2.09199810
v -1.01450139 -2.73764552 -2.09199810
v -3.08950603 -3.78165163 -2.09199810
v -7.77258086 -4.40825357 -1.36331403
v -7.77664685 -4.41345777 -1.36465096
v -7.77259612 -4.40825357 -1.36329699
v -8.20538878 -4.96185865 -1.50499797
v -7.77259612 -4.40825357 -1.36329699
v -7.77664685 -4.41345777 -1.36465096
v -8.20538878 -4.96185865 -1.50499797
v -7.77664685 -4.41345777 -1.36465096
v -8.20530486 -4.96178140 -1.50499797
v 1.47622108 4.98868857 -1.39499795
v 1.76669502 5.18802844 -0.85478520
v 1.47616005 4.97191821 -1.38792598
v 1.47616792 4.99422751 -1.39748502
v -3.44550097 -3.45264162 -2.09199810
v -7.77259612 -4.40825357 -1.36329699
v -7.75114179 -4.38098659 -1.35615003
v -7.77258086 -4.40825357 -1.36331403
v -6.12238908 3.55684934 2.49500203
v -7.01987195 4.27781163 2.58900189
v -0.15650702 -0.80164088 2.90800190
v -1.05550170 -2.31064357 -2.09199810
v -1.06050658 -2.41864552 -2.09199810
v -3.76850700 -3.08864369 -2.09199810
v -0.15650702 -0.80164088 2.90800190
v 4.26448989 -3.97705569 -1.69781899
v -0.32550597 -0.75064595 2.90800190
v 1.47514606 5.04986058 -1.42202795
v 1.76542902 5.21728049 -0.86924851
v 1.47616792 4.99422751 -1.39748502
v -0.32550597 -0.75064595 2.90800190
v 4.14475513 -3.93143262 -1.65625405
v -0.48150396 -0.66664626 2.90800190
v -6.02841020 3.91405736 3.14400196
v -6.13598418 3.99901829 3.15079093
v -0.48150396 -0.66664626 2.90800190
v -0.48150396 -0.66664626 -2.09199810
v -0.55350304 -0.61464437 2.90800190
v -0.55350304 -0.61464437 -2.09199810
v -0.97850591 -1.99763955 -2.09199810
v -1.01450139 -2.09865369 -2.09199810
v -0.61850530 -0.55464681 -2.09199810
v -0.87850738 -1.80664553 -2.09199810
v -0.67850280 -0.48964437 2.90800190
v -7.77258086 -4.40825357 -1.36331403
v -7.77664685 -4.41345777 -1.36465096
v -0.93350768 -1.89964761 -2.09199810
v -1.04050243 -2.20364846 -2.09199810
v -0.73050481 -0.41864519 2.90800190
v -6.01441693 -1.51506557 -1.25299799
v -0.73050481 -0.41864519 2.90800190
v -4.05450201 -2.69464649 -2.09199810
v -1.05550170 -2.52664651 -2.09199810
v -0.81450438 -0.26164748 2.90800190
v -0.81450438 -0.26164748 2.90800190
v 1.41805506 6.82416735 -1.50736403
v 1.18032289 6.68706761 -1.96007204
v 1.40532899 6.85979758 -1.51979399
v -3.76850700 3.25535045 -2.09199810
v -1.06050658 2.58535252 -2.09199810
v 4.02204299 -4.20006360 -1.08558095
v 4.04377198 -3.89076747 -1.61920202
v 4.06049609 -4.21451368 -1.10328496
v 4.06049609 -3.89781656 -1.62562895
v -0.87850738 -0.00565084 2.90800190
v -0.87850738 -0.00565084 2.90800190
v -5.86614013 -1.77112355 -1.80162096
v -5.88966918 -1.79262258 -1.81131494
v -5.90051818 -1.80280055 -1.81565404
v 3.99250197 -4.18912257 -1.07216203
v 3.99250197 -3.86943568 -1.59976995
v 4.02204299 -4.20006360 -1.08558095
v 4.04377198 -3.89076747 -1.61920202
v -0.84450322 0.34534712 -2.09199810
v 3.94095778 -3.84752359 -1.57981396
v 3.96297717 -4.17795362 -1.05847001
v 3.92350221 -3.84019961 -1.57314503
v 3.92350221 -4.16321363 -1.04039598
v -0.87850738 0.17135101 -2.09199810
v -0.84450322 0.34534712 -2.09199810
v -0.84450322 0.34534712 2.90800190
v -0.86550689 0.25934852 2.90800190
v -0.86550689 0.25934852 -2.09199810
v 3.89498401 -4.15176858 -1.02638304
v 3.87305713 -3.81749453 -1.55246198
v 3.92350221 -4.16321363 -1.04039598
v -0.81450438 0.42835493 -2.09199810
v -0.81450438 0.42835493 2.90800190
v -0.84450322 0.34534712 2.90800190
v -0.84450322 0.34534712 -2.09199810
v -5.66445708 -1.59056558 -1.71648002
v -5.67690110 -1.60115554 -1.72200894
v -5.71893096 -1.63786854 -1.74021399
v -5.73096204 -1.64865662 -1.74528599
v 0.97549701 -4.82065381 -2.09199810
v 0.43249702 -3.43564357 -2.09199810
v 0.33349800 -3.47163858 -2.09199810
v 3.99250197 -3.86943568 -1.59976995
v 3.99250197 -4.18912257 -1.07216203
v 3.94095778 -3.84752359 -1.57981396
v 3.96297717 -4.17795362 -1.05847001
v 1.76542902 5.21728049 -0.86924851
v -0.81450438 0.42835493 2.90800190
v 3.85549378 -4.13608255 -1.00714302
v 3.85549378 -3.80965151 -1.54531896
v 3.89498401 -4.15176858 -1.02638304
v -13.74926066 28.80066882 0.52943188
v -13.72743106 28.81827937 0.51016742
v 31.76950002 -3.22864260 -0.13199770
v 31.76950002 -2.41264858 -0.43799779
v 31.76950002 -2.86264552 0.16400220
v -6.74913621 -2.31808962 -1.61593997
v -6.73069501 -2.29561366 -1.60727096
v -5.84796691 -1.75450660 -1.79412401
v -5.78473401 -1.69609560 -1.76834095
v -5.63068223 -1.56076552 -1.70199800
v -8.20530486 -4.96178140 -1.50499797
v -8.24119401 -5.00912942 -1.51848602
v -8.20538878 -4.96185865 -1.50499797
v 31.76950002 -2.85664858 -0.75999779
v 31.76950002 -3.56264247 -0.42399779
v 31.76950002 -3.26865162 -1.07999802
v 3.92350221 -3.84019961 -1.57314503
v 3.92350221 -4.16321363 -1.04039598
v 3.87305713 -3.81749453 -1.55246198
v 3.82752395 -4.12434854 -0.99276131
v 31.76950002 -2.39244546 0.51063812
v 31.76950002 -2.46664967 0.45900229
v 31.76950002 -1.99088063 -0.15145040
v 1.07954597 7.00876818 -2.03869891
v 1.30963302 7.12122546 -1.60734797
v 1.09808588 6.95316563 -2.02537704
v 3.76003480 -4.09465541 -0.96026307
v 3.73774219 -3.75381960 -1.49445105
v 3.78750110 -4.10707559 -0.97355360
v 0.19549799 -0.80164088 2.90800190
v 1.47616005 4.97191821 -1.38792598
v 1.76832008 5.14060460 -0.83092982
v 1.47462702 4.91506444 -1.36295903
v 4.16587281 -4.25180568 -1.14899802
v -16.65126109 -19.42731084 -1.65323699
v 0.90449691 -0.09264119 2.90800190
v 4.14475513 -3.93143262 -1.65625405
v -11.56245971 29.70500003 -2.08999801
v 0.90449691 -0.09264119 2.90800190
v 4.12848878 -3.92506947 -1.65045702
v 31.76950002 -4.11964978 -0.98699778
v 31.76950002 -3.64464368 -1.39499795
v 31.76950002 -3.86064662 -0.70999777
v 0.85349488 -0.26164748 2.90800190
v 3.80538392 -3.78604664 -1.52381396
v 0.85349488 -0.26164748 2.90800190
v 1.76669502 5.18802844 -0.85478520
v 0.76949501 -0.41864519 2.90800190
v 31.76950002 -3.98164858 -1.70199800
v 31.76950002 -4.31503762 -1.22651100
v 3.85549378 -4.13608255 -1.00714302
v 3.82752395 -4.12434854 -0.99276131
v 3.80538392 -3.78604664 -1.52381396
v 0.76949501 -0.41864519 2.90800190
v 31.76950002 -4.00955762 -1.73018599
v 1.76957893 5.06264745 -0.79039723
v 1.47416902 4.89194737 -1.35292804
v 1.76866388 5.11142932 -0.81563920
v 3.67014480 -3.71936549 -1.46305895
v 3.69254518 -4.06265773 -0.92604327
v 3.65149903 -3.70993556 -1.45447600
v 30.93749928 -0.14780168 0.94405729
v 30.81714940 -0.03476454 1.00428295
v 30.93749928 -0.57059230 1.64115298
v 1.49312806 4.84943639 -1.28687894
v 1.49122095 4.85013829 -1.29152095
v 1.76957893 5.06264745 -0.79039723
v 0.90449691 0.25934852 -2.09199810
v 0.90449691 0.25934852 2.90800190
v 0.88349390 0.34534712 2.90800190
v 0.88349390 0.34534712 -2.09199810
v 30.71031880 -0.35709129 1.75458097
v 30.93749928 -0.57059230 1.64115298
v 0.91749811 0.17135101 -2.09199810
v 0.91749811 0.17135101 2.90800190
v 0.90449691 0.25934852 2.90800190
v 0.90449691 0.25934852 -2.09199810
v -5.14931297 -1.19881155 -1.48649395
v -11.52792239 29.70213900 -2.08999801
v -11.52037597 29.70088969 -2.08999801
v 0.91749811 0.17135101 2.90800190
v 31.67649007 -1.79213454 0.91681510
v 31.71532750 -2.04564466 0.75200230
v 31.68666005 -1.44864358 0.19800210
v 31.76950002 -2.39244546 0.51063812
v 31.76187062 -1.94164063 -0.11799780
v 31.39749837 -0.76358541 0.60405141
v 31.39749837 -1.18253054 1.29480803
v 31.47482991 -0.93665059 0.50600231
v 31.58861852 -1.60265054 1.04000199
v 31.67649007 -1.38087954 0.23876600
v 31.67649007 -1.79213454 0.91681510
v -5.08528709 -1.15694155 -1.45501101
v -5.03824401 -1.12758352 -1.43123102
v -5.01990294 -1.11612453 -1.42197001
v -4.97192907 -1.08800258 -1.39689505
v -4.96825194 -1.08578958 -1.39499795
v -15.88630080 -19.99567975 -1.39499795
v -4.15957403 -2.51555361 0.62368423
v -18.06699061 -26.12952985 0.45900229
v -4.11744499 -2.58736147 0.67405450
v 31.13211751 -0.41064958 0.80400211
v 30.93749928 -0.14780168 0.94405729
v 31.01152730 -0.67064418 1.58800197
v 30.93749928 -0.57059230 1.64115298
v 31.39749837 -1.18253054 1.29480803
v 31.39749837 -0.76358541 0.60405141
v 31.36695027 -1.14264454 1.31900203
v -0.29450798 -3.47163858 2.90800190
v -0.19150305 -3.49763955 -2.09199810
v -0.29450798 -3.47163858 -2.09199810
v -4.30150390 -2.27364053 0.45364740
v 1.51050806 4.84305821 -1.24436200
v 1.76935005 5.03388463 -0.77480668
v 1.51996088 4.83959447 -1.22124398
v -11.52037597 29.70088969 -2.08999801
v 1.89449501 -4.53664150 2.90800190
v 1.44149208 -4.70164956 2.90800190
v 1.89449501 -4.53664150 -2.09199810
v 1.44149208 -4.70164956 -2.09199810
v 3.73774219 -3.75381960 -1.49445105
v 3.71949220 -3.74477162 -1.48620498
v 3.67014480 -3.71936549 -1.46305895
v 3.65149903 -3.70993556 -1.45447600
v 1.53225899 4.83509360 -1.19019401
v 1.76873994 4.98336230 -0.74721682
v 1.55344605 4.82732640 -1.13669503
v 0.90683198 7.62877951 -2.08999801
v 3.80538392 -3.78604664 -1.52381396
v 3.85549378 -3.80965151 -1.54531896
v 3.78750110 -3.77773060 -1.51622903
v -11.74790072 29.82004939 -1.68376899
v -11.76822066 29.82283984 -1.65413296
v 1.29826593 4.90493260 -0.32384011
v 1.29812789 4.90496360 -0.32410291
v 1.27118897 5.09374438 -0.38592181
v 31.58861852 -1.60265054 1.04000199
v 31.67649007 -1.79213454 0.91681510
v 3.87305713 -3.81749453 -1.55246198
v -11.98747134 29.80612002 -1.33621597
v -12.01754069 29.79831897 -1.29291403
v 1.18374109 6.67510424 -1.95702600
v 1.42786598 6.79426060 -1.49753296
v 1.20011401 6.61977635 -1.94341505
v 1.43982100 6.75817357 -1.48641503
v 1.29812789 4.90496360 -0.32410291
v 31.67649007 -1.38087954 0.23876600
v 31.76950002 -1.99088063 -0.15145040
v -5.62281585 -1.55399062 -1.69887495
v 0.90358210 7.64087926 -2.08999801
v 0.88894105 7.69715319 -2.08999801
v 1.76270509 4.87417041 -0.68597871
v 1.75744796 4.82015429 -0.65568179
v 1.76533008 4.90267430 -0.70184177
v -5.57956505 -1.51875760 -1.68074596
v -5.56639600 -1.50792457 -1.67527997
v -5.52295494 -1.47346963 -1.65664697
v 3.85549378 -3.80965151 -1.54531896
v 3.97590089 -2.85664858 -0.75999779
v 1.76866388 5.11142932 -0.81563920
v 1.76957893 5.06264745 -0.79039723
v -5.45209289 -1.41647853 -1.62661195
v -5.43777990 -1.40565957 -1.62023306
v -5.39346910 -1.37210562 -1.60049999
v -5.34931707 -1.33900954 -1.58068705
v 0.85404396 7.81974231 -2.08999801
v 0.86971498 7.76450644 -2.08999801
v 0.81173897 7.96668444 -2.08999801
v 1.76873994 4.98336230 -0.74721682
v 1.76935005 5.03388463 -0.77480668
v -5.50945807 -1.46248354 -1.65099204
v 3.60349488 -3.31854762 -1.12179804
v 1.76832008 5.14060460 -0.83092982
v -5.46614599 -1.42752554 -1.63268805
v 0.88550806 7.70963536 -2.08999801
v -0.29450798 -3.47163858 2.90800190
v -0.29450798 -3.47163858 -2.09199810
v -0.39350700 -3.43564357 -2.09199810
v 3.31150317 -3.85115566 -0.70089561
v 3.32575393 -3.86064662 -0.70999777
v -5.28949499 -1.29532363 -1.55330801
v -5.33430290 -1.32773353 -1.57395601
v 1.76866388 5.11142932 -0.81563920
v -5.16609693 -1.20996560 -1.49467099
v -5.21226311 -1.24130763 -1.51687896
v 0.80758095 7.98000632 -2.08999801
v 3.78750110 -3.77773060 -1.51622903
v 3.73774219 -3.75381960 -1.49445105
v 3.76003480 -4.09465541 -0.96026307
v 3.71949220 -3.74477162 -1.48620498
v 3.71949220 -4.07571973 -0.94001770
v -5.27383995 -1.28412356 -1.54604399
v -5.22840691 -1.25276663 -1.52441704
v 3.65149903 -4.04312648 -0.90515471
v -15.52578139 -20.20392026 -0.13199770
v 3.71949220 -4.07571973 -0.94001770
v 3.71949220 -3.74477162 -1.48620498
v -9.45355010 25.34235965 -2.08999801
v -10.12463164 23.50617991 -0.75999779
v -13.32567096 29.05015002 -0.75999779
v -9.87056613 23.65283976 -0.98775911
v -13.01185107 29.23131953 -1.04132700
v 27.45783925 1.72034739 2.68300200
v 28.41452909 1.25335143 2.50400209
v 28.31540990 1.71935545 1.83400202
v 1.76935005 5.03388463 -0.77480668
v 3.87305713 -3.81749453 -1.55246198
v 1.76873994 4.98336230 -0.74721682
v -13.70980144 28.82837878 -0.43799779
v -13.32567096 29.05015002 -0.75999779
v -10.50876403 23.28439914 -0.43799779
v -10.12463164 23.50617991 -0.75999779
v 26.10449910 2.68787633 2.20270610
v 26.36839986 2.17235838 2.83800197
v 27.22693944 2.23334752 2.03900194
v 1.76624489 4.91808520 -0.70999777
v 1.60312104 4.80912219 -1.01091802
v 1.76675606 4.93087254 -0.71730888
v 1.76533008 4.90267430 -0.70184177
v 1.59154701 4.81336461 -1.04022706
v 1.64168000 6.04735862 -1.22967994
v 1.37323189 5.91665135 -1.73993802
v 27.37949872 1.75937937 2.69638205
v 26.10449910 2.28260241 2.87092209
v -13.70980144 28.82837878 -0.43799779
v 1.76270509 4.87417041 -0.68597871
v 1.64300704 4.79450427 -0.90582949
v 1.76533008 4.90267430 -0.70184177
v 1.01749611 -2.83965053 2.90800190
v 1.05349207 -2.73764552 -2.09199810
v 1.01749611 -2.83965053 -2.09199810
v -11.70768142 29.81252871 -1.74099803
v -5.66445708 -1.59056558 -1.71648002
v -5.91354918 -1.42255153 -1.20258105
v -5.63068223 -1.56076552 -1.70199800
v 27.37949872 2.17273937 2.01482892
v 3.44748902 -3.93485059 -0.78936303
v 3.42283082 -3.92047657 -0.77398342
v 3.51549697 -3.97292055 -0.83007812
v 3.55764222 -3.99493946 -0.85361862
v -1.03629857 4.96186362 0.19437960
v -4.29732299 -2.28078260 0.45900229
v 3.55764222 -3.99493946 -0.85361862
v 3.53495193 -3.64606251 -1.39628196
v 3.58349109 -4.00867261 -0.86830908
v 1.40677094 5.73600255 -1.68044496
v 1.67060304 5.91251622 -1.17768800
v 1.40972304 5.71912633 -1.67509305
v 25.91905904 2.74972044 2.22424197
v 25.69954991 2.42109142 2.91227603
v 25.97638822 2.73035632 2.21800208
v 3.60251784 -3.68370547 -1.43057406
v 3.62505603 -4.02979078 -0.89089191
v 3.58349109 -3.67343654 -1.42122602
v 26.10449910 2.28260241 2.87092209
v 26.10449910 2.68787633 2.20270610
v 1.10049701 -2.41864552 -2.09199810
v 1.09449196 -2.52664651 -2.09199810
v 1.09449196 -2.52664651 2.90800190
v -3.76761389 -3.08965053 1.04000199
v 0.70449305 -1.56764759 -2.09199810
v 0.70449305 -1.56764759 2.90800190
v 0.61949396 -1.50365164 -2.09199810
v 0.78349495 -1.63965358 2.90800190
v 0.70449305 -1.56764759 -2.09199810
v 0.78349495 -1.63965358 -2.09199810
v -3.76761389 -3.08965053 1.04000199
v 26.10449910 2.68787633 2.20270610
v 4.43653321 2.23334752 2.03900194
v 25.97638822 2.73035632 2.21800208
v 27.22693944 2.23334752 2.03900194
v -18.00280070 -26.16658963 0.51058012
v 25.97638822 2.73035632 2.21800208
v 4.42061782 2.73035632 2.21800208
v 25.91905904 2.74972044 2.22424197
v -11.96028113 29.81285868 -1.37514102
v -11.92212081 29.82238017 -1.42980599
v -4.35116410 -2.16685952 0.38184130
v -4.40144897 -2.05872049 0.30897120
v -8.76654601 24.15246020 -2.08999801
v -8.80197692 24.15416919 -2.05609989
v 1.89449501 4.70235644 2.90800190
v 1.44149208 4.86835728 -1.31929100
v 1.47416902 4.89194737 -1.35292804
v 1.47250605 4.85698949 -1.33705699
v 25.69954991 2.42109142 2.91227603
v 25.16461873 2.60434948 2.96700191
v 1.47416902 4.89194737 -1.35292804
v 1.47250605 4.85698949 -1.33705699
v 1.47416902 4.89194737 -1.35292804
v 1.47898293 4.85462437 -1.32130802
v 30.71031880 -0.35709129 1.75458097
v 1.57067299 6.32297765 -1.33564997
v 1.32423592 6.14158164 -1.81061006
v 1.32082605 6.15592442 -1.81486595
v 1.89449501 -4.53664150 2.90800190
v 1.89449501 -4.53664150 -2.09199810
v 2.32949305 -4.32664956 2.90800190
v 1.05519295 4.96700536 -1.07999802
v 1.01749611 -2.83965053 2.90800190
v 1.01749611 -2.83965053 -2.09199810
v 0.97249794 -2.93764247 -2.09199810
v 2.32949305 -4.32664956 -2.09199810
v 1.57067299 6.32297765 -1.33564997
v 1.32082605 6.15592442 -1.81486595
v 1.56143403 6.35657750 -1.34833801
v 0.87539101 5.27842246 -1.07999802
v 30.65005040 0.12235512 1.08800197
v 3.60251784 -3.68370547 -1.43057406
v 30.53343892 -0.19064838 1.84300196
v 30.29648900 0.45989482 1.25677299
v 30.29648900 0.03621928 1.95503104
v -13.25641131 -25.14373006 2.48493004
v 30.01300931 0.24228923 2.05678391
v 30.02251935 0.65835063 1.35600197
v 29.94264913 0.29336043 2.08200192
v 3.51549697 -3.63498463 -1.38690305
v -5.16609693 -1.20996560 -1.49467099
v -5.15898705 -1.20523562 -1.49120295
v 0.61949396 -3.33365359 -2.09199810
v 0.61949396 -3.33365359 2.90800190
v 0.70449305 -3.26964368 -2.09199810
v -11.86598086 29.82913981 -1.50499797
v 29.48549962 0.63093065 2.23646402
v 30.14783978 0.56763713 1.31064498
v 3.65149903 -4.04312648 -0.90515471
v 3.65149903 -3.70993556 -1.45447600
v 29.48549962 1.05326341 1.54014504
v 1.49312806 4.84943639 -1.28687894
v 0.33349800 -3.47163858 2.90800190
v 0.43249702 -3.43564357 -2.09199810
v 0.33349800 -3.47163858 -2.09199810
v 3.53495193 -3.64606251 -1.39628196
v 3.58349109 -3.67343654 -1.42122602
v 3.53241897 -3.64464368 -1.39499795
v 1.51996088 4.83959447 -1.22124398
v 1.76675606 4.93087254 -0.71730888
v 30.29648900 0.03621928 1.95503104
v 30.29648900 0.45989482 1.25677299
v 0.07205403 -6.94954480 2.49500203
v -4.96825194 -1.08578958 -1.39499795
v 1.58057594 4.81739245 -1.06799805
v 1.56150293 4.82438145 -1.11630094
v 1.55344605 4.82732640 -1.13669503
v 28.51048970 1.62647544 1.79364002
v 28.51048970 1.20737742 2.48462701
v 29.24617887 1.19234739 1.60500205
v 29.23631978 0.77634685 2.30300212
v 3.24349380 -3.80312051 -0.65478837
v 3.26949477 -3.65134157 -0.50912011
v 3.22073579 -3.78584756 -0.63821727
v 1.05709291 7.07493029 -2.05416608
v 1.28480005 7.18595324 -1.62728095
v 1.07598305 7.01922045 -2.04112411
v 3.28811097 -3.83455362 -0.68496013
v 0.78349495 -1.63965358 2.90800190
v 0.78349495 -1.63965358 -2.09199810
v 0.85449409 -1.72064759 -2.09199810
v 29.48549962 1.05326341 1.54014504
v 29.48549962 0.63093065 2.23646402
v 1.27103591 5.09365330 -0.38621300
v 1.27118897 5.09374438 -0.38592181
v 1.29812789 4.90496360 -0.32410291
v 27.37949872 2.17273937 2.01482892
v 1.24732399 5.20919238 -0.41834241
v 1.27118897 5.09374438 -0.38592181
v 1.29826593 4.90493260 -0.32384011
v 28.51048970 1.62647544 1.79364002
v 28.51048970 1.20737742 2.48462701
v 1.45345497 4.86397849 -0.42399779
v 1.44149208 4.86835728 -0.41684249
v 27.37949872 1.75937937 2.69638205
v 3.58349109 -4.00867261 -0.86830908
v 1.31824708 4.89982043 -0.33711600
v 1.33931899 4.89444934 -0.35074839
v 31.76950002 -2.85664858 -0.75999779
v 0.99174690 7.28478442 -2.08999801
v 1.19989991 7.40505419 -1.69338500
v 1.00357294 7.23082934 -2.08999801
v 3.53241897 -3.64464368 -1.39499795
v 3.55764222 -3.99493946 -0.85361862
v 3.51549697 -3.63498463 -1.38690305
v 3.53495193 -3.64606251 -1.39628196
v 3.55764222 -3.99493946 -0.85361862
v 3.53241897 -3.64464368 -1.39499795
v 3.51549697 -3.97292055 -0.83007812
v 1.75361800 4.79165135 -0.63881701
v 1.74878907 4.75574742 -0.61756629
v 1.74909401 4.75564061 -0.61776501
v 3.44748902 -3.93485059 -0.78936303
v 3.44748902 -3.59335865 -1.35203600
v 3.51549697 -3.97292055 -0.83007812
v 1.74878907 4.75574742 -0.61756629
v 1.75361800 4.79165135 -0.63881701
v 1.65485597 4.79017125 -0.55599779
v -4.88234496 -1.03825857 -1.35261905
v 3.58349109 -3.67343654 -1.42122602
v 3.58349109 -4.00867261 -0.86830908
v 3.53495193 -3.64606251 -1.39628196
v -0.48950696 -1.44765260 2.90800190
v -0.58050299 -1.50365164 -2.09199810
v -0.48950696 -1.44765260 -2.09199810
v 1.45345497 4.86397849 -0.42399779
v 3.51549697 -3.63498463 -1.38690305
v -5.90051818 -1.80280055 -1.81565404
v 3.42283082 -3.92047657 -0.77398342
v 3.39969802 -3.56290163 -1.32651103
v 3.44748902 -3.93485059 -0.78936303
v -5.90051818 -1.80280055 -1.81565404
v 1.60312104 4.80912219 -1.01091802
v 0.06329596 5.08115636 0.45900229
v -13.66367126 28.85509883 0.45900229
v 1.68583894 4.77881823 -0.79219908
v 1.75744796 4.82015429 -0.65568179
v 31.13211751 -0.41064958 0.80400211
v 30.93749928 -0.14780168 0.94405729
v 1.74909401 4.75564061 -0.61776501
v 1.71711898 4.76735936 -0.70543051
v 1.75361800 4.79165135 -0.63881701
v 1.18993592 7.42981921 -1.70026195
v 1.19989991 7.40505419 -1.69338500
v 0.98925209 7.29531346 -2.08999801
v 0.12549806 -1.32265260 -2.09199810
v 0.12549806 -1.32265260 2.90800190
v 0.01949501 -1.31764759 -2.09199810
v 1.68583894 4.77881823 -0.79219908
v 1.75744796 4.82015429 -0.65568179
v 1.71711898 4.76735936 -0.70543051
v 1.75361800 4.79165135 -0.63881701
v -4.80017591 -17.32612027 2.66929293
v 3.22073579 -3.78584756 -0.63821727
v 3.21533418 -3.70139064 -0.76669317
v 3.24349380 -3.80312051 -0.65478837
v 30.01300931 0.24228923 2.05678391
v 1.44149208 4.86835728 -1.31929100
v 1.47250605 4.85698949 -1.33705699
v 1.44149208 4.86835728 -2.09199810
v 0.33349800 -1.36464454 2.90800190
v 0.23049402 -1.33864357 -2.09199810
v 0.33349800 -1.36464454 -2.09199810
v -5.39686394 -17.59572019 3.20090389
v 30.53343892 -0.19064838 1.84300196
v 0.33349800 -1.36464454 2.90800190
v 0.33349800 -1.36464454 -2.09199810
v 0.43249702 -1.40164663 -2.09199810
v -5.11478996 -17.75863065 2.66390204
v -4.03980803 -16.25374974 2.70895910
v 1.14823389 7.53246556 -1.72818303
v 1.15820503 7.50786839 -1.72146297
v 0.95823097 7.42267857 -2.08999801
v -6.17028594 -1.67026259 -1.33639300
v 0.94467402 7.48076831 -2.08999801
v 1.13222003 7.57242833 -1.73940206
v 1.89449501 4.70235644 -2.09199810
v 1.07673097 7.69832860 -1.77811599
v 0.90979195 7.61673938 -2.08999801
v 1.06679702 7.72103320 -1.78539002
v 1.00875306 7.21604453 -2.08670807
v 3.32575393 -3.86064662 -0.70999777
v 3.31150317 -3.61252369 -1.09433699
v 3.31150317 -3.85115566 -0.70089561
v -0.87850738 -3.02965249 -2.09199810
v -0.93350768 -2.93764247 2.90800190
v -0.87850738 -3.02965249 2.90800190
v -6.23774505 -19.17386998 2.62767196
v -6.53954101 -18.99970998 3.20221710
v -6.47813201 -19.45218076 2.61611104
v 3.24349380 -3.80312051 -0.65478837
v 3.24349380 -3.67537464 -0.86528641
v 3.28811097 -3.83455362 -0.68496013
v 0.12549806 -3.51364650 -2.09199810
v 0.01949501 -3.51964368 -2.09199810
v 0.12549806 -3.51364650 2.90800190
v -7.04068494 -20.10350980 2.58900189
v -7.23204589 -19.78181066 3.19100189
v 31.76950002 -3.56264247 -0.42399779
v 30.65005040 0.12235512 1.08800197
v 30.29648900 0.45989482 1.25677299
v 2.74149489 -4.07364358 -2.09199810
v 2.74149489 -4.07364358 2.90800190
v 2.32949305 -4.32664956 -2.09199810
v 30.02251935 0.65835063 1.35600197
v 29.48549962 1.05326341 1.54014504
v 1.16054010 6.75364123 -1.97637200
v 1.39490700 6.88906346 -1.53006494
v 1.16401911 6.74186145 -1.97347701
v -6.33047986 -18.73985090 3.20496392
v -6.53954101 -18.99970998 3.20221710
v -6.18144822 -19.10251989 2.62986207
v -0.70559478 10.76659976 -1.75340104
v -8.49960923 24.26564990 -1.75340104
v -5.62281585 -1.55399062 -1.69887495
v -6.23774505 -19.17386998 2.62767196
v 2.32949305 -4.32664956 2.90800190
v 1.18032289 6.68706761 -1.96007204
v 1.41805506 6.82416735 -1.50736403
v -11.57855773 29.75403987 -1.95799804
v -5.57956505 -1.51875760 -1.68074596
v -5.62281585 -1.55399062 -1.69887495
v -5.88928819 -1.40013661 -1.19055605
v -5.86453795 -1.37842263 -1.17758203
v -0.56846404 -8.64898481 3.20197201
v -6.09969115 -18.45318021 3.20800209
v 1.20011401 6.61977635 -1.94341505
v 31.76123738 -4.07222451 -1.79350102
v 31.76950002 -4.00955762 -1.73018599
v 31.76232076 -4.36348476 -1.29164696
v -0.74450469 -3.19664563 2.90800190
v -0.66550243 -3.26964368 2.90800190
v -0.74450469 -3.19664563 -2.09199810
v 0.88894105 7.69715319 -2.08999801
v 1.03889704 7.78362523 -1.80427504
v 0.90358210 7.64087926 -2.08999801
v 3.17549300 -3.75110354 -0.60487121
v -0.74450469 -3.19664563 -2.09199810
v -0.81550390 -3.11664356 -2.09199810
v -0.74450469 -3.19664563 2.90800190
v -0.81550390 -3.11664356 2.90800190
v -5.58773589 -18.35052099 2.65300202
v -6.09969115 -18.45318021 3.20800209
v 31.71248937 -4.51414956 -1.50957799
v 31.73929906 -4.16512050 -1.88734698
v 31.71367955 -4.51164760 -1.50499797
v 0.90683198 7.62877951 -2.08999801
v 0.90358210 7.64087926 -2.08999801
v 1.06679702 7.72103320 -1.78539002
v -0.81550390 -1.72064759 -2.09199810
v -0.81550390 -1.72064759 2.90800190
v -0.87850738 -1.80664553 -2.09199810
v -5.11478996 -17.75863065 2.66390204
v -5.57382703 -17.81161107 3.20268893
v -0.81550390 -1.72064759 2.90800190
v -0.81550390 -1.72064759 -2.09199810
v -0.74450469 -1.63965358 2.90800190
v 3.44748902 -3.59335865 -1.35203600
v -5.39686394 -17.59572019 3.20090389
v -0.74450469 -1.63965358 -2.09199810
v -0.66550243 -1.56764759 -2.09199810
v -0.74450469 -1.63965358 2.90800190
v 3.39969802 -3.56290163 -1.32651103
v 3.42283082 -3.92047657 -0.77398342
v 3.37949586 -3.54970254 -1.31545496
v 3.37949586 -3.89458265 -0.74628681
v -0.81550390 -3.11664356 -2.09199810
v -0.87850738 -3.02965249 -2.09199810
v -0.87850738 -3.02965249 2.90800190
v 1.47898293 4.85462437 -1.32130802
v -10.77161193 -23.80079068 2.20290589
v 5.01249099 -4.48300637 -1.46375704
v 4.94449782 -4.46765651 -1.44165897
v 4.98070693 -4.47569741 -1.45323801
v 3.33083606 -3.59464063 -1.15739501
v 5.21650100 -4.52452554 -1.52857399
v 1.49122095 4.85013829 -1.29152095
v 3.24349380 -3.67537464 -0.86528641
v 31.76950002 -4.31503762 -1.22651100
v 31.76642919 -4.33664455 -1.25299799
v 0.01949501 -3.51964368 -2.09199810
v -0.08650804 -3.51364650 -2.09199810
v -0.08650804 -3.51364650 2.90800190
v 3.17549300 -3.75110354 -0.60487121
v 3.17549300 -3.73820962 -0.62614453
v 3.22073579 -3.78584756 -0.63821727
v 0.81173897 7.96668444 -2.08999801
v 0.92557001 8.03232966 -1.87322998
v 0.85404396 7.81974231 -2.08999801
v -0.08650804 -3.51364650 -2.09199810
v -0.19150305 -3.49763955 -2.09199810
v -0.08650804 -3.51364650 2.90800190
v 3.16818404 -3.74496950 -0.59897470
v 3.17549300 -3.73820962 -0.62614453
v 3.17549300 -3.75110354 -0.60487121
v 1.10100794 5.82093344 -0.58993810
v 0.14320600 -5.69188442 2.33262396
v 0.77474403 8.08681880 -2.08999801
v 0.79130793 8.03374873 -2.08999801
v 0.77056289 8.10062705 -2.08999801
v 31.74365926 -4.14745034 -1.86949599
v 31.75294042 -4.11212672 -1.83381295
v 1.02889490 7.80579625 -1.81069803
v 0.88550806 7.70963536 -2.08999801
v 1.01056910 7.84591161 -1.82176995
v 31.76123738 -4.07222451 -1.79350102
v -6.23774505 -19.17386998 2.62767196
v -6.18144822 -19.10251989 2.62986207
v -0.44352496 -9.44036664 2.65300202
v -5.58773589 -18.35052099 2.65300202
v 3.28811097 -3.83455362 -0.68496013
v 3.27596498 -3.64536061 -0.97438711
v 3.31150317 -3.85115566 -0.70089561
v 0.74972010 8.16665278 -2.08999801
v 0.76624489 8.11448203 -2.08999801
v 31.66863942 -4.32520046 -2.05509591
v 31.65924764 -4.59187879 -1.65177500
v 31.64935994 -4.35603847 -2.08999801
v 3.12849593 -3.78165163 -2.09199810
v 3.12849593 -3.78165163 2.90800190
v 2.74149489 -4.07364358 2.90800190
v 31.63769078 -4.38734950 -2.08999801
v 1.49312806 4.84943639 -1.28687894
v -0.81550390 -3.11664356 2.90800190
v 2.74149489 -4.07364358 -2.09199810
v 1.51996088 4.83959447 -1.22124398
v 1.51050806 4.84305821 -1.24436200
v 31.59920812 -4.65744581 -1.78543997
v 31.56388021 -4.68509473 -1.85863495
v 31.60089803 -4.46924342 -2.08999801
v -0.87850738 -1.80664553 2.90800190
v -0.74450469 -1.63965358 -2.09199810
v 31.60089803 -4.46924342 -2.08999801
v 31.63769078 -4.38734950 -2.08999801
v 31.59920812 -4.65744581 -1.78543997
v -4.97192907 -1.08800258 -1.39689505
v -5.28468108 -0.93346150 -0.85500282
v -4.96825194 -1.08578958 -1.39499795
v 3.16818404 -3.74496950 -0.59897470
v 0.73330903 8.21923457 -2.08999801
v 1.58057594 4.81739245 -1.06799805
v 1.59154701 4.81336461 -1.04022706
v 3.33530593 -3.86675061 -0.71652299
v 0.80104303 8.29886924 -1.93983305
v 0.80983210 8.28013144 -1.93523300
v 0.72417688 8.24738608 -2.08999801
v 31.50188756 -4.64619960 -2.08999801
v 31.56288075 -4.54677381 -2.08999801
v 0.70701790 8.29908381 -2.08999801
v 0.78071809 8.34157954 -1.94966102
v 0.72417688 8.24738608 -2.08999801
v -9.79672122 23.69547854 -1.05404198
v -10.12472415 23.50610934 -0.75999779
v -9.87056613 23.65283976 -0.98775911
v -10.12463164 23.50617991 -0.75999779
v -9.87056613 23.65283976 -0.98775911
v -10.12472415 23.50610934 -0.75999779
v 0.70701790 8.29908381 -2.08999801
v 0.72417688 8.24738608 -2.08999801
v 0.72865510 8.23325644 -2.08999801
v 31.66863942 -4.32520046 -2.05509591
v 31.67488027 -4.31653346 -2.04527807
v 31.65924764 -4.59187879 -1.65177500
v -14.24355102 -25.70005979 2.23660493
v 31.67549062 -4.57382764 -1.61875904
v 3.21533418 -3.70139064 -0.76669317
v 0.85449409 -3.11664356 2.90800190
v 0.91749811 -3.02965249 2.90800190
v 0.85449409 -3.11664356 -2.09199810
v 0.78349495 -3.19664563 -2.09199810
v 0.78349495 -3.19664563 2.90800190
v 0.85449409 -3.11664356 -2.09199810
v 31.67488027 -4.31653346 -2.04527807
v 31.69531941 -4.27563943 -1.99899805
v 31.67549062 -4.57382764 -1.61875904
v 31.71028066 -4.24440564 -1.96743596
v 3.26949477 -3.65134157 -0.95264071
v 3.27596498 -3.64536061 -0.97438711
v 31.70685887 -4.52371778 -1.52707303
v -12.71461082 29.40299998 -0.42399779
v 0.64490700 8.48128806 -2.08999801
v 0.66179895 8.43040000 -2.08999801
v 3.30369020 -3.61974062 -1.06799805
v 3.31150317 -3.61252369 -1.09433699
v 1.56150293 4.82438145 -1.11630094
v 0.61949396 -3.33365359 2.90800190
v 0.61949396 -3.33365359 -2.09199810
v 0.52849793 -3.38965358 -2.09199810
v 1.17881989 5.49618064 -0.49859589
v 0.61657190 8.56096946 -2.08999801
v 0.62182808 8.54583369 -2.08999801
v 0.63982606 8.49615012 -2.08999801
v 0.67998695 8.37942038 -2.08999801
v 0.70192194 8.31336509 -2.08999801
v 31.75294042 -4.11212672 -1.83381295
v 31.76123738 -4.07222451 -1.79350102
v 31.75505757 -4.39355935 -1.33495998
v 31.76232076 -4.36348476 -1.29164696
v -5.86614013 -1.77112355 -1.80162096
v -6.14540601 -1.64496364 -1.32346106
v -5.84796691 -1.75450660 -1.79412401
v -6.12065721 -1.62036659 -1.31018901
v -5.88966918 -1.79262258 -1.81131494
v -12.71461082 29.40299998 -0.42399779
v 1.24238801 5.23066245 -0.42399779
v 31.71248937 -4.23947658 -1.96245503
v -6.12065721 -1.62036659 -1.31018901
v -5.78473401 -1.69609560 -1.76834095
v -5.84796691 -1.75450660 -1.79412401
v 0.96522689 6.30579625 -0.70999777
v 0.12549806 -3.51364650 2.90800190
v 0.23049402 -3.49763955 -2.09199810
v 0.12549806 -3.51364650 -2.09199810
v 31.73606038 -4.45818080 -1.42801499
v 3.16818404 -3.74496950 -0.59897470
v 3.33083606 -3.59464063 -0.45470920
v 3.26949477 -3.65134157 -0.50912011
v 31.71248937 -4.51414956 -1.50957799
v 31.70685887 -4.52371778 -1.52707303
v 31.71248937 -4.23947658 -1.96245503
v -12.23272109 29.68118869 -0.98699778
v 31.71028066 -4.24440564 -1.96743596
v 31.71248937 -4.23947658 -1.96245503
v 31.70685887 -4.52371778 -1.52707303
v 1.09449196 -2.52664651 2.90800190
v 1.09449196 -2.52664651 -2.09199810
v 1.07949305 -2.63364162 -2.09199810
v 31.74365926 -4.14745034 -1.86949599
v 31.75294042 -4.11212672 -1.83381295
v 31.74690938 -4.42030849 -1.37347496
v 31.75505757 -4.39355935 -1.33495998
v 1.55344605 4.82732640 -1.13669503
v 0.59537005 7.46402941 -0.98699778
v 3.31150317 -3.61252369 -1.09433699
v 3.33083606 -3.59464063 -1.15739501
v 3.33606887 -3.58981861 -1.17443097
v 3.33083606 -3.59464063 -1.15739501
v 3.12849593 -3.78165163 -2.09199810
v 1.53225899 4.83509360 -1.19019401
v 0.85449409 -1.72064759 2.90800190
v 31.74690938 -4.42030849 -1.37347496
v 31.73606038 -4.45818080 -1.42801499
v 31.74365926 -4.14745034 -1.86949599
v -5.11478996 -17.75863065 2.66390204
v -5.58773589 -18.35052099 2.65300202
v 0.85449409 -1.72064759 2.90800190
v 0.85449409 -1.72064759 -2.09199810
v 0.91749811 -1.80664553 2.90800190
v 0.63324904 8.62815486 -2.02582693
v 0.62472010 8.64443503 -2.02996707
v 0.61606002 8.66080867 -2.03372598
v 0.65633607 8.58394919 -2.01428008
v 31.73929906 -4.16512050 -1.88734698
v -1.02726543 -10.22565068 3.19700193
v 0.97249794 -1.89964761 2.90800190
v 0.91749811 -1.80664553 2.90800190
v 0.97249794 -1.89964761 -2.09199810
v 0.91749811 -1.80664553 -2.09199810
v 31.67488027 -4.31653346 -2.04527807
v 31.64935994 -4.35603847 -2.08999801
v 31.66863942 -4.32520046 -2.05509591
v -12.09874129 29.69258891 -1.96316695
v -6.09969115 -18.45318021 3.20800209
v 0.97249794 -1.89964761 -2.09199810
v 1.01749611 -1.99763955 -2.09199810
v 0.97249794 -1.89964761 2.90800190
v 1.05349207 -2.09865369 -2.09199810
v 1.05349207 -2.09865369 2.90800190
v 1.01749611 -1.99763955 -2.09199810
v 31.69531941 -4.27563943 -1.99899805
v 31.71028066 -4.24440564 -1.96743596
v 31.71248937 -4.23947658 -1.96245503
v 31.73929906 -4.16512050 -1.88734698
v 3.30369020 -3.61974062 -1.06799805
v 1.35595202 6.00203953 -1.76791203
v 1.61696100 6.15256749 -1.27057695
v -0.28467298 -7.04800977 3.14400196
v 5.24656081 -4.52998866 -1.53856695
v 5.28449512 -4.53677835 -1.55098796
v -0.21117997 -6.22282972 3.07538104
v -0.21100402 -6.15765847 3.06900191
v -8.57657409 -21.23445119 3.12681198
v -9.99965453 -22.62276067 3.00811505
v 31.42818761 -4.74689235 -2.08999801
v 31.43456960 -4.73914041 -2.08999801
v 31.43439794 -4.74513759 -2.08043694
v 1.07949305 -2.63364162 2.90800190
v 1.07949305 -2.63364162 -2.09199810
v 1.05349207 -2.73764552 -2.09199810
v -0.68241668 -9.07073774 3.20800209
v 31.49095082 -4.72697963 -1.98156703
v 31.45595860 -4.73790445 -2.04106998
v 31.48837972 -4.66547145 -2.08999801
v 31.45439076 -4.71072854 -2.08999801
v 31.50455785 -4.72227945 -1.95703495
v 31.50389791 -4.72264661 -1.95799804
v 31.50188756 -4.64619960 -2.08999801
v 31.50389791 -4.72264661 -1.95799804
v 31.49095082 -4.72697963 -1.98156703
v 31.50188756 -4.64619960 -2.08999801
v 31.48837972 -4.66547145 -2.08999801
v 3.24349380 -3.67537464 -0.86528641
v 3.26949477 -3.65134157 -0.95264071
v 3.21533418 -3.70139064 -0.76669317
v 3.17549300 -3.73820962 -0.62614453
v -1.07073760 11.55501948 -1.95799804
v 31.50188756 -4.64619960 -2.08999801
v 31.56288075 -4.54677381 -2.08999801
v 31.50455785 -4.72227945 -1.95703495
v 0.97249794 -2.93764247 2.90800190
v 1.65688491 5.97715245 -1.20276701
v 0.91749811 -3.02965249 -2.09199810
v 0.91749811 -3.02965249 2.90800190
v 0.97249794 -2.93764247 -2.09199810
v 0.97249794 -2.93764247 2.90800190
v 31.48837972 -4.66547145 -2.08999801
v 31.45439076 -4.71072854 -2.08999801
v 31.43456960 -4.73914041 -2.08999801
v 0.91749811 -3.02965249 -2.09199810
v 31.45595860 -4.73790445 -2.04106998
v 31.43439794 -4.74513759 -2.08043694
v 31.45439076 -4.71072854 -2.08999801
v 31.43456960 -4.73914041 -2.08999801
v 31.63203740 -4.62671460 -1.71550000
v 0.85449409 -3.11664356 2.90800190
v 0.78349495 -3.19664563 2.90800190
v 0.78349495 -3.19664563 -2.09199810
v 0.70449305 -3.26964368 -2.09199810
v 3.27596498 -3.64536061 -0.97438711
v 31.61884999 -4.64064540 -1.74099803
v 31.63203740 -4.62671460 -1.71550000
v 5.31453919 -4.54187574 -1.56030703
v -5.69466901 -1.23247256 -1.08664000
v -5.39346910 -1.37210562 -1.60049999
v -5.43777990 -1.40565957 -1.62023306
v 1.55153108 6.39094029 -1.36078095
v 31.56388021 -4.68509473 -1.85863495
v 0.43249702 -3.43564357 2.90800190
v 0.52849793 -3.38965358 2.90800190
v 0.43249702 -3.43564357 -2.09199810
v 31.56288075 -4.54677381 -2.08999801
v 0.43249702 -3.43564357 2.90800190
v 0.33349800 -3.47163858 2.90800190
v 0.33349800 -3.47163858 -2.09199810
v 0.23049402 -3.49763955 -2.09199810
v 1.29109406 6.27947436 -1.85121799
v 1.54207802 6.42420445 -1.37299097
v 1.29445910 6.26561938 -1.84717298
v 31.50455785 -4.72227945 -1.95703495
v 31.56388021 -4.68509473 -1.85863495
v 31.59920812 -4.65744581 -1.78543997
v -8.31783795 -20.96128072 3.14400196
v 31.43439794 -4.74513759 -2.08043694
v 31.45595860 -4.73790445 -2.04106998
v 31.49095082 -4.72697963 -1.98156703
v 31.60089803 -4.46924342 -2.08999801
v -8.31783795 -20.96128072 3.14400196
v 1.21938491 6.55185948 -1.92598701
v -8.81251311 24.15520869 -2.04631305
v 31.63769078 -4.38734950 -2.08999801
v 31.64935994 -4.35603847 -2.08999801
v 1.07949305 -2.63364162 2.90800190
v 1.21938491 6.55185948 -1.92598701
v 1.46106911 6.69167529 -1.46494102
v 1.22290993 6.53921042 -1.92269003
v -12.32705092 29.62665950 -1.73079503
v -12.35180068 29.61237918 -1.70199800
v 0.70449305 -1.56764759 2.90800190
v 3.32575393 -3.86064662 -0.70999777
v -8.85874677 24.15198909 -1.99899805
v 0.91749811 -1.80664553 -2.09199810
v 31.42818761 -4.74689235 -2.08999801
v 31.42818761 -4.74689235 -2.08999801
v 24.69849896 3.16291342 2.35733104
v 25.16461873 2.60434948 2.96700191
v 24.69849896 2.76819835 3.00786209
v -5.21226311 -1.24130763 -1.51687896
v -5.49677801 -1.07671060 -0.97445798
v -5.16609693 -1.20996560 -1.49467099
v 1.44149208 4.86835728 2.90800190
v 1.89449501 4.70235644 2.90800190
v 1.44149208 4.86835728 -0.41684249
v 1.05349207 -2.09865369 2.90800190
v 1.05349207 -2.09865369 -2.09199810
v 1.07949305 -2.20364846 2.90800190
v 1.07949305 -2.20364846 -2.09199810
v 1.07949305 -2.20364846 2.90800190
v 1.07949305 -2.20364846 -2.09199810
v 1.09449196 -2.31064357 -2.09199810
v 1.09449196 -2.31064357 2.90800190
v 1.10049701 -2.41864552 -2.09199810
v 1.10049701 -2.41864552 2.90800190
v 1.09449196 -2.31064357 -2.09199810
v 24.69849896 3.16291342 2.35733104
v 1.71711898 4.76735936 -0.70543051
v 1.68583894 4.77881823 -0.79219908
v 1.74909401 4.75564061 -0.61776501
v 1.74909401 4.75564061 -0.61776501
v 1.74878907 4.75574742 -0.61756629
v 1.89449501 4.70235644 2.90800190
v 1.74878907 4.75574742 -0.61756629
v 1.65485597 4.79017125 -0.55599779
v 1.45345497 4.86397849 -0.42399779
v -15.26613116 -26.45421018 1.08800197
v -0.58050299 -1.50365164 2.90800190
v -0.66550243 -1.56764759 2.90800190
v -0.58050299 -1.50365164 -2.09199810
v 1.64300704 4.79450427 -0.90582949
v 24.52611852 3.21084033 2.37251997
v 23.17448926 3.59369932 2.47849011
v 23.84613919 3.01334654 3.06900191
v 23.17448926 3.21189342 3.10798311
v 1.60312104 4.80912219 -1.01091802
v 24.29501843 2.88436352 3.03683400
v -0.48950696 -1.44765260 2.90800190
v -0.48950696 -1.44765260 -2.09199810
v -0.39350700 -1.40164663 -2.09199810
v 24.54543805 3.20534740 2.37100196
v -0.29450798 -1.36464454 -2.09199810
v -0.29450798 -1.36464454 2.90800190
v -0.39350700 -1.40164663 -2.09199810
v -14.62979102 -26.24250974 1.31068599
v 24.69849896 2.76819835 3.00786209
v -9.12602782 24.08267031 -1.73076797
v -9.06785417 24.10719882 -1.79387105
v -9.12605786 24.08264933 -1.73082495
v -9.06792188 24.10717021 -1.79399705
v -9.12605786 24.08264933 -1.73082495
v -9.06785417 24.10719882 -1.79387105
v 24.69849896 3.16291342 2.35733104
v -0.29450798 -1.36464454 2.90800190
v -0.29450798 -1.36464454 -2.09199810
v -0.19150305 -1.33864357 -2.09199810
v 22.91443944 3.65336142 2.49500203
v 23.17448926 3.21189342 3.10798311
v 23.17448926 3.59369932 2.47849011
v 0.01949501 -1.31764759 2.90800190
v -0.08650804 -1.32265260 2.90800190
v 0.01949501 -1.31764759 -2.09199810
v 0.01949501 -1.31764759 2.90800190
v 27.37949872 2.17273937 2.01482892
v 0.12549806 -1.32265260 2.90800190
v 0.12549806 -1.32265260 -2.09199810
v 0.23049402 -1.33864357 -2.09199810
v 5.18798280 3.20534740 2.37100196
v 24.52611852 3.21084033 2.37251997
v 23.17448926 3.59369932 2.47849011
v 24.54543805 3.20534740 2.37100196
v 0.43249702 -1.40164663 2.90800190
v 22.91443944 3.65336142 2.49500203
v 0.43249702 -1.40164663 2.90800190
v 0.43249702 -1.40164663 -2.09199810
v 0.52849793 -1.44765260 2.90800190
v 0.52849793 -1.44765260 -2.09199810
v -15.20345092 -20.38994016 -0.75999779
v -4.49872398 -1.84952261 -0.75999779
v -4.34445691 -2.18127956 -0.54259008
v 28.41452909 1.25335143 2.50400209
v 0.52849793 -1.44765260 2.90800190
v 0.52849793 -1.44765260 -2.09199810
v 0.61949396 -1.50365164 -2.09199810
v 4.77756715 1.25335143 2.50400209
v 23.84613919 3.01334654 3.06900191
v 23.17448926 3.21189342 3.10798311
v 0.61949396 -1.50365164 2.90800190
v 25.16461873 2.60434948 2.96700191
v 24.69849896 2.76819835 3.00786209
v 24.29501843 2.88436352 3.03683400
v 5.54784608 3.01334654 3.06900191
v -8.50641418 24.26801882 -1.74099803
v -15.15702128 -20.41674985 -0.72108120
v 30.14783978 0.56763713 1.31064498
v 30.02251935 0.65835063 1.35600197
v 1.05519295 4.96700536 -1.07999802
v 29.24617887 1.19234739 1.60500205
v 28.31540990 1.71935545 1.83400202
v 0.01949501 -3.51964368 2.90800190
v 30.81714940 -0.03476454 1.00428295
v 0.01949501 -3.51964368 2.90800190
v -13.32068133 29.05311023 0.16400220
v 0.97549701 4.98736058 -0.11662220
v -0.19150305 -3.49763955 2.90800190
v 30.29648900 0.03621928 1.95503104
v 30.53343892 -0.19064838 1.84300196
v 1.00124598 4.98078452 -0.13199770
v 31.01152730 -0.67064418 1.58800197
v 1.31911707 7.09615527 -1.59941602
v -0.19150305 -3.49763955 2.90800190
v 4.85747695 -0.67064418 1.58800197
v 31.58861852 -1.60265054 1.04000199
v 31.39749837 -1.18253054 1.29480803
v -0.39350700 -3.43564357 2.90800190
v -0.48950696 -3.38965358 -2.09199810
v -0.48950696 -3.38965358 2.90800190
v -0.39350700 -3.43564357 2.90800190
v -0.39350700 -3.43564357 -2.09199810
v 1.43825006 4.86918126 -0.41474521
v -5.67690110 -1.60115554 -1.72200894
v -5.94199204 -1.44797255 -1.21720803
v -5.66445708 -1.59056558 -1.71648002
v -0.48950696 -3.38965358 2.90800190
v -0.48950696 -3.38965358 -2.09199810
v -0.58050299 -3.33365359 2.90800190
v -0.58050299 -3.33365359 -2.09199810
v 1.27466011 7.21276341 -1.63575995
v 1.05363703 7.08529149 -2.05664802
v 1.26026392 7.25066624 -1.64765894
v -0.58050299 -3.33365359 2.90800190
v -0.58050299 -3.33365359 -2.09199810
v -0.66550243 -3.26964368 2.90800190
v -0.66550243 -3.26964368 -2.09199810
v 31.71532750 -2.04564466 0.75200230
v -0.66550243 -3.26964368 -2.09199810
v 0.97549701 4.98736058 -1.03431499
v 1.05519295 4.96700536 -1.07999802
v 0.97549701 4.98736058 -2.09199810
v 1.44149208 4.86835728 -1.31929100
v 1.44149208 4.86835728 -2.09199810
v 1.00241303 4.98047839 -0.13274831
v 1.00124598 4.98078452 -0.13199770
v 1.44149208 4.86835728 2.90800190
v 1.28480005 7.18595324 -1.62728095
v 1.05709291 7.07493029 -2.05416608
v 1.27466011 7.21276341 -1.63575995
v 30.65005040 0.12235512 1.08800197
v -5.56639600 -1.50792457 -1.67527997
v 0.97549701 4.98736058 2.90800190
v 0.97549701 4.98736058 -0.11662220
v 1.22503901 7.34102832 -1.67458999
v 1.00875306 7.21604453 -2.08670807
v 1.44149208 4.86835728 -0.41684249
v 1.43825006 4.86918126 -0.41474521
v 1.33931899 4.89444934 -0.35074839
v 31.68666005 -1.44864358 0.19800210
v 1.31824708 4.89982043 -0.33711600
v 31.47482991 -0.93665059 0.50600231
v 31.39749837 -0.76358541 0.60405141
v 1.29812789 4.90496360 -0.32410291
v 1.29826593 4.90493260 -0.32384011
v 1.31824708 4.89982043 -0.33711600
v 1.29826593 4.90493260 -0.32384011
v -0.66550243 -1.56764759 2.90800190
v -5.75683379 -1.28436758 -1.12085199
v -5.45209289 -1.41647853 -1.62661195
v -5.46614599 -1.42752554 -1.63268805
v -0.66550243 -1.56764759 -2.09199810
v -10.12472415 23.50610934 -0.75999779
v -0.47777295 -4.89003457 2.00451994
v 0.52846003 5.05497227 -0.75999779
v 0.49949908 5.05935155 -0.74335939
v 0.90979195 7.61673938 -2.08999801
v 1.07673097 7.69832860 -1.77811599
v 0.92489791 7.56061850 -2.08999801
v 1.09455299 7.65856419 -1.76635098
v 1.05349207 -2.73764552 2.90800190
v 0.92794991 7.54886828 -2.08999801
v 1.10487604 7.63534032 -1.75926197
v 1.00124598 4.98078452 -0.13199770
v 1.05349207 -2.73764552 2.90800190
v 0.92489791 7.56061850 -2.08999801
v 1.09455299 7.65856419 -1.76635098
v 0.92794991 7.54886828 -2.08999801
v 1.10487604 7.63534032 -1.75926197
v 0.53643990 5.05376635 0.16400220
v 0.97549701 4.98736058 -0.11662220
v 0.86187196 5.00454245 -0.04399770
v 0.97549701 4.98736058 2.90800190
v 0.52846003 5.05497227 -0.75999779
v 0.97549701 4.98736058 -1.03431499
v 0.49949908 5.05935155 -2.09199810
v 0.99174690 7.28478442 -2.08999801
v 0.49949908 5.05935155 -0.74335939
v 0.97549701 4.98736058 -2.09199810
v 0.96094704 7.41146336 -2.08999801
v 1.15820503 7.50786839 -1.72146297
v 0.97503090 7.35409032 -2.08999801
v 1.17408991 7.46889745 -1.71093595
v 0.54220009 5.05289756 0.16031981
v 0.97503090 7.35409032 -2.08999801
v 1.17408991 7.46889745 -1.71093595
v 0.49949908 5.05935155 2.90800190
v 0.49949908 5.05935155 0.18575290
v 0.53643990 5.05376635 0.16400220
v 0.70449305 -3.26964368 2.90800190
v 0.96094704 7.41146336 -2.08999801
v 0.70449305 -3.26964368 2.90800190
v 0.52849793 -3.38965358 2.90800190
v 0.52849793 -3.38965358 -2.09199810
v 0.90683198 7.62877951 -2.08999801
v 0.49949908 5.05935155 -2.09199810
v 0.01949501 5.08335362 -2.09199810
v 0.49949908 5.05935155 -0.74335939
v 0.23049402 -3.49763955 2.90800190
v 0.06447804 5.08111058 0.45826080
v 0.06329596 5.08115636 0.45900229
v 0.49949908 5.05935155 2.90800190
v 1.26026392 7.25066624 -1.64765894
v 0.23049402 -3.49763955 2.90800190
v 1.03508997 7.14061938 -2.06980109
v 0.49949908 5.05935155 0.18575290
v 0.40249801 5.06420336 0.24651700
v 0.49949908 5.05935155 2.90800190
v 1.10049701 -2.41864552 2.90800190
v 1.37162995 6.95400439 -1.55258501
v 0.01949501 5.08335362 -0.45007560
v 0.17225897 5.07570945 -0.54334182
v 0.40249801 5.06420336 -0.68407023
v 1.38462996 6.91747533 -1.53976595
v 1.15705299 6.76513158 -1.97912598
v 1.37162995 6.95400439 -1.55258501
v 1.14058900 6.82076560 -1.99281096
v 0.01949501 5.08335362 0.48460349
v 0.01949501 5.08335362 2.90800190
v 0.06329596 5.08115636 0.45900229
v 1.39490700 6.88906346 -1.53006494
v 1.16054010 6.75364123 -1.97637200
v 1.38462996 6.91747533 -1.53976595
v 1.15705299 6.76513158 -1.97912598
v -2.43799382 -4.23607339 1.08800197
v 0.17440200 5.07560263 0.38940060
v 0.06447804 5.08111058 0.45826080
v 1.01749611 -1.99763955 2.90800190
v 1.40532899 6.85979758 -1.51979399
v -0.64694768 5.03115330 -0.04399770
v -0.56684697 5.04326831 -0.09236675
v 1.01749611 -1.99763955 2.90800190
v 1.16401911 6.74186145 -1.97347701
v 1.09449196 -2.31064357 2.90800190
v -0.58050299 -1.50365164 2.90800190
v -1.34945470 4.88190757 1.31900203
v -0.39350700 -1.40164663 2.90800190
v 1.05673409 7.74346457 -1.79202402
v -0.39350700 -1.40164663 2.90800190
v -0.19150305 -1.33864357 2.90800190
v 0.88894105 7.69715319 -2.08999801
v 0.88550806 7.70963536 -2.08999801
v 1.03889704 7.78362523 -1.80427504
v 1.02889490 7.80579625 -1.81069803
v -0.19150305 -1.33864357 2.90800190
v -0.19150305 -1.33864357 -2.09199810
v -0.08650804 -1.32265260 2.90800190
v -0.08650804 -1.32265260 -2.09199810
v -4.95267296 -1.07666554 -1.38752103
v -0.08650804 -1.32265260 -2.09199810
v 1.05673409 7.74346457 -1.79202402
v -4.95267296 -1.07666554 -1.38752103
v -5.24460411 -0.90796407 -0.83159822
v -4.90279198 -1.04924561 -1.36283898
v 0.01949501 5.08335362 0.48460349
v 0.23049402 -1.33864357 2.90800190
v 0.77056289 8.10062705 -2.08999801
v 0.76624489 8.11448203 -2.08999801
v 0.86775398 8.15667353 -1.90492594
v 0.85856104 8.17635642 -1.90985000
v -0.46050799 5.05935155 -0.15888670
v -0.43955803 5.06040440 -0.17157140
v 0.00082600 5.08242236 -0.43799779
v 0.01949501 5.08335362 -0.45007560
v 0.01949501 5.08335362 -2.09199810
v 0.23049402 -1.33864357 2.90800190
v 0.89669991 8.09452449 -1.88918602
v 0.79130793 8.03374873 -2.08999801
v 0.87698603 8.13672934 -1.89974999
v 0.77474403 8.08681880 -2.08999801
v 0.91605592 8.05271445 -1.87832904
v 0.80758095 7.98000632 -2.08999801
v 0.89669991 8.09452449 -1.88918602
v 0.79130793 8.03374873 -2.08999801
v -4.40144897 -2.05872049 0.30897120
v -8.05402923 -8.38480176 0.30925190
v -11.26074004 -13.93902101 0.30919179
v -15.03986144 -20.48447980 0.30929950
v -11.26074004 -13.93902101 0.30919179
v -8.05402923 -8.38480176 0.30925190
v 0.80758095 7.98000632 -2.08999801
v 0.91605592 8.05271445 -1.87832904
v 0.92557001 8.03232966 -1.87322998
v 0.81173897 7.96668444 -2.08999801
v 0.61949396 -1.50365164 2.90800190
v -0.93350768 -2.93764247 -2.09199810
v 0.77056289 8.10062705 -2.08999801
v 0.86775398 8.15667353 -1.90492594
v 0.77474403 8.08681880 -2.08999801
v 0.87698603 8.13672934 -1.89974999
v -0.97850591 -2.83965053 -2.09199810
v -0.93350768 -2.93764247 2.90800190
v -0.93350768 -2.93764247 -2.09199810
v -6.04595017 -1.54544558 -1.27061200
v -16.76990104 -26.44939031 1.29525805
v 0.74131989 8.42055808 -1.96996105
v 0.67998695 8.37942038 -2.08999801
v 0.71895790 8.46337424 -1.98114896
v 0.66179895 8.43040000 -2.08999801
v -1.01450139 -2.09865369 2.90800190
v -1.04050243 -2.20364846 2.90800190
v -1.01450139 -2.09865369 -2.09199810
v 0.74131989 8.42055808 -1.96996105
v 0.67998695 8.37942038 -2.08999801
v -1.01450139 -2.09865369 2.90800190
v -1.01450139 -2.09865369 -2.09199810
v -0.97850591 -1.99763955 -2.09199810
v -5.71893096 -1.63786854 -1.74021399
v -5.96673417 -1.47063162 -1.22960103
v -5.67690110 -1.60115554 -1.72200894
v 0.70701790 8.29908381 -2.08999801
v 0.70192194 8.31336509 -2.08999801
v 0.78071809 8.34157954 -1.94966102
v 0.77167702 8.36014949 -1.95347500
v 0.81888008 8.26111899 -1.93085504
v 0.73330903 8.21923457 -2.08999801
v 0.80983210 8.28013144 -1.93523300
v 0.72865510 8.23325644 -2.08999801
v -17.67576098 -26.29279126 0.75200230
v 0.74972010 8.16665278 -2.08999801
v 0.83892989 8.21819602 -1.92012000
v 0.73330903 8.21923457 -2.08999801
v 0.81888008 8.26111899 -1.93085504
v 0.72865510 8.23325644 -2.08999801
v -13.63734126 -25.77340116 1.60500205
v 0.80104303 8.29886924 -1.93983305
v 0.64490700 8.48128806 -2.08999801
v 0.69667292 8.50660239 -1.99382496
v 0.66179895 8.43040000 -2.08999801
v 0.71895790 8.46337424 -1.98114896
v 0.61606002 8.66080867 -2.03372598
v 0.62472010 8.64443503 -2.02996707
v 0.58735895 8.64153682 -2.08999801
v 0.59319496 8.62624751 -2.08999801
v -7.69443297 -20.31340970 3.17294598
v -7.89282012 -20.51959028 3.16372895
v -7.37654710 -20.49686040 2.56777811
v -7.88151288 -21.03374089 2.52972603
v -8.31783795 -20.96128072 3.14400196
v -8.34265685 -21.52401151 2.49500203
v 0.59864306 8.61121760 -2.08999801
v 0.59319496 8.62624751 -2.08999801
v 0.62472010 8.64443503 -2.02996707
v 0.63324904 8.62815486 -2.02582693
v 0.65633607 8.58394919 -2.01428008
v 0.61657190 8.56096946 -2.08999801
v 0.59864306 8.61121760 -2.08999801
v -0.97850591 -2.83965053 2.90800190
v -5.78111815 -1.30550160 -1.13368797
v -5.50945807 -1.46248354 -1.65099204
v -5.81081223 -1.33156361 -1.14925206
v -1.01450139 -2.73764552 2.90800190
v -0.97850591 -2.83965053 2.90800190
v -1.01450139 -2.73764552 -2.09199810
v 0.61606002 8.66080867 -2.03372598
v 0.58735895 8.64153682 -2.08999801
v 0.58488703 8.72033225 -2.04886794
v 0.56391406 8.70624839 -2.08999801
v -5.50945807 -1.46248354 -1.65099204
v -5.78111815 -1.30550160 -1.13368797
v -5.46614599 -1.42752554 -1.63268805
v -1.04050243 -2.63364162 -2.09199810
v -1.04050243 -2.63364162 2.90800190
v -1.01450139 -2.73764552 -2.09199810
v -7.37654710 -20.49686040 2.56777811
v -7.69443297 -20.31340970 3.17294598
v 0.62182808 8.54583369 -2.08999801
v 0.66512489 8.56702719 -2.00965095
v 0.63982606 8.49615012 -2.08999801
v 0.68776202 8.52379905 -1.99865901
v 0.63982606 8.49615012 -2.08999801
v 0.68776202 8.52379905 -1.99865901
v 0.64490700 8.48128806 -2.08999801
v 0.69667292 8.50660239 -1.99382496
v -5.56639600 -1.50792457 -1.67527997
v -5.83539414 -1.35262062 -1.16245198
v -5.52295494 -1.47346963 -1.65664697
v -5.81081223 -1.33156361 -1.14925206
v 0.66512489 8.56702719 -2.00965095
v 0.62182808 8.54583369 -2.08999801
v 0.65633607 8.58394919 -2.01428008
v 0.61657190 8.56096946 -2.08999801
v -1.06050658 -2.41864552 2.90800190
v -1.05550170 -2.52664651 2.90800190
v -1.06050658 -2.41864552 -2.09199810
v -12.71654105 -25.23153104 1.83400202
v -0.93247008 -4.82126369 1.83400202
v -1.05550170 -2.31064357 -2.09199810
v -1.05550170 -2.31064357 2.90800190
v -1.06050658 -2.41864552 -2.09199810
v -1.05550170 -2.31064357 2.90800190
v -1.05550170 -2.31064357 -2.09199810
v -1.04050243 -2.20364846 2.90800190
v -1.04050243 -2.20364846 -2.09199810
v -1.04050243 -2.20364846 -2.09199810
v -0.15720201 5.07451831 -0.34240371
v -5.55592108 -1.12125160 -1.00794399
v -5.27383995 -1.28412356 -1.54604399
v -5.58949089 -1.14742054 -1.02743196
v 0.13549995 -5.94362344 2.37100196
v -0.87850738 -1.80664553 2.90800190
v -0.93350768 -1.89964761 -2.09199810
v -0.87850738 -1.80664553 -2.09199810
v -5.47192192 -1.05901052 -0.96094471
v -8.34265685 -21.52401151 2.49500203
v -5.27383995 -1.28412356 -1.54604399
v -5.55592108 -1.12125160 -1.00794399
v -5.22840691 -1.25276663 -1.52441704
v -1.01450139 -2.73764552 2.90800190
v -1.05550170 -2.52664651 -2.09199810
v -1.05550170 -2.52664651 2.90800190
v -1.04050243 -2.63364162 2.90800190
v 0.87698603 8.13672934 -1.89974999
v 0.89669991 8.09452449 -1.88918602
v -9.36443877 -22.01094999 3.06900191
v 0.85856104 8.17635642 -1.90985000
v 0.86775398 8.15667353 -1.90492594
v -0.28467298 -7.04800977 3.14400196
v -0.27644098 -6.99624337 3.14031506
v -10.37717319 -22.94721021 2.96700191
v 0.80983210 8.28013144 -1.93523300
v 0.81888008 8.26111899 -1.93085504
v 0.83892989 8.21819602 -1.92012000
v 0.78071809 8.34157954 -1.94966102
v 0.80104303 8.29886924 -1.93983305
v 0.77167702 8.36014949 -1.95347500
v 0.76232409 8.37978755 -1.95799804
v -0.97850591 -2.83965053 -2.09199810
v -1.07040203 11.55391989 -1.95799804
v -1.04050243 -2.63364162 -2.09199810
v -1.05550170 -2.52664651 -2.09199810
v -4.88234496 -1.03825857 -1.35261905
v 0.66512489 8.56702719 -2.00965095
v 0.68776202 8.52379905 -1.99865901
v 0.69667292 8.50660239 -1.99382496
v -1.06050658 -2.41864552 2.90800190
v 0.76232409 8.37978755 -1.95799804
v 0.74131989 8.42055808 -1.96996105
v 0.71895790 8.46337424 -1.98114896
v -0.39692497 5.06252537 -0.19736360
v -0.97850591 -1.99763955 2.90800190
v -0.93350768 -1.89964761 -2.09199810
v -0.93350768 -1.89964761 2.90800190
v -0.97850591 -1.99763955 2.90800190
v -0.97850591 -1.99763955 -2.09199810
v -0.15718603 5.07451831 -0.34238300
v -0.93350768 -1.89964761 2.90800190
v -7.23325896 17.32997905 -0.34247580
v -0.15720201 5.07451831 -0.34240371
v -8.88303208 20.18733989 -0.34247190
v -0.15718603 5.07451831 -0.34238300
v -8.88303208 20.18733989 -0.34247190
v -0.15720201 5.07451831 -0.34240371
v -5.78473401 -1.69609560 -1.76834095
v -6.04595017 -1.54544558 -1.27061200
v -3.40639305 3.65461241 2.50400209
v -15.20666099 24.09165965 2.50400209
v -3.40639305 3.65461241 2.50400209
v -2.70250499 4.24035130 2.10774994
v -5.91354918 -1.42255153 -1.20258105
v -2.65620196 4.26877843 2.08287311
v -5.45209289 -1.41647853 -1.62661195
v -5.72611022 -1.25827553 -1.10421300
v 1.38406610 5.86171923 -1.72168005
v 1.29445910 6.26561938 -1.84717298
v -1.93139431 4.66588841 0.73611480
v -5.34931707 -1.33900954 -1.58068705
v -5.64611602 -1.19284560 -1.05953503
v -5.33430290 -1.32773353 -1.57395601
v 1.55153108 6.39094029 -1.36078095
v -3.73605108 3.29183446 1.83400202
v -5.67027116 -1.21246852 -1.07307303
v 1.46106911 6.69167529 -1.46494102
v 1.47095704 6.66042529 -1.45472205
v -15.20851111 -20.38710965 0.16400220
v 1.28761506 6.29323827 -1.85512102
v 1.53243494 6.45711718 -1.38470995
v 1.29109406 6.27947436 -1.85121799
v 1.54207802 6.42420445 -1.37299097
v -5.88928819 -1.40013661 -1.19055605
v -5.04340100 -1.39314760 -0.41882551
v 1.61696100 6.15256749 -1.27057695
v 1.35595202 6.00203953 -1.76791203
v 1.58011794 6.28914843 -1.32305205
v -5.83539414 -1.35262062 -1.16245198
v 1.48181391 6.62525426 -1.44288695
v 1.23771095 6.48447619 -1.90800595
v 1.47095704 6.66042529 -1.45472205
v 1.22290993 6.53921042 -1.92269003
v -5.52295494 -1.47346963 -1.65664697
v -5.81081223 -1.33156361 -1.14925206
v -5.50945807 -1.46248354 -1.65099204
v -16.01075053 -19.92391004 -0.64127117
v 1.50236011 6.55845128 -1.42031801
v 1.25603700 6.41639243 -1.88966894
v -6.13412309 -2.48691262 -0.81114542
v -6.19839978 -2.55583658 -0.83378720
v -6.19839978 -2.55583658 -0.83378720
v -5.75683379 -1.28436758 -1.12085199
v 1.53243494 6.45711718 -1.38470995
v 1.28761506 6.29323827 -1.85512102
v 1.51267505 6.52326451 -1.40778399
v 1.27007508 6.36086522 -1.87391901
v -5.72611022 -1.25827553 -1.10421300
v 1.25603700 6.41639243 -1.88966894
v 1.50236011 6.55845128 -1.42031801
v 1.27007508 6.36086522 -1.87391901
v 1.51267505 6.52326451 -1.40778399
v -16.48394084 -19.64739980 -1.25299799
v -16.46678138 -19.66060056 -1.22665906
v 1.58011794 6.28914843 -1.32305205
v -8.20538878 -4.96185865 -1.50499797
v -7.77259612 -4.40825357 -1.36329699
v 1.30813789 6.21033726 -1.83123302
v -5.28949499 -1.29532363 -1.55330801
v -5.22840691 -1.25276663 -1.52441704
v -5.53176689 -1.10304763 -0.99354041
v -5.53176689 -1.10304763 -0.99354041
v 1.64895797 6.01447545 -1.21724606
v -5.14931297 -1.19881155 -1.48649395
v 1.66420197 5.94481955 -1.19070101
v -5.03824401 -1.12758352 -1.43123102
v -5.34856200 -0.97458400 -0.89206481
v -5.01990294 -1.11612453 -1.42197001
v -5.30955291 -0.94887288 -0.86975312
v -5.28468108 -0.93346150 -0.85500282
v 1.39796710 5.79110251 -1.69857395
v 1.66420197 5.94481955 -1.19070101
v 1.40677094 5.73600255 -1.68044496
v 1.67060304 5.91251622 -1.17768800
v -5.08528709 -1.15694155 -1.45501101
v -5.37329602 -0.99084981 -0.90623188
v -5.24460411 -0.90796407 -0.83159822
v 1.67872095 5.87426244 -1.16284895
v -8.20538878 -4.96185865 -1.50499797
v -16.57387137 -19.56085004 -1.42906702
v 1.32423592 6.14158164 -1.81061006
v -5.21951795 -0.89290370 -0.81646848
v 1.30963302 7.12122546 -1.60734797
v 1.07954597 7.00876818 -2.03869891
v 1.29932594 7.14802037 -1.61555898
v -4.90279198 -1.04924561 -1.36283898
v 1.32384706 7.08362828 -1.59546101
v -5.96673417 -1.47063162 -1.22960103
v -5.71893096 -1.63786854 -1.74021399
v -5.99450517 -1.49667861 -1.24312901
v -5.73096204 -1.64865662 -1.74528599
v -5.94199204 -1.44797255 -1.21720803
v -5.61366796 -1.16644754 -1.04136395
v -5.33430290 -1.32773353 -1.57395601
v -5.61366796 -1.16644754 -1.04136395
v -5.28949499 -1.29532363 -1.55330801
v -5.58949089 -1.14742054 -1.02743196
v -16.59537101 -26.63920964 0.50600231
v -15.12637115 -20.43453016 0.23489089
v -15.03986144 -20.48447980 0.30929950
v -17.97722125 -26.17648114 0.52942997
v -15.03984141 -20.48450078 0.30925259
v -11.26074004 -13.93902101 0.30919179
v -15.03986144 -20.48447980 0.30929950
f 1 2 3
f 4 5 6
f 7 8 9
f 10 11 9
f 12 9 11
f 13 10 9
f 8 13 9
f 14 15 16
f 17 18 19
f 20 21 22
f 23 24 21
f 17 19 25
f 26 27 28
f 29 30 31
f 30 32 31
f 33 34 35
f 34 36 37
f 35 34 37
f 38 39 40
f 41 42 43
f 44 42 41
f 24 22 21
f 45 46 47
f 48 49 50
f 51 52 53
f 54 55 53
f 55 56 53
f 57 53 56
f 58 59 60
f 59 61 60
f 62 63 60
f 63 64 60
f 64 65 60
f 66 60 65
f 61 62 60
f 67 68 69
f 70 67 69
f 71 72 73
f 74 75 76
f 77 78 79
f 80 81 82
f 83 82 81
f 84 85 86
f 87 81 80
f 88 81 89
f 87 89 81
f 90 91 92
f 93 94 95
f 96 97 98
f 99 100 101
f 102 103 104
f 105 106 107
f 108 109 110
f 111 112 113
f 114 113 112
f 115 116 117
f 118 119 120
f 121 120 119
f 100 99 122
f 123 124 125
f 100 122 126
f 127 128 129
f 130 131 132
f 133 132 134
f 135 136 137
f 138 137 136
f 130 132 139
f 139 132 133
f 132 140 134
f 141 142 143
f 144 145 146
f 141 143 147
f 148 143 142
f 149 150 151
f 152 153 154
f 155 156 67
f 157 143 158
f 158 143 159
f 160 159 143
f 161 67 156
f 162 163 164
f 92 165 90
f 95 94 165
f 166 167 168
f 169 20 22
f 170 96 98
f 90 165 94
f 171 172 173
f 174 175 176
f 177 178 179
f 164 180 181
f 164 181 182
f 183 184 185
f 186 53 187
f 188 189 190
f 191 192 193
f 194 195 196
f 155 67 70
f 189 197 190
f 198 175 199
f 200 201 202
f 32 203 31
f 203 204 31
f 205 197 189
f 206 207 208
f 209 206 208
f 210 211 31
f 211 212 31
f 213 31 212
f 52 187 53
f 186 54 53
f 214 215 216
f 217 218 185
f 219 217 185
f 220 185 218
f 221 222 223
f 224 225 226
f 210 31 204
f 207 227 208
f 228 229 230
f 231 232 233
f 234 232 235
f 236 237 232
f 235 232 231
f 238 239 240
f 241 242 243
f 244 245 246
f 233 232 247
f 248 249 250
f 251 252 253
f 254 255 256
f 257 258 259
f 260 261 262
f 263 256 255
f 264 265 255
f 265 266 255
f 267 268 255
f 254 267 255
f 268 269 255
f 269 270 255
f 270 264 255
f 271 272 273
f 274 275 276
f 277 278 279
f 280 281 282
f 283 284 285
f 286 287 288
f 289 290 291
f 290 292 291
f 293 291 292
f 279 294 277
f 295 296 297
f 298 299 300
f 301 302 303
f 304 125 124
f 305 306 78
f 307 308 309
f 310 311 312
f 313 303 302
f 314 285 315
f 314 283 285
f 316 285 284
f 317 285 316
f 318 285 317
f 319 320 321
f 322 321 320
f 323 324 325
f 326 327 328
f 329 330 331
f 332 333 334
f 335 336 337
f 338 334 339
f 332 334 338
f 340 328 341
f 342 328 343
f 344 345 346
f 347 348 349
f 350 351 348
f 352 353 354
f 339 334 355
f 356 357 334
f 358 334 357
f 356 334 333
f 359 334 360
f 361 362 363
f 364 228 365
f 366 328 340
f 367 228 364
f 368 228 367
f 369 370 228
f 365 228 230
f 369 228 368
f 371 372 373
f 374 375 376
f 377 378 379
f 380 379 378
f 381 382 383
f 384 385 386
f 385 387 386
f 388 386 387
f 373 372 389
f 390 391 392
f 393 394 395
f 396 397 228
f 370 396 228
f 398 399 400
f 401 395 394
f 393 402 394
f 343 328 403
f 403 328 327
f 404 405 406
f 407 408 406
f 389 409 373
f 410 373 409
f 411 412 413
f 414 384 386
f 415 416 417
f 417 416 418
f 419 420 421
f 422 423 424
f 425 426 427
f 428 426 425
f 426 429 427
f 430 427 429
f 431 432 433
f 434 435 436
f 437 438 439
f 438 440 439
f 441 442 435
f 443 439 440
f 443 440 444
f 435 445 436
f 445 435 442
f 446 447 448
f 449 447 450
f 451 452 453
f 454 453 452
f 455 456 457
f 458 459 460
f 461 462 463
f 464 465 466
f 467 466 465
f 468 460 459
f 469 470 272
f 468 471 460
f 472 473 474
f 475 472 474
f 40 476 38
f 477 478 479
f 38 476 480
f 481 482 480
f 481 480 476
f 483 380 378
f 484 310 312
f 485 486 478
f 487 488 489
f 490 491 492
f 493 494 495
f 496 392 391
f 497 498 499
f 500 501 502
f 503 504 505
f 506 507 508
f 509 510 511
f 512 495 513
f 513 495 494
f 514 515 516
f 517 416 415
f 516 154 153
f 515 154 516
f 518 497 499
f 499 519 518
f 498 520 499
f 521 522 523
f 524 525 526
f 527 526 525
f 528 499 520
f 529 530 531
f 532 533 534
f 535 536 537
f 538 539 540
f 541 540 539
f 542 539 538
f 543 544 545
f 546 547 548
f 549 545 544
f 550 545 549
f 551 552 553
f 554 555 552
f 556 557 558
f 559 551 553
f 553 552 555
f 560 561 562
f 563 547 546
f 564 548 547
f 565 566 567
f 568 564 547
f 566 569 567
f 570 282 281
f 571 572 573
f 574 575 572
f 576 574 572
f 575 573 572
f 486 479 478
f 577 578 579
f 578 580 579
f 581 582 325
f 583 584 585
f 482 586 480
f 579 580 586
f 587 588 589
f 590 587 589
f 591 592 593
f 580 480 586
f 594 595 596
f 597 598 599
f 589 588 600
f 601 600 588
f 599 602 597
f 595 603 596
f 604 605 606
f 607 608 609
f 610 611 612
f 613 614 615
f 567 616 565
f 617 596 603
f 618 619 611
f 620 565 616
f 375 621 622
f 623 617 603
f 612 611 619
f 624 622 621
f 625 626 627
f 628 629 630
f 630 629 631
f 632 627 626
f 631 633 630
f 634 635 636
f 637 638 639
f 640 641 642
f 642 643 640
f 644 645 285
f 626 646 632
f 647 632 646
f 648 638 649
f 637 649 638
f 616 650 620
f 651 652 653
f 651 653 654
f 655 638 648
f 638 655 656
f 657 638 656
f 638 657 658
f 659 660 661
f 651 654 662
f 663 620 650
f 654 664 662
f 349 348 351
f 640 643 665
f 666 636 667
f 668 636 666
f 669 636 670
f 670 636 635
f 671 636 669
f 665 672 673
f 674 675 676
f 677 675 674
f 678 679 675
f 680 681 682
f 683 682 681
f 676 675 679
f 683 681 684
f 685 686 687
f 688 684 681
f 689 690 691
f 692 693 694
f 695 696 697
f 698 699 678
f 470 273 272
f 679 678 699
f 431 700 432
f 700 701 432
f 702 432 701
f 703 704 689
f 704 690 689
f 705 685 687
f 706 687 686
f 707 705 687
f 708 709 710
f 711 710 709
f 639 638 712
f 582 713 325
f 714 710 715
f 716 483 717
f 717 483 718
f 719 720 721
f 722 710 714
f 708 710 722
f 723 724 725
f 724 726 725
f 726 727 725
f 728 729 730
f 727 730 725
f 725 730 729
f 729 731 725
f 732 733 734
f 735 736 737
f 738 739 740
f 741 739 738
f 742 740 739
f 743 744 745
f 583 585 746
f 376 375 622
f 747 748 749
f 748 750 749
f 751 662 664
f 752 749 750
f 753 754 755
f 756 757 754
f 757 755 754
f 758 759 760
f 761 758 762
f 763 764 765
f 766 767 768
f 769 680 682
f 770 771 772
f 773 774 775
f 422 776 777
f 778 779 780
f 781 782 765
f 782 783 765
f 783 784 765
f 785 786 787
f 788 781 765
f 764 788 765
f 779 789 780
f 747 780 789
f 790 791 792
f 748 747 789
f 793 794 795
f 796 760 759
f 797 765 798
f 799 797 800
f 798 800 797
f 801 802 803
f 804 805 806
f 807 808 809
f 810 803 802
f 811 812 813
f 814 813 812
f 761 815 758
f 816 817 818
f 819 818 817
f 820 821 822
f 820 822 823
f 824 825 826
f 824 826 827
f 828 829 830
f 828 830 831
f 832 833 834
f 835 836 837
f 835 837 838
f 839 840 834
f 840 841 834
f 841 842 834
f 768 767 843
f 842 832 834
f 844 845 846
f 845 847 846
f 848 846 847
f 849 846 848
f 850 851 852
f 853 854 855
f 856 775 774
f 857 858 859
f 860 858 857
f 861 858 860
f 862 863 864
f 740 865 738
f 866 738 865
f 867 868 869
f 492 491 870
f 871 870 491
f 871 491 872
f 871 872 873
f 874 875 876
f 877 878 879
f 880 879 878
f 881 882 883
f 884 883 882
f 885 500 502
f 713 886 325
f 510 887 511
f 888 883 889
f 890 891 892
f 893 232 894
f 883 895 889
f 894 232 896
f 247 232 893
f 897 883 898
f 899 889 895
f 897 900 883
f 901 883 900
f 898 883 888
f 881 883 901
f 902 903 904
f 905 232 906
f 907 871 908
f 909 910 911
f 910 912 911
f 913 914 915
f 914 916 915
f 916 917 915
f 918 915 919
f 918 920 915
f 921 915 920
f 922 911 912
f 923 924 925
f 926 903 927
f 902 927 903
f 928 232 905
f 929 930 931
f 932 933 934
f 935 932 934
f 936 232 937
f 937 232 938
f 938 232 928
f 896 232 936
f 906 232 237
f 925 934 923
f 939 940 941
f 942 943 944
f 945 946 947
f 948 949 950
f 951 950 949
f 952 931 930
f 953 952 930
f 953 930 954
f 942 944 955
f 956 948 957
f 958 959 960
f 957 948 950
f 852 961 962
f 963 960 964
f 965 966 967
f 852 962 850
f 968 969 970
f 236 971 237
f 851 862 852
f 964 960 959
f 972 973 974
f 969 974 973
f 973 970 969
f 864 852 862
f 975 976 971
f 863 977 864
f 976 978 971
f 977 979 864
f 980 981 982
f 983 864 979
f 984 975 971
f 979 985 983
f 986 987 988
f 989 990 991
f 978 237 971
f 886 992 325
f 890 892 993
f 994 465 995
f 695 996 696
f 997 696 996
f 472 998 473
f 999 473 998
f 1000 1001 408
f 378 1002 483
f 718 483 1002
f 1003 1004 1005
f 1006 1004 1007
f 1003 1007 1004
f 1008 1004 1006
f 1009 1004 1008
f 1010 1004 1009
f 1011 1004 1010
f 1012 1004 1011
f 1013 1005 1004
f 1014 1015 1016
f 1017 1018 1019
f 1014 1016 1020
f 958 1021 959
f 1004 1012 1022
f 1023 1024 1022
f 1025 1022 1024
f 1026 1027 1028
f 1005 1013 1029
f 1027 959 1021
f 1021 1028 1027
f 1030 1031 1032
f 1033 1030 1032
f 1012 1023 1022
f 873 908 871
f 1034 1035 1036
f 1037 1036 1035
f 1038 1039 877
f 878 877 1039
f 1040 1041 1042
f 1040 1042 1043
f 1044 251 1045
f 1046 1047 501
f 1047 502 501
f 1048 1049 1050
f 1048 1050 1051
f 1052 1053 1054
f 1052 1054 1055
f 1056 1057 1058
f 1059 511 887
f 1060 1059 887
f 1061 1062 1063
f 1064 1065 1066
f 1067 1058 1068
f 1057 1068 1058
f 1069 1070 1071
f 1072 432 1073
f 1073 1074 1072
f 1075 1076 592
f 744 743 1077
f 1078 745 744
f 1056 1077 1057
f 1062 1079 1063
f 405 1080 406
f 1057 1077 743
f 1081 1082 447
f 1083 1084 1085
f 1086 1087 1088
f 1089 1090 1091
f 1092 1093 1094
f 1095 1096 1097
f 1098 1099 1100
f 1101 1100 1099
f 1102 1103 1104
f 1105 1106 1107
f 1108 1109 1110
f 1111 1112 1113
f 1114 1115 1116
f 1117 386 1118
f 1119 1120 1121
f 1122 1121 1120
f 1123 1124 1125
f 1085 1126 1083
f 1127 1128 1129
f 1130 1131 1132
f 1132 1131 456
f 1133 1134 1129
f 1135 1136 1137
f 388 1138 386
f 1118 386 1139
f 1140 1129 1141
f 1142 1143 1129
f 1144 1129 1143
f 1145 1146 1147
f 1148 1149 1150
f 1151 1129 1128
f 1152 1129 1151
f 1140 1142 1129
f 1153 1154 1137
f 1155 1156 1157
f 1158 1159 1160
f 1161 1162 1163
f 1164 1163 1162
f 1165 1166 1167
f 1168 1167 1166
f 1169 1170 1171
f 1172 1173 1174
f 1175 1176 1177
f 1178 1179 1180
f 1181 1066 1182
f 1183 1184 1185
f 1186 1187 1188
f 1189 1188 1187
f 1190 1191 1081
f 1192 1193 1194
f 1195 1194 1193
f 965 1196 966
f 1197 1198 1199
f 1139 386 1200
f 1201 1202 1203
f 1204 1065 1064
f 1205 1206 1207
f 1207 1208 1209
f 1210 1211 1212
f 1213 1214 1215
f 1216 1217 1218
f 1219 1220 1221
f 1222 1223 1224
f 1225 1224 1223
f 1226 1227 1228
f 1229 1230 1231
f 1232 1233 1234
f 1235 1236 1237
f 1238 1239 1240
f 1241 1242 1243
f 1244 1245 1246
f 1247 1246 1245
f 1248 1249 1250
f 1251 1252 1253
f 1254 1255 1256
f 1257 1258 1259
f 1259 1260 1261
f 1261 876 875
f 1262 1131 1130
f 1263 1264 1265
f 1260 1259 1258
f 876 1261 1260
f 1266 1267 1268
f 1269 925 924
f 933 923 934
f 1270 1271 1272
f 1273 1274 229
f 1275 1097 1096
f 1276 1277 1278
f 1279 1280 1281
f 1282 1283 1284
f 1285 1286 1284
f 715 710 1287
f 1288 1289 801
f 802 801 1289
f 1290 1291 1292
f 1293 1294 1284
f 1295 1296 1297
f 1298 1282 1284
f 1283 1299 1284
f 1299 1300 1284
f 1301 1302 1303
f 1304 1237 1236
f 1305 1306 1284
f 1240 1307 1238
f 1308 1309 1310
f 1286 1311 1284
f 1311 1312 1284
f 1313 1284 1312
f 1305 1284 1313
f 1314 1284 1306
f 1315 1316 1317
f 1318 1319 1320
f 1321 1322 1323
f 1324 1319 1325
f 1325 1319 1326
f 1327 1328 1329
f 1247 1081 1191
f 1319 1324 1330
f 1319 1330 1331
f 1331 1320 1319
f 1332 1319 1318
f 1333 1319 1332
f 1334 1335 1336
f 1337 1338 1339
f 1333 1340 1319
f 1341 1342 1343
f 1344 1345 1346
f 1345 1347 1346
f 1348 1349 1350
f 1351 1352 1353
f 1354 1355 1356
f 1357 1218 1358
f 1123 1359 1124
f 1360 1243 1242
f 1361 1218 1362
f 1363 1364 1365
f 1366 1367 1368
f 1369 1250 1249
f 1362 1218 1370
f 1371 1218 1372
f 1372 1218 1361
f 1373 1253 1252
f 1358 1218 1217
f 1374 1218 1357
f 1375 1218 1374
f 1376 1218 1375
f 1370 1218 1376
f 1377 1218 1378
f 1378 1218 1371
f 1379 1218 1377
f 1380 1381 1382
f 1383 1384 1385
f 1386 1387 1388
f 1389 1390 1391
f 1392 1391 1390
f 1393 1218 1379
f 1394 1218 1393
f 1395 1385 1396
f 1397 1398 1399
f 1400 1396 1385
f 1401 1402 1403
f 1404 1405 1406
f 1407 1408 1409
f 1410 1409 1408
f 1174 1411 1172
f 1412 1413 1414
f 1415 1416 1417
f 1418 1419 1420
f 1421 1420 1419
f 1422 1415 1423
f 1179 1424 1180
f 229 1274 230
f 1425 230 1274
f 1426 1427 1428
f 1429 1428 1427
f 1430 1431 1432
f 1430 1432 1417
f 1433 1434 1435
f 1436 1437 1438
f 1439 1438 1437
f 1440 1441 1442
f 1443 1442 1441
f 1107 1444 1105
f 1435 1445 1433
f 1446 1447 1448
f 1446 1448 1449
f 1450 1451 1452
f 1453 1452 1451
f 1454 1455 1456
f 1457 1215 1214
f 1458 1459 1460
f 1461 1462 1463
f 1464 1465 1466
f 1465 1467 1466
f 1468 1466 1467
f 1469 1470 1262
f 1471 1472 1473
f 1471 1473 1474
f 1402 1401 1475
f 1476 1475 1401
f 1477 456 1131
f 1478 1479 1480
f 1481 1482 1483
f 1484 1483 1482
f 1485 1486 1487
f 1488 1487 1486
f 1489 1490 1491
f 1492 1493 1494
f 1495 1496 1497
f 1498 1499 1500
f 1501 1486 1502
f 1503 1504 1505
f 1503 1505 1506
f 1507 1508 1509
f 1510 1509 1508
f 1254 1256 1511
f 1512 1382 1381
f 1513 1514 1515
f 1516 1515 1514
f 1517 1518 1478
f 1519 1520 1521
f 1522 1521 1520
f 1523 1524 1525
f 1526 1527 1528
f 1529 1530 1531
f 1532 1533 1534
f 1532 1534 1535
f 1536 1537 1538
f 1536 1538 1539
f 1540 1541 1542
f 1543 1517 1478
f 1544 1466 1545
f 1546 1547 1548
f 1549 1550 1551
f 1549 1551 1552
f 1553 1554 1555
f 1556 1555 1554
f 1557 1558 1559
f 1560 1561 1562
f 1563 1466 1564
f 1565 1466 1563
f 1545 1466 1565
f 1566 1562 1561
f 1567 1568 1569
f 1570 1571 1572
f 1570 1572 1573
f 1190 1081 1574
f 1575 1576 1577
f 1575 1577 1578
f 1579 1580 1181
f 1569 1581 1567
f 1582 1583 1584
f 1582 1584 1585
f 1586 1587 1588
f 1589 1590 1591
f 1592 1593 1594
f 1595 1596 1597
f 1598 1466 1599
f 1564 1466 1598
f 1600 1466 1544
f 1601 1466 1600
f 1602 1603 1466
f 1466 1601 1464
f 1430 1417 1416
f 1604 1605 1606
f 1607 1608 1609
f 1422 1416 1415
f 1074 1610 1072
f 1611 1612 1613
f 1614 1615 1466
f 1616 1466 1615
f 1617 1618 1619
f 1620 1621 1622
f 1623 1624 1338
f 1623 1338 1625
f 1625 1338 1626
f 1627 1628 1629
f 1630 1631 1632
f 1633 1634 1635
f 1636 1637 1638
f 1639 1456 1455
f 1528 1640 1526
f 1641 1642 1630
f 1643 1644 1645
f 1646 1647 1648
f 1649 1466 1650
f 422 777 423
f 1613 1651 1611
f 1652 1211 1210
f 1653 1654 1655
f 1656 1657 1658
f 1659 1660 1661
f 1468 1614 1466
f 1616 1662 1466
f 1662 1650 1466
f 1211 1663 1212
f 1663 1664 1212
f 1665 1666 1667
f 1668 1667 1666
f 1669 1670 1671
f 1672 805 804
f 1673 1674 1675
f 1220 1219 1676
f 1661 1677 1678
f 1679 1680 1681
f 1682 1683 1684
f 1685 1684 1683
f 1496 1686 1497
f 1653 1687 1654
f 1688 1689 1338
f 1689 1690 1338
f 1691 1338 1690
f 1691 1626 1338
f 1692 1338 1624
f 1693 1466 1694
f 1694 1466 1695
f 1696 1221 1220
f 1697 1698 1677
f 1698 1699 1677
f 1699 1678 1677
f 1574 1081 447
f 1700 1310 1701
f 1702 1701 1310
f 1695 1466 1603
f 1703 1466 1693
f 1704 1705 1706
f 1707 1708 1709
f 1710 1711 1712
f 1713 1712 1711
f 1714 1715 1716
f 1609 1717 1607
f 1072 1610 1718
f 1719 1720 1721
f 1722 1723 1317
f 1638 1637 1718
f 1724 1725 1726
f 1727 1728 1729
f 1729 1730 1727
f 1731 1727 1730
f 1702 1310 1309
f 479 486 1732
f 1733 1734 1735
f 1736 1737 1738
f 1739 1740 1741
f 1742 1743 1744
f 1745 1732 486
f 1746 1747 1748
f 424 423 1749
f 1750 1751 1752
f 1753 1754 1755
f 1756 1757 1758
f 1759 1760 1761
f 1761 1760 1762
f 1763 1761 1762
f 1764 1765 1766
f 1767 1765 1764
f 1768 1763 1762
f 1769 1770 1765
f 1771 1772 1773
f 1774 1773 1772
f 1775 1776 1777
f 1778 1779 1765
f 1780 1203 1202
f 1781 1771 1782
f 1783 1777 1784
f 1782 1771 1773
f 1777 1776 1784
f 1785 1406 1405
f 1779 1786 1765
f 1786 1769 1765
f 1770 1766 1765
f 939 1787 940
f 1788 1209 1789
f 1208 1207 1206
f 1790 1791 1765
f 1792 1793 1794
f 1795 941 940
f 1796 1797 1765
f 1797 1778 1765
f 1798 1799 1800
f 1801 1802 1792
f 1208 1789 1209
f 1803 1206 1205
f 1804 1805 1806
f 1807 1765 1767
f 1808 1809 1810
f 1205 1811 1803
f 1812 1813 1814
f 1815 1803 1811
f 1816 1807 1767
f 1817 1818 1819
f 673 672 1820
f 1821 1822 1823
f 1824 1287 802
f 995 465 464
f 1825 1826 1827
f 1828 1790 1765
f 1001 406 408
f 1829 1830 1831
f 721 1832 1833
f 1834 719 721
f 1316 1722 1317
f 1323 1835 1836
f 1837 390 392
f 1838 1839 1840
f 1841 1842 1843
f 1844 400 1845
f 1846 1847 1848
f 1849 1846 1848
f 1842 1850 1843
f 1835 1323 1322
f 1851 1852 1853
f 1847 1854 1848
f 1855 1856 1848
f 1854 1857 1848
f 1857 1855 1848
f 1070 1858 1071
f 1859 1071 1858
f 1860 1861 1862
f 1863 1864 1865
f 1866 1867 1868
f 1862 1843 1850
f 1869 1075 592
f 1870 591 593
f 1871 1849 1848
f 1872 1873 1848
f 1856 1872 1848
f 1874 1871 1848
f 1873 1875 1848
f 1876 1848 1875
f 1825 1827 1877
f 1878 1879 1880
f 1881 413 412
f 416 1882 418
f 1883 1880 1860
f 1884 1885 1886
f 1885 1887 1886
f 1888 1886 1887
f 1889 1170 1169
f 1890 1170 1889
f 1891 1880 1883
f 1892 1893 1338
f 1894 1338 1893
f 1895 1896 1897
f 1898 1899 1900
f 1901 1902 1903
f 1892 1338 1904
f 447 1905 1906
f 1907 1908 1909
f 1908 1900 1909
f 1899 1909 1900
f 1910 1911 1912
f 1913 1914 1915
f 1906 1905 1916
f 1917 1918 1912
f 1919 1920 1921
f 1921 1920 1922
f 1923 1924 1925
f 1926 1927 1909
f 1928 1929 1930
f 1931 1932 1930
f 1933 1934 1935
f 1936 1937 1938
f 1927 1939 1909
f 1940 1898 1900
f 1941 1942 299
f 1928 1930 1932
f 1934 1943 1935
f 1944 1933 1935
f 1945 1946 1947
f 1948 1947 1946
f 1949 1946 1950
f 1951 1952 1953
f 1954 1955 1956
f 1957 1954 1956
f 1958 1959 1960
f 1833 1834 721
f 1961 1962 1338
f 1962 1963 1338
f 1963 1688 1338
f 1964 1965 1966
f 1967 1968 1969
f 1969 1968 1970
f 1971 1972 1973
f 1918 1974 1912
f 1975 1976 1977
f 1930 1970 1978
f 1931 1930 1978
f 1979 1980 1981
f 1982 1980 1979
f 1983 1984 971
f 1984 1985 971
f 971 1985 984
f 1986 1987 1988
f 1978 1970 1968
f 1989 1983 971
f 1990 1991 1992
f 1993 1994 1995
f 1996 1997 1998
f 1999 1998 1997
f 1910 1912 2000
f 2001 1996 1998
f 1998 2002 2001
f 2003 1176 2004
f 2005 2006 2002
f 2007 1176 2008
f 2009 2010 2011
f 2006 2001 2002
f 2012 2013 1338
f 2013 2014 1338
f 2014 2015 1338
f 1339 1338 2016
f 1961 1338 2015
f 2000 1912 2017
f 1974 2017 1912
f 1176 2018 2019
f 1176 2019 2020
f 1176 2020 2021
f 2021 2008 1176
f 2007 2004 1176
f 2022 1176 2003
f 1894 2012 1338
f 1692 2016 1338
f 1177 1176 2022
f 2023 1329 1328
f 2024 2025 2026
f 2027 2028 2029
f 2030 2031 1912
f 2032 2033 2034
f 2035 1912 2036
f 2037 2038 2039
f 2040 2041 2042
f 2036 1912 2031
f 2043 1912 2035
f 2044 2045 2046
f 2047 2048 2049
f 2050 2051 2052
f 2053 2054 1466
f 2055 1466 2054
f 2056 2057 2058
f 1599 1466 1703
f 2059 179 178
f 2060 2061 178
f 2062 2063 2064
f 2061 2065 178
f 2066 2067 2068
f 2069 178 2070
f 2071 2072 178
f 2072 2073 178
f 2073 2060 178
f 2065 2074 178
f 2075 178 2074
f 2075 2076 178
f 2076 2077 178
f 2069 2071 178
f 2078 2079 2080
f 2081 2080 2079
f 2070 178 177
f 1912 2082 2083
f 2084 2085 2083
f 2086 2083 2085
f 2082 2084 2083
f 1343 1342 2087
f 2088 2089 2090
f 1952 2091 1953
f 2092 1681 1680
f 2082 1912 2093
f 2094 2095 2096
f 1911 2030 1912
f 2043 2093 1912
f 489 1559 1558
f 2097 2098 2099
f 2100 1363 1365
f 1558 2101 489
f 2102 2103 2104
f 1843 1862 1861
f 2105 1861 1860
f 1706 2106 1704
f 2107 2108 2109
f 2110 2111 2112
f 1580 2113 1181
f 2114 2115 2116
f 2117 2118 2119
f 1860 1880 2105
f 1561 2120 2121
f 2121 2122 1561
f 1879 2105 1880
f 2123 2124 2125
f 1566 1561 2122
f 2126 2127 2128
f 2129 2130 2131
f 2132 2133 2134
f 1560 2135 1561
f 2136 2137 2138
f 2139 2140 2141
f 2142 2141 2140
f 2143 2144 2145
f 2146 1647 1646
f 2147 2148 2149
f 1902 2150 1903
f 1903 2151 2152
f 2153 2154 2155
f 2156 2157 2158
f 2159 1561 2160
f 2161 2151 2150
f 1413 1412 2162
f 1793 1792 1802
f 2163 2164 2165
f 2166 2167 2168
f 2169 2170 2171
f 2172 2089 2088
f 2173 2174 2175
f 2176 2177 2178
f 1182 1579 1181
f 1721 2179 1719
f 1838 2180 2181
f 2182 2183 1212
f 2184 2185 2186
f 2187 2188 2189
f 2190 2191 2192
f 2193 2194 2195
f 2196 2197 2198
f 1831 1840 1839
f 1800 2199 1798
f 2200 2201 2202
f 2182 1212 1664
f 2203 2204 2205
f 2206 2207 2208
f 2209 2210 2211
f 634 636 668
f 2212 2213 2214
f 2215 2216 2217
f 2217 2216 2218
f 2219 2220 2221
f 2222 2186 2185
f 2223 2224 2225
f 2226 2225 2224
f 2227 2125 2124
f 1245 2228 1247
f 665 643 672
f 2195 2194 2229
f 2230 2231 2232
f 1072 1718 1637
f 446 450 447
f 2211 2233 2209
f 2234 2155 2154
f 2235 1818 1817
f 2236 1806 1805
f 2237 2238 2239
f 1072 433 432
f 2240 2241 2242
f 2243 640 665
f 1081 1247 2228
f 2244 1466 2245
f 2246 2247 2248
f 2249 2250 2251
f 2252 2253 2254
f 1082 448 447
f 1131 1262 2255
f 2253 2256 2254
f 2257 2254 2258
f 2258 2254 2259
f 2259 2254 2256
f 457 456 1477
f 2244 2260 1466
f 2260 2261 1466
f 2053 1466 2261
f 861 2262 858
f 2263 2264 2257
f 2258 2263 2257
f 2265 2266 2267
f 2268 2269 2270
f 2271 859 858
f 2272 2273 2274
f 2275 2276 1466
f 2277 1466 2276
f 2278 2245 1466
f 2277 2278 1466
f 883 2279 2280
f 2281 899 895
f 2282 2161 2283
f 2280 895 883
f 2094 2284 2095
f 2285 2286 2287
f 2288 2096 2095
f 2289 2290 2291
f 2292 2257 2264
f 2161 2282 2293
f 2293 39 38
f 2294 1749 423
f 2282 2295 2293
f 2296 2297 2298
f 2299 2300 2301
f 2151 1903 2150
f 2150 2283 2161
f 39 2293 2295
f 2302 2303 2304
f 2305 2304 2303
f 2306 2301 363
f 2300 363 2301
f 2307 2299 2301
f 2308 2307 2301
f 2309 2308 2301
f 2310 2311 2312
f 2310 2312 2313
f 2314 2315 363
f 2316 2317 2318
f 2319 2320 2321
f 2322 2321 2320
f 2323 2324 2325
f 2326 2325 2324
f 1924 2327 1925
f 2328 2257 2329
f 2330 334 359
f 2331 2332 1292
f 1291 2333 1292
f 2334 2335 2336
f 1938 2337 1936
f 2338 2339 1292
f 2339 2340 1292
f 2333 2338 1292
f 2341 2331 1292
f 2342 2343 2344
f 360 334 358
f 2345 2346 2347
f 2345 2347 2348
f 2349 2171 2170
f 2350 2351 2352
f 2353 2352 2351
f 1959 2354 1960
f 2355 2356 2357
f 2358 2355 2357
f 2359 2358 2357
f 2257 2292 2329
f 2328 2360 2257
f 2361 2362 1292
f 2362 2363 1292
f 2364 1966 1965
f 2363 2365 1292
f 2366 2367 2326
f 2325 2326 2367
f 2095 2284 2368
f 1971 2369 1972
f 2370 2361 1292
f 2365 2357 1292
f 2371 1292 2357
f 2372 2371 2357
f 2373 2257 2360
f 917 919 915
f 2374 2375 2376
f 2377 2376 2375
f 2356 2372 2357
f 2203 2267 2266
f 2378 2370 1292
f 2203 2266 2379
f 2379 2204 2203
f 2380 2378 1292
f 2340 2380 1292
f 2381 2344 2343
f 2382 2205 2204
f 2383 1319 2384
f 2385 1886 2386
f 2387 2386 1886
f 2388 2336 2335
f 2389 1319 2390
f 2391 2392 2393
f 2394 2391 2393
f 2395 2387 1886
f 2396 2395 1886
f 2397 2398 1886
f 2390 1319 2399
f 1326 1319 2400
f 2401 2384 1319
f 2400 1319 2383
f 2402 2401 1319
f 2389 2402 1319
f 2403 2399 1319
f 2398 2396 1886
f 2404 2405 2406
f 755 2287 2286
f 2407 2408 2409
f 2410 777 776
f 2411 2412 2413
f 2414 2415 2416
f 2409 2408 2417
f 2418 2417 2408
f 2419 2414 2416
f 2417 2418 2420
f 2421 2420 2418
f 2422 2416 2415
f 2423 2424 2425
f 2426 2427 2428
f 2429 2430 2431
f 2432 2419 2416
f 2433 2434 2435
f 2436 2437 2438
f 2439 2202 2201
f 2440 2441 2442
f 2443 2444 2445
f 2446 2447 2448
f 2449 2448 2447
f 2450 2451 2452
f 2453 2454 2455
f 2456 2457 2458
f 2456 2458 2459
f 2460 2461 2462
f 2463 2464 2465
f 2466 2465 2464
f 2467 2468 2469
f 2470 2471 2472
f 2473 1561 2135
f 2474 2040 2042
f 2475 2476 2477
f 2058 2478 2056
f 2479 2480 2481
f 2468 2482 2469
f 2483 2385 2484
f 2485 2484 2385
f 2486 2487 2385
f 2488 2489 2490
f 2491 2492 2493
f 2494 2495 2496
f 2497 2498 2385
f 2498 2485 2385
f 2178 2177 2499
f 2500 2501 2502
f 2487 2503 2385
f 2504 2505 2506
f 2507 2506 2505
f 2508 2407 2409
f 2509 2510 2511
f 2512 2385 2513
f 2514 2486 2385
f 2512 2514 2385
f 2503 2515 2385
f 2515 2497 2385
f 2386 2513 2385
f 2516 2192 2191
f 2517 2509 2518
f 2197 2519 2198
f 2520 2198 2519
f 2521 2522 2523
f 2524 2523 2522
f 2525 2526 2527
f 2528 2529 2530
f 2531 2528 2530
f 2158 2532 2156
f 2099 2098 2533
f 1656 2534 1657
f 2535 2536 2537
f 2538 2537 2536
f 2539 2530 2529
f 2540 2539 2529
f 2541 2542 2543
f 2544 2212 2214
f 2545 2546 2547
f 2548 2549 2529
f 2549 2550 2529
f 2165 2551 2163
f 2102 2552 2103
f 2553 2379 2554
f 2555 2556 2529
f 2557 2548 2529
f 2558 2559 2560
f 2561 2557 2529
f 2556 2561 2529
f 2550 2540 2529
f 2562 2555 2529
f 2563 2562 2529
f 2564 2565 2566
f 2567 2566 2565
f 2568 2569 2564
f 2570 2569 2568
f 2230 2232 2571
f 2565 2564 2569
f 2572 1809 1808
f 2288 2573 2574
f 2575 2576 2577
f 2578 2579 2580
f 2581 2218 2216
f 1821 1823 2582
f 2583 2221 2220
f 2584 2239 2238
f 2585 2586 2587
f 2148 2588 2149
f 2587 2586 2589
f 2298 2590 2296
f 2128 2127 2591
f 2592 2593 2586
f 2589 2586 2594
f 2595 2596 2576
f 2576 2596 2597
f 2576 2597 2598
f 2576 2598 2599
f 2599 2577 2576
f 2335 2600 2388
f 2601 2602 2603
f 2604 2131 2130
f 2594 2586 2593
f 2605 2595 2576
f 2606 2138 2137
f 2592 2586 2607
f 2578 2580 2608
f 2580 2609 2608
f 2610 2611 2612
f 2613 2612 2611
f 2614 2615 2580
f 2616 2617 2618
f 2619 2618 2617
f 2620 2621 2622
f 2623 2624 2625
f 2615 2626 2580
f 2609 2580 2626
f 2627 2628 1466
f 2275 1466 2628
f 2629 2630 2631
f 2631 2632 2629
f 2633 2634 2635
f 2636 2635 2634
f 2637 2638 2639
f 2640 2639 2638
f 2641 2270 2269
f 2642 2643 1935
f 2644 2642 1935
f 2645 2622 2646
f 2647 2646 2622
f 2648 2647 2622
f 2649 2650 2651
f 2652 2651 2650
f 2653 2648 2622
f 2653 2622 2621
f 2654 2064 2063
f 2655 890 2656
f 891 890 2655
f 2657 2658 2659
f 2660 2661 2662
f 2663 2662 2661
f 2664 2665 2666
f 2667 2668 21
f 2669 2644 1935
f 2643 2670 1935
f 2632 1935 2670
f 2670 2629 2632
f 2671 2631 2630
f 2672 2673 2674
f 2630 2674 2671
f 2270 2675 2676
f 2677 2676 2675
f 2678 2511 2510
f 2679 2680 1935
f 2659 2658 2681
f 2682 2676 2683
f 2677 2683 2676
f 2658 2684 2681
f 2684 2685 2681
f 2686 2687 1935
f 2675 2270 2641
f 2688 2689 2510
f 2690 2691 2692
f 2693 2692 2691
f 2694 2695 1935
f 2696 2697 1935
f 2697 2698 1935
f 2699 2274 2273
f 1649 2700 1466
f 2627 1466 2700
f 2701 2702 1935
f 2703 2704 2705
f 2704 2706 2705
f 2707 2090 2089
f 2411 2708 2412
f 2709 2710 2711
f 2709 2705 2706
f 2695 2696 1935
f 2680 2686 1935
f 2712 2502 2501
f 2511 2713 2509
f 2714 2701 1935
f 2687 2715 1935
f 2715 2714 1935
f 2716 2717 2718
f 2698 2719 1935
f 2719 2679 1935
f 2702 2669 1935
f 2720 2711 2710
f 2710 2709 2706
f 2721 721 2722
f 2722 721 2723
f 2724 2725 2726
f 2727 2728 2729
f 2728 2726 2725
f 2730 2731 2732
f 2733 2734 2735
f 2736 721 2737
f 2729 2728 2725
f 2738 2739 2740
f 2741 2214 2213
f 2742 721 2743
f 2743 721 2721
f 2737 721 2742
f 2723 721 2744
f 2745 2746 2747
f 2748 2379 2553
f 2749 2750 2751
f 2752 2753 2754
f 2755 2756 2757
f 2758 2759 100
f 2760 2761 2762
f 2763 2764 695
f 315 285 645
f 2765 2766 2767
f 2768 2769 2770
f 2771 2763 697
f 695 697 2763
f 2772 2766 2765
f 2773 2774 2775
f 2776 2767 2766
f 2777 2778 2779
f 2780 2781 2782
f 2783 2784 2785
f 2786 2784 2783
f 2787 2788 2789
f 2790 2787 2789
f 2791 2792 2793
f 2794 2795 2793
f 2796 2793 2795
f 2797 2794 2793
f 2798 2799 2800
f 2797 2793 2792
f 2801 2802 1100
f 2803 2804 2805
f 2803 2805 2806
f 2807 92 91
f 2808 2809 2810
f 2811 2812 2813
f 2751 2750 2814
f 2815 2816 2747
f 2817 2818 2819
f 2820 2762 2761
f 2761 2760 2821
f 2822 2823 2824
f 2825 2826 2827
f 2828 2829 2830
f 2831 2832 1338
f 2818 2833 2819
f 2834 2826 2835
f 2836 2837 2838
f 2839 2840 2841
f 2842 2841 2840
f 2819 2843 2844
f 2845 2819 2844
f 2846 2847 2848
f 2849 2848 2847
f 2850 2851 2852
f 2853 2843 2819
f 2854 2826 2855
f 2855 2826 2856
f 2857 2826 2858
f 2858 2826 2854
f 2856 2826 2834
f 2849 2859 2848
f 2860 2848 2859
f 2861 2862 2863
f 2864 2819 2833
f 2865 2866 2867
f 2868 2869 2870
f 2871 1338 2832
f 2872 1338 2871
f 2872 2873 1338
f 2874 1653 1655
f 1655 1654 2875
f 2835 2826 2876
f 2877 2878 2879
f 2875 2880 1655
f 2349 2170 2881
f 2876 2826 2825
f 2882 2883 2884
f 2884 2883 2885
f 2886 2887 2888
f 2889 2890 2891
f 2892 2893 2894
f 2895 2896 2897
f 2898 2899 2900
f 2898 2900 2901
f 2902 2903 2904
f 2905 2904 2903
f 2905 2906 2904
f 2907 2908 2187
f 2909 2910 2911
f 2912 2913 2914
f 2915 2916 2917
f 2918 2919 2920
f 2921 2920 2919
f 2922 2517 2518
f 1192 2923 1193
f 2924 2920 2921
f 2924 2921 2925
f 2926 2927 1338
f 2928 1338 2927
f 2879 2929 2877
f 2930 2931 1198
f 2932 2933 2934
f 2024 2935 2936
f 2937 2735 2734
f 2938 2939 2940
f 2941 2940 2939
f 2870 1687 2868
f 2942 2943 2944
f 2732 2731 2945
f 2946 2947 2784
f 2948 2949 2950
f 2942 2951 2943
f 2952 2943 2951
f 2953 2954 2955
f 2956 2955 2954
f 2870 1654 1687
f 2957 2789 2958
f 2959 2960 2961
f 2952 2951 2962
f 2963 2962 2951
f 2964 2965 2966
f 2967 2968 2969
f 2970 2969 2968
f 2965 2971 2966
f 2789 2788 2958
f 2964 2958 2788
f 2965 2964 2788
f 2972 2973 2974
f 2972 2974 2975
f 2976 2977 2978
f 2979 2980 1995
f 2822 2824 2981
f 2982 2983 2984
f 2985 2986 2987
f 2830 2988 2828
f 2978 2989 2990
f 2991 2992 2993
f 2994 2995 2996
f 2997 2998 2993
f 2999 2993 2998
f 3000 3001 3002
f 3003 3002 3001
f 3003 3001 3004
f 2993 3005 2991
f 3006 3007 3008
f 3006 3008 3009
f 2978 2977 2989
f 3010 2990 2989
f 3011 2851 2850
f 2861 3012 2862
f 3013 1542 1541
f 2757 2756 3014
f 2977 2976 3015
f 3016 3017 3018
f 3018 3017 3019
f 3020 3017 3016
f 3021 3015 2976
f 3002 3022 3023
f 3002 3023 3000
f 3019 3017 3024
f 3024 3017 3025
f 3026 2775 2774
f 3027 3028 3029
f 2808 2810 3030
f 3031 3032 3033
f 3034 3035 3036
f 3037 3038 3039
f 3040 1548 1547
f 3041 2949 2948
f 3042 3043 3044
f 3045 3046 3047
f 3048 3049 3050
f 3051 1748 3052
f 2188 2187 2908
f 3053 1548 3040
f 3054 3055 1548
f 3055 2831 1548
f 1338 1548 2831
f 2926 1338 2873
f 3056 1338 2928
f 3057 2961 2960
f 3058 3059 3060
f 3061 3060 3059
f 3036 3035 3062
f 3063 3064 3062
f 3065 3066 3067
f 3068 3069 3070
f 3071 3072 3073
f 3074 3075 3076
f 3077 3076 3075
f 3078 3079 3080
f 3081 1827 3082
f 3083 3084 3075
f 3077 3075 3084
f 3085 3086 3087
f 3088 3089 3090
f 3091 3090 3089
f 2769 3092 3093
f 3094 3080 3079
f 2768 3092 2769
f 3073 3095 3096
f 3097 3098 3099
f 3100 3096 3095
f 3101 3072 3071
f 3102 3103 3104
f 3105 3106 3107
f 3108 85 3109
f 2052 2051 3110
f 3095 3073 3111
f 3111 3073 3072
f 3112 3113 3114
f 3080 3115 3078
f 3116 3109 85
f 3117 3118 3119
f 3120 3112 3114
f 3078 3115 3113
f 3121 1977 1976
f 3115 3114 3113
f 2770 1952 3122
f 2475 3123 3124
f 3125 3124 3123
f 3126 3127 3128
f 3129 3130 3128
f 3131 3132 3128
f 3133 3128 3132
f 3134 2944 2943
f 2776 3135 2767
f 3136 2767 3135
f 2980 2979 3137
f 3138 3139 2476
f 3130 3131 3128
f 3127 3129 3128
f 3140 3141 3142
f 3124 2476 2475
f 3143 3144 3145
f 2477 2476 3139
f 3146 1995 1994
f 232 3147 3082
f 3135 3148 3136
f 3149 3136 3148
f 3150 3139 3138
f 3151 3067 3066
f 3152 2816 2815
f 3153 3145 3154
f 3154 3145 3155
f 3143 3145 3153
f 3156 3155 3145
f 3066 3065 1994
f 3146 1994 3065
f 3157 3158 3159
f 3160 3161 3162
f 1993 1995 2980
f 3098 3163 3099
f 3164 3145 3144
f 3158 3165 3159
f 3166 3167 3168
f 3169 3137 2979
f 3170 3171 3172
f 3173 3168 3167
f 3157 3159 3174
f 3175 3176 3177
f 3178 3070 3069
f 3159 3179 3174
f 3180 3181 3182
f 1327 3183 1328
f 3184 3162 3161
f 3185 3174 3186
f 2034 2033 3187
f 2024 3188 2935
f 3189 3190 3191
f 3186 3174 3179
f 3192 3193 3194
f 3195 2785 3196
f 3197 2039 2038
f 3198 3199 3200
f 3201 3202 3203
f 3204 3205 3206
f 3203 3207 3208
f 3202 3207 3203
f 3209 3208 3210
f 3211 3212 3118
f 3119 3118 3212
f 3210 3208 3207
f 3213 3214 3215
f 3216 3217 3218
f 3219 3142 3141
f 3220 3221 3222
f 3223 3224 3225
f 3226 3227 3228
f 3229 3228 3227
f 3230 3231 3232
f 3233 3234 3235
f 3236 3235 3234
f 3237 3238 3239
f 3240 3241 3242
f 3225 3224 3196
f 3233 3235 3243
f 3244 3245 3246
f 3247 3248 3235
f 3247 3235 3249
f 305 78 3250
f 3251 3240 3252
f 3253 3254 3255
f 3256 3257 3258
f 3259 3196 2785
f 3251 3252 3260
f 3261 3260 3252
f 3262 2837 2836
f 3218 3217 3263
f 3172 3171 3262
f 3264 3171 3170
f 3171 3265 3262
f 3266 3215 3214
f 3267 3268 3269
f 3270 3271 3272
f 2784 3259 2785
f 3273 3274 3275
f 3276 3268 3277
f 3278 3268 3276
f 3279 3277 3268
f 3280 3242 3241
f 3244 3281 3245
f 3275 3274 3282
f 3242 3252 3240
f 3283 3284 2025
f 3285 3286 3287
f 3288 3289 3290
f 3291 3290 3289
f 3292 3293 3294
f 3295 3294 3293
f 3296 3297 3298
f 3299 3300 3301
f 3302 3287 3303
f 3304 3305 3306
f 3191 3307 3189
f 3308 3298 3297
f 3309 3298 3308
f 3310 3311 3312
f 3192 3313 3193
f 3303 3287 3286
f 3314 3315 3312
f 3316 3312 3311
f 3205 3317 3206
f 3309 3318 3298
f 3319 3320 3321
f 3322 3323 3324
f 3258 3325 3256
f 3318 3326 3298
f 3327 3328 3329
f 3330 3331 3332
f 3333 3334 3335
f 3336 3335 3334
f 3331 3337 3332
f 3104 3103 3338
f 3232 3339 3230
f 100 2759 3340
f 3341 3342 3343
f 3238 3237 3344
f 3345 3335 3336
f 3346 3347 3348
f 3346 3348 3349
f 3350 3254 3253
f 3338 3103 3351
f 1950 1946 1945
f 3347 3352 3287
f 3353 3354 1109
f 3346 3352 3347
f 3355 2984 2983
f 2028 2027 3356
f 1942 300 299
f 3357 3107 3106
f 3285 3287 3352
f 3358 3359 3360
f 3361 2145 2144
f 3362 3363 3364
f 3363 3365 3364
f 3366 3367 3364
f 3366 3364 3365
f 3368 3369 3370
f 3371 3370 3372
f 3373 3374 3375
f 3376 3373 3375
f 3377 3370 3371
f 3369 3372 3370
f 3378 1794 3379
f 1793 3379 1794
f 3380 3381 3382
f 3381 3383 3382
f 3384 3382 3383
f 3385 3362 3364
f 3386 3387 3388
f 3389 3388 3387
f 3390 3387 3386
f 3387 3391 3389
f 3392 3393 3394
f 3395 2168 2167
f 3396 3389 3391
f 3397 3284 3283
f 3398 3399 3400
f 3401 3402 3403
f 3356 2027 3404
f 3405 3406 3407
f 3408 3049 3048
f 1149 3409 1150
f 3284 3410 2025
f 3411 3335 3412
f 3396 3413 3414
f 3351 3103 3415
f 3416 3417 3418
f 3391 3413 3396
f 3419 43 42
f 3420 3421 3422
f 3423 3424 3425
f 3420 3426 3421
f 3427 3428 3429
f 3430 1731 1730
f 3431 3432 3433
f 3434 3435 3436
f 3437 3438 3439
f 3440 3439 3438
f 3441 3414 3413
f 3442 3443 3444
f 1757 3445 1758
f 3446 1758 3447
f 3445 3447 1758
f 3448 3449 94
f 90 94 3449
f 3450 3451 3452
f 3453 3454 3455
f 1840 1831 1830
f 3456 3457 3458
f 3459 3460 3461
f 3452 3451 3462
f 3199 3198 3463
f 3464 3403 3402
f 1900 1874 1848
f 3465 3466 3467
f 3462 3451 3468
f 3200 3199 3469
f 3470 3469 3199
f 3471 3472 3473
f 3474 3475 3476
f 3477 3478 3479
f 3480 3481 3482
f 3434 3483 3435
f 3484 3485 2753
f 3486 3487 125
f 3487 3488 125
f 3489 125 3488
f 3490 3491 3492
f 3493 3494 3495
f 3496 1150 3497
f 3498 3497 1150
f 3499 3500 3501
f 3502 3306 3305
f 3503 3455 3454
f 3504 3505 3506
f 3485 2754 2753
f 3507 3321 3320
f 1848 1940 1900
f 3508 3509 3510
f 1939 1907 1909
f 3511 3329 3328
f 1734 3512 1735
f 3355 2983 3513
f 2668 23 21
f 3514 3515 3516
f 3517 3518 3519
f 1780 1202 3520
f 3521 3314 3312
f 3522 3523 3524
f 3525 1735 3512
f 3526 3527 3528
f 3529 3310 3312
f 3530 3531 100
f 3532 100 3531
f 3533 3534 3535
f 3536 3537 3538
f 3530 100 3340
f 1826 3539 1827
f 3540 3541 3542
f 3543 3544 3545
f 3180 3182 3546
f 3224 3195 3196
f 3547 3548 3549
f 3550 3551 3552
f 3553 3554 3555
f 3556 3552 3557
f 2784 2947 3259
f 3558 3559 3560
f 3561 2174 2173
f 3505 3562 3506
f 3563 3549 3548
f 3564 2112 2111
f 3565 1827 3566
f 3566 1827 3539
f 3082 1827 3565
f 3567 3568 3569
f 3337 3570 3332
f 3571 3418 3417
f 3572 3332 3570
f 3082 3573 232
f 3181 3574 3324
f 1838 2181 1839
f 3568 3575 3569
f 3173 3569 3575
f 3576 3394 3393
f 3168 3173 3575
f 3407 3406 3577
f 3573 3578 232
f 3579 3580 232
f 453 2740 2739
f 3581 3582 3583
f 3584 2560 2559
f 3579 232 3578
f 3585 2560 3584
f 236 232 3580
f 2559 2558 3586
f 3587 3586 2558
f 3562 3588 3589
f 3590 3589 3588
f 3591 3592 2982
f 3593 3594 2028
f 3500 128 3501
f 3595 3596 3597
f 3598 3596 3599
f 3600 3601 3602
f 3603 3604 3605
f 3606 3607 3384
f 3608 3604 3603
f 3609 3610 3611
f 3612 3610 3609
f 3613 3611 3610
f 3589 3590 3614
f 3615 1270 3616
f 1364 3617 1365
f 3618 37 3619
f 3620 3621 3622
f 3623 3624 3625
f 3626 3627 3628
f 3629 3630 3631
f 3632 3467 3466
f 3633 3634 3635
f 3636 3589 3637
f 3638 3639 3635
f 3639 3640 3635
f 3640 3633 3635
f 3641 3635 3634
f 3642 3643 3644
f 3645 3646 3647
f 266 3648 255
f 3177 255 3648
f 3649 3650 3651
f 3652 3653 3654
f 3655 3656 3657
f 3658 3659 3660
f 3657 3656 3661
f 3662 3661 3656
f 3663 3664 3665
f 3666 3667 336
f 3668 3669 3670
f 3671 3630 3629
f 3672 3670 3669
f 3673 3674 3675
f 3676 3677 3678
f 3679 3680 3681
f 3682 1365 3617
f 3643 3683 3684
f 3645 3647 3685
f 3686 3684 3683
f 3687 3675 3674
f 3688 3689 3690
f 3691 3692 248
f 3693 3687 3674
f 3694 1271 3695
f 3696 3697 3698
f 3699 3427 3700
f 3701 2986 2985
f 3702 1354 3703
f 463 250 249
f 3704 1895 1897
f 3705 3706 3707
f 3708 3709 3710
f 3711 3712 3713
f 3714 3596 3595
f 3715 3716 3717
f 3597 3596 3598
f 2603 2602 2579
f 3718 3719 3716
f 3719 3720 3716
f 3720 3717 3716
f 1980 3721 1981
f 3722 3716 3715
f 3723 1992 1991
f 3724 1991 1990
f 3725 3726 3727
f 3725 3727 3728
f 3729 2601 2603
f 3730 3731 1569
f 3498 1150 3409
f 2579 2602 2580
f 3732 3733 3734
f 3735 3736 3737
f 3738 3739 3740
f 3738 3740 3741
f 3742 3682 3617
f 2614 2580 2602
f 1568 3730 1569
f 3743 3744 3745
f 3744 3746 3745
f 3747 3745 3746
f 3748 3749 3750
f 3751 3752 3750
f 3753 3735 3737
f 3754 3755 3756
f 3757 3756 3755
f 3751 3750 3749
f 3758 3759 3760
f 3728 3761 3725
f 3762 3763 3764
f 3764 3763 3765
f 3747 3746 3766
f 3767 3766 3746
f 3768 3769 3770
f 3771 3108 3772
f 3773 3770 3769
f 3404 2027 3774
f 3775 3776 3777
f 3778 3779 3780
f 3781 3782 3783
f 3781 3783 3784
f 3785 1661 3786
f 3787 1661 3785
f 3788 1661 3787
f 3789 1661 3790
f 3791 1661 3789
f 1677 1661 3792
f 3792 1661 3791
f 3790 1661 3788
f 3793 3777 3776
f 3794 3795 3796
f 3780 3797 3798
f 3799 3108 3800
f 3801 3108 3799
f 3802 3108 3771
f 3803 3804 1765
f 2936 2025 2024
f 3805 3806 1765
f 3807 1765 3806
f 1791 3805 1765
f 3808 3798 3797
f 3803 1765 3807
f 3804 1796 1765
f 3809 3810 3811
f 3810 3812 3811
f 3813 3814 3811
f 3814 3815 3811
f 3779 3797 3780
f 3813 3811 3812
f 3816 3811 3815
f 3793 3817 3777
f 3818 3819 3769
f 3798 3808 3820
f 3821 3822 3823
f 3822 3781 3823
f 3784 3823 3781
f 3793 3824 3817
f 2815 2747 2746
f 3808 3825 3820
f 3826 3820 3825
f 3819 3773 3769
f 3827 3828 3829
f 3827 3829 3830
f 3831 3832 3833
f 3834 3833 3832
f 1271 1270 3615
f 3835 3836 3837
f 3838 3839 3840
f 3841 3842 3843
f 3844 3845 3846
f 3847 3848 3849
f 3850 3851 3852
f 3853 3854 3855
f 3856 3854 3853
f 3857 3858 3859
f 3860 3742 3617
f 3861 3862 3863
f 3864 3865 3866
f 1355 1354 3702
f 3867 3868 3869
f 3870 3827 3830
f 3871 3872 3873
f 3874 3875 3876
f 3574 3181 3180
f 3877 3878 3831
f 3879 3859 3858
f 3880 3852 3881
f 3882 3883 3884
f 3322 3324 3574
f 3885 3707 3706
f 3886 3887 3888
f 3889 3890 3891
f 3892 3893 3894
f 3895 3896 3897
f 3604 3608 3898
f 3899 3583 3582
f 3900 3583 3899
f 3604 3898 3901
f 2983 2982 3592
f 3902 3854 3856
f 3903 3904 3854
f 3905 3854 3902
f 3906 3510 3509
f 3907 3908 3909
f 3616 1270 3910
f 3911 3912 3913
f 3914 3432 3431
f 3036 3062 3064
f 3046 3913 3912
f 3915 3895 3916
f 3917 3918 3919
f 3920 3921 3922
f 3923 3924 3921
f 3925 3923 3921
f 3926 3927 3907
f 3924 3922 3921
f 3909 3926 3907
f 3928 3929 3930
f 3323 3322 3931
f 3932 3930 3929
f 3250 78 3933
f 3934 3928 3935
f 3936 3937 308
f 3938 3933 78
f 3935 3857 3934
f 3859 3934 3857
f 3939 2932 2934
f 3940 3941 3942
f 3943 3942 3941
f 3944 3945 3946
f 3930 3935 3928
f 3947 3940 3942
f 3948 78 3949
f 3948 3950 78
f 3951 3947 3942
f 3951 3942 3952
f 3953 3954 78
f 3955 308 3956
f 3957 308 3958
f 3959 3960 3342
f 3961 3962 3963
f 3964 3956 308
f 3965 3966 19
f 3967 3968 3969
f 3345 3412 3335
f 3109 3800 3108
f 97 3970 98
f 3971 3838 3840
f 3453 3972 2317
f 3973 3360 3359
f 2318 2317 3974
f 3974 2317 3972
f 3453 3975 3972
f 3976 3335 3411
f 3977 3335 3976
f 3978 2717 3979
f 3979 2717 2716
f 3709 3980 3981
f 3415 3103 3982
f 3983 3984 3985
f 3986 3985 3984
f 3987 3988 3989
f 3990 3988 3987
f 3991 3992 3993
f 3991 3993 3994
f 3991 3994 3995
f 3991 3995 3996
f 3997 3998 3999
f 4000 4001 4002
f 4002 4001 4003
f 4004 3998 4005
f 4006 4007 4008
f 3996 4009 3991
f 4010 4006 4008
f 4011 3986 3984
f 4011 4012 3986
f 4013 3986 4012
f 4014 4015 4016
f 4017 4018 4019
f 100 126 2758
f 3975 3453 3455
f 4020 4014 4016
f 4021 4022 4023
f 4024 4025 4026
f 4027 4026 4025
f 4028 4029 4030
f 4029 4031 4030
f 4031 4032 4030
f 4032 4033 4030
f 4034 4035 4036
f 4037 4036 4035
f 4038 4039 4040
f 320 3484 2753
f 2753 4041 320
f 4042 4043 4044
f 4045 4042 4044
f 4046 4042 4045
f 4047 3698 3697
f 4048 4049 3794
f 4049 4050 3794
f 4051 4027 4052
f 4025 4052 4027
f 4053 4054 4055
f 4056 4037 4057
f 4035 4057 4037
f 4058 4023 4022
f 4059 4060 4061
f 4062 4063 4022
f 4064 4065 4066
f 4067 4066 4065
f 4068 4069 4070
f 4058 4022 4063
f 4033 4071 4030
f 4072 4070 4069
f 4073 42 44
f 4074 3750 3752
f 4075 4076 4042
f 4077 4078 4054
f 4079 128 127
f 4080 4055 4054
f 4081 4082 4083
f 4077 4054 4053
f 4084 4054 4078
f 4060 4059 4085
f 4086 4087 4088
f 4089 4090 4091
f 4092 4093 4060
f 4094 4095 4096
f 4097 4096 4095
f 4098 4096 4097
f 4099 3840 3839
f 4100 3967 3969
f 4101 1868 4102
f 4103 4104 4105
f 4106 4105 4104
f 4107 3971 3840
f 4108 844 4109
f 4110 660 659
f 4093 4061 4060
f 4111 1355 4112
f 4113 4114 4115
f 4116 4117 4118
f 4119 4120 4121
f 4122 4123 4121
f 4124 4125 4126
f 4127 3713 3712
f 4128 4129 4130
f 4131 4132 4129
f 4133 4134 4135
f 4136 4137 4138
f 4139 4140 4141
f 4142 4143 4144
f 4132 4130 4129
f 4016 4145 4020
f 4146 4147 4148
f 1986 4149 1987
f 4150 1987 4149
f 4151 4152 4153
f 4144 4137 4154
f 4155 4156 4128
f 4016 3696 4145
f 3698 4145 3696
f 3977 4157 3335
f 4158 4159 4160
f 4161 4162 3103
f 4160 4163 4158
f 4164 4165 4166
f 4163 4167 4158
f 4128 4156 4129
f 4168 4169 3108
f 3343 3342 3960
f 3960 4170 3343
f 4170 4171 3343
f 4172 4173 4166
f 4164 4166 4173
f 4174 4175 4176
f 4177 3343 4171
f 4178 4179 4180
f 4179 4181 4180
f 4182 4180 4181
f 644 4183 4184
f 644 4184 4185
f 4186 4187 4188
f 4189 4190 4191
f 4192 4191 4190
f 4192 4190 4193
f 4192 4193 4194
f 4195 4196 4197
f 4187 4198 4188
f 3358 3105 3107
f 4199 1083 4200
f 4201 4200 1083
f 4196 4202 4203
f 4204 4195 4205
f 4206 4207 4208
f 4209 4208 4207
f 4202 4210 4211
f 4212 3107 3357
f 4213 4214 4215
f 4216 4217 4214
f 4218 644 4219
f 4220 4188 4198
f 2801 1100 4221
f 4222 4221 1100
f 4223 4211 4210
f 4203 4197 4196
f 4224 4225 1199
f 4226 3973 3359
f 3107 4227 3358
f 4228 4126 4125
f 4229 4107 3840
f 4230 4231 1193
f 4232 4233 4234
f 4235 4236 4127
f 3713 4127 4236
f 4237 4238 644
f 644 4239 4240
f 4241 4223 4210
f 4071 4242 4030
f 4243 4030 4244
f 4245 4030 4242
f 4244 4030 4245
f 4246 4135 4247
f 4248 1199 1198
f 2931 4248 1198
f 4249 4232 4250
f 4234 4250 4232
f 4111 4112 4251
f 4252 4042 4076
f 4253 4042 4252
f 4043 4042 4253
f 4254 4255 4256
f 4257 4258 644
f 4259 4260 4261
f 4262 644 4263
f 4264 1126 4265
f 4266 4267 4268
f 4237 644 4269
f 2666 2665 4270
f 4271 4272 4273
f 4274 4273 4272
f 3384 4275 3606
f 4276 4277 644
f 4278 644 4277
f 4279 4276 644
f 4278 4257 644
f 4280 644 4262
f 4269 644 4280
f 4281 4282 4260
f 4283 4284 4285
f 4284 4286 4285
f 4287 4285 4286
f 4288 4289 4290
f 4291 4289 4288
f 4292 4272 4293
f 4271 4293 4272
f 4153 4294 4151
f 4295 4296 4297
f 4298 4299 4296
f 4300 4301 4268
f 4302 4303 4304
f 4305 4306 4268
f 4306 4266 4268
f 4307 4308 4309
f 4300 4268 4310
f 4311 4312 4313
f 4314 644 4315
f 4316 644 285
f 4317 4260 4318
f 4313 4312 4319
f 4320 4304 4303
f 4321 4302 4304
f 4322 4144 4143
f 4323 4260 4324
f 4325 4326 4327
f 4328 644 4329
f 4330 2681 2685
f 4270 4331 4332
f 4322 4333 4144
f 4148 4147 4142
f 4334 4330 2685
f 4335 2681 4330
f 4336 3335 4157
f 4137 4144 4333
f 4337 644 4314
f 4183 644 4338
f 4162 4339 3103
f 3982 3103 4339
f 4340 4137 4341
f 4333 4341 4137
f 4255 4342 4256
f 4343 4140 4139
f 4344 4223 4345
f 4346 4347 4295
f 4348 4349 4350
f 36 3619 37
f 4211 4223 4344
f 4351 4352 4353
f 4354 4352 4351
f 4355 4352 4356
f 4357 4352 4355
f 4353 4352 4357
f 4358 4356 4352
f 4359 4360 4361
f 4360 4362 4361
f 4363 4361 4362
f 4197 4205 4195
f 4203 4202 4211
f 164 3618 4364
f 4365 4366 4367
f 4367 4366 4368
f 4369 4176 4175
f 3632 3466 4370
f 2739 451 453
f 4176 4371 4174
f 4372 4373 4374
f 4375 4376 4377
f 4378 4375 4377
f 4379 4008 4007
f 123 125 3489
f 4167 4174 4371
f 4380 4377 4376
f 4381 4382 4018
f 4019 4018 4382
f 4356 4358 4383
f 4384 4385 4386
f 4387 4383 4358
f 3500 129 128
f 4134 4247 4135
f 4388 4389 4366
f 4389 4368 4366
f 311 310 4390
f 1915 1914 4391
f 1914 4392 4391
f 4119 4386 4393
f 4385 4393 4386
f 4394 3599 3596
f 4007 4395 4379
f 4396 4119 4393
f 4397 4398 4398
f 4122 4121 4120
f 4399 4400 4401
f 4400 4382 4401
f 4381 4401 4382
f 4123 4402 4403
f 4313 4404 4405
f 4406 4313 4405
f 4407 4379 4395
f 4402 4408 4403
f 4409 4403 4408
f 4410 4411 4409
f 4120 4119 4396
f 4412 4409 4411
f 4313 4406 4413
f 4414 4313 4413
f 4415 4416 4412
f 4313 4414 4311
f 4417 4418 4419
f 4418 4420 4419
f 4421 4419 4420
f 4422 3516 2802
f 4423 3910 1270
f 4424 4425 4426
f 4427 2667 4428
f 21 4428 2667
f 4429 3282 3274
f 98 4091 4090
f 3290 4430 3288
f 4426 4425 4431
f 4432 4430 3290
f 4433 4434 4435
f 4436 4437 4438
f 4439 4438 4437
f 4440 4439 4437
f 3326 4441 3298
f 319 4442 320
f 4443 4444 4445
f 3887 4446 4447
f 4448 4435 4434
f 4449 4435 4448
f 4449 4450 4435
f 4450 4451 4435
f 4452 4453 4454
f 4455 4435 4456
f 4457 4458 4457
f 4441 4459 3298
f 4460 3298 4459
f 3335 4461 4462
f 4444 4463 4464
f 4455 4456 4465
f 4455 4465 4466
f 4467 4468 3103
f 4336 4469 3335
f 4470 4471 4472
f 4473 4474 4471
f 4466 4475 4455
f 4476 4477 4478
f 4468 4479 3103
f 4480 4481 4212
f 4482 4483 4416
f 4483 4412 4416
f 4484 4485 4486
f 3107 4212 4481
f 4485 4487 4486
f 4488 4486 4487
f 3359 3358 4227
f 4483 4482 4431
f 4464 4489 4444
f 4490 363 4491
f 4408 4410 4409
f 4411 4415 4412
f 4233 4492 4234
f 4493 271 273
f 4494 4495 4496
f 4497 4498 4499
f 4500 4496 4495
f 4501 363 362
f 4491 363 4501
f 4502 363 4490
f 4503 363 4502
f 4504 363 4503
f 4505 4494 4496
f 4175 4204 4369
f 4205 4369 4204
f 4371 4158 4167
f 4294 4160 4159
f 4159 4151 4294
f 4506 4153 4152
f 4152 4146 4506
f 4148 4506 4146
f 4143 4142 4147
f 4507 1920 1919
f 2315 2306 363
f 4461 3335 4469
f 4508 3448 94
f 3353 1109 1108
f 4509 363 4510
f 4161 3103 4479
f 4474 4472 4471
f 4511 4477 4476
f 4510 363 4504
f 4512 363 4509
f 4513 4514 4515
f 4516 4517 4518
f 4519 4520 4521
f 4522 4523 4524
f 2764 4525 695
f 4223 4521 4520
f 4526 4524 4523
f 4527 4528 4529
f 4530 4531 4529
f 4532 4533 4530
f 4534 4535 4532
f 4536 4537 4538
f 4539 4540 4541
f 4538 4542 4534
f 4543 4088 4087
f 636 4544 4545
f 4546 4545 4544
f 4547 4548 4524
f 4526 4547 4524
f 4549 4550 4551
f 4552 4551 4550
f 4553 4549 4551
f 4554 4553 4551
f 4555 4556 4557
f 4558 4555 4557
f 4559 4560 4561
f 4562 4558 4557
f 4563 3886 3888
f 4564 3888 3887
f 4557 4565 4562
f 4562 4565 4566
f 4567 4568 4569
f 1480 2324 4570
f 4571 4572 4573
f 4574 4567 4569
f 4566 4575 4576
f 4445 4577 4443
f 4578 4579 4580
f 4581 4580 4579
f 4582 4583 4584
f 4585 4586 4587
f 4515 4588 4513
f 4589 4590 4591
f 4592 4581 4579
f 4593 4594 4595
f 4596 4597 4598
f 4117 4116 4599
f 4590 4600 4601
f 4602 4601 4600
f 4603 4604 4605
f 4606 4607 4608
f 4609 4593 4595
f 4577 4610 4443
f 4611 4040 4039
f 4612 4613 4040
f 4614 4615 348
f 4616 4617 4618
f 4619 4593 4609
f 4620 4602 4621
f 4040 4622 4612
f 4623 4463 4424
f 348 4624 4625
f 4593 4619 4626
f 4627 1425 1548
f 310 484 4628
f 4629 4630 4631
f 4632 2543 2542
f 4633 4629 4634
f 4635 4636 4637
f 4638 4639 4640
f 4641 4642 4643
f 4644 324 323
f 4645 4646 4647
f 4648 4645 4647
f 4649 4650 4651
f 2987 4652 4653
f 4654 4655 4656
f 4654 4656 4657
f 1144 4658 1129
f 4659 4653 4652
f 2986 4652 2987
f 4660 4661 4662
f 4663 4519 4664
f 4665 178 4666
f 4667 178 2077
f 4668 4669 4670
f 4575 4566 4565
f 4671 4672 178
f 4666 178 4672
f 4673 4030 4674
f 4667 4671 178
f 4658 4675 1129
f 4631 4634 4629
f 4425 4424 4463
f 4623 4464 4463
f 4483 4431 4425
f 4489 4445 4444
f 4594 4443 4610
f 4610 4595 4594
f 4676 4626 4619
f 4650 4649 4676
f 4663 4651 4650
f 4677 4223 4520
f 4677 4345 4223
f 4678 4679 4223
f 4521 4664 4519
f 4626 4676 4649
f 4680 4681 4682
f 4683 4682 4681
f 4684 1137 4685
f 4686 3108 4687
f 4688 4689 4662
f 4690 178 4665
f 4691 4692 178
f 4692 4693 178
f 4694 178 4693
f 4695 178 4694
f 4696 178 4695
f 4697 178 4696
f 4690 4691 178
f 4698 4653 4659
f 4698 4659 4699
f 4700 3108 4686
f 4621 4701 4620
f 4702 4703 4704
f 4689 4660 4662
f 4705 4706 4707
f 4708 4707 4706
f 4651 4663 4664
f 4709 4710 4711
f 4710 4712 4711
f 4601 4591 4590
f 4241 4678 4223
f 4713 4714 1284
f 4715 4716 4717
f 4718 4717 4716
f 4718 4716 4719
f 4718 4719 4720
f 4721 4722 4137
f 4723 4724 4725
f 4726 4711 4712
f 4727 4137 4722
f 4728 4729 4730
f 1293 1284 4714
f 4722 4731 4727
f 4732 4733 4734
f 4735 4736 4737
f 4735 4737 4738
f 4729 4728 4739
f 4642 4640 4639
f 3832 3831 3878
f 4740 3108 4700
f 4741 4727 4731
f 4742 4743 4744
f 4640 4633 4638
f 3830 4745 3870
f 4746 4747 4748
f 3772 3108 3801
f 3802 4749 3108
f 4750 4748 4747
f 4751 4752 4753
f 4754 4755 4756
f 4757 4756 4755
f 4758 2826 4759
f 4760 4761 4762
f 4763 4762 4761
f 4764 4765 4766
f 4767 4766 4765
f 4768 4764 4769
f 4770 4754 4647
f 4771 4384 4768
f 4772 2826 4773
f 4774 4775 4776
f 4746 4748 4777
f 4778 4779 4647
f 4780 4781 4782
f 4386 4768 4384
f 4783 4784 4785
f 4779 4770 4647
f 4769 4771 4768
f 4646 4641 4778
f 4786 4787 4788
f 4783 4789 4784
f 4290 4289 4790
f 4403 4121 4123
f 4791 2826 4772
f 4773 2826 4758
f 4639 4643 4642
f 4643 4778 4641
f 4297 4296 4299
f 4546 4792 4545
f 4793 4545 4792
f 4794 4781 4780
f 4795 4782 4781
f 4154 4137 4136
f 4137 4796 4138
f 4797 4798 4137
f 4731 4799 4741
f 4800 4295 4801
f 2827 2826 4791
f 4802 4803 4804
f 4208 4805 4806
f 4806 4206 4208
f 4807 4795 4781
f 4570 2324 4808
f 3981 4809 3709
f 4809 3710 3709
f 4810 4804 4803
f 4811 1185 4812
f 4799 4767 4741
f 4765 4741 4767
f 4803 4813 4810
f 4814 4815 4816
f 4809 3981 4817
f 1184 4812 1185
f 4818 4810 4813
f 4009 4819 3991
f 4819 4820 3991
f 4821 3991 4820
f 4822 3991 4821
f 4823 4818 4813
f 4824 4825 4826
f 4824 4826 4815
f 4826 4816 4815
f 4827 4828 4829
f 4813 4830 4823
f 4831 4832 4833
f 4834 4823 4830
f 1297 4826 4825
f 4830 4529 4528
f 3795 3794 4050
f 4050 4835 3795
f 4836 3795 4835
f 1548 1425 4837
f 4528 4834 4830
f 4527 4529 4531
f 4531 4530 4838
f 4838 4530 4533
f 4839 4759 2826
f 4840 4841 4842
f 4243 4843 4030
f 4844 4845 4846
f 4847 4532 4535
f 4848 4849 4042
f 4850 4848 4042
f 4851 4852 4853
f 4854 4855 4841
f 4856 4857 4858
f 4859 4858 4857
f 4860 4861 4855
f 4083 4862 4863
f 4864 4081 4863
f 4083 4863 4081
f 4865 4538 4537
f 4866 2826 2857
f 4845 4867 4846
f 4868 4846 4867
f 4869 4536 4870
f 4098 4871 4872
f 4098 4872 4873
f 4098 4873 4096
f 4106 4094 4096
f 4874 1517 1543
f 4875 4876 4877
f 4878 4879 4880
f 4879 4855 4861
f 4881 4103 4105
f 4105 4106 4096
f 4882 4883 4884
f 4885 4879 4878
f 4861 4880 4879
f 4886 4887 4888
f 4117 3292 3294
f 4889 4890 4891
f 4892 4879 4885
f 4893 4879 4892
f 4894 4879 4893
f 3294 4118 4117
f 4895 4879 4894
f 4613 4038 4040
f 4896 4897 4898
f 4899 4900 4901
f 4622 4902 4612
f 4903 4534 4542
f 4904 4905 4906
f 3053 3054 1548
f 4907 4908 4909
f 4340 4797 4137
f 4910 4911 4908
f 4912 2101 1558
f 4913 2101 4912
f 4536 4914 4870
f 4869 4537 4536
f 4542 4538 4865
f 4915 4721 4137
f 4798 4915 4137
f 4916 4559 4561
f 4917 4561 4560
f 4918 4919 4920
f 4535 4534 4903
f 4533 4532 4847
f 4921 4564 3887
f 3855 3854 3904
f 4922 4923 4924
f 4925 4926 4927
f 4924 4928 4922
f 4446 4929 4447
f 4928 4930 4931
f 4589 4576 4575
f 4704 4932 4702
f 4630 4702 4932
f 4634 4638 4633
f 4703 4933 4704
f 4932 4631 4630
f 4701 4704 4933
f 4933 4620 4701
f 4600 4621 4602
f 4591 4576 4589
f 4934 4935 4936
f 1557 1559 2826
f 4937 4938 4939
f 4940 4920 4919
f 4647 4646 4778
f 4477 4941 4942
f 4943 4944 4930
f 4944 4931 4930
f 1557 4866 4945
f 2826 4866 1557
f 2904 4945 4866
f 4866 2902 2904
f 4946 4477 4511
f 2779 2778 4947
f 4948 4949 4950
f 4951 4952 4953
f 4674 4030 4843
f 4954 3029 3028
f 4955 4956 4042
f 4849 4955 4042
f 4075 4042 4956
f 4957 4958 4959
f 1904 1338 4960
f 4960 1338 3056
f 4961 4962 4963
f 4755 4963 4757
f 4964 325 324
f 4965 4959 4958
f 4966 4223 4967
f 4968 4969 4724
f 4969 4970 4724
f 4970 4725 4724
f 4971 892 891
f 4972 4223 4966
f 4973 4974 4975
f 4976 4977 4978
f 4979 4977 4976
f 4980 4981 4982
f 4983 4977 4984
f 4983 4985 4977
f 4986 4981 4987
f 4988 4223 4989
f 4990 4223 4988
f 4679 4989 4223
f 4991 4992 4993
f 4994 4223 4995
f 4995 4223 4990
f 4996 4975 4974
f 4997 4998 4977
f 4999 4997 4977
f 4998 5000 4977
f 5001 4978 4977
f 5002 4977 5003
f 5004 5005 4981
f 4223 5006 5007
f 5007 5008 5009
f 5010 5011 4977
f 5012 4981 5013
f 5014 4977 5002
f 5015 5016 5017
f 5018 5019 5020
f 4223 4994 5021
f 4223 5021 5022
f 4223 5022 5023
f 4223 5023 5024
f 5025 4924 4923
f 5024 4967 4223
f 5016 5026 5017
f 5027 5028 5029
f 5030 2771 697
f 5031 5032 4981
f 5033 5010 4977
f 5034 5035 4914
f 5036 4993 4992
f 5037 5038 2170
f 5039 5034 4539
f 4914 4539 5034
f 5040 4493 273
f 4541 5039 4539
f 4833 4936 4831
f 5041 3909 3908
f 4540 4948 5042
f 5043 5041 3908
f 5044 4541 4540
f 5035 4870 4914
f 5045 5046 5043
f 5041 5043 5046
f 5047 5048 5049
f 5050 5051 5052
f 5052 5053 5050
f 4961 5050 5053
f 5053 4962 4961
f 4757 4963 4962
f 5054 5052 5051
f 5051 5055 5054
f 4949 5054 5055
f 5055 5056 4949
f 5056 4950 4949
f 4950 5042 4948
f 5042 5044 4540
f 5057 721 5058
f 5059 5060 5061
f 5062 5063 5064
f 4647 4754 4756
f 5049 5065 5047
f 5066 5067 5068
f 5067 5069 5068
f 5070 4557 5071
f 5072 5073 5074
f 5074 5047 5072
f 5071 4557 5075
f 5076 5077 5078
f 5069 5078 5077
f 5077 5068 5069
f 5079 5075 5080
f 4557 5080 5075
f 5081 5082 5083
f 5084 5085 5086
f 5080 5087 5079
f 1398 1397 5088
f 5089 5090 5091
f 5082 5074 5083
f 5073 5083 5074
f 5092 2656 5093
f 5094 5079 5087
f 5087 5095 5094
f 5096 5097 5086
f 5098 5099 5100
f 5101 5102 5103
f 5104 5101 5103
f 5105 5106 4802
f 5107 721 5108
f 5109 5110 5111
f 4565 4557 5070
f 5095 5112 5113
f 5114 5115 721
f 5116 721 5115
f 5117 721 5116
f 5117 5108 721
f 5118 721 5107
f 5119 4806 4805
f 5120 3981 3980
f 5121 5122 5123
f 5124 5125 5126
f 5113 5094 5095
f 5123 5127 5128
f 5128 5106 5105
f 5129 5130 5131
f 5132 5133 5134
f 5135 5136 5137
f 5138 5139 5140
f 5133 5141 5142
f 5143 5144 5145
f 5146 5137 5147
f 5148 27 5149
f 5150 27 5148
f 26 5149 27
f 5141 5151 5142
f 5140 5152 5153
f 5154 4612 4902
f 5155 4887 5156
f 5157 5139 5158
f 5159 5142 5151
f 5160 1548 5161
f 5162 5163 5164
f 5165 5159 5151
f 5151 5166 5165
f 5167 5168 5169
f 5170 5171 5172
f 5173 5172 5171
f 5166 5174 5175
f 5176 5177 5178
f 5179 1548 5160
f 5180 5181 5182
f 5183 5184 5185
f 5186 4917 4560
f 5187 5188 5189
f 5190 5189 5188
f 5191 4088 4543
f 5192 4887 5155
f 4832 4831 5193
f 5185 5194 5195
f 4888 4887 5192
f 5008 5007 5006
f 5196 5197 5198
f 5199 5198 5197
f 5200 5201 5202
f 5203 5204 5205
f 5206 4887 4886
f 5207 5195 5194
f 5096 5086 5085
f 5208 5207 5194
f 5209 5210 5200
f 5211 5212 5213
f 5214 5208 5194
f 5194 5215 5214
f 4942 4478 4477
f 5216 5217 5218
f 5219 5214 5215
f 5215 5220 5219
f 5221 5222 5223
f 5224 5225 4743
f 5225 5226 4743
f 5226 4744 4743
f 5227 5228 5209
f 5229 5097 5096
f 5230 4953 4952
f 5231 5219 5220
f 5220 5232 5231
f 5233 5234 5235
f 5234 5236 5235
f 5237 5238 5239
f 5240 5241 5242
f 5243 5244 5245
f 4954 5246 5247
f 5248 5249 5250
f 4842 4841 4855
f 5251 4628 484
f 5252 5253 5254
f 4855 4879 5099
f 5255 5256 5257
f 5258 5243 5259
f 5260 5261 4557
f 5262 4557 4556
f 5263 1548 5264
f 5265 1546 1548
f 5263 5265 1548
f 5266 5267 5268
f 5269 5270 5271
f 5272 5268 5267
f 5273 5266 5268
f 5274 5275 5276
f 5277 5276 5275
f 5278 5277 5275
f 5279 5280 5281
f 5282 5283 5267
f 5284 5285 5286
f 5161 1548 4837
f 5287 1548 5179
f 5288 1548 5287
f 5289 1548 5288
f 5264 1548 5289
f 5281 5280 5290
f 5290 5291 5292
f 660 4110 5293
f 5294 5292 5295
f 5295 5129 5294
f 5296 661 660
f 5131 5294 5129
f 4972 5297 4923
f 5298 5299 1827
f 5300 5301 5279
f 4223 4972 4923
f 5302 5293 4110
f 4853 4852 5303
f 5006 4223 4923
f 5304 5228 5227
f 5305 1827 5306
f 5307 1827 5308
f 5309 5310 5311
f 5312 5279 5313
f 5314 5313 5279
f 5315 5316 5317
f 5283 5272 5267
f 5268 5318 5273
f 4944 4943 5282
f 4931 4922 4928
f 5297 5025 4923
f 5283 5282 4943
f 5318 4827 5273
f 5253 4829 4828
f 4828 5254 5253
f 5254 4840 5252
f 4842 5252 4840
f 4860 4855 4854
f 5319 5320 5321
f 5322 5314 5279
f 5323 5324 5325
f 5326 5325 5324
f 5327 5322 5279
f 5279 5281 5327
f 5304 5235 5236
f 5236 5228 5304
f 5328 5209 5228
f 5210 5209 5328
f 5201 5200 5210
f 5009 5202 5201
f 5329 4648 4647
f 5330 4597 4596
f 5331 5332 5333
f 5334 5329 4647
f 5202 5009 5008
f 5335 5336 5233
f 5337 5338 5335
f 5339 5338 5337
f 5340 5341 5339
f 5111 5110 5340
f 5342 5343 5109
f 5344 5343 5342
f 5153 5152 5344
f 5234 5233 5336
f 5341 5338 5339
f 5345 5346 5157
f 5163 5157 5346
f 5336 5335 5338
f 5334 4647 5347
f 5348 5349 5350
f 5351 4647 5352
f 5347 4647 5351
f 5353 5354 5355
f 5164 5163 5346
f 5356 5357 5162
f 5064 5063 5358
f 5065 5072 5047
f 5358 5357 5356
f 5359 5360 5361
f 5361 5362 5363
f 5364 5365 5366
f 5279 5312 5367
f 5279 5367 5300
f 5301 5368 5279
f 5352 4647 5301
f 5368 5301 4647
f 5058 721 2736
f 5360 5369 5361
f 5370 5082 5081
f 5371 5372 5373
f 5374 721 5057
f 5114 721 5374
f 5375 5376 5377
f 5378 5355 5379
f 5362 5361 5369
f 5380 5377 5376
f 5379 5355 5354
f 5381 5363 5362
f 5382 5017 5026
f 5383 5360 5384
f 3029 4954 5247
f 5385 5386 5387
f 5388 5387 5386
f 5389 5390 5391
f 5392 5384 5360
f 5393 5394 5395
f 5396 4637 4636
f 5359 5392 5360
f 5397 5398 5399
f 5399 5400 5397
f 5401 5402 5403
f 5404 2694 1935
f 5405 5406 5407
f 5407 5408 5409
f 5410 5411 5412
f 5413 5412 5411
f 5414 5415 5416
f 5417 5418 5419
f 5420 5421 5422
f 5409 5408 5423
f 5424 3108 5425
f 4169 5425 3108
f 5426 3108 5424
f 5427 3108 5426
f 5428 5429 5430
f 5431 5430 5429
f 5432 5433 5434
f 5421 5420 5435
f 5436 4884 4883
f 3070 5437 2189
f 5400 5098 5438
f 5439 5440 5441
f 5442 5443 5444
f 5445 5446 5442
f 5447 5448 5449
f 5450 5451 5452
f 5453 5419 5418
f 4829 5273 4827
f 4879 5100 5099
f 5454 5455 5456
f 5457 5458 5459
f 5460 5461 5462
f 2731 5463 2945
f 4905 4904 5464
f 5465 4879 4895
f 5465 5466 4879
f 4687 3108 5427
f 5467 5468 5469
f 5470 5471 5472
f 5473 5474 5370
f 5475 4573 4572
f 5476 5475 4572
f 5468 5091 5469
f 5477 5194 5478
f 5479 5480 5481
f 5482 5483 5484
f 5485 5486 5487
f 5090 5469 5091
f 5488 5489 5490
f 5376 5491 5380
f 5491 5393 5492
f 5395 5492 5393
f 5438 5397 5400
f 5100 5438 5098
f 5492 5380 5491
f 5377 5493 5494
f 5495 5496 5497
f 4766 5498 4764
f 5499 5416 5415
f 5500 5501 5502
f 5503 5504 5505
f 5506 5497 5507
f 5496 5507 5497
f 5418 5488 5453
f 4879 5508 5509
f 5501 5510 5511
f 5512 5513 5506
f 4596 4598 5414
f 5415 5414 4598
f 5514 2971 5512
f 5515 5516 5517
f 5518 5432 5434
f 5519 5520 5521
f 5497 5506 5522
f 5511 5502 5501
f 5522 5506 5523
f 890 5093 2656
f 5524 5525 5526
f 4831 4936 4935
f 5508 5519 5509
f 5527 5528 5525
f 5528 5526 5525
f 5500 5529 5501
f 5530 5531 5532
f 5532 5531 4331
f 5526 5533 5524
f 5514 2966 2971
f 5534 5512 2971
f 5513 5512 5534
f 5523 5506 5513
f 5535 5527 5536
f 5521 5509 5519
f 2665 5537 4270
f 4331 4270 5537
f 5538 5539 5540
f 5541 5540 5539
f 5542 5543 5544
f 5543 5545 5544
f 5546 5547 5548
f 5498 4769 4764
f 5520 4138 4796
f 5549 5257 5256
f 5550 5548 5547
f 5551 5552 1185
f 5551 1185 5553
f 5554 1185 5552
f 5555 1185 5554
f 5553 1185 5556
f 5557 1185 5555
f 5558 5559 5560
f 5561 4447 5562
f 5466 5508 4879
f 5563 5564 5565
f 4941 5566 4942
f 5567 5279 5568
f 5569 1185 5557
f 5568 5279 5570
f 5570 5571 5572
f 5566 5573 4942
f 5574 4942 5573
f 5575 5576 5572
f 4796 5521 5520
f 1185 4811 5556
f 5577 5572 5576
f 5398 5578 5579
f 5579 5399 5398
f 5580 5581 5582
f 5583 5584 5585
f 5577 5576 5586
f 5576 5587 5586
f 5548 5588 5546
f 5589 5586 5587
f 4525 5590 695
f 5591 5592 5593
f 5594 5593 5592
f 5595 5546 5588
f 5596 5020 5019
f 5578 5597 5579
f 5598 5579 5597
f 5394 5598 5597
f 5395 5394 5597
f 5473 5599 5474
f 5493 5474 5599
f 5599 5494 5493
f 5194 5185 5478
f 5029 5600 5027
f 5601 5478 5185
f 5602 5603 5604
f 5602 5604 5605
f 5184 5601 5185
f 5606 5607 5565
f 5564 5606 5565
f 5608 5609 5565
f 5610 5311 5310
f 5181 5184 5183
f 5611 5612 5613
f 5614 5615 5203
f 5183 5182 5181
f 5616 5617 3563
f 5182 5618 5180
f 5341 5340 5110
f 5110 5109 5343
f 5494 5375 5377
f 5082 5370 5474
f 5619 5049 5048
f 5062 5619 5048
f 5063 5062 5048
f 5357 5358 5063
f 5163 5162 5357
f 5158 5345 5157
f 5138 5158 5139
f 5139 5152 5140
f 5343 5344 5152
f 5453 5488 5490
f 5620 5621 5622
f 5623 2904 2906
f 5624 2904 5623
f 5625 5490 5489
f 754 753 5626
f 5130 5132 5627
f 5628 5629 5630
f 5631 5630 5632
f 5295 5292 5291
f 5291 5290 5280
f 5633 5634 5635
f 753 5636 858
f 5632 5630 5629
f 5637 5629 5628
f 5567 5280 5279
f 5627 5131 5130
f 5134 5627 5132
f 5175 5165 5166
f 5174 5180 5618
f 5618 5175 5174
f 5142 5638 5133
f 5638 5134 5133
f 5639 5585 5584
f 5640 5641 5642
f 5643 2279 5644
f 5645 5646 5647
f 5647 5646 5501
f 5648 5649 5650
f 5536 5544 5545
f 5545 5535 5536
f 5525 5536 5527
f 5533 5651 5524
f 5652 5524 5651
f 5651 5653 5652
f 5654 5652 5653
f 5654 5653 5655
f 5654 5655 5656
f 5587 5657 5589
f 5571 5570 5279
f 5575 5572 5571
f 5658 5589 5657
f 5657 5659 5658
f 5656 5658 5659
f 5654 5656 5659
f 5628 5642 5641
f 5637 5628 5641
f 5390 5660 5391
f 921 355 334
f 5448 5423 5449
f 5408 5449 5423
f 5661 5662 5663
f 5663 5664 5665
f 5666 5667 5668
f 5669 5670 4958
f 5671 5672 5673
f 5674 334 2330
f 5675 5673 5672
f 5676 5677 5675
f 5444 5443 5678
f 5679 3849 3848
f 5680 5406 5405
f 5678 5681 5682
f 5676 5675 5672
f 921 334 915
f 5683 915 334
f 5684 5685 4958
f 5686 5669 4958
f 5670 5687 4958
f 5687 4965 4958
f 5688 5689 4958
f 5690 5691 5692
f 4332 4331 5531
f 5693 5694 5695
f 5696 5697 5698
f 5699 5700 5701
f 5702 5703 5704
f 5705 5703 5702
f 5692 5706 5690
f 5707 5708 5709
f 5710 5458 5457
f 4790 4289 5458
f 5459 5458 4289
f 5711 4299 4298
f 5452 5712 5450
f 5713 5714 5715
f 5456 5716 5454
f 4801 4295 4347
f 4296 4295 4800
f 5717 5205 5204
f 5462 5718 5460
f 5204 5203 5615
f 5719 5720 5721
f 5471 5722 5472
f 5723 5615 5614
f 5481 5724 5479
f 5725 5186 5726
f 5727 5728 5729
f 5730 5729 5728
f 5731 5732 5194
f 5733 5178 5177
f 4447 4921 3887
f 5477 5734 5194
f 5505 5735 5503
f 5736 1886 2385
f 5737 5736 2385
f 4929 5562 4447
f 5232 5245 5244
f 5734 5738 5194
f 5244 5231 5232
f 5732 5739 5194
f 5682 5681 5691
f 5517 5740 5515
f 5741 2397 1886
f 4937 5742 4938
f 581 325 4964
f 5739 5713 5743
f 5715 5743 5713
f 5706 5715 5714
f 5714 5744 5706
f 5744 5690 5706
f 5213 5745 5211
f 5216 5746 5217
f 5747 5748 5749
f 5112 5126 5125
f 5126 5750 5124
f 5751 5124 5750
f 5750 5122 5751
f 5121 5751 5122
f 5125 5113 5112
f 5127 5123 5122
f 5106 5128 5127
f 4803 4802 5106
f 5752 5753 5754
f 5755 5754 5753
f 5242 5756 5240
f 5250 5249 5757
f 5758 1284 5759
f 5760 5759 1284
f 1314 5760 1284
f 5761 5762 5763
f 5764 5763 5762
f 5245 5259 5243
f 5261 5258 5259
f 5259 4557 5261
f 5765 5260 4557
f 5262 5765 4557
f 5738 5731 5194
f 5766 5767 5768
f 5769 5768 5767
f 5770 5560 5559
f 5771 5772 5773
f 5774 5771 5773
f 5775 5776 5777
f 5778 5779 5780
f 5781 5778 5780
f 5782 4816 5783
f 5784 4816 5785
f 5783 4816 5784
f 2385 2483 5737
f 5544 5786 5542
f 5787 5542 5786
f 5788 5787 5786
f 5662 5788 5786
f 5664 5663 5662
f 5406 5680 5664
f 5788 5662 5661
f 5449 5446 5447
f 5445 5447 5446
f 5446 5443 5442
f 5681 5678 5443
f 5692 5691 5681
f 5743 5194 5739
f 5408 5407 5406
f 5665 5664 5680
f 5789 5790 5791
f 5792 5791 5790
f 5666 5793 5667
f 5285 5794 5286
f 5795 5796 5797
f 5798 3989 5799
f 5800 5801 5802
f 5803 2563 2529
f 5804 5803 2529
f 5805 4816 4826
f 5806 4816 5805
f 5785 4816 5806
f 5807 4816 5782
f 5808 5809 5810
f 5811 5812 5813
f 5814 5815 5816
f 5271 5270 5817
f 5818 5819 5820
f 5821 5822 5823
f 5824 5825 5826
f 5801 5800 5811
f 5317 5827 5315
f 5828 5829 5830
f 5614 5831 5723
f 5832 1905 2529
f 5620 5622 5833
f 5812 5811 5800
f 5819 5802 5801
f 5222 5221 5834
f 1905 2576 2575
f 5835 4887 5206
f 5836 5332 5331
f 5837 5239 5238
f 5838 5839 5840
f 5801 5820 5819
f 5840 5813 5812
f 5350 5841 5348
f 5842 5817 5270
f 5843 5060 5059
f 5844 5721 5720
f 5364 5366 5845
f 5846 5839 5847
f 5813 5840 5839
f 5847 5839 5838
f 5848 5849 5850
f 5372 5371 5851
f 5852 5846 5847
f 5853 5854 5855
f 5856 5857 5858
f 5859 5860 5861
f 5862 5863 5864
f 5865 5866 5867
f 5865 5867 5868
f 5869 1956 5870
f 5871 5872 5873
f 5871 5873 5874
f 1479 5875 1480
f 5876 4887 5835
f 5877 4887 5876
f 5878 5403 5402
f 2081 3475 2080
f 5879 5880 5881
f 5685 5686 4958
f 5882 5883 5880
f 5884 5885 5886
f 5886 5887 5888
f 5887 5886 5885
f 5889 5888 5887
f 5875 5890 1480
f 5890 5891 1480
f 5891 5892 1480
f 5892 5893 1480
f 5893 5894 1480
f 5895 1480 5894
f 5896 5897 5898
f 5899 5900 5901
f 5902 5901 5900
f 5903 5904 5905
f 5904 5899 5905
f 5901 5905 5899
f 5906 5907 5908
f 5909 2574 2573
f 5910 5911 5912
f 5913 5224 4743
f 5914 5915 5916
f 5917 5916 5915
f 1185 5918 5919
f 5920 1185 5919
f 5921 1185 5920
f 5922 5923 5924
f 4168 3108 5925
f 5926 1185 5927
f 1185 5928 5918
f 5929 5930 1827
f 5931 5932 5933
f 5934 4141 5935
f 5569 5936 1185
f 5936 5927 1185
f 5928 1185 5926
f 5937 5938 3446
f 5939 5940 5941
f 5942 5941 5940
f 5305 5308 1827
f 5930 5306 1827
f 3672 5943 3670
f 5944 5879 5881
f 5881 5880 5883
f 5945 5883 5882
f 1518 5946 1478
f 5947 5925 3108
f 5947 3108 5948
f 5949 3731 5950
f 1569 3731 5951
f 5951 3731 5949
f 2689 2678 2510
f 5952 5953 1478
f 5946 5952 1478
f 5953 5954 1478
f 5850 5955 5848
f 5956 4124 4126
f 3786 1661 5957
f 5957 1661 5958
f 5959 5960 1478
f 5961 5962 1478
f 5960 5961 1478
f 5963 5964 3108
f 5963 3108 5965
f 1660 5966 1661
f 5967 5958 1661
f 5967 1661 5966
f 5954 5968 1478
f 3429 5969 3427
f 5704 5703 5970
f 3700 3427 5969
f 5607 5608 5565
f 5971 5959 1478
f 5972 5948 3108
f 5968 5971 1478
f 5973 5974 5975
f 5976 5977 5648
f 5978 1478 5979
f 5980 5830 5829
f 5981 1478 5982
f 5983 5965 3108
f 5964 5972 3108
f 5984 5826 5825
f 5985 5986 5987
f 5988 5987 5986
f 5962 5979 1478
f 5978 5989 1478
f 5990 1478 5989
f 5990 5982 1478
f 1479 1478 5981
f 5991 5858 5857
f 5992 1820 672
f 5857 5856 5993
f 5994 5993 5856
f 5995 5156 4887
f 5996 5997 5998
f 5999 5998 5997
f 6000 6001 6002
f 2745 2747 5999
f 6003 5862 5864
f 1804 2204 2748
f 6004 5797 5796
f 6005 5912 5911
f 6006 6007 6008
f 6009 6008 6007
f 6010 6011 6012
f 6013 6014 6015
f 6016 6014 6013
f 6017 6015 6014
f 6018 6019 2009
f 6011 6020 6012
f 6021 6011 6010
f 2874 1655 6022
f 6023 6024 6025
f 6026 6027 6028
f 1655 16 15
f 6029 5320 5319
f 6030 6031 6032
f 6033 6012 6020
f 6034 4958 6035
f 6036 4958 6034
f 6035 4958 5689
f 6036 6037 4958
f 6037 5684 4958
f 3966 6038 3962
f 6039 5897 5896
f 5929 1827 5299
f 6040 6041 6042
f 6043 6044 6045
f 6046 6047 6048
f 6049 6050 6051
f 6047 6052 6048
f 6053 6048 6052
f 6054 6055 6056
f 6057 2080 3475
f 6058 6059 6060
f 6061 6062 6063
f 6064 3122 1952
f 6065 6066 6067
f 6068 6066 6065
f 5897 6069 5898
f 6070 6071 6072
f 6073 3446 6074
f 6075 6076 2574
f 6077 6078 27
f 6079 855 854
f 6075 2574 5909
f 5609 208 5565
f 5510 5501 5646
f 6080 5646 6081
f 167 5612 5611
f 1845 400 399
f 6081 5646 5645
f 6082 6080 6081
f 6083 6084 1868
f 5830 5980 6085
f 6086 6087 6088
f 5864 5863 6087
f 6089 5861 5860
f 6090 6091 6092
f 6093 6094 6095
f 3152 2815 6096
f 6097 6098 6099
f 6100 6095 6094
f 6101 6102 6103
f 6104 6096 2815
f 5860 6105 6089
f 5921 6106 1185
f 6107 6089 6105
f 6105 6108 6107
f 6109 6107 6108
f 3852 6110 3968
f 6111 6112 6113
f 3422 3429 6114
f 6114 3429 3428
f 6115 981 6116
f 6088 6087 5863
f 6117 6118 6119
f 6120 6074 3446
f 6113 6112 6121
f 6122 6112 6111
f 6050 6049 6123
f 6124 6123 6049
f 6125 6121 6112
f 6126 5911 5910
f 6127 6128 6129
f 6130 1185 6131
f 6132 1185 6130
f 6106 6131 1185
f 1098 1100 2802
f 5922 6133 5923
f 6134 5924 5923
f 6122 6135 6136
f 6137 2838 2837
f 6138 1486 2108
f 6111 6135 6122
f 6139 6140 6015
f 6141 6015 6140
f 3421 3429 3422
f 6142 6143 6144
f 6143 6145 6144
f 6146 6147 6148
f 6149 6150 6151
f 6017 6139 6015
f 5648 6147 6152
f 6153 6154 6155
f 6144 6145 6156
f 6157 6156 6145
f 5977 5649 5648
f 6158 6159 6160
f 6161 6000 6002
f 6152 5976 5648
f 6162 3660 3659
f 6163 6162 3659
f 6164 6163 3659
f 6002 6001 6165
f 6166 6165 6001
f 6167 3670 6168
f 6169 6000 6161
f 6170 6051 6050
f 5943 6171 3670
f 6172 3670 6171
f 1896 6173 1897
f 6174 6175 6176
f 6177 6178 6179
f 6180 6181 6182
f 6183 6179 6178
f 1502 1486 6138
f 6184 6185 6186
f 6187 6188 6189
f 6190 6191 6192
f 6191 5950 6192
f 5799 3989 3988
f 1486 2109 2108
f 1501 6193 1486
f 1488 1486 6193
f 6194 6195 6196
f 6197 6198 6199
f 6200 6192 3731
f 6192 5950 3731
f 6201 6189 6188
f 3610 3612 6202
f 6203 6204 6205
f 6206 3601 3600
f 6207 6025 6024
f 775 2917 2916
f 6208 3998 6209
f 6024 6023 6210
f 6211 6210 6023
f 6212 1109 6213
f 6038 3963 3962
f 6214 6215 6216
f 6217 6218 6219
f 6220 6221 6222
f 6223 6224 6225
f 6226 6225 6224
f 4349 4348 6227
f 6228 6229 6230
f 1948 1946 6231
f 6232 6233 6234
f 6235 6236 6237
f 6238 6227 4348
f 6239 1956 5869
f 6240 6241 6242
f 6243 6227 6238
f 6244 4350 4349
f 6245 6246 6247
f 6248 6202 3612
f 6249 6250 6247
f 6234 6233 6251
f 6252 6253 6254
f 6255 5441 5440
f 3081 3082 3147
f 3479 6256 6257
f 6258 6257 6256
f 6259 6260 6261
f 6262 6263 6264
f 6265 6266 6267
f 6268 6269 6270
f 6271 6264 6272
f 6273 5650 5649
f 6274 299 6275
f 6276 6277 6278
f 6279 1881 6280
f 6281 6282 6283
f 6284 6285 6286
f 6287 560 6288
f 562 6288 560
f 6032 6031 6289
f 6290 6286 6285
f 6291 6278 6277
f 6292 6293 2133
f 6294 562 561
f 6295 6296 6297
f 6298 6295 6297
f 6299 3375 6300
f 6301 5635 5634
f 6302 6303 6304
f 6305 6306 6307
f 255 3177 3176
f 6308 6309 6310
f 6148 6147 6311
f 6312 6313 6314
f 6315 6314 6313
f 6316 6317 6286
f 6146 6152 6147
f 6318 6319 6320
f 6321 6322 6323
f 6284 6286 6317
f 6324 6325 6326
f 6327 6328 6316
f 6329 6330 6331
f 6332 6205 6204
f 6317 6316 6328
f 6333 6328 6327
f 6334 6335 6336
f 6337 6338 6339
f 6340 6339 6338
f 6341 6342 6343
f 6344 6251 6233
f 3515 6345 2802
f 2802 3516 3515
f 6346 2314 363
f 6347 6348 363
f 6348 6346 363
f 4512 6347 363
f 6349 3479 6257
f 2332 6350 1292
f 6351 6251 6344
f 6352 6230 6229
f 6353 6354 6303
f 6355 6356 6357
f 6354 6304 6303
f 6358 6359 6360
f 6361 6362 6363
f 6364 6365 6366
f 6367 6368 6369
f 6370 3013 1541
f 767 766 6371
f 1147 1146 766
f 6372 6373 3108
f 6373 5983 3108
f 6374 6372 3108
f 6375 179 6376
f 6377 6378 6379
f 6380 179 2059
f 6376 179 6380
f 6381 3273 6382
f 6383 6384 3273
f 3274 3273 6381
f 3052 1748 1747
f 6363 869 868
f 6385 6386 6387
f 980 6116 981
f 6388 6389 3108
f 6389 6374 3108
f 5998 5999 2747
f 6390 6391 6392
f 6393 6394 6395
f 6396 6392 6391
f 6397 6251 6351
f 6398 6341 6343
f 6395 6399 6393
f 6400 6251 6401
f 6402 6403 6404
f 6405 6326 6325
f 6406 6331 6330
f 6407 6408 6409
f 6410 6411 6412
f 6413 6311 6147
f 6414 6388 3108
f 6415 6416 6251
f 6417 3468 3451
f 6418 6419 6420
f 3031 3050 3049
f 6110 3969 3968
f 6421 1602 6422
f 6423 6424 6425
f 3477 3479 6349
f 6426 6427 6428
f 6429 6430 6431
f 6432 6433 3108
f 6433 6434 3108
f 6434 6414 3108
f 6435 6436 6437
f 3706 6438 3665
f 6439 6437 6436
f 6397 6401 6251
f 6440 6360 6359
f 6441 6442 6443
f 6444 6445 6446
f 6447 6448 6449
f 6449 6448 6450
f 6451 6452 6267
f 6267 6266 6451
f 6453 6449 6450
f 3660 6454 3658
f 6455 6456 3108
f 6386 6457 6387
f 6458 6387 6457
f 6459 6415 6251
f 2473 2160 1561
f 6460 6461 6462
f 6463 6370 1541
f 3506 3562 3589
f 4225 1197 1199
f 6464 6465 3108
f 6465 6466 3108
f 6466 6455 3108
f 6456 6467 3108
f 6467 6468 3108
f 6468 6432 3108
f 6469 6470 6471
f 6471 6470 6472
f 6473 6474 6475
f 6476 6475 6474
f 6477 6474 6473
f 6478 6479 6463
f 1541 6478 6463
f 6480 6319 6318
f 6481 6482 6483
f 6484 3033 3032
f 3049 3032 3031
f 6485 6486 6487
f 6488 6320 6319
f 3674 3589 6489
f 6490 3693 3674
f 6489 6491 3674
f 6491 6490 3674
f 3945 3939 2934
f 6492 6493 6494
f 3614 3637 3589
f 6495 3049 3408
f 3945 2934 3946
f 6496 6497 6498
f 6499 6500 6501
f 6502 6503 6504
f 6382 3273 6384
f 6503 6505 6504
f 6459 6251 6506
f 6507 3051 3052
f 6508 3589 6509
f 6510 6511 6512
f 6400 6513 6251
f 6155 6514 6153
f 6515 6516 6517
f 4430 6518 3288
f 6519 3288 6518
f 6520 6521 6522
f 6523 6524 3716
f 6525 3716 6524
f 6526 6523 3716
f 6527 6517 6516
f 6528 4234 4492
f 6506 6251 6513
f 6529 6530 6531
f 6532 6531 6530
f 1175 6533 1176
f 6534 1176 6535
f 5565 6536 5563
f 3718 3716 6525
f 4232 4249 6537
f 6538 6539 6540
f 4887 84 5995
f 6541 6542 6543
f 6544 179 6545
f 6546 179 6547
f 6375 6547 179
f 3589 6508 6548
f 6549 6550 2010
f 3606 4275 6551
f 6552 6553 1292
f 6350 6552 1292
f 3400 6554 3398
f 3398 6554 6555
f 3399 6556 3400
f 2916 6557 775
f 6558 6559 6560
f 6561 6562 6563
f 6564 6299 6300
f 6565 6566 6567
f 6568 6567 6566
f 6569 6570 6571
f 6572 6573 6574
f 6575 6574 6573
f 6576 3589 6577
f 6578 6579 3589
f 6576 6578 3589
f 4742 6580 4743
f 6581 6582 6583
f 6099 6584 6097
f 4743 3689 3688
f 3589 6579 6489
f 6585 5582 5581
f 6586 6587 6588
f 6589 6588 6587
f 6590 1602 6421
f 6591 1602 6590
f 6592 1602 6591
f 6288 562 5320
f 6593 6443 6442
f 6594 6595 6596
f 6597 6596 6595
f 6396 6391 6598
f 6599 6446 6445
f 6600 6601 6602
f 3589 6548 6603
f 3689 4743 6580
f 6409 6408 6604
f 6605 6604 6408
f 6553 6606 1292
f 6607 6608 6609
f 6577 3589 6603
f 6073 5937 3446
f 2068 2067 6610
f 6582 6611 6583
f 6612 6613 6614
f 6615 6404 6403
f 3374 6300 3375
f 6616 6128 6127
f 3382 3384 3607
f 6617 6618 6619
f 1877 1827 5307
f 6620 6621 6622
f 6623 6624 1340
f 6625 1340 6624
f 1319 1340 6625
f 6551 6626 3606
f 6627 6628 1218
f 6628 6629 1218
f 6629 1216 1218
f 6422 1602 6630
f 6535 1176 6533
f 6556 6631 3400
f 5633 6632 5634
f 6546 6545 179
f 6078 6633 27
f 6634 1602 6635
f 6636 6499 6501
f 6637 6638 6639
f 6630 1602 6634
f 227 5565 208
f 6640 209 208
f 6641 6640 208
f 6061 6642 6062
f 6643 5688 4958
f 167 166 5612
f 6644 168 167
f 4977 346 345
f 6606 1290 1292
f 6645 6522 6521
f 1559 489 488
f 6646 6627 1218
f 6647 1602 6592
f 1466 6635 1602
f 6648 6649 6046
f 6650 6649 6648
f 6651 6652 6653
f 6654 6655 6656
f 6047 6046 6649
f 6657 6658 6659
f 6660 6659 6658
f 6661 6662 6663
f 6661 6663 6664
f 6665 6666 6667
f 6072 6071 6668
f 6669 6251 6670
f 6251 6671 6655
f 6672 6673 6674
f 6675 6676 6655
f 6676 6677 6655
f 6677 6656 6655
f 2046 2045 6678
f 4102 1868 6084
f 6679 6680 6681
f 3446 5938 1758
f 6670 6251 6682
f 6683 6684 6685
f 6686 6685 6684
f 6416 6687 6251
f 6688 6683 6685
f 6689 6690 6691
f 6683 6688 6692
f 6687 6682 6251
f 6693 6694 6695
f 3604 6696 2048
f 6696 2049 2048
f 6688 6697 6692
f 6698 6699 6700
f 6701 6702 6703
f 6704 6692 6697
f 6705 6706 6707
f 421 420 6708
f 420 6709 6708
f 6710 6708 6709
f 6711 6712 6713
f 1080 407 406
f 6221 6714 6222
f 6715 1171 1170
f 6716 6717 6718
f 584 6067 585
f 6066 585 6067
f 6668 6071 1813
f 6071 1814 1813
f 991 990 6719
f 6720 6719 6721
f 6722 6719 6720
f 6721 6719 990
f 6242 6723 6240
f 6724 466 467
f 6725 6726 6727
f 6728 6727 6726
f 6729 6730 6731
f 496 6732 392
f 6733 6734 6735
f 6736 1844 1845
f 5038 2881 2170
f 6671 6251 6669
f 6737 6738 1859
f 1071 1859 6738
f 6059 6739 6060
f 6740 6741 1863
f 6741 6742 1863
f 6742 1864 1863
f 6743 1865 1864
f 1867 6083 1868
f 5298 1827 6744
f 1076 593 592
f 2170 6745 5037
f 1827 3081 6744
f 6746 299 6747
f 6748 5646 6080
f 412 6280 1881
f 5321 5320 562
f 6749 418 1882
f 6750 1171 6715
f 6270 6269 6751
f 6752 6213 1109
f 6357 6753 6355
f 6633 28 27
f 6275 299 6746
f 6754 4003 4001
f 6755 4001 4000
f 6365 6756 6366
f 6231 1946 6757
f 6758 6757 1946
f 3658 6759 3659
f 1956 6760 5870
f 1955 6760 1956
f 5822 6761 5823
f 5906 6762 5907
f 6763 4473 4471
f 6764 6765 4342
f 4887 85 84
f 5975 6766 5973
f 298 6747 299
f 3594 2029 2028
f 6767 6768 6769
f 6767 6769 6770
f 6168 3670 6771
f 6172 6771 3670
f 6772 6773 6774
f 3108 86 85
f 6775 6776 6777
f 6778 6777 6776
f 6779 6780 6781
f 6782 6783 6784
f 6785 6784 6783
f 4141 4140 5935
f 6786 1981 3721
f 6787 6307 6306
f 6788 6789 6790
f 6791 6790 6789
f 6792 6790 6791
f 6793 6794 6795
f 6796 6797 6798
f 6799 6752 1109
f 6298 6800 6295
f 4342 6765 4256
f 6801 6795 6802
f 6794 6802 6795
f 6803 6804 6175
f 6805 6806 6795
f 6795 6806 6807
f 6808 4391 4392
f 4111 1356 1355
f 6807 6809 6795
f 6810 1922 6811
f 1920 6811 1922
f 6812 6813 6814
f 6795 6809 6815
f 6335 6816 6336
f 6212 1110 1109
f 6795 6815 6793
f 6817 6818 6819
f 6820 6681 6680
f 6821 2747 2816
f 6822 4114 4113
f 3946 6823 6824
f 3944 3946 6824
f 6825 6826 6827
f 6828 6827 6826
f 6561 6563 6829
f 6830 6831 557
f 6831 558 557
f 6832 4001 6755
f 6833 6027 6026
f 6834 6835 6836
f 6837 6836 6835
f 6838 3998 3997
f 6839 6840 6841
f 6842 6843 6844
f 6845 6219 6218
f 6846 6842 6844
f 6847 6844 6843
f 6848 6849 6850
f 6851 6850 6849
f 6840 6852 6841
f 6219 6853 6217
f 6854 6217 6853
f 6855 6841 6856
f 6857 6856 6841
f 6852 6857 6841
f 6602 6858 6600
f 6859 6247 6246
f 6119 6118 6860
f 6245 6247 6250
f 6460 6462 6861
f 6208 4005 3998
f 6862 6614 6613
f 6863 6254 6253
f 3999 3998 4004
f 6864 6865 6866
f 6617 6619 6867
f 6868 6869 6870
f 6871 4733 4732
f 6872 6486 6485
f 6873 6781 6780
f 6874 6875 6876
f 6054 6056 6877
f 6878 5168 5167
f 6865 6879 6880
f 6865 6880 6881
f 6881 6866 6865
f 6882 6883 6884
f 6885 6884 6883
f 6886 6887 6876
f 6886 6876 6888
f 6889 6890 6891
f 6891 6890 6892
f 6893 6678 2045
f 6894 6876 6875
f 6895 6876 6894
f 2048 3605 3604
f 6540 6539 6896
f 6897 6283 6282
f 2880 16 1655
f 6898 19 6899
f 6900 6543 6542
f 19 18 6899
f 6901 5749 5748
f 6293 2134 2133
f 6902 6667 6666
f 3970 4091 98
f 6197 6903 6198
f 100 6904 101
f 3532 6904 100
f 6691 6905 6689
f 6906 6310 6309
f 6694 6907 6695
f 868 6379 6378
f 6707 6908 6705
f 6909 6910 6911
f 6912 6911 6910
f 6913 6914 6915
f 6916 6915 6914
f 182 162 164
f 6412 6411 6917
f 6918 6713 6712
f 6919 6323 6322
f 6920 6921 6922
f 6923 7 9
f 6718 6924 6716
f 6925 6926 6927
f 6928 6927 6926
f 6929 6930 3
f 6930 1 3
f 2 6931 3
f 6931 6932 3
f 6933 3 6932
f 6235 6934 6236
f 6935 6936 6937
f 6938 6937 6936
f 6939 6940 6941
f 6942 6941 6940
f 6943 6944 6945
f 6946 6947 6948
f 6949 6950 6951
f 6949 6951 6952
f 6735 6953 6733
f 6362 869 6363
f 6954 6260 6259
f 6955 6956 6957
f 6958 6957 6956
f 6959 6960 6961
f 3869 3458 3457
f 6962 6482 6481
f 2081 6963 3475
f 6379 868 867
f 6964 6965 6966
f 6967 6966 6965
f 6968 6969 6970
f 2770 2769 2091
f 146 145 6971
f 6972 6971 145
f 6973 6974 6975
f 6976 6977 6978
f 6979 6980 6981
f 6982 6981 6980
f 2091 1952 2770
f 6983 6984 6985
f 6986 6985 6984
f 6987 2945 5463
f 6988 6989 6926
f 6928 6926 6989
f 3694 1272 1271
f 6990 6991 6988
f 6989 6988 6991
f 6992 6420 6419
f 6993 3703 1354
f 6994 6425 6424
f 6995 6996 6997
f 6996 6998 6997
f 6999 7000 7001
f 7002 7001 7000
f 7003 7004 7005
f 7006 7007 7008
f 7006 7005 7004
f 7009 7010 7011
f 7009 7011 7012
f 7013 7014 7012
f 7009 7012 7014
f 816 7008 7007
f 7004 7007 7006
f 818 7008 816
f 7015 3108 4749
f 6464 3108 7015
f 6959 7016 6960
f 6263 6272 6264
f 7017 7018 7019
f 7020 7021 7022
f 7023 7024 7025
f 7026 7025 7024
f 7027 7028 7029
f 7030 7031 7032
f 7033 6271 7034
f 7035 7036 7037
f 7038 7037 7036
f 7039 7040 7041
f 7042 7041 7040
f 6271 6272 7034
f 7043 7044 7045
f 7046 7045 7044
f 7047 7048 7049
f 7050 7049 7048
f 7051 7052 7053
f 7054 7055 4114
f 7056 7057 7058
f 7059 7060 7061
f 7062 7061 7060
f 4201 1083 1126
f 7063 6970 6969
f 1098 2802 6345
f 2870 2869 7064
f 7065 7066 7067
f 7068 843 767
f 7069 7070 7071
f 6371 766 1146
f 7072 6653 6652
f 846 4109 844
f 3966 3962 19
f 7073 6137 2837
f 7074 7075 7076
f 7077 7032 7031
f 2837 3262 3265
f 7078 7079 7080
f 6898 3965 19
f 7081 336 7082
f 7082 336 335
f 7083 3398 6555
f 7084 336 7085
f 7086 7087 6631
f 7087 3400 6631
f 2915 7088 2916
f 3667 337 336
f 7089 336 7090
f 7091 336 7084
f 6557 773 775
f 4231 1195 1193
f 7092 336 7093
f 7089 7093 336
f 7094 336 7092
f 7095 336 7094
f 7096 7022 7021
f 7081 7085 336
f 7091 7090 336
f 7097 336 7095
f 7098 7078 7080
f 7099 7053 7052
f 7100 253 252
f 7101 3716 7102
f 7103 7102 3716
f 7058 7057 7104
f 7105 7106 3716
f 7106 7107 3716
f 3716 7107 7103
f 3716 7101 6526
f 1654 7108 2875
f 6975 7109 6973
f 7110 7111 7112
f 7113 7110 7112
f 7114 7108 1654
f 7115 7070 7069
f 7116 7117 7118
f 7119 7120 7121
f 7122 7123 3621
f 570 7124 282
f 7125 282 7124
f 2739 2738 7126
f 250 7127 248
f 6774 6773 7128
f 7129 248 7127
f 3691 248 7129
f 1480 5895 2324
f 462 250 463
f 7130 7131 6609
f 1274 4837 1425
f 2010 2009 6019
f 6018 7132 6019
f 322 320 4041
f 7133 6610 2067
f 7134 37 164
f 3618 164 37
f 163 7134 164
f 7135 7136 7137
f 7138 6622 6621
f 7139 5251 484
f 6608 7140 7135
f 7141 6632 5633
f 7142 6639 6638
f 7143 2554 2379
f 7144 7145 7146
f 7147 7146 7145
f 7148 6289 6031
f 643 7149 2335
f 7150 7151 7152
f 643 2335 672
f 7153 6800 6298
f 7154 7155 7156
f 7157 7156 7155
f 2391 2405 2392
f 7158 7159 7160
f 802 7161 810
f 2392 810 7161
f 7162 7163 7154
f 7155 7154 7163
f 7164 7165 2290
f 7166 5626 753
f 7167 7029 7028
f 7168 7169 7170
f 7171 7170 7169
f 7172 6818 6817
f 883 5644 2279
f 7173 7174 7175
f 7176 7175 7174
f 7177 7178 5674
f 7179 6091 6090
f 7180 1636 7181
f 7182 6103 6102
f 1886 1888 5741
f 2575 5804 2529
f 7183 7067 7066
f 7184 7185 946
f 947 946 7185
f 6550 2011 2010
f 2575 2529 1905
f 1943 5404 1935
f 720 2744 721
f 7076 7075 7186
f 7132 6018 7187
f 3968 3850 3852
f 7188 988 987
f 3665 3885 3706
f 3663 3665 6438
f 5036 4992 7189
f 7190 7191 7192
f 7193 7192 7191
f 350 348 4625
f 7194 288 287
f 7195 7196 7197
f 7198 7197 7196
f 7199 7200 7190
f 7191 7190 7200
f 7201 6917 6411
f 7202 6045 6044
f 1886 7181 1636
f 1637 1636 7180
f 447 449 7203
f 1884 1886 7204
f 1636 7204 1886
f 3563 5617 3549
f 7205 7152 7151
f 1916 1905 5832
f 6922 6921 7206
f 7207 7208 7209
f 6151 7209 7208
f 1030 7210 1031
f 7211 5823 6761
f 252 251 1044
f 1065 1182 1066
f 4545 667 636
f 6151 6150 7209
f 6780 6779 6149
f 7212 7213 7214
f 7215 7214 7213
f 6804 6176 6175
f 7216 6978 6977
f 6731 6745 6729
f 7123 3622 3621
f 6607 6609 7131
f 6731 5037 6745
f 7140 6608 6607
f 7137 7136 7217
f 7218 7219 7220
f 7136 7135 7140
f 7219 7221 7220
f 2187 2189 5437
f 2713 2518 2509
f 7222 3774 2027
f 2189 3068 3070
f 3410 2026 2025
f 2741 7223 2214
f 2214 7223 7224
f 2379 2748 2204
f 3476 3475 6963
f 7225 5898 6069
f 2574 2096 2288
f 7226 7227 7228
f 1804 1806 2204
f 2335 7149 2600
f 802 1287 710
f 7161 802 710
f 810 2392 2405
f 2391 2406 2405
f 2271 858 5636
f 334 5674 7178
f 7203 1905 447
f 2323 4808 2324

