# https://github.com/mikedh/trimesh

o RHR-25_tri_V5_CW-mesh
v -31.71092129 -2.89527258 -0.72072178
v -31.71092129 -3.26827344 -0.09272187
v -31.71092129 -2.45227942 -0.39872188
v -31.71092129 -2.02980956 -0.11169336
v -31.71092129 -2.50527343 0.49827823
v -31.71092129 -2.43108544 0.54991406
v -4.64991903 1.49571851 -2.05272204
v -4.64991903 1.49571851 1.79288894
v -4.48791695 1.95772353 -2.05272204
v -4.58505392 1.68073049 1.87327796
v -4.48791695 1.95772353 1.98375493
v -4.38842916 -2.08426842 0.79127836
v -31.71092129 -2.50527343 0.49827823
v -4.28292990 -2.31228051 0.63259881
v 19.93094921 -24.73985872 -2.04281599
v 17.70949078 -20.88934907 -2.05072195
v 19.93542004 -24.76201829 -2.00340802
v -1.65358090 5.65328065 -1.04721004
v -1.56428695 5.64472046 -0.94772178
v -1.65351987 5.65363160 -1.04736704
v -31.71092129 -3.30727538 -1.04072207
v -31.71092129 -3.68326744 -1.35572201
v -31.71092129 -3.89927062 -0.67072189
v -31.71092129 -3.60128149 -0.38472197
v 8.87438822 24.21465102 -1.25377208
v 8.90037394 24.20454207 -1.21372205
v 8.87440300 24.21465102 -1.25379509
v 8.90038919 24.20452109 -1.21372205
v 8.87440300 24.21465102 -1.25379509
v 8.90037394 24.20454207 -1.21372205
v -4.03592110 -2.73327050 -0.60297007
v -4.03592110 -2.73327050 -2.05272204
v -3.91792393 -2.89527258 -0.72072178
v 8.90038919 24.20452109 -1.21372205
v 8.90037394 24.20454207 -1.21372205
v 8.91200113 24.19985190 -1.19851905
v 8.87101603 24.11568061 -2.00690300
v 8.86042595 24.11463156 -2.01671916
v 9.60502529 25.30373183 -1.95972210
v 8.82507229 24.11338225 -2.05072195
v 9.60502529 25.30373183 -1.95972210
v 8.86042595 24.11463156 -2.01671916
v -31.71092129 -2.90126953 0.20327803
v -0.53741598 7.42317858 -0.94772178
v -1.65351987 5.65363160 -1.04736704
v -1.56428695 5.64472046 -0.94772178
v -0.40736485 7.80336657 -1.04218203
v -0.37846494 7.88214770 -1.05968911
v 4.09817410 -16.29248819 2.74783796
v 4.07581902 -16.25784883 2.74895900
v 0.85520774 -10.55486879 2.71453899
v -31.71092129 -4.02027234 -1.66272205
v -31.71092129 -4.35404357 -1.18660409
v -3.91354513 -2.90126953 0.20327803
v -3.74891806 -3.12726745 2.94727796
v -4.03592110 -2.73327050 0.32842955
v -31.71092129 -4.15827331 -0.94772178
v 0.87042075 -10.59206876 2.71716684
v 3.05770707 -14.67728814 2.79872483
v 0.86222678 -10.57346830 2.71594995
v 0.05721903 9.04030409 -1.32409507
v 0.05720305 9.04033557 -1.32404608
v 0.05958402 9.04616347 -1.32537312
v 0.02130008 8.95059863 -1.30412001
v 0.05720305 9.04033557 -1.32404608
v 0.05721903 9.04030409 -1.32409507
v 19.92673969 -24.74246797 -2.05072195
v 19.92961025 -24.73463830 -2.05072195
v 19.93094921 -24.73985872 -2.04281599
v -4.20079184 -2.45227942 -0.39872188
v -31.71092129 -2.45227942 -0.39872188
v -4.28292990 -2.31228051 -0.30360517
v 19.93542004 -24.76201829 -2.00340802
v 19.94316959 -24.79707918 -1.94425601
v 19.88964939 -24.82509813 -2.05072195
v 19.91191006 -24.77383813 -2.05072195
v 19.94316959 -24.79707918 -1.94425601
v 19.94583035 -24.81097803 -1.91877705
v 19.87912083 -24.84642801 -2.05072195
v 19.88964939 -24.82509813 -2.05072195
v 19.94583035 -24.81100854 -1.91872210
v 19.82306004 -24.94894800 -2.05072195
v 19.94583035 -24.81097803 -1.91877705
v -1.53096199 6.21675768 -1.27115411
v 0.02130008 8.95059863 -1.30412001
v -1.51281905 6.28365174 -1.29693002
v -1.54983687 6.14702454 -1.24423009
v -1.55848789 6.11398974 -1.23111910
v -1.56697202 6.08096972 -1.21780402
v -1.56941390 6.07111254 -1.21372205
v -31.53037167 -1.64127550 1.07927793
v -31.61791897 -1.83075854 0.95609116
v -4.56787300 -1.64127550 1.07927793
v -1.50311399 6.31781664 -1.30953604
v 1.23530415 -11.42041883 2.77112788
v 3.05770707 -14.67728814 2.79872483
v 0.87042075 -10.59206876 2.71716684
v 19.94316959 -24.79707918 -1.94425601
v 19.94583035 -24.81097803 -1.91877705
v -4.16969395 -2.50527343 0.49827823
v -4.03592110 -2.73327050 0.32842955
v -4.16969395 -2.50527343 0.49827823
v -31.71092129 -2.90126953 0.20327803
v -31.71092129 -4.04821166 -1.69085104
v 0.05721903 9.04030409 -1.32409507
v -1.50193906 6.32198134 -1.31109709
v -1.50311399 6.31781664 -1.30953604
v 0.02130008 8.95059863 -1.30412001
v -1.50193906 6.32198134 -1.31109709
v -4.20079184 -2.45227942 -0.39872188
v -4.28292990 -2.31228051 -2.05272204
v -4.03592110 -2.73327050 -0.60297007
v 0.05958402 9.04616347 -1.32537312
v -4.03592110 -2.73327050 -2.05272204
v -4.28292990 -2.31228051 -0.30360517
v 0.43751407 -7.73349962 3.21560901
v 7.95083523 -20.55826768 3.20300597
v 0.36277604 -7.22142944 3.18994683
v 19.93094921 -24.73985872 -2.04281599
v 19.93542004 -24.76201829 -2.00340802
v 19.91191006 -24.77383813 -2.05072195
v 19.92673969 -24.74246797 -2.05072195
v -4.16969395 -2.50527343 0.49827823
v -4.03592110 -2.73327050 2.94727796
v -4.28292990 -2.31228051 0.63259881
v 8.82507229 24.11338225 -2.05072195
v 8.86042595 24.11463156 -2.01671916
v 8.82517910 24.11336127 -2.05072195
v 8.86045694 24.11462203 -2.01678711
v 8.82517910 24.11336127 -2.05072195
v 8.86042595 24.11463156 -2.01671916
v -4.28292990 -2.31228051 2.94727796
v -4.03592110 -2.73327050 0.32842955
v 19.92705059 -24.96985826 -1.67727012
v 19.72318935 -25.09410867 -2.05072195
v 19.93236065 -24.95232782 -1.70172209
v 19.93731022 -24.92635927 -1.74745304
v -1.48376584 6.38542739 -1.33420605
v -1.47453499 6.41779128 -1.34605402
v 8.82517910 24.11336127 -2.05072195
v 4.40608096 16.45954123 -2.05072195
v 8.82507229 24.11338225 -2.05072195
v -1.46431088 6.45201769 -1.35799510
v 1.17945695 -10.54158887 3.22668904
v 4.32047915 -16.11581811 3.21540302
v 1.13239884 -10.41742811 3.23027605
v 1.08605796 -10.26576814 3.23627800
v 1.38404685 -11.08020887 3.21119588
v -4.28292990 -2.31228051 -0.30360517
v -4.48791695 -1.86927161 -2.05272204
v -4.28292990 -2.31228051 -2.05272204
v 19.94287968 -24.88094911 -1.82030803
v 19.82306004 -24.94894800 -2.05072195
v 19.94414997 -24.84886941 -1.86566407
v 19.94583035 -24.81100854 -1.91872210
v 19.87912083 -24.84642801 -2.05072195
v 19.94583035 -24.81097803 -1.91877705
v -28.45292950 1.16873756 2.52390283
v -28.35697079 1.21472755 2.54327792
v -28.45292950 1.58783546 1.83291596
v -28.25784969 1.68073049 1.87327796
v -1.41230893 6.62175551 -1.41560000
v -1.40281796 6.65250245 -1.42594701
v -1.45436192 6.48445740 -1.36899811
v -1.44381905 6.51932374 -1.38099009
v -1.49351597 6.35210267 -1.32233411
v -4.48791695 -1.86927161 -0.00707805
v -4.43609810 -1.98127159 -0.07872194
v 19.94287968 -24.88094911 -1.82030803
v 19.93731022 -24.92635927 -1.74745304
v 19.77588940 -25.02155885 -2.05072195
v 19.82306004 -24.94894800 -2.05072195
v -27.40026951 1.68172255 2.72227806
v -27.32193089 2.13411549 2.05410498
v -1.39305305 6.68337050 -1.43603903
v -1.38157797 6.71893969 -1.44738704
v -1.36184788 6.77844849 -1.46572203
v -27.32193089 1.72072449 2.73568195
v -4.38842916 -2.08426842 0.79127836
v -4.28292990 -2.31228051 2.94727796
v -4.48791695 -1.86927161 0.93105244
v -4.48791695 -1.86927161 2.94727796
v 8.86045694 24.11462203 -2.01678711
v 8.86042595 24.11463156 -2.01671916
v 8.87106228 24.11565199 -2.00697404
v 8.87101603 24.11568061 -2.00690300
v 8.87106228 24.11565199 -2.00697404
v 8.86042595 24.11463156 -2.01671916
v -27.32193089 2.13411549 2.05410498
v -27.32193089 1.72072449 2.73568195
v -27.16937923 2.19472352 2.07827800
v -4.28292990 -2.31228051 0.63259881
v 19.84038067 -25.13455781 -1.40499705
v 19.58155918 -25.29276857 -1.84846109
v 19.86780071 -25.09846887 -1.46572203
v -26.31285000 2.13272646 2.87727803
v -26.04691982 2.64925256 2.24198192
v -26.04691982 2.24385658 2.91038602
v -1.25151205 7.08211365 -1.56830305
v 0.32009709 9.69144240 -1.46572203
v -1.24113584 7.10927430 -1.57667011
v -1.22641087 7.14682665 -1.58766002
v -1.20176792 7.21207228 -1.60823006
v 8.91747904 24.11294165 -1.95972210
v -1.32600498 6.87880555 -1.50059611
v -1.31301999 6.91535035 -1.51339311
v 8.91747904 24.11294165 -1.95972210
v 9.60502529 25.30373183 -1.95972210
v 8.95107889 24.11034194 -1.92905504
v -1.09033298 7.49349061 -1.68880302
v -1.11607504 7.43022767 -1.67177111
v -1.30275083 6.94347230 -1.52283007
v -1.33636594 6.85001269 -1.49072200
v -1.34668088 6.82112733 -1.48066408
v -1.36184788 6.77844849 -1.46572203
v -26.04691982 2.64925256 2.24198192
v -26.04691982 2.24385658 2.91038602
v -25.91881084 2.69173256 2.25727790
v -25.10609913 2.56572548 3.00627798
v -4.48791695 -1.86927161 -2.05272204
v -4.48791695 -1.86927161 -0.00707805
v -4.64991903 -1.40728149 -2.05272204
v -1.13151693 7.39130250 -1.66067404
v -1.19178891 7.23807374 -1.61616808
v -1.14157295 7.36617127 -1.65364403
v -4.64991903 -1.40728149 0.28540304
v -4.62187290 -1.48726854 0.23727804
v -4.48791695 1.95772353 1.98375493
v -27.16937923 2.19472352 2.07827800
v -4.41902304 2.10696951 2.04327792
v -29.25715923 1.11388233 1.62570196
v -29.18862057 1.15372255 1.64427799
v -11.97791958 0.61972651 1.39527791
v 19.92705059 -24.96985826 -1.67727012
v 19.93236065 -24.95232782 -1.70172209
v 16.66674995 -19.55452928 -1.46572203
v 19.91072941 -25.01089868 -1.61386711
v 16.66901970 -19.55122766 -1.47235602
v -1.07434201 7.53346863 -1.69998902
v 8.87101603 24.11568061 -2.00690300
v 8.91747904 24.11294165 -1.95972210
v 8.87106228 24.11565199 -2.00697404
v -4.64991903 1.49571851 1.79288894
v -4.73398018 1.15372255 1.64427799
v -28.25784969 1.68073049 1.87327796
v -4.28292990 2.40172449 2.61422294
v -4.30285788 2.35854140 2.71730703
v -4.28292990 2.40172449 2.94727796
v -4.30459690 2.35478845 2.72627800
v -4.34092903 2.27609840 2.91408103
v -4.34199715 2.27377954 2.91930097
v -4.64991903 -1.40728149 2.94727796
v -4.64991903 -1.40728149 1.22151297
v -4.48791695 -1.86927161 2.94727796
v -4.58505392 1.68073049 1.87327796
v -27.32193089 2.13411549 2.05410498
v 8.91758585 24.11292067 -1.95972210
v 8.87106228 24.11565199 -2.00697404
v 8.91747904 24.11294165 -1.95972210
v 8.91747904 24.11294165 -1.95972210
v 8.95107889 24.11034194 -1.92905504
v 8.91758585 24.11292067 -1.95972210
v 8.95110893 24.11033240 -1.92911905
v 8.91758585 24.11292067 -1.95972210
v 8.95107889 24.11034194 -1.92905504
v 19.94414997 -24.84886941 -1.86566407
v 16.73103046 -19.40790758 -1.70172209
v 19.94287968 -24.88094911 -1.82030803
v -4.56787300 -1.64127550 1.07927793
v -1.07176399 7.53983155 -1.70172209
v -4.28292990 2.40172449 2.15283197
v -4.28292990 2.40172449 -2.05272204
v -4.37849617 2.19472352 2.07827800
v 16.74487019 -19.26692781 -1.91872210
v 16.74487019 -19.26695833 -1.91867501
v 19.94583035 -24.81100854 -1.91872210
v -4.48791695 -1.86927161 0.93105244
v 5.06953311 -0.81914690 -0.64668626
v 15.87343979 -20.07635888 -0.38472197
v 5.09577799 -0.83103350 -0.66281039
v -4.75610495 -0.97527453 0.54527825
v -4.64991903 -1.40728149 0.28540304
v -31.41699123 -0.97527453 0.54527825
v -4.48791695 1.95772353 2.94727796
v -31.41699123 -0.97527453 0.54527825
v -31.33991909 -0.80228588 0.64346611
v -4.75610495 -0.97527453 0.54527825
v 16.74487019 -19.26692781 -1.91872210
v 19.94583035 -24.81100854 -1.91872210
v 19.94583035 -24.81097803 -1.91877705
v 17.70949078 -20.88934907 -2.05072195
v 19.94583035 -24.81100854 -1.91872210
v 19.92961025 -24.73463830 -2.05072195
v -29.09647083 0.78658131 2.36286801
v -4.80821371 0.73772272 2.34227794
v -28.45292950 1.16873756 2.52390283
v -4.40712070 2.13272646 2.87727803
v -4.48791695 1.95772353 2.81713384
v -4.48791695 1.95772353 1.98375493
v -4.48791695 1.95772353 -2.05272204
v 17.70949078 -20.88934907 -2.05072195
v 19.92961025 -24.73463830 -2.05072195
v 19.92673969 -24.74246797 -2.05072195
v 19.91191006 -24.77383813 -2.05072195
v 19.88964939 -24.82509813 -2.05072195
v 19.87912083 -24.84642801 -2.05072195
v -0.70388889 8.34168044 -1.91872210
v -0.71347189 8.32155409 -1.91407210
v -0.16400290 9.27672473 -1.91872210
v -4.41902304 2.10696951 2.04327792
v -4.75610495 -0.97527453 0.54527825
v -4.76692295 -0.93126854 -2.05272204
v -4.64991903 -1.40728149 0.28540304
v -0.85783505 8.01431838 -1.83836812
v -0.86737204 7.99391738 -1.83324212
v -29.42792034 1.01450178 1.57935697
v -29.96404934 0.61972651 1.39527791
v -29.42792034 0.59203181 2.27561682
v 8.87438822 24.21465102 -1.25377208
v 8.87440300 24.21465102 -1.25379509
v 8.84504509 24.22329131 -1.29696411
v 8.84506083 24.22327223 -1.29698712
v 8.84504509 24.22329131 -1.29696411
v 8.87440300 24.21465102 -1.25379509
v -4.64991903 -1.40728149 -2.05272204
v -4.76692295 -0.93126854 0.57025355
v -4.19091892 2.55817261 2.20917600
v -4.34092903 2.67755762 2.25217694
v -4.19194174 2.55641761 2.21369594
v -0.83883786 8.05591431 -1.84985608
v -0.81004500 8.11746827 -1.86531800
v -0.81929183 8.09752551 -1.86011702
v -4.76692295 -0.93126854 2.94727796
v -4.76692295 -0.93126854 1.50102395
v -4.64991903 -1.40728149 2.94727796
v -4.19761801 2.54677454 2.23868388
v -4.20909309 2.52727357 2.28914588
v -4.34092903 2.63976160 2.31450194
v 5.01966715 -0.79581621 -0.61643958
v 4.84507608 -0.93126854 -0.40627536
v 4.87287807 -0.73827532 -0.52202457
v 4.87159610 -0.74711010 -0.51672179
v 4.94093204 -0.76304027 -0.56671179
v -28.45292950 1.16873756 2.52390283
v -29.18862057 1.15372255 1.64427799
v -29.09647083 0.78658131 2.36286801
v 19.72621059 -25.24409875 -1.18766207
v 19.46169949 -25.39685830 -1.69120211
v 19.74330044 -25.23096856 -1.21372205
v -0.80092001 8.13687745 -1.87010509
v 16.13146973 -19.92740831 -0.67072189
v 5.10928202 -0.83791521 -0.67072189
v -29.25715923 1.11388233 1.62570196
v -29.17863941 0.73772272 2.34227794
v -4.70523214 -1.18227550 1.35827797
v 8.95641899 24.10982123 -1.92411703
v 8.99400187 24.10288230 -1.88777405
v -0.78071690 8.17946425 -1.88016004
v -4.64991903 -1.40728149 1.22151297
v -4.03592110 2.82172242 2.94727796
v -4.03592110 2.82172242 -2.05272204
v -4.19091892 2.55817261 2.20917600
v -4.19194174 2.55641761 2.21369594
v -0.91487288 7.89038649 -1.80511004
v -0.92451596 7.86931458 -1.79928905
v -0.92451596 7.86931458 -1.79928905
v -0.93435788 7.84766236 -1.79321903
v -0.16400290 9.27672473 -1.91872210
v -0.93664694 7.84265748 -1.79183501
v -0.93435788 7.84766236 -1.79321903
v 11.97037983 29.78490058 -1.40500111
v 11.92504978 29.79035178 -1.46572203
v 8.78982401 24.23623076 -1.37592310
v -31.07422161 -0.45028087 0.84327817
v -30.87892056 -0.18741769 0.98333335
v -4.83719015 -0.45028087 0.84327817
v -30.59207058 0.08272389 1.12727791
v -4.19761801 2.54677454 2.23868388
v -4.20909309 2.52727357 2.28914588
v -4.22779989 2.49544349 2.37156290
v -4.25759983 2.44478455 2.50274986
v -4.28292990 2.40172449 2.61422294
v -4.28292990 2.40172449 2.94727796
v -4.28292990 2.40172449 2.15283197
v 8.95646524 24.10979071 -1.92418212
v 8.95641899 24.10982123 -1.92411703
v 8.95727396 24.10966101 -1.92339307
v 8.99400187 24.10288230 -1.88777405
v 8.95727396 24.10966101 -1.92339307
v 8.95641899 24.10982123 -1.92411703
v -4.28292990 2.40172449 -2.05272204
v -0.87678695 7.97333327 -1.82755810
v -0.89602804 7.93179932 -1.81672710
v -0.76084995 8.22174636 -1.89058012
v -4.03592110 2.82172242 2.94727796
v -3.74891806 3.21672645 2.94727796
v -4.03592110 2.82172242 -2.05272204
v -3.74891806 3.21672645 -2.05272204
v -0.75186300 8.24097243 -1.89541108
v -3.42592001 3.57971755 2.94727796
v -3.42592001 3.57971755 -2.05272204
v -3.74891806 3.21672645 -2.05272204
v -3.74891806 3.21672645 2.94727796
v -4.83719015 -0.45028087 0.84327817
v -4.83792305 -0.44527599 -2.05272204
v -4.76692295 -0.93126854 0.57025355
v -4.76692295 -0.93126854 -2.05272204
v -3.06991673 3.90971962 -2.05272204
v -3.42592001 3.57971755 -2.05272204
v -3.06991673 3.90971962 2.94727796
v -3.42592001 3.57971755 2.94727796
v 5.40679812 -1.01357445 -0.85270238
v 5.36782718 -0.98784849 -0.83032239
v 16.13146973 -19.92740831 -0.67072189
v 5.34316897 -0.97213146 -0.81586313
v -4.83792305 -0.44527599 0.84594244
v -0.72235298 8.30307665 -1.90997809
v -0.74287605 8.25981703 -1.89976508
v -4.79936409 -0.70926830 1.62727791
v -4.76692295 -0.93126854 2.94727796
v -4.83792305 -0.44527599 1.76752800
v 5.49398708 -1.07244250 -0.90207398
v 5.53033304 -1.09830651 -0.92194528
v 5.55488396 -1.11596045 -0.93527895
v -4.83792305 -0.44527599 2.94727796
v -4.76692295 -0.93126854 1.50102395
v 5.57809305 -1.13291344 -0.94772178
v 5.43171501 -1.02956554 -0.86725825
v 16.35533047 -19.79816827 -0.94772178
v 5.21110415 -0.89293846 -0.73574066
v 5.23605204 -0.90705249 -0.75132787
v -1.07176399 7.53983155 -1.70172209
v 0.31007206 9.93306533 -1.70172209
v -1.06408787 7.55747071 -1.70741910
v -1.04663205 7.59686843 -1.71938807
v -4.83792305 -0.44527599 1.76752800
v -4.84807014 -0.22927260 1.88227790
v -30.47497845 -0.22927260 1.88227790
v -0.99853683 7.70508471 -1.75203604
v -1.00859189 7.68262330 -1.74541909
v -1.01870894 7.65979663 -1.73848909
v -1.03651595 7.62003127 -1.72678012
v -1.71084690 4.99466553 -0.73540318
v -1.71014595 4.94472352 -0.70798439
v -0.90709090 6.26598254 -0.67072189
v -1.70817685 4.89223328 -0.67804164
v 5.30280900 -0.94707653 -0.79183346
v 5.27783108 -0.93235144 -0.77654809
v 5.16720414 -0.86834154 -0.70817155
v 5.12106204 -0.84420177 -0.67828393
v 5.10928202 -0.83791521 -0.67072189
v -4.83792305 -0.44527599 0.84594244
v -4.86091805 0.04472950 -2.05272204
v -4.83792305 -0.44527599 -2.05272204
v -0.95288205 7.80705872 -1.78204900
v -0.93664694 7.84265748 -1.79183501
v -4.86091805 0.04472950 1.10702997
v -4.84807014 -0.22927260 1.88227790
v -4.83792305 -0.44527599 2.94727796
v -4.86091805 0.04472950 2.01757997
v 5.75207424 -1.27144751 -1.04736108
v 5.72804117 -1.25123045 -1.03425008
v 7.01626396 -3.45548353 -1.05069405
v -0.98089695 7.74469653 -1.76390308
v 9.50076103 23.86141196 -1.35572201
v 9.27824306 23.98989096 -1.58953101
v 9.29275417 23.98151198 -1.57423610
v 9.50076103 23.86141196 -1.35572201
v 9.29275417 23.98151198 -1.57423610
v 9.50041008 23.86161223 -1.35572201
v 5.70368814 -1.23189744 -1.02026707
v 9.50041008 23.86161223 -1.35572201
v 9.82632446 23.67344084 -1.04072207
v 9.50076103 23.86141196 -1.35572201
v 9.82666016 23.67324057 -1.04072207
v 9.50076103 23.86141196 -1.35572201
v 9.82632446 23.67344084 -1.04072207
v -0.97099495 7.76660767 -1.77013403
v -4.86091805 0.04472950 2.94727796
v -4.83792305 -0.44527599 1.76752800
v 9.82632446 23.67344084 -1.04072207
v 10.18327332 23.46735182 -0.72072178
v 9.82666016 23.67324057 -1.04072207
v 5.58972001 -1.14177844 -0.95462483
v 5.57809305 -1.13291344 -0.94772178
v 5.64739799 -1.18618152 -0.98858637
v 5.61387515 -1.16001353 -0.96906644
v -30.87892056 -0.18741769 0.98333335
v -30.87892056 -0.60997942 1.68002695
v -30.59207058 0.08272389 1.12727791
v -30.47497845 -0.22927260 1.88227790
v -30.23893070 0.42055351 1.29587799
v -30.23893070 -0.00290839 1.99405998
v -0.63824606 8.46803847 -1.95427603
v -0.16400290 9.27672473 -1.91872210
v -0.62931991 8.48525038 -1.95914001
v 5.67164516 -1.20559153 -1.00240702
v 16.35533047 -19.79816827 -0.94772178
v 19.78699017 -25.19244775 -1.29628212
v 7.74609184 -4.33883056 -1.29562110
v 19.76492023 -25.21397790 -1.25308901
v 19.80606937 -25.17181787 -1.33509511
v -29.95551014 0.20282581 2.09565395
v -30.09034061 0.52815852 1.34957999
v -30.23893070 -0.00290839 1.99405998
v -30.23893070 0.42055351 1.29587799
v 8.95646524 24.10979071 -1.92418212
v 8.95110893 24.11033240 -1.92911905
v 8.95107889 24.11034194 -1.92905504
v 8.95646524 24.10979071 -1.92418212
v 8.95107889 24.11034194 -1.92905504
v 8.95641899 24.10982123 -1.92411703
v -0.66085982 8.42461291 -1.94231612
v -0.68295383 8.38205519 -1.93028611
v -0.69227695 8.36414137 -1.92535311
v -0.16400290 9.27672473 -1.91872210
v -0.69227695 8.36414137 -1.92535311
v -0.70388889 8.34168044 -1.91872210
v 8.84506083 24.22327223 -1.29698712
v 8.81777811 24.22929183 -1.33569604
v -29.88412952 0.25472090 2.12127799
v -28.45292950 1.58783546 1.83291596
v -0.60665989 8.52844897 -1.97019106
v 8.81776285 24.22929183 -1.33567304
v 8.84504509 24.22329131 -1.29696411
v 8.84506083 24.22327223 -1.29698712
v 8.81776285 24.22929183 -1.33567304
v 8.84506083 24.22327223 -1.29698712
v 8.81777811 24.22929183 -1.33569604
v -29.42792034 0.59203181 2.27561682
v -29.42792034 1.01450178 1.57935697
v 8.81777811 24.22929183 -1.33569604
v 8.78982401 24.23623076 -1.37592310
v 8.81776285 24.22929183 -1.33567304
v 8.78402615 24.23768225 -1.38423211
v 8.81776285 24.22929183 -1.33567304
v 8.78982401 24.23623076 -1.37592310
v 19.82306004 -24.94894800 -2.05072195
v 19.77588940 -25.02155885 -2.05072195
v -3.06991673 3.90971962 -2.05272204
v -3.06991673 3.90971962 2.94727796
v -2.68393087 4.20172730 2.94727796
v -31.61791897 -1.41950354 0.27804193
v -31.62808132 -1.48726854 0.23727804
v -31.61791897 -1.83075854 0.95609116
v 8.86045694 24.11462203 -2.01678711
v 8.87106228 24.11565199 -2.00697404
v 4.40608096 16.45954123 -2.05072195
v 8.91758585 24.11292067 -1.95972210
v 4.40608096 16.45954123 -2.05072195
v 8.87106228 24.11565199 -2.00697404
v -31.61791897 -1.41950354 0.27804193
v -31.53037167 -1.64127550 1.07927793
v -31.41699123 -0.97527453 0.54527825
v -2.68393087 4.20172730 -2.05272204
v -31.33991909 -0.80228588 0.64346611
v -31.33991909 -1.22141454 1.33448988
v -31.61791897 -1.83075854 0.95609116
v 6.02523708 -1.50983652 -1.19045705
v 6.00047207 -1.48719153 -1.17810506
v 7.04380608 -3.48848853 -1.05967504
v 6.05293083 -1.53537950 -1.20412010
v -1.27324104 6.07135668 -1.76234704
v -1.26300192 6.11632338 -1.77608508
v 8.95727396 24.10966101 -1.92339307
v -1.24960494 6.17162171 -1.79227501
v -1.23648190 6.22679749 -1.80865509
v -1.41667295 5.03275147 -1.39193803
v -1.28527999 5.18073168 -1.35572201
v -1.41732883 5.01126757 -1.38267404
v 19.87533092 -25.08546838 -1.48957402
v 19.90318012 -25.03384790 -1.58090610
v -31.33991909 -1.22141454 1.33448988
v -31.30985165 -1.18227550 1.35827797
v -31.33991909 -0.80228588 0.64346611
v 5.75221109 -1.27157053 -1.04743201
v 5.78405619 -1.29744849 -1.06528002
v 5.81492519 -1.32402954 -1.08165902
v -31.07422161 -0.45028087 0.84327817
v -30.95263958 -0.70926830 1.62727791
v -30.87892056 -0.18741769 0.98333335
v -30.87892056 -0.60997942 1.68002695
v 5.83944607 -1.34482750 -1.09487707
v 5.92253017 -1.41710851 -1.13852602
v 5.89337015 -1.39133653 -1.12345606
v 5.94738626 -1.43923351 -1.15129310
v 5.97192192 -1.46132848 -1.16372401
v 6.07259989 -1.55370554 -1.21372205
v -4.85914803 0.08272389 1.12727791
v -4.86091805 0.04472950 1.10702997
v 19.51233959 -25.35870942 -1.75470203
v 19.76492023 -25.21397790 -1.25308901
v -30.09034061 0.52815852 1.34957999
v -11.97791958 0.61972651 1.39527791
v -30.23893070 0.42055351 1.29587799
v -29.96404934 0.61972651 1.39527791
v -30.59207058 0.08272389 1.12727791
v -29.96404934 0.61972651 1.39527791
v -29.42792034 1.01450178 1.57935697
v -30.47497845 -0.22927260 1.88227790
v -7.88192940 0.25472090 2.12127799
v -30.23893070 -0.00290839 1.99405998
v -30.95263958 -0.70926830 1.62727791
v -4.79936409 -0.70926830 1.62727791
v -30.87892056 -0.60997942 1.68002695
v 19.72318935 -25.09410867 -2.05072195
v 19.92705059 -24.96985826 -1.67727012
v 19.70185947 -25.12010774 -2.05072195
v 6.32505608 -1.80892345 -1.34549505
v 6.30161905 -1.78443345 -1.33378905
v 7.74633598 -4.29926452 -1.32457203
v 6.27752495 -1.75951549 -1.32159108
v 6.25709391 -1.73853454 -1.31110412
v 19.68512058 -25.15202913 -2.01618797
v 6.37284708 -1.85997948 -1.36854309
v 6.39793205 -1.88617858 -1.38106507
v 19.91072941 -25.01089868 -1.61386711
v 19.77588940 -25.02155885 -2.05072195
v -31.71092129 -2.02980956 -0.11169336
v -31.71092129 -2.43108544 0.54991406
v -31.70339870 -1.98127159 -0.07872194
v -31.65676022 -2.08426842 0.79127836
v 9.09930325 -6.75664672 -2.05072195
v 14.50848007 -15.34535894 -2.05072195
v 19.70185947 -25.12010774 -2.05072195
v 6.51423502 -2.01238450 -1.43574304
v 6.53944206 -2.04042944 -1.44707209
v 6.49256706 -1.98847350 -1.42583710
v 16.66679001 -19.55447778 -1.46572203
v 6.58100700 -2.08675560 -1.46572203
v 6.47073221 -1.96468553 -1.41563410
v 6.56457424 -2.06870446 -1.45817107
v 3.43966508 -14.81902894 3.19627803
v 3.28375101 -14.59445867 3.18830198
v 3.07910001 -14.71256837 2.79871195
v 4.07581902 -16.25784883 2.74895900
v 3.76795816 -15.82308874 2.72527784
v 3.07891703 -14.71266851 2.79835099
v 3.04067802 -14.73473844 2.72556203
v 3.04067802 -14.73473844 2.72556203
v 3.07891703 -14.71266851 2.79835099
v 3.03640604 -14.72768888 2.72556299
v 3.05781400 -14.67703828 2.79908699
v 3.07910001 -14.71256837 2.79871195
v 3.28375101 -14.59445867 3.18830198
v 3.17051506 -14.41040811 3.18618601
v 3.05770707 -14.67728814 2.79872483
v 6.17916727 -1.65903649 -1.27101606
v 6.15402126 -1.63382849 -1.25773400
v 7.51725626 -4.05579528 -1.21372205
v 1.61187584 -12.28998861 2.72561186
v 1.21565086 -11.44365892 2.72534603
v 2.05982816 -13.11983880 2.72570103
v 19.68512058 -25.15202913 -2.01618797
v 19.91072941 -25.01089868 -1.61386711
v 19.68072033 -25.16171846 -2.00637108
v 19.90318012 -25.03384790 -1.58090610
v 2.05982816 -13.11983880 2.72570103
v 6.25263786 -1.73397252 -1.30882508
v 6.22831583 -1.70916149 -1.29630608
v 6.20371914 -1.68395445 -1.28373307
v 6.12814188 -1.60814855 -1.24390608
v 6.10416985 -1.58446655 -1.23101300
v 6.07972622 -1.56060252 -1.21764201
v 6.07259989 -1.55370554 -1.21372205
v 2.29298246 -12.98517808 3.16958397
v 2.10728297 -13.09242830 2.81603688
v 2.10709986 -13.09253892 2.81569594
v 19.68072033 -25.16171846 -2.00637108
v 19.90318012 -25.03384790 -1.58090610
v 19.65524006 -25.19986925 -1.95972210
v 7.52036905 -4.05962572 -1.21485704
v 19.63592052 -25.22769937 -1.92880100
v 19.87533092 -25.08546838 -1.48957402
v 8.81776285 24.22929183 -1.33567304
v 8.84504509 24.22329131 -1.29696411
v -0.13691890 0.92972401 -2.05272204
v -0.22291696 0.90772083 2.94727796
v -0.22291696 0.90772083 -2.05272204
v 6.71931314 -2.25060448 -1.53497511
v 16.66679001 -19.55447778 -1.46572203
v 6.74450493 -2.28070959 -1.54734105
v 1.21127155 -11.43430814 2.72534293
v 1.23530415 -11.42041883 2.77112788
v 1.16050556 -11.30701837 2.72527784
v 6.67515421 -2.19765648 -1.51342601
v 6.69433403 -2.22040758 -1.52302212
v 1.46328576 -11.28874883 3.20523590
v 1.38404685 -11.08020887 3.21119588
v 1.23547205 -11.42032823 2.77142805
v 19.76492023 -25.21397790 -1.25308901
v 19.51233959 -25.35870942 -1.75470203
v 19.78699017 -25.19244775 -1.29628212
v 1.24448997 -11.43898878 2.77186197
v 1.23530415 -11.42041883 2.77112788
v 1.21565086 -11.44365892 2.72534603
v 1.23547205 -11.42032823 2.77142805
v 1.24467307 -11.43895826 2.77216500
v 1.46328576 -11.28874883 3.20523590
v 6.65013027 -2.16828355 -1.50066000
v 6.63037014 -2.14463148 -1.49100608
v 6.58559990 -2.09203443 -1.46816606
v 6.58100700 -2.08675560 -1.46572203
v 1.51208335 -11.39569864 3.20336097
v 8.87438822 24.21465102 -1.25377208
v 16.66907024 -19.55121812 -1.47229404
v 6.77123928 -2.31301245 -1.56013304
v 1.21127155 -11.43430814 2.72534293
v 1.51208335 -11.39569864 3.20336097
v 3.43966508 -14.81902894 3.19627803
v 1.46328576 -11.28874883 3.20523590
v -0.84591794 -0.13128060 -2.05272204
v -0.84591794 -0.13128060 2.94727796
v -0.82492185 -0.21727920 -2.05272204
v 19.54237080 -25.33130845 -1.79477710
v -0.82492185 -0.21727920 2.94727796
v -0.79492283 -0.30127880 -2.05272204
v -0.82492185 -0.21727920 -2.05272204
v 1.61054832 -12.28752813 2.72561091
v 1.69599747 -11.79897889 3.19627803
v 19.63284016 -25.23210916 -1.92388302
v 19.87004948 -25.09520921 -1.47229404
v 1.85009596 -12.14928827 3.18165105
v 1.65217429 -12.26350889 2.80484003
v 1.65200645 -12.26361856 2.80451482
v 1.66195512 -12.28171834 2.80475491
v 1.65200645 -12.26361856 2.80451482
v 1.61187584 -12.28998861 2.72561186
v 1.65217429 -12.26350889 2.80484003
v 1.66215348 -12.28168878 2.80508083
v 1.85009596 -12.14928827 3.18165105
v 1.89954975 -12.24248895 3.18032592
v 1.61054832 -12.28752813 2.72561091
v 19.83346081 -25.14365777 -1.38976008
v -0.53392196 -0.65326861 -2.05272204
v -0.53392196 -0.65326861 2.94727796
v -0.46292305 -0.70627758 -2.05272204
v -0.46292305 -0.70627758 2.94727796
v -0.38691902 -0.75127581 -2.05272204
v -0.46292305 -0.70627758 -2.05272204
v 19.40194035 -25.43135843 -1.62562210
v 19.43724918 -25.41096887 -1.66272205
v 19.72621059 -25.24409875 -1.18766207
v 19.46169949 -25.39685830 -1.69120211
v 1.66195512 -12.28171834 2.80475491
v 2.10709986 -13.09253892 2.81569594
v 1.24448997 -11.43898878 2.77186197
v -1.65358090 5.65328065 -1.04721004
v -1.65351987 5.65363160 -1.04736704
v -1.37513900 5.51788941 -1.58045703
v 2.05982816 -13.11983880 2.72570103
v 2.29298246 -12.98517808 3.16958397
v 2.10728297 -13.09242830 2.81603688
v 16.68754005 -19.39526758 -1.64423305
v 6.98007107 -2.57157239 -1.65412706
v 6.96321011 -2.55062255 -1.64659208
v -1.70419502 4.83524171 -0.64660114
v -1.37500095 4.85977736 -0.38472197
v -1.70675802 4.86405030 -0.66256577
v 2.10709986 -13.09253892 2.81569594
v -1.37513900 5.51788941 -1.58045703
v -1.38272190 5.46231642 -1.56106407
v -1.65358090 5.65328065 -1.04721004
v 0.03907609 -0.85827050 -2.05272204
v 0.03907609 -0.85827050 2.94727796
v 0.12707305 -0.85427245 -2.05272204
v 19.63284016 -25.23210916 -1.92388302
v 19.87004948 -25.09520921 -1.47229404
v 0.12707305 -0.85427245 2.94727796
v 0.21507108 -0.84127209 -2.05272204
v 0.12707305 -0.85427245 -2.05272204
v 6.99693108 -2.59296545 -1.66123611
v 7.06466484 -2.67962059 -1.68918103
v 16.73116970 -19.40773782 -1.70172209
v 7.09522915 -2.71878943 -1.70172209
v 6.78896904 -2.33443651 -1.56860107
v 6.83270121 -2.38857445 -1.58830208
v 6.80715799 -2.35680541 -1.57692307
v 19.78699017 -25.19244775 -1.29628212
v 19.54237080 -25.33130845 -1.79477710
v 19.80606937 -25.17181787 -1.33509511
v 19.56840038 -25.30533800 -1.83062202
v -0.82492185 0.30672291 -2.05272204
v -0.84591794 0.22072437 2.94727796
v -0.84591794 0.22072437 -2.05272204
v 6.87618923 -2.44188842 -1.60832709
v 6.92001200 -2.49637756 -1.62783903
v 6.85070610 -2.41053161 -1.59671110
v -0.84591794 0.22072437 2.94727796
v -0.85891891 0.13272694 -2.05272204
v -0.84591794 0.22072437 -2.05272204
v -31.37683010 -4.78408250 -2.04081708
v -31.37029934 -4.78585252 -2.05072195
v -25.30893040 -4.76227769 -1.91872210
v 7.20173502 -2.86449561 -1.75271005
v 16.73116970 -19.40773782 -1.70172209
v 7.22755289 -2.89995751 -1.76485807
v 7.13227701 -2.76912841 -1.71990210
v 7.10661221 -2.73415551 -1.70743305
v 19.83346081 -25.14365777 -1.38976008
v 19.56840038 -25.30533800 -1.83062202
v 19.58155918 -25.29276857 -1.84846109
v -31.44599819 -4.76151428 -1.91671711
v -25.30893040 -4.76227769 -1.91872210
v -31.50530910 -4.72405347 -1.81880611
v 7.14721489 -2.78965148 -1.72693306
v 7.09522915 -2.71878943 -1.70172209
v 7.22755289 -2.89995751 -1.76485807
v 16.73116970 -19.40773782 -1.70172209
v 7.24154520 -2.91936645 -1.77122802
v 0.30106902 0.90772083 -2.05272204
v 0.30106902 0.90772083 2.94727796
v 0.21507108 0.92972401 -2.05272204
v 1.16050556 -11.30701837 2.72527784
v 0.86920005 -10.59226808 2.71517199
v 3.76795816 -15.82308874 2.72527784
v 0.86167747 -10.57378873 2.71490901
v 4.12130594 -16.32579812 2.74598092
v 0.86236405 -10.57338819 2.71621793
v 19.80606937 -25.17181787 -1.33509511
v 7.26730204 -2.95563659 -1.78219706
v 7.24154520 -2.91936645 -1.77122802
v 7.18736124 -2.84459838 -1.74613208
v 7.17251396 -2.82436547 -1.73891801
v -2.68393087 4.20172730 -2.05272204
v -2.27092099 4.45372668 2.94727796
v -2.27092099 4.45372668 -2.05272204
v 19.68512058 -25.15202913 -2.01618797
v 19.68072033 -25.16171846 -2.00637108
v 9.09930325 -6.75664672 -2.05072195
v 19.65524006 -25.19986925 -1.95972210
v 19.70185947 -25.12010774 -2.05072195
v 19.68512058 -25.15202913 -2.01618797
v 9.09930325 -6.75664672 -2.05072195
v 16.73620033 -19.38155755 -1.74765510
v 7.28834391 -2.98475060 -1.79182405
v 3.04067802 -14.73473844 2.72556203
v 3.03640604 -14.72768888 2.72556299
v 3.76795816 -15.82308874 2.72527784
v 1.61054832 -12.28752813 2.72561091
v 1.21127155 -11.43430814 2.72534293
v 1.16050556 -11.30701837 2.72527784
v -31.71092129 -4.15827331 -0.94772178
v -31.71092129 -4.35404357 -1.18660409
v -4.37114096 -4.37627563 -1.21372205
v -0.22291696 0.90772083 2.94727796
v -0.30691695 0.87772211 -2.05272204
v -0.22291696 0.90772083 -2.05272204
v 19.56840038 -25.30533800 -1.83062202
v 8.18560600 -5.33463439 -1.95972210
v 19.58155918 -25.29276857 -1.84846109
v 19.54237080 -25.33130845 -1.79477710
v 19.51233959 -25.35870942 -1.75470203
v 19.46169949 -25.39685830 -1.69120211
v 19.43724918 -25.41096887 -1.66272205
v 10.18360806 23.46715155 -0.72072178
v 3.07891703 -14.71266851 2.79835099
v 4.07571316 -16.25809869 2.74858683
v 0.85651994 -10.55872831 2.71461504
v 19.72318935 -25.09410867 -2.05072195
v 10.23002625 23.44036093 -0.68181557
v 10.18327332 23.46735182 -0.72072178
v 10.29386806 23.40349188 -0.62790555
v 10.23002625 23.44036093 -0.68181557
v 10.56735229 23.24560156 -0.39872188
v 10.23002625 23.44036093 -0.68181557
v 10.29386806 23.40349188 -0.62790555
v -0.38691902 0.84071949 -2.05272204
v -0.38691902 0.84071949 2.94727796
v -0.46292305 0.79472950 -2.05272204
v 12.40970993 29.57412139 -1.66272205
v 9.27824306 23.98989096 -1.58953101
v 7.62507486 21.28702155 -1.66272205
v -2.68393087 4.20172730 2.94727796
v -0.59892392 0.68272999 -2.05272204
v -0.59892392 0.68272999 2.94727796
v -0.65892196 0.61672050 -2.05272204
v -0.65892196 0.61672050 2.94727796
v -0.71193099 0.54572129 -2.05272204
v -0.65892196 0.61672050 -2.05272204
v 8.82517910 24.11336127 -2.05072195
v 8.86045694 24.11462203 -2.01678711
v 19.69930935 -25.25961885 -1.14980501
v -0.85891891 -0.04427500 -2.05272204
v -0.84591794 -0.13128060 2.94727796
v -0.84591794 -0.13128060 -2.05272204
v 19.55633068 -25.34216890 -0.94772178
v 19.14545918 -25.57942781 -1.35572201
v -0.82492185 -0.21727920 2.94727796
v -1.41792393 4.95511428 -1.35759312
v -1.41800094 4.95085755 -1.35572201
v 19.50253010 -25.37321863 -0.88116068
v 19.33214092 -25.47159776 -0.67072189
v 19.10616970 -25.60211763 -1.31765801
v 12.15826035 29.65374175 -1.92339307
v 12.23558998 29.64033118 -1.84882409
v 7.62507486 21.28702155 -1.66272205
v 7.46533108 21.37948218 -1.84951800
v 18.81964016 -25.76753816 -1.04072207
v -0.75692892 -0.38128057 2.94727796
v -0.75692892 -0.38128057 -2.05272204
v -0.79492283 -0.30127880 -2.05272204
v -31.37700176 -4.77787170 -2.05072195
v -31.37029934 -4.78585252 -2.05072195
v -31.37683010 -4.78408250 -2.04081708
v -1.70810103 5.14900866 -0.81555408
v -1.70703292 5.17851868 -0.83037544
v -1.41792393 4.95511428 -1.35759312
v -0.71193099 -0.45726940 -2.05272204
v -0.75692892 -0.38128057 -2.05272204
v -0.75692892 -0.38128057 2.94727796
v -0.33830392 6.99010363 -1.43274504
v 16.74343967 -19.30435762 -1.86566609
v 9.00858927 -5.86727247 -1.91872210
v 18.41697025 -26.00000772 -0.68181134
v 18.46333027 -25.97322854 -0.72072178
v 18.78537083 -25.78723916 -0.09272187
v -31.70360088 -4.11097154 -1.75402910
v -31.70455074 -4.40250549 -1.25170511
v -31.71092129 -4.04821166 -1.69085104
v -0.71193099 -0.45726940 -2.05272204
v -0.65892196 -0.52826861 2.94727796
v -0.65892196 -0.52826861 -2.05272204
v -1.41810799 4.93271437 -1.34820503
v -1.41800094 4.95085755 -1.35572201
v -1.04191685 4.91660157 -1.06876809
v 9.50076103 23.86141196 -1.35572201
v -0.65892196 -0.52826861 2.94727796
v -0.59892392 -0.59427807 2.94727796
v -0.65892196 -0.52826861 -2.05272204
v -1.41800094 4.95085755 -1.35572201
v -1.41810799 4.93271437 -1.34820503
v -1.70810103 5.14900866 -0.81555408
v -1.71017599 5.10149232 -0.79202497
v -0.53392196 -0.65326861 2.94727796
v -0.53392196 -0.65326861 -2.05272204
v -0.59892392 -0.59427807 -2.05272204
v -31.70812130 -4.37627563 -1.21372205
v -0.46292305 -0.70627758 2.94727796
v -31.71092129 -4.35404357 -1.18660409
v -0.22291696 -0.81926891 2.94727796
v -0.22291696 -0.81926891 -2.05272204
v -0.30691695 -0.78927007 -2.05272204
v -1.41792393 4.95511428 -1.35759312
v -31.39831829 -4.77697143 -2.00100905
v -31.43239117 -4.76627454 -1.94111210
v -31.42980862 -4.70411071 -2.05072195
v -31.39670849 -4.74935350 -2.05072195
v -0.13691890 -0.84127209 -2.05272204
v -0.22291696 -0.81926891 -2.05272204
v -0.22291696 -0.81926891 2.94727796
v -31.44599819 -4.76151428 -1.91671711
v -31.44332027 -4.68483838 -2.05072195
v -31.44462872 -4.76227769 -1.91872210
v -31.43239117 -4.76627454 -1.94111210
v -31.44462872 -4.76227769 -1.91872210
v -31.44332027 -4.68483838 -2.05072195
v -31.42980862 -4.70411071 -2.05072195
v -31.44599819 -4.76151428 -1.91671711
v -31.50432110 -4.58539733 -2.05072195
v -31.44332027 -4.68483838 -2.05072195
v 0.03907609 -0.85827050 -2.05272204
v -0.04992795 -0.85427245 -2.05272204
v 0.03907609 -0.85827050 2.94727796
v 17.71374035 -26.40599832 -0.11192226
v 18.06133938 -26.20523843 0.54978585
v 17.66766071 -26.42386827 -0.07872194
v -31.44462872 -4.76227769 -1.91872210
v 18.03568935 -26.21515855 0.56870717
v 17.61380959 -26.44490823 -0.04211181
v -31.44462872 -4.76227769 -1.91872210
v -31.43239117 -4.76627454 -1.94111210
v -31.39831829 -4.77697143 -2.00100905
v 0.12707305 -0.85427245 2.94727796
v -31.44332027 -4.68483838 -2.05072195
v -30.40993023 -4.39534959 -2.05072195
v -31.42980862 -4.70411071 -2.05072195
v -31.37683010 -4.78408250 -2.04081708
v -31.39831829 -4.77697143 -2.00100905
v -31.39670849 -4.74935350 -2.05072195
v -31.37700176 -4.77787170 -2.05072195
v 18.77649975 -25.79243860 -1.00205606
v 19.07445049 -25.62035760 -0.38472197
v 19.27014065 -25.50737771 -0.60199565
v 18.02991962 -26.22345933 -0.36005077
v 18.07924938 -26.19496927 -0.39872188
v 18.46838093 -25.97025880 0.20327803
v -1.71046591 5.07263747 -0.77682859
v -1.71017599 5.10149232 -0.79202497
v -1.41646004 4.87651673 -1.32348007
v -31.57911968 -4.42597350 -2.05072195
v -31.57347012 -4.66533861 -1.67622406
v -31.59101009 -4.39534959 -2.05072195
v 18.12538052 -26.16826829 0.49827823
v 17.71374035 -26.40599832 -0.11192226
v -0.79492283 0.38973071 2.94727796
v -0.82492185 0.30672291 2.94727796
v -0.79492283 0.38973071 -2.05272204
v -0.82492185 0.30672291 2.94727796
v 1.85009596 -12.14928827 3.18165105
v 1.89954975 -12.24248895 3.18032592
v 1.69599747 -11.79897889 3.19627803
v 3.17051506 -14.41040811 3.18618601
v 3.43966508 -14.81902894 3.19627803
v -31.61101055 -4.36470947 -2.01590806
v 2.29298246 -12.98517808 3.16958397
v 3.28375101 -14.59445867 3.18830198
v -31.60153103 -4.63088331 -1.61319500
v 1.69599747 -11.79897889 3.19627803
v 4.20464897 -15.94537935 3.21287888
v -1.41810799 4.93271437 -1.34820503
v 0.94164878 -9.82134447 3.24011987
v 5.62989712 -17.84766778 3.24196499
v 0.85272056 -9.54766378 3.24247783
v 0.03907609 0.94672230 -2.05272204
v 0.03907609 0.94672230 2.94727796
v -0.04992795 0.94272450 -2.05272204
v -1.41581893 4.85314074 -1.31324011
v 0.74065995 -9.11004171 3.24727791
v 6.15856791 -18.49373826 3.24727791
v 0.62603605 -8.68761644 3.24126094
v -0.13691890 0.92972401 2.94727796
v -31.56061840 -4.67926940 -1.70172209
v -31.57911968 -4.42597350 -2.05072195
v -31.54149151 -4.69619140 -1.74596006
v -0.38691902 0.84071949 2.94727796
v -0.38691902 0.84071949 -2.05272204
v -0.30691695 0.87772211 -2.05272204
v 15.15170002 -20.49310884 -0.62790919
v 15.18282986 -20.47513780 -0.65402645
v 18.41697025 -26.00000772 -0.68181134
v 0.50019705 -8.06099996 3.23027795
v 7.29034328 -19.82137880 3.23027795
v 0.49151409 -8.02063951 3.22858089
v -0.46292305 0.79472950 2.94727796
v -1.71106100 5.02341357 -0.75100976
v -31.57347012 -4.66533861 -1.67622406
v -0.46292305 0.79472950 2.94727796
v -0.53392196 0.74172053 2.94727796
v -0.46292305 0.79472950 -2.05272204
v -1.41581893 4.85314074 -1.31324011
v -1.43284798 4.81087342 -1.25164503
v -1.71106100 5.02341357 -0.75100976
v -31.54326153 -4.50786743 -2.05072195
v -0.53392196 0.74172053 -2.05272204
v -0.59892392 0.68272999 2.94727796
v -0.59892392 0.68272999 -2.05272204
v -0.65892196 0.61672050 2.94727796
v -31.59101009 -4.39534959 -2.05072195
v -31.57911968 -4.42597350 -2.05072195
v -0.85891891 -0.04427500 -2.05272204
v -0.86392403 0.04472950 -2.05272204
v -0.85891891 -0.04427500 2.94727796
v -0.86392403 0.04472950 2.94727796
v -0.85891891 -0.04427500 2.94727796
v -1.46083188 4.80065051 -1.18302912
v -1.71014595 4.94472352 -0.70798439
v -1.71084690 4.99466553 -0.73540318
v -0.85891891 0.13272694 -2.05272204
v -0.86392403 0.04472950 2.94727796
v -0.86392403 0.04472950 -2.05272204
v 3.05781400 -14.67703828 2.79908699
v 0.87057334 -10.59204873 2.71743983
v 3.07910001 -14.71256837 2.79871195
v 1.23547205 -11.42032823 2.77142805
v 2.10728297 -13.09242830 2.81603688
v 1.24467307 -11.43895826 2.77216500
v 1.66215348 -12.28168878 2.80508083
v 1.65217429 -12.26350889 2.80484003
v 1.24467307 -11.43895826 2.77216500
v 1.66215348 -12.28168878 2.80508083
v 1.23547205 -11.42032823 2.77142805
v 3.05781400 -14.67703828 2.79908699
v 1.24467307 -11.43895826 2.77216500
v -1.46083188 4.80065051 -1.18302912
v -1.49430990 4.78842774 -1.09852404
v -1.71014595 4.94472352 -0.70798439
v -0.71193099 -0.45726940 2.94727796
v 0.86222678 -10.57346830 2.71594995
v 1.65200645 -12.26361856 2.80451482
v -0.71193099 -0.45726940 2.94727796
v -0.59892392 -0.59427807 -2.05272204
v -31.61775112 -4.61284742 -1.58021003
v -31.61723995 -4.35605773 -2.00606996
v -31.60153103 -4.63088331 -1.61319500
v -31.61101055 -4.36470947 -2.01590806
v -31.60153103 -4.63088331 -1.61319500
v -31.61723995 -4.35605773 -2.00606996
v -0.59892392 -0.59427807 2.94727796
v 10.41505432 -23.47441873 2.30052393
v 10.43580627 -22.98705873 3.00627798
v 9.71545410 -22.85950860 2.39674896
v -0.30691695 -0.78927007 2.94727796
v -0.30691695 -0.78927007 -2.05272204
v -0.38691902 -0.75127581 -2.05272204
v -1.69581795 4.75253955 -0.59995216
v -1.39534092 4.82456055 -0.38472197
v -1.69940305 4.78111830 -0.61665076
v -0.30691695 -0.78927007 2.94727796
v -0.13691890 -0.84127209 2.94727796
v 10.05728149 -22.66208848 3.04749888
v -1.69099593 4.71663561 -0.57869965
v -0.13691890 -0.84127209 2.94727796
v -0.04992795 -0.85427245 2.94727796
v -0.13691890 -0.84127209 -2.05272204
v -0.04992795 -0.85427245 -2.05272204
v 9.71545410 -22.85950860 2.39674896
v 10.05728149 -22.66208848 3.04749888
v 9.60346794 -22.74945840 2.41027802
v -1.70817685 4.89223328 -0.67804164
v -1.54411483 4.77025452 -0.97246838
v -1.70767403 4.87946168 -0.67072189
v -0.04992795 -0.85427245 2.94727796
v -31.50530910 -4.72405347 -1.81880611
v -31.50432110 -4.58539733 -2.05072195
v -31.50530910 -4.72405347 -1.81880611
v -31.54326153 -4.50786743 -2.05072195
v 0.30106902 -0.81926891 2.94727796
v 0.30106902 -0.81926891 -2.05272204
v 0.21507108 -0.84127209 -2.05272204
v -0.08253598 -5.80324754 2.38274997
v 10.41505432 -23.47441873 2.30052393
v 9.71545410 -22.85950860 2.39674896
v -31.54149151 -4.69619140 -1.74596006
v 0.30106902 -0.81926891 -2.05272204
v 0.30106902 -0.81926891 2.94727796
v 0.38407707 -0.78927007 2.94727796
v -1.69581795 4.75253955 -0.59995216
v -1.69940305 4.78111830 -0.61665076
v -1.65931797 4.72820130 -0.66657418
v -0.79492283 0.38973071 2.94727796
v -0.79492283 0.38973071 -2.05272204
v -0.75692892 0.46973261 -2.05272204
v -0.82492185 0.30672291 -2.05272204
v -31.61723995 -4.35605773 -2.00606996
v -31.61775112 -4.61284742 -1.58021003
v -31.63698101 -4.31527051 -1.95972210
v -31.65169811 -4.28338060 -1.92761106
v 8.57987785 -21.75491914 2.51798385
v 9.58775187 -22.73419771 2.41193288
v 9.42259121 -22.05029878 3.10827797
v 9.75491333 -22.37074861 3.07646984
v -31.64829159 -4.56234130 -1.48779708
v 0.21507108 0.92972401 -2.05272204
v 0.21507108 0.92972401 2.94727796
v 0.12707305 0.94272450 -2.05272204
v 0.12707305 0.94272450 2.94727796
v 0.03907609 0.94672230 2.94727796
v 0.12707305 0.94272450 -2.05272204
v 9.03980923 -21.68674859 3.13769883
v 8.91062784 -21.56404886 3.14763587
v 8.57987785 -21.75491914 2.51798385
v 8.91062784 -21.56404886 3.14763587
v 8.47451591 -21.64156923 2.52754897
v -0.53392196 0.74172053 -2.05272204
v -1.83592391 4.66371766 2.94727796
v -1.83592391 4.66371766 -2.05272204
v -2.27092099 4.45372668 2.94727796
v -0.53392196 0.74172053 2.94727796
v 8.63511515 -21.27315912 3.16595691
v 6.05293083 -1.53537950 -1.20412010
v 6.07259989 -1.55370554 -1.21372205
v 5.78953409 -1.68728051 -1.70601005
v 5.78953409 -1.68728051 -1.70601005
v 5.77754116 -1.67670652 -1.70086807
v 6.05293083 -1.53537950 -1.20412010
v -2.27092099 4.45372668 -2.05272204
v -0.79492283 -0.30127880 2.94727796
v -1.38392782 4.82872668 -1.27989906
v -1.41646004 4.87651673 -1.32348007
v -0.79492283 -0.30127880 2.94727796
v -31.69436932 -4.15091857 -1.79425210
v -31.69649029 -4.43248853 -1.29514605
v -31.70360088 -4.11097154 -1.75402910
v -1.41412497 4.81770936 -1.29717309
v -1.41581893 4.85314074 -1.31324011
v -31.70455074 -4.40250549 -1.25170511
v -1.42039585 4.81540528 -1.28191608
v 9.60346794 -22.74945840 2.41027802
v -0.06713998 -6.45603332 2.47330397
v -0.07699800 -5.98356065 2.41027802
v 8.40048122 -21.56195840 2.53427785
v 9.60346794 -22.74945840 2.41027802
v 9.58775187 -22.73419771 2.41193288
v -31.65391827 -4.27848253 -1.92267508
v -31.65391827 -4.55286559 -1.47045702
v -31.68073177 -4.20404968 -1.84773511
v -0.38691902 -0.75127581 2.94727796
v -1.41412497 4.81770936 -1.29717309
v -0.38691902 -0.75127581 2.94727796
v -1.71084690 4.99466553 -0.73540318
v -1.43432784 4.81032458 -1.24803704
v -31.65513897 -4.55027160 -1.46572203
v -1.43432784 4.81032458 -1.24803704
v -1.45153999 4.80403748 -1.20581204
v -31.67748928 -4.49706468 -1.38865000
v 0.21507108 -0.84127209 2.94727796
v 0.21507108 -0.84127209 2.94727796
v -1.70817685 4.89223328 -0.67804164
v -0.71193099 0.54572129 2.94727796
v -0.75692892 0.46973261 2.94727796
v -0.71193099 0.54572129 -2.05272204
v -0.75692892 0.46973261 2.94727796
v -1.49430990 4.78842774 -1.09852404
v -1.50209188 4.78558961 -1.07885307
v -1.52189803 4.77835646 -1.02872211
v -31.65391827 -4.27848253 -1.92267508
v -0.85891891 0.13272694 2.94727796
v -31.65391827 -4.55286559 -1.47045702
v -1.53390598 4.77397767 -0.99830026
v -0.85891891 0.13272694 2.94727796
v -1.70675802 4.86405030 -0.66256577
v -1.57258797 4.75986329 -0.89776874
v -1.58456588 4.75548354 -0.86632616
v -1.70675802 4.86405030 -0.66256577
v -1.54411483 4.77025452 -0.97246838
v 0.21507108 0.92972401 2.94727796
v 0.12707305 0.94272450 2.94727796
v 0.03907609 0.94672230 -2.05272204
v 5.78405619 -1.29744849 -1.06528002
v 5.49565005 -1.44484851 -1.58035308
v 5.75221109 -1.27157053 -1.04743201
v 10.43580627 -22.98705873 3.00627798
v 0.27056706 -5.38111266 3.00627798
v 10.05728149 -22.66208848 3.04749888
v -0.04992795 0.94272450 2.94727796
v -31.68833828 -4.45917663 -1.33377904
v -31.69436932 -4.15091857 -1.79425210
v -31.68508816 -4.18628845 -1.82985503
v -0.13691890 0.92972401 -2.05272204
v -0.04992795 0.94272450 -2.05272204
v -0.13691890 0.92972401 2.94727796
v -0.04992795 0.94272450 2.94727796
v -1.39534092 4.82456055 -0.38472197
v -1.38392782 4.82872668 -0.37789756
v -1.37500095 4.85977736 -0.38472197
v -0.30691695 0.87772211 2.94727796
v 0.28341508 -5.16909131 2.97136396
v 10.43580627 -22.98705873 3.00627798
v 10.85781765 -23.35515794 2.95220083
v -0.30691695 0.87772211 2.94727796
v 5.75207424 -1.27144751 -1.04736108
v 5.75221109 -1.27157053 -1.04743201
v 5.45176506 -1.41074547 -1.56126601
v 5.49565005 -1.44484851 -1.58035308
v 5.45176506 -1.41074547 -1.56126601
v 5.75221109 -1.27157053 -1.04743201
v -31.69649029 -4.43248853 -1.29514605
v -1.69940305 4.78111830 -0.61665076
v -1.70419502 4.83524171 -0.64660114
v -1.62776303 4.73970643 -0.75309026
v -1.62776303 4.73970643 -0.75309026
v -1.62892294 4.73929444 -0.74988944
v -1.69940305 4.78111830 -0.61665076
v -0.71193099 0.54572129 2.94727796
v -1.62892294 4.73929444 -0.74988944
v -0.75692892 0.46973261 -2.05272204
v -1.65931797 4.72820130 -0.66657418
v -1.69099593 4.71663561 -0.57869965
v -1.69581795 4.75253955 -0.59995216
v -1.24960494 6.17162171 -1.79227501
v -1.26300192 6.11632338 -1.77608508
v -1.50311399 6.31781664 -1.30953604
v -31.68833828 -4.45917663 -1.33377904
v -31.68508816 -4.18628845 -1.82985503
v -31.67748928 -4.49706468 -1.38865000
v -31.68073177 -4.20404968 -1.84773511
v -1.50193906 6.32198134 -1.31109709
v -1.24960494 6.17162171 -1.79227501
v -1.50193906 6.32198134 -1.31109709
v -1.49351597 6.35210267 -1.32233411
v 5.58972001 -1.14177844 -0.95462483
v 5.27017117 -1.28016052 -1.47745806
v 5.57809305 -1.13291344 -0.94772178
v -1.38392782 4.82872668 -1.27989906
v -1.38392782 4.82872668 -2.05272204
v -1.41412497 4.81770936 -1.29717309
v -1.83592391 4.66371766 -2.05272204
v -31.59101009 -4.39534959 -2.05072195
v -31.61101055 -4.36470947 -2.01590806
v -30.40993023 -4.39534959 -2.05072195
v -31.61723995 -4.35605773 -2.00606996
v -31.63698101 -4.31527051 -1.95972210
v -31.39670849 -4.74935350 -2.05072195
v -5.15892172 -4.29219970 -1.93649310
v -5.17074680 -4.29491529 -1.93921906
v -31.71092129 -4.02027234 -1.66272205
v -5.14700508 -4.28930053 -1.93357307
v -5.15892172 -4.29219970 -1.93649310
v -31.71092129 -4.02027234 -1.66272205
v -5.09092903 -4.27614745 -1.92033607
v -5.07879782 -4.27320251 -1.91736311
v -4.96747017 -4.24508056 -1.88904804
v -4.95492697 -4.24183044 -1.88578612
v -4.96747017 -4.24508056 -1.88904804
v -1.42039585 4.81540528 -1.28191608
v -0.79692197 -1.75927147 2.94727796
v -0.79692197 -1.75927147 -2.05272204
v -0.72493100 -1.67926952 -2.05272204
v -31.54326153 -4.50786743 -2.05072195
v -0.79692197 -1.75927147 2.94727796
v -0.85992599 -1.84627745 -2.05272204
v -0.79692197 -1.75927147 -2.05272204
v -0.85992599 -1.84627745 2.94727796
v -0.91392684 -1.93827257 2.94727796
v -0.85992599 -1.84627745 -2.05272204
v -31.50432110 -4.58539733 -2.05072195
v 5.14364505 -1.19568846 -1.41614408
v 5.43171501 -1.02956554 -0.86725825
v 5.49398708 -1.07244250 -0.90207398
v -31.37700176 -4.77787170 -2.05072195
v 5.14364505 -1.19568846 -1.41614408
v 5.09617496 -1.16691050 -1.39182800
v 5.43171501 -1.02956554 -0.86725825
v 5.40679812 -1.01357445 -0.85270238
v -0.47091794 -1.48627648 2.94727796
v -0.56192183 -1.54227647 -2.05272204
v -0.47091794 -1.48627648 -2.05272204
v -31.56061840 -4.67926940 -1.70172209
v -31.54149151 -4.69619140 -1.74596006
v -1.43284798 4.81087342 -1.25164503
v -1.43284798 4.81087342 -1.25164503
v -1.83592391 4.66371766 -2.05272204
v -1.43432784 4.81032458 -1.24803704
v -0.85992599 -1.84627745 2.94727796
v -31.56061840 -4.67926940 -1.70172209
v -5.89215183 -4.67926940 -1.70172209
v -31.57347012 -4.66533861 -1.67622406
v -31.60153103 -4.63088331 -1.61319500
v -31.61775112 -4.61284742 -1.58021003
v 0.24908304 -1.37827453 -2.05272204
v 0.24908304 -1.37827453 2.94727796
v 0.14507902 -1.36226854 -2.05272204
v 0.14507902 -1.36226854 -2.05272204
v 0.03907609 -1.35627148 2.94727796
v 0.03907609 -1.35627148 -2.05272204
v 0.03907609 -1.35627148 -2.05272204
v 0.03907609 -1.35627148 2.94727796
v -0.06692696 -1.36226854 -2.05272204
v -31.69649029 -4.43248853 -1.29514605
v -5.08706808 -4.55027160 -1.46572203
v -31.70455074 -4.40250549 -1.25170511
v -0.06692696 -1.36226854 -2.05272204
v -0.17192197 -1.37827453 2.94727796
v -0.17192197 -1.37827453 -2.05272204
v -0.17192197 -1.37827453 -2.05272204
v -0.17192197 -1.37827453 2.94727796
v -0.27491891 -1.40427551 -2.05272204
v -1.43432784 4.81032458 -1.24803704
v -1.45153999 4.80403748 -1.20581204
v -1.46083188 4.80065051 -1.18302912
v -0.47091794 -1.48627648 2.94727796
v -0.47091794 -1.48627648 -2.05272204
v -0.37492490 -1.44027147 -2.05272204
v -0.56192183 -1.54227647 -2.05272204
v -0.56192183 -1.54227647 2.94727796
v -0.64692783 -1.60627148 -2.05272204
v 4.09817410 -16.29248819 2.74783796
v 4.12130594 -16.32579812 2.74598092
v 4.34403801 -16.15048799 3.21591896
v 4.49867105 -16.35509881 3.22123092
v 4.08453202 -16.30037889 2.72186488
v 4.10191202 -16.32429895 2.72156685
v 4.09797502 -16.29260835 2.74747103
v 4.12101603 -16.32578859 2.74562090
v -0.72493100 -1.67926952 -2.05272204
v -0.64692783 -1.60627148 -2.05272204
v -0.72493100 -1.67926952 2.94727796
v -0.64692783 -1.60627148 2.94727796
v 4.06834316 -16.27597818 2.72203988
v 4.07571316 -16.25809869 2.74858683
v -5.54393196 3.39435449 2.47327989
v -5.49028206 2.97472253 3.10827797
v -5.13040304 3.16672340 2.41027802
v -0.72493100 -1.67926952 2.94727796
v -5.54393196 3.00554553 3.11432785
v -4.90692282 3.04653040 2.37156504
v -4.90692282 2.64897743 3.02704090
v 4.20464897 -15.94537935 3.21287888
v -1.47364998 4.79596558 -1.15066904
v -1.46083188 4.80065051 -1.18302912
v -1.49430990 4.78842774 -1.09852404
v 4.08453202 -16.30037889 2.72186488
v 4.09797502 -16.29260835 2.74747103
v 0.14507902 -1.36226854 2.94727796
v -6.24592686 3.71309558 2.55645197
v -6.24592686 3.33544055 3.17909997
v -6.03331089 3.61472145 2.53427785
v 4.34403801 -16.15048799 3.21591896
v 4.32047915 -16.11581811 3.21540302
v 4.09817410 -16.29248819 2.74783796
v 0.14507902 -1.36226854 2.94727796
v -0.06692696 -1.36226854 2.94727796
v -5.54393196 3.39435449 2.47327989
v -5.54393196 3.00554553 3.11432785
v -1.57258797 4.75986329 -0.89776874
v -1.54411483 4.77025452 -0.97246838
v 7.94077921 -21.07353792 2.56899804
v 7.95083523 -20.55826768 3.20300597
v 7.43516397 -20.53638849 2.60714596
v -0.06692696 -1.36226854 2.94727796
v -0.27491891 -1.40427551 2.94727796
v -7.00892830 3.63788453 3.22103494
v -6.24592686 3.71309558 2.55645197
v -7.00892830 4.00153151 2.62147301
v -0.27491891 -1.40427551 2.94727796
v -0.37492490 -1.44027147 2.94727796
v -0.27491891 -1.40427551 -2.05272204
v 8.37495327 -20.99867830 3.18327802
v 8.40048122 -21.56195840 2.53427785
v -1.50209188 4.78558961 -1.07885307
v -1.49430990 4.78842774 -1.09852404
v -0.88412595 7.45355836 -2.05072195
v -0.88693404 7.44197646 -2.05072195
v -1.06408787 7.55747071 -1.70741910
v -6.30134678 3.35672656 3.18327802
v -6.24592686 3.33544055 3.17909997
v -0.64692783 -1.60627148 2.94727796
v 7.75298929 -20.35283861 3.21219891
v -1.52189803 4.77835646 -1.02872211
v -7.82292271 4.25839844 2.66615504
v -7.82292271 3.90964356 3.24115985
v -7.10730076 4.03172961 2.62827796
v -7.22230721 3.70673242 3.23027795
v -0.01342893 -6.98964843 2.53427785
v 7.75298929 -20.35283861 3.21219891
v 7.10130215 -20.14568910 2.62827796
v 7.43516397 -20.53638849 2.60714596
v 7.94077921 -21.07353792 2.56899804
v -0.01342893 -6.98964843 2.53427785
v 8.40048122 -21.56195840 2.53427785
v -7.00892830 4.00153151 2.62147301
v 7.29034328 -19.82137880 3.23027795
v -7.00892830 3.63788453 3.22103494
v -1.53390598 4.77397767 -0.99830026
v 15.70162964 -26.60619935 0.98367375
v 16.03649998 -26.38551912 1.69249493
v 15.54358006 -26.55859765 1.04385692
v -0.37492490 -1.44027147 -2.05272204
v 6.29539299 -19.21339807 2.66709488
v 6.59712124 -19.03912935 3.24152201
v 16.06772995 -26.39490899 1.68063694
v 15.76935005 -26.30515870 1.79399591
v -0.37492490 -1.44027147 2.94727796
v -0.56192183 -1.54227647 2.94727796
v 6.38824320 -18.77945909 3.24426597
v 6.15856791 -18.49373826 3.24727791
v 6.23910427 -19.14204797 2.66928285
v -1.62776303 4.73970643 -0.75309026
v -1.58456588 4.75548354 -0.86632616
v -24.64091969 3.12354150 2.39636796
v -24.48519039 3.16672340 2.41027802
v -4.36305380 2.69173256 2.25727790
v 5.17335415 -17.79729852 2.70316690
v 5.64666605 -18.39055833 2.69227785
v 5.62989712 -17.84766778 3.24196499
v 5.45545816 -17.63449869 3.24020594
v 16.02799988 -26.64388856 0.84327817
v 16.46537971 -26.69791803 0.64329505
v 16.63234043 -26.46381769 1.42529791
v 15.70162964 -26.60619935 0.98367375
v 16.19217014 -26.40923890 1.62727791
v 16.06772995 -26.39490899 1.68063694
v 2.49636674 -4.27518663 1.12727791
v 2.76107609 -4.11327562 0.96218127
v 15.32468987 -26.49295816 1.12727791
v -6.03331089 3.61472145 2.53427785
v -20.97770023 4.03172961 2.62827796
v -6.24592686 3.71309558 2.55645197
v 6.29539299 -19.21339807 2.66709488
v 6.59712124 -19.03912935 3.24152201
v 15.54358006 -26.55859765 1.04385692
v 15.76935005 -26.30515870 1.79399591
v 15.32468987 -26.49295816 1.12727791
v 15.53719997 -26.23561868 1.88227790
v 14.85523987 -26.35594758 1.29634994
v 15.35949993 -26.18401918 1.94561392
v -1.38392782 4.82872668 -0.37789756
v -1.83592391 4.66371766 2.94727796
v -1.38392782 4.82872668 2.94727796
v -7.22230721 3.70673242 3.23027795
v -20.78728008 3.70673242 3.23027795
v -7.00892830 3.63788453 3.22103494
v 4.51202202 -16.88809785 2.71452397
v 4.93565202 -16.93294916 3.23627800
v 5.17335415 -17.79729852 2.70316690
v 15.22214031 -26.14413843 1.99451893
v -6.30134678 3.35672656 3.18327802
v -22.35018063 3.35672656 3.18327802
v -6.24592686 3.33544055 3.17909997
v -1.39534092 4.82456055 -0.38472197
v -1.69099593 4.71663561 -0.57869965
v 5.45545816 -17.63449869 3.24020594
v -4.78401279 2.56572548 3.00627798
v -4.90692282 2.64897743 3.02704090
v -23.78724003 2.97472253 3.10827797
v 14.68762016 -26.28104791 1.35021895
v 14.90205002 -26.00160798 2.09623998
v 14.54738045 -26.21831903 1.39527791
v -1.65931797 4.72820130 -0.66657418
v 7.07752800 -2.98647460 -2.05072195
v 7.03623819 -2.94570360 -2.05072195
v 7.22755289 -2.89995751 -1.76485807
v 14.61717033 -25.87668809 2.18238491
v 14.82324028 -25.96649942 2.12127799
v 4.50599504 -16.87981805 2.71462792
v -1.03692794 -2.56527051 2.94727796
v -1.03692794 -2.56527051 -2.05272204
v -1.04191685 -2.45726952 -2.05272204
v -1.03692794 -2.56527051 2.94727796
v -1.02092099 -2.67228040 2.94727796
v -1.03692794 -2.56527051 -2.05272204
v 7.24154520 -2.91936645 -1.77122802
v 7.08650112 -2.99552354 -2.05072195
v 7.22755289 -2.89995751 -1.76485807
v 13.93630981 -25.95062837 1.57945996
v 14.30212021 -25.73933801 2.27589506
v 14.85523987 -26.35594758 1.29634994
v 15.22214031 -26.14413843 1.99451893
v -4.83792305 0.53471971 2.24939388
v -4.80821371 0.73772272 2.34227794
v -7.88192940 0.25472090 2.12127799
v 0.10903811 -7.84444532 2.60678404
v 7.43516397 -20.53638849 2.60714596
v 0.01881206 -7.29168043 2.56205505
v 12.95201015 -25.39265832 1.83320290
v 13.69616985 -25.81294832 1.64427799
v 13.31503010 -25.18298921 2.52431792
v -1.62892294 4.73929444 -0.74988944
v -31.71092129 -2.02980956 -0.11169336
v -4.43609810 -1.98127159 -0.07872194
v 13.93630981 -25.95062837 1.57945996
v 14.05243015 -25.59673890 2.34227794
v -4.48791695 -1.86927161 -0.00707805
v -31.70339870 -1.98127159 -0.07872194
v -4.62187290 -1.48726854 0.23727804
v -4.43609810 -1.98127159 -0.07872194
v 0.85520774 -10.55486879 2.71453899
v 0.56675506 -9.71282491 2.69807499
v 4.51202202 -16.88809785 2.71452397
v -0.91392684 -1.93827257 -2.05272204
v 6.92645121 -2.83826551 -2.05072195
v 6.91790628 -2.83016357 -2.05072195
v 7.10661221 -2.73415551 -1.70743305
v -0.91392684 -1.93827257 2.94727796
v -0.95991683 -2.03627953 -2.05272204
v -0.91392684 -1.93827257 -2.05272204
v -4.62187290 -1.48726854 0.23727804
v 14.30212021 -25.73933801 2.27589506
v 0.85651994 -10.55872831 2.71461504
v 4.50599504 -16.87981805 2.71462792
v 4.10191202 -16.32429895 2.72156685
v 4.08453202 -16.30037889 2.72186488
v 4.06834316 -16.27597818 2.72203988
v -4.76692295 -0.93126854 0.57025355
v -31.07422161 -0.45028087 0.84327817
v -4.83719015 -0.45028087 0.84327817
v -1.02092099 -2.67228040 -2.05272204
v 4.51202202 -16.88809785 2.71452397
v 6.87481499 -2.78911743 -2.05072195
v 7.06466484 -2.67962059 -1.68918103
v 7.09113884 -2.71355543 -1.70003504
v -4.83792305 -0.44527599 0.84594244
v -1.02092099 -2.67228040 -2.05272204
v -1.02092099 -2.67228040 2.94727796
v -0.99492002 -2.77727661 -2.05272204
v 12.77558994 -25.27133760 1.87327796
v 12.97521973 -24.95326814 2.59488195
v 12.56377983 -25.12762842 1.91778689
v 4.09797502 -16.29260835 2.74747103
v 6.99693108 -2.59296545 -1.66123611
v -0.99492002 -2.77727661 -2.05272204
v -0.99492002 -2.77727661 2.94727796
v -0.95991683 -2.87827453 -2.05272204
v -0.95991683 -2.87827453 -2.05272204
v -0.95991683 -2.87827453 2.94727796
v -0.91392684 -2.97628149 -2.05272204
v 11.91263962 -24.68591890 2.05449599
v 12.34702969 -24.52979860 2.72227806
v 4.50599504 -16.87981805 2.71462792
v 4.12101603 -16.32578859 2.74562090
v -4.86091805 0.04472950 2.01757997
v -4.84807014 -0.22927260 1.88227790
v 13.06225014 29.19749060 -0.09272187
v -1.18463302 5.18962756 -0.38472197
v -0.95199704 4.93971863 -0.09872394
v 12.27077007 -24.47925767 2.73627299
v -1.37204099 4.83177748 -0.37023026
v -4.76692295 -0.93126854 1.50102395
v -30.95263958 -0.70926830 1.62727791
v -4.70523214 -1.18227550 1.35827797
v -4.79936409 -0.70926830 1.62727791
v -1.23991489 4.86572829 -0.28497947
v -1.21312094 5.05400649 -0.34704426
v -1.26049995 4.86043349 -0.29826516
v 12.78295994 -25.27641878 1.87160593
v -31.33991909 -1.22141454 1.33448988
v -4.56787300 -1.64127550 1.07927793
v -31.30985165 -1.18227550 1.35827797
v -4.64991903 -1.40728149 1.22151297
v -4.70523214 -1.18227550 1.35827797
v -1.02092099 -2.24227247 -2.05272204
v -1.02092099 -2.24227247 2.94727796
v -1.03692794 -2.34926757 -2.05272204
v -4.38842916 -2.08426842 0.79127836
v -4.48791695 -1.86927161 0.93105244
v -31.65676022 -2.08426842 0.79127836
v -1.03692794 -2.34926757 -2.05272204
v -1.03692794 -2.34926757 2.94727796
v -1.04191685 -2.45726952 -2.05272204
v -31.65676022 -2.08426842 0.79127836
v -31.71092129 -2.43108544 0.54991406
v 12.95956039 -24.94270906 2.59805888
v -3.91354513 -2.90126953 0.20327803
v -31.71092129 -2.50527343 0.49827823
v 13.31503010 -25.18298921 2.52431792
v 13.22922993 -25.12430772 2.54327792
v 12.95201015 -25.39265832 1.83320290
v -0.99492002 -2.77727661 2.94727796
v -0.91691685 4.94872132 -0.99516076
v -0.91691685 4.94872132 -2.05272204
v -0.99649191 4.92827454 -1.04072207
v -0.95991683 -2.87827453 2.94727796
v -0.94270492 4.94209853 -0.09272187
v -1.38392782 4.82872668 2.94727796
v -0.91691685 4.94872132 -0.07736724
v -0.91392684 -2.97628149 2.94727796
v -5.41998386 -4.34951171 -1.99862701
v -5.36291695 -4.33805236 -1.98560411
v -1.04191685 4.91660157 -0.15683477
v -0.95199704 4.93971863 -0.09872394
v -0.91392684 -2.97628149 2.94727796
v -0.85992599 -3.06926855 2.94727796
v -0.91392684 -2.97628149 -2.05272204
v 11.91263962 -24.68591890 2.05449599
v 12.27077007 -24.47925767 2.73627299
v 11.78586960 -24.58569917 2.07827800
v -0.99492002 -2.13826951 2.94727796
v -0.99492002 -2.13826951 -2.05272204
v -0.95991683 -2.03627953 -2.05272204
v -5.48826694 -4.36344251 -2.01447398
v -5.35176182 -4.33570251 -1.98294503
v -5.63492012 -4.39197645 -2.04690200
v -5.62472677 -4.38999328 -2.04463607
v -5.55650473 -4.37714538 -2.03004509
v -5.56692696 -4.37919053 -2.03236205
v -0.91691685 4.94872132 2.94727796
v -1.02092099 -2.24227247 -2.05272204
v -0.99492002 -2.13826951 -2.05272204
v -1.02092099 -2.24227247 2.94727796
v -1.38392782 4.82872668 -2.05272204
v -1.38392782 4.82872668 -1.27989906
v -5.29492283 -4.32331237 -1.96885211
v -5.25657797 -4.31527051 -1.95972210
v 11.52772522 -24.38431939 2.12258190
v 11.41255093 -23.81383905 2.87727803
v 10.82923794 -23.83951768 2.24227994
v -1.03692794 -2.34926757 2.94727796
v 12.04996967 -24.30806932 2.77252406
v -1.04191685 4.91660157 -1.06876809
v -1.38392782 4.82872668 -0.37789756
v -1.37204099 4.83177748 -0.37023026
v 0.32403409 -8.86204061 2.66633290
v 0.16160405 -8.12623033 2.62827796
v 5.64666605 -18.39055833 2.69227785
v 0.50219607 -9.48043355 2.69227785
v 6.23910427 -19.14204797 2.66928285
v 6.77123928 -2.31301245 -1.56013304
v 6.78896904 -2.33443651 -1.56860107
v 6.52999687 -2.42511854 -1.98344809
v 6.57682610 -2.47725853 -1.99990207
v -1.04191685 -2.45726952 2.94727796
v 11.18043518 -23.63683900 2.91088098
v -1.26049995 4.86043349 -0.29826516
v -1.23999190 4.86571351 -0.28482017
v 5.17335415 -17.79729852 2.70316690
v 0.50219607 -9.48043355 2.69227785
v 10.85781765 -23.35515794 2.95220083
v 10.68286133 -23.70975885 2.26378006
v 5.64666605 -18.39055833 2.69227785
v -1.23991489 4.86572829 -0.28497947
v -1.26049995 4.86043349 -0.29826516
v -1.23999190 4.86571351 -0.28482017
v -0.08474898 -5.73058471 2.37168401
v -0.95991683 -2.03627953 2.94727796
v -0.99492002 -2.13826951 2.94727796
v 11.18043518 -23.63683900 2.91088098
v 11.09602261 -23.56311807 2.92170685
v 10.82923794 -23.83951768 2.24227994
v 10.73028469 -23.75146875 2.25727790
v 13.37934971 29.01441184 0.20327803
v 13.13852978 29.15345183 -0.02159512
v -0.47731185 5.01535645 0.20327803
v -1.04191685 -2.45726952 2.94727796
v -0.95991683 -2.03627953 2.94727796
v 13.06225014 29.19749060 -0.09272187
v -0.91691685 4.94872132 -0.07736724
v -0.80308700 4.96597853 -0.00472176
v 6.62997293 -2.53823242 -2.01755101
v 6.62278605 -2.53014550 -2.01507908
v 6.85070610 -2.41053161 -1.59671110
v -0.44192696 5.02072755 0.22413444
v -0.91691685 4.94872132 2.94727796
v -0.44192696 5.02072755 2.94727796
v -31.63698101 -4.31527051 -1.95972210
v -31.65169811 -4.28338060 -1.92761106
v -5.25657797 -4.31527051 -1.95972210
v -31.65391827 -4.27848253 -1.92267508
v -31.68073177 -4.20404968 -1.84773511
v -31.68508816 -4.18628845 -1.82985503
v 0.03907609 -4.95527038 2.38950294
v 0.09322906 -4.95256957 2.50864595
v 0.03907609 -4.95527038 2.94727796
v 0.13445902 -4.95050964 2.59939283
v 0.19189310 -4.94764051 2.71751398
v -0.47515988 5.01569262 0.20454454
v -5.22693014 -4.30858764 -1.95299202
v -5.23852682 -4.31130370 -1.95573002
v 0.19615006 -4.94742736 2.72627800
v 0.29711711 -4.94237670 2.93395585
v 0.51907206 -4.93126830 2.94727796
v 0.31007206 -4.94172058 2.93050903
v -0.47731185 5.01535645 0.20327803
v -0.48028684 5.01491347 0.20137784
v -0.59698606 4.99721327 0.12679934
v 0.03907609 -4.95527038 -2.05272204
v 0.31007206 -4.94172058 2.12009400
v 0.03907609 -4.95527038 2.20716804
v -0.80308700 4.96597853 -0.00472176
v -4.94227695 -4.23845872 -1.88238400
v -4.95492697 -4.24183044 -1.88578612
v -31.71092129 -4.04821166 -1.69085104
v -31.70360088 -4.11097154 -1.75402910
v -31.69436932 -4.15091857 -1.79425210
v 6.58559990 -2.09203443 -1.46816606
v 6.33935404 -2.22042260 -1.91747302
v 6.58100700 -2.08675560 -1.46572203
v -0.44192696 5.02072755 -0.70484787
v -0.44192696 5.02072755 -2.05272204
v -0.46959090 5.01653138 -0.72072178
v -0.91691685 4.94872132 -0.99516076
v -0.91691685 4.94872132 -2.05272204
v 16.82828999 -26.48846826 1.33417493
v 16.77865028 -26.48192796 1.35827797
v -0.91691685 4.94872132 -0.07736724
v 0.63986003 -4.91300353 2.83544892
v 11.41255093 -23.81383905 2.87727803
v 12.04996967 -24.30806932 2.77252406
v 4.93565202 -16.93294916 3.23627800
v 4.49867105 -16.35509881 3.22123092
v 4.93565202 -16.93294916 3.23627800
v 5.45545816 -17.63449869 3.24020594
v 0.50019705 -8.06099996 3.23027795
v -0.46959090 5.01653138 -0.72072178
v 10.18360806 23.46715155 -0.72072178
v -0.44192696 5.02072755 -0.70484787
v -5.71334982 -4.41425428 -2.05072195
v -5.70292807 -4.41112670 -2.05072195
v -0.03215194 -4.95171556 2.22876996
v -0.03215194 -4.95171556 2.22877091
v -0.44192696 -4.93126830 -2.05272204
v -0.44192696 -4.93126830 2.94727796
v -0.44192696 -4.93126830 -2.05272204
v -0.03215194 -4.95171556 2.22877091
v -0.03094697 -4.95177659 2.23148697
v -0.02092195 -4.95227966 2.25411600
v 0.03532207 -4.95508727 2.38104504
v 0.03907609 -4.95527038 2.38950294
v 0.03907609 -4.95527038 2.94727796
v 0.00024211 -4.95333251 2.30188292
v 6.73297024 -3.60462341 -1.57268602
v 6.73287821 -3.60468444 -1.57286304
v 6.38088799 -3.21947655 -1.47033412
v 6.73287821 -3.60468444 -1.57286304
v 6.19541788 -3.01687059 -1.41678304
v 6.38088799 -3.21947655 -1.47033412
v 7.07224894 -3.99497327 -1.66272205
v 7.07264614 -3.99535570 -1.66272205
v 7.35629129 -4.32628736 -1.74377412
v -0.03215194 -4.95171556 2.22876996
v -0.03094697 -4.95177659 2.22840303
v 0.03907609 -4.95527038 2.20716804
v 0.03907609 -4.95527038 -2.05272204
v 0.45399308 -7.84639844 3.22126096
v 7.29034328 -19.82137880 3.23027795
v 6.73287821 -3.60468444 -1.57286304
v 6.73297024 -3.60462341 -1.57268602
v 7.07224894 -3.99497327 -1.66272205
v 6.73297024 -3.60462341 -1.57268602
v 7.35632229 -4.32622632 -1.74366504
v 7.35629129 -4.32628736 -1.74377412
v 7.07264614 -3.99535570 -1.66272205
v -0.04899800 -5.08094129 2.25727790
v -0.04782295 -5.05570373 2.25236886
v 10.73028469 -23.75146875 2.25727790
v 8.37495327 -20.99867830 3.18327802
v 8.63511515 -21.27315912 3.16595691
v 0.31642008 -6.81546935 3.16102689
v 19.43724918 -25.41096887 -1.66272205
v 19.40194035 -25.43135843 -1.62562210
v 7.07224894 -3.99497327 -1.66272205
v 0.26951408 -6.19739637 3.10827797
v 0.26969707 -6.26148328 3.11454600
v 9.03980923 -21.68674859 3.13769883
v 7.35632229 -4.32622632 -1.74366504
v 7.42800808 -4.40961656 -1.76423806
v 7.35629129 -4.32628736 -1.74377412
v 7.42796183 -4.40964660 -1.76434201
v 7.35629129 -4.32628736 -1.74377412
v 7.42800808 -4.40961656 -1.76423806
v -0.05247688 -5.14414367 2.26840895
v 0.25968802 -5.53165540 3.02739900
v 9.42259121 -22.05029878 3.10827797
v 1.33131245 11.91414157 -2.05072195
v 8.37818813 24.11857215 -2.05025703
v 9.35839701 25.81638137 -2.05072195
v 8.37818813 24.11857215 -2.05025703
v 8.38104105 24.12138167 -2.04446107
v 9.35839701 25.81638137 -2.05072195
v 8.38131618 24.12163153 -2.04380399
v 9.35839701 25.81638137 -2.05072195
v 8.38104105 24.12138167 -2.04446107
v -0.34391999 5.02561036 -0.64501184
v 0.03907609 5.04472962 -2.05272204
v -0.44192696 5.02072755 -0.70484787
v 7.48913383 -4.48374328 -1.78040809
v 7.42796183 -4.40964660 -1.76434201
v 7.42800808 -4.40961656 -1.76423806
v 7.48913383 -4.48374328 -1.78040809
v 7.42800808 -4.40961656 -1.76423806
v 7.48921108 -4.48374328 -1.78030807
v 0.27056706 -5.38111266 3.00627798
v 0.03907609 5.04472962 0.52409196
v -0.44192696 5.02072755 2.94727796
v 0.03907609 5.04472962 2.94727796
v 1.33131245 11.91414157 -2.05072195
v 9.35839701 25.81638137 -2.05072195
v 7.07224894 -3.99497327 -1.66272205
v 7.35629129 -4.32628736 -1.74377412
v 7.42796183 -4.40964660 -1.76434201
v 7.48913383 -4.48374328 -1.78040809
v 8.37818813 24.11857215 -2.05025703
v 8.38102627 24.12139121 -2.04442913
v 8.38104105 24.12138167 -2.04446107
v 6.73287821 -3.60468444 -1.57286304
v -0.00325191 5.04260865 0.49929553
v -5.83893013 -4.45176038 -2.05072195
v -5.89556980 -4.46880445 -2.05072195
v 6.38824320 -18.77945909 3.24426597
v 6.59712124 -19.03912935 3.24152201
v 7.29034328 -19.82137880 3.23027795
v -0.00499094 5.04253235 0.49827823
v -0.44192696 5.02072755 2.94727796
v -0.00325191 5.04260865 0.49929553
v -0.01292598 5.04213563 0.49329713
v -0.12866390 5.03635255 0.42063454
v -0.00499094 5.04253235 0.49827823
v -0.34391999 5.02561036 0.28560695
v -0.44192696 5.02072755 0.22413444
v 8.42434502 24.16070166 -1.94444806
v 8.43488884 24.17017165 -1.91985411
v 8.43488884 24.17017165 -1.91985411
v 8.43533182 24.17054167 -1.91872210
v 9.35839701 25.81638137 -2.05072195
v -5.25650215 -4.58097228 -1.52188701
v -5.29492283 -4.58741149 -1.53367609
v -5.23852682 -4.31130370 -1.95573002
v -0.44192696 5.02072755 -2.05272204
v -0.11309993 5.03713027 -0.50407595
v 0.03907609 5.04472962 -0.41105706
v 17.66766071 -26.42386827 -0.07872194
v 17.61380959 -26.44490823 -0.04211181
v 3.77656412 -3.18323645 0.18323204
v 8.39777994 24.13634101 -2.00501210
v 8.42433023 24.16070166 -1.94441003
v 8.42434502 24.16070166 -1.94444806
v 8.39777994 24.13634101 -2.00501210
v 8.42434502 24.16070166 -1.94444806
v 8.39779520 24.13633147 -2.00505096
v 8.42433023 24.16070166 -1.94441003
v 8.43487406 24.17017165 -1.91981608
v 8.43488884 24.17017165 -1.91985411
v 8.42433023 24.16070166 -1.94441003
v 8.43488884 24.17017165 -1.91985411
v 8.42434502 24.16070166 -1.94444806
v 8.47317410 24.19057074 -1.85852403
v 11.63630581 29.71453086 -1.91872210
v 8.43533182 24.17054167 -1.91872210
v 2.94044304 -3.97712049 0.84327817
v 15.54358006 -26.55859765 1.04385692
v 0.91560209 11.05620185 -1.79919607
v 0.88310075 10.98616114 -1.78099209
v 2.49636674 -4.27518663 1.12727791
v 15.32468987 -26.49295816 1.12727791
v 14.85523987 -26.35594758 1.29634994
v 14.68762016 -26.28104791 1.35021895
v 11.63630581 29.71453086 -1.91872210
v 8.43533182 24.17054167 -1.91872210
v 8.47317410 24.19057074 -1.85852403
v 8.43533182 24.17054167 -1.91872210
v 8.46864223 24.18819228 -1.86566812
v 8.43530083 24.17054167 -1.91872210
v 8.46864223 24.18819228 -1.86566812
v 8.43533182 24.17054167 -1.91872210
v 8.43530083 24.17054167 -1.91872210
v 8.43533182 24.17054167 -1.91872210
v 8.43487406 24.17017165 -1.91981608
v 8.43488884 24.17017165 -1.91985411
v 8.43487406 24.17017165 -1.91981608
v 8.43533182 24.17054167 -1.91872210
v 0.03907609 5.04472962 0.52409196
v 0.03907609 5.04472962 2.94727796
v 0.31007206 5.03117934 0.69224924
v 7.48921108 -4.48374328 -1.78030807
v 7.42800808 -4.40961656 -1.76423806
v 6.54870510 -2.49927649 -1.95972210
v 7.35632229 -4.32622632 -1.74366504
v 7.07264614 -3.99535570 -1.66272205
v 6.54870510 -2.49927649 -1.95972210
v 5.69012308 -1.60091552 -1.66272205
v 5.72303629 -1.62919053 -1.67720407
v 7.07264614 -3.99535570 -1.66272205
v 8.42433023 24.16070166 -1.94441003
v 1.25311115 11.76007167 -1.99981207
v 8.43487406 24.17017165 -1.91981608
v 8.39777994 24.13634101 -2.00501210
v 7.42800808 -4.40961656 -1.76423806
v 0.21583402 5.03589430 -0.30321685
v 0.51907206 5.02072755 -2.05272204
v 0.06101811 5.04363051 -0.39696625
v 4.34403801 -16.15048799 3.21591896
v 0.05811906 5.04376832 -0.39872188
v 0.03907609 5.04472962 -0.41105706
v 8.39779520 24.13633147 -2.00505096
v 8.38131618 24.12163153 -2.04380399
v 8.39777994 24.13634101 -2.00501210
v 8.38102627 24.12139121 -2.04442913
v 8.39777994 24.13634101 -2.00501210
v 8.38131618 24.12163153 -2.04380399
v 8.38102627 24.12139121 -2.04442913
v 8.38131618 24.12163153 -2.04380399
v 8.38104105 24.12138167 -2.04446107
v 0.74065995 -9.11004171 3.24727791
v 6.15856791 -18.49373826 3.24727791
v 0.21583402 5.03589430 -0.30321685
v 0.21575809 5.03589430 -0.30310706
v 0.31007206 5.03117934 -0.24605346
v 1.08605796 -10.26576814 3.23627800
v 5.69012308 -1.60091552 -1.66272205
v 7.07264614 -3.99535570 -1.66272205
v 6.73297024 -3.60462341 -1.57268602
v 6.38088799 -3.21947655 -1.47033412
v 0.88310075 10.98616114 -1.78099209
v 10.57359314 27.70873061 -1.70172209
v 11.66965008 29.73220244 -1.86566812
v 15.53719997 -26.23561868 1.88227790
v 9.22259426 -15.29927835 1.88227790
v 15.35949993 -26.18401918 1.94561392
v 8.37495327 -20.99867830 3.18327802
v 0.34338200 -7.08840331 3.18327802
v 7.75298929 -20.35283861 3.21219891
v 0.43751407 -7.73349962 3.21560901
v 7.75298929 -20.35283861 3.21219891
v 7.95083523 -20.55826768 3.20300597
v 8.91062784 -21.56404886 3.14763587
v 15.53719997 -26.23561868 1.88227790
v 15.76935005 -26.30515870 1.79399591
v 9.22259426 -15.29927835 1.88227790
v 16.03649998 -26.38551912 1.69249493
v 7.17578030 -3.08718261 -2.05072195
v 8.51240396 -5.74009046 -2.05072195
v 7.16656303 -3.07753953 -2.05072195
v 8.46864223 24.18819228 -1.86566812
v 7.22445488 -3.13787255 -2.05072195
v 7.18507195 -3.09670457 -2.05072195
v 7.26269388 -3.17867455 -2.05072195
v -0.60400486 8.39177504 -2.05072195
v -0.66085982 8.42461291 -1.94231612
v -0.63824606 8.46803847 -1.95427603
v 17.73326969 -26.33188829 0.79127836
v 4.11025810 -2.73714551 0.79127836
v 17.49520969 -26.42433938 0.95566296
v -4.64833212 -4.44986829 -1.32029706
v -31.70812130 -4.37627563 -1.21372205
v -4.71504402 -4.46651658 -1.34441906
v -4.74992514 -4.47478637 -1.35639209
v 11.41255093 -23.81383905 2.87727803
v 0.51010001 -4.93172655 2.87727803
v 11.18043518 -23.63683900 2.91088098
v -0.62141585 8.34079543 -2.05072195
v -4.61392403 -4.44111070 -1.30761904
v -4.58000278 -4.43236646 -1.29496807
v -4.51246786 -4.41492662 -1.26971001
v -4.54592991 -4.42369947 -1.28241605
v -4.37114096 -4.37627563 -1.21372205
v -4.40992880 -4.38723144 -1.22960001
v 11.09602261 -23.56311807 2.92170685
v 0.13902104 -8.02816209 2.62163394
v 0.45399308 -7.84639844 3.22126096
v 0.10903811 -7.84444532 2.60678404
v 7.28172207 -3.19895348 -2.05072195
v 7.27232218 -3.18874559 -2.05072195
v 0.43751407 -7.73349962 3.21560901
v 0.01881206 -7.29168043 2.56205505
v 0.49151409 -8.02063951 3.22858089
v 0.13902104 -8.02816209 2.62163394
v 0.15199101 -8.08446702 2.62544697
v 0.45399308 -7.84639844 3.22126096
v 8.43487406 24.17017165 -1.91981608
v 1.25311115 11.76007167 -1.99981207
v 8.43530083 24.17054167 -1.91872210
v 8.47914028 -5.69855651 -2.04164607
v 8.18560600 -5.33463439 -1.95972210
v 8.38102627 24.12139121 -2.04442913
v 8.50085306 -5.72547254 -2.04771501
v 8.51228189 -5.73996839 -2.05072195
v 0.16160405 -8.12623033 2.62827796
v -0.27491891 1.49272755 2.94727796
v -0.27491891 1.49272755 -2.05272204
v -0.37492490 1.52872255 -2.05272204
v 0.16160405 -8.12623033 2.62827796
v 0.15199101 -8.08446702 2.62544697
v 7.10130215 -20.14568910 2.62827796
v 0.13902104 -8.02816209 2.62163394
v -0.27491891 1.49272755 2.94727796
v -0.17192197 1.46672645 -2.05272204
v -0.27491891 1.49272755 -2.05272204
v 0.00775003 -7.22388658 2.55656594
v 7.10130215 -20.14568910 2.62827796
v 6.29539299 -19.21339807 2.66709488
v 8.99400187 24.10288230 -1.88777405
v 12.15826035 29.65374175 -1.92339307
v 7.46533108 21.37948218 -1.84951800
v 0.54008305 0.79472950 -2.05272204
v 0.46407902 0.84071949 -2.05272204
v 0.54807901 1.57571951 -2.05272204
v -0.44192696 -4.93126830 2.94727796
v -0.91691685 -4.85927734 2.94727796
v -0.91691685 -4.85927734 -2.05272204
v -0.44192696 -4.93126830 -2.05272204
v 4.72807217 1.49571851 -2.05272204
v 0.67707664 0.68272999 -2.05272204
v 0.72407365 1.69472352 -2.05272204
v 0.87408286 1.84772351 -2.05272204
v 0.80306846 1.76772156 -2.05272204
v 7.45139885 -3.38247046 -2.05072195
v 7.41508293 -3.34218749 -2.05072195
v 0.93707114 1.93472853 -2.05272204
v 0.99207908 2.02672353 -2.05272204
v -3.72992086 -4.14594468 -0.93454159
v -31.71092129 -3.89927062 -0.67072189
v -3.75804281 -4.15827331 -0.94772178
v 7.39924526 -3.14115247 -1.83852309
v 7.42596292 -3.17876539 -1.84988803
v 7.28172207 -3.19895348 -2.05072195
v -3.76994514 -4.16321763 -0.95375294
v -3.75804281 -4.15827331 -0.94772178
v 1.07307273 2.22672144 -2.05272204
v 4.56606913 1.95772353 -2.05272204
v 1.03707725 2.12473145 -2.05272204
v 7.35813808 -3.28032860 -2.05072195
v 7.32069206 -3.23967847 -2.05072195
v 1.09808189 2.33173242 -2.05272204
v 4.36007500 2.40172449 -2.05272204
v 1.11907798 2.54572144 -2.05272204
v 3.82607913 3.21672645 -2.05272204
v 1.11407304 2.43771949 -2.05272204
v 4.11308098 2.82172242 -2.05272204
v 7.37771511 -3.30161461 -2.05072195
v 7.36793423 -3.29079542 -2.05072195
v -4.88691902 -4.22416028 -1.86799211
v 2.76107609 4.20172730 -2.05272204
v 3.14707804 3.90971962 -2.05272204
v 1.07307273 2.86572853 -2.05272204
v -4.76323080 -4.19056043 -1.83415610
v -4.74992514 -4.18700561 -1.83057708
v 7.46145487 -3.39336547 -2.05072195
v -1.02092099 2.76071754 2.94727796
v -1.02092099 2.76071754 -2.05272204
v -0.99492002 2.86572853 -2.05272204
v -4.69549704 -4.17196044 -1.81543201
v 7.27232218 -3.18874559 -2.05072195
v 7.38641214 -3.12281141 -1.83345801
v 7.28172207 -3.19895348 -2.05072195
v 0.99207908 3.06471840 -2.05272204
v 0.93707114 3.15772048 -2.05272204
v 2.34907377 4.45372668 -2.05272204
v -1.02092099 2.76071754 2.94727796
v -1.03692794 2.65372339 -2.05272204
v -1.02092099 2.76071754 -2.05272204
v 1.91407615 4.66371766 -2.05272204
v 0.87408286 3.24472657 -2.05272204
v -4.32673788 -4.05777845 -1.70047409
v -4.40992880 -4.08519849 -1.72808010
v 0.80306846 3.32472840 -2.05272204
v 0.72407365 3.39671960 -2.05272204
v 1.46107326 4.82872668 -2.05272204
v 0.63908207 3.46172157 -2.05272204
v 0.54807901 3.51672950 -2.05272204
v 0.99506974 4.94872132 -2.05272204
v -4.49235678 -4.11115465 -1.75421804
v -4.54592991 -4.12754259 -1.77071101
v -4.56007481 -4.13173828 -1.77493710
v -4.69549704 -4.17196044 -1.81543201
v -4.66823006 -4.16401061 -1.80743701
v -4.61392403 -4.14789733 -1.79121703
v -4.66823006 -4.16401061 -1.80743701
v 0.45207012 3.56271949 -2.05272204
v 0.35208011 3.59972253 -2.05272204
v -4.81791782 -4.20598754 -1.84968812
v 0.51907206 5.02072755 -2.05272204
v -4.27392673 -4.03959045 -1.68217010
v -4.25842381 -4.03411254 -1.67665512
v -4.21862888 -4.02027234 -1.66272205
v 1.11407304 2.65372339 -2.05272204
v 3.50407207 3.57971755 -2.05272204
v 1.09808189 2.76071754 -2.05272204
v 1.03707725 2.96771851 -2.05272204
v 0.61108208 0.74172053 -2.05272204
v 0.63908207 1.63072756 -2.05272204
v 4.84507608 1.01972041 -2.05272204
v 0.90208274 0.30672291 -2.05272204
v -0.85992599 1.93472853 -2.05272204
v -4.64991903 1.49571851 -2.05272204
v -0.91392684 2.02672353 -2.05272204
v 9.55648708 -6.79342040 -1.98193711
v 9.57748318 -6.82564649 -1.99327511
v 9.58947611 -6.84411058 -1.99982006
v -0.79692197 1.84772351 -2.05272204
v -0.79692197 3.24472657 -2.05272204
v -0.85992599 3.15772048 2.94727796
v -0.85992599 3.15772048 -2.05272204
v 11.66965008 29.73220244 -1.86566812
v -0.85992599 3.15772048 -2.05272204
v -0.85992599 3.15772048 2.94727796
v -0.91392684 3.06471840 -2.05272204
v -0.72493100 1.76772156 -2.05272204
v 7.67954922 -3.64266357 -2.05072195
v 7.63505411 -3.59034142 -2.05072195
v 7.59937906 -3.54999647 -2.05072195
v -0.64692783 1.69472352 -2.05272204
v -0.56192183 1.63072756 -2.05272204
v -0.47091794 1.57571951 -2.05272204
v -0.46292305 0.79472950 -2.05272204
v -0.38691902 0.84071949 -2.05272204
v -0.85992599 1.93472853 -2.05272204
v -0.79692197 1.84772351 2.94727796
v -0.79692197 1.84772351 -2.05272204
v 7.73478508 -3.70737657 -2.05072195
v 7.69015408 -3.65488538 -2.05072195
v 7.56387186 -3.50914940 -2.05072195
v -0.37492490 1.52872255 -2.05272204
v 7.79647684 -3.73742041 -2.00330597
v 9.00858927 -5.86727247 -1.91872210
v 9.58947611 -6.84411058 -1.99982006
v 9.55648708 -6.79342040 -1.98193711
v -0.79692197 1.84772351 -2.05272204
v -0.79692197 1.84772351 2.94727796
v -0.72493100 1.76772156 -2.05272204
v -0.27491891 1.49272755 -2.05272204
v -0.30691695 0.87772211 -2.05272204
v 7.54290628 -3.34639844 -1.89560801
v 7.58167887 -3.40282544 -1.90965206
v 7.46145487 -3.39336547 -2.05072195
v -0.17192197 1.46672645 -2.05272204
v -0.22291696 0.90772083 -2.05272204
v -0.72493100 1.76772156 2.94727796
v -0.64692783 1.69472352 2.94727796
v -0.72493100 1.76772156 -2.05272204
v -0.06692696 1.45071951 -2.05272204
v -0.13691890 0.92972401 -2.05272204
v -0.56192183 1.63072756 2.94727796
v -0.56192183 1.63072756 -2.05272204
v -0.64692783 1.69472352 -2.05272204
v 0.35208011 1.49272755 -2.05272204
v 0.45207012 1.52872255 -2.05272204
v 0.38407707 0.87772211 -2.05272204
v -0.56192183 1.63072756 2.94727796
v -0.47091794 1.57571951 2.94727796
v -0.56192183 1.63072756 -2.05272204
v 7.59321404 -3.41961059 -1.91385001
v 7.60667324 -3.43918738 -1.91872210
v 7.51754618 -3.45678052 -2.05072195
v -0.37492490 1.52872255 2.94727796
v -0.37492490 1.52872255 -2.05272204
v -0.47091794 1.57571951 2.94727796
v 7.91836405 -3.93160352 -2.05072195
v 7.51754618 -3.45678052 -2.05072195
v 7.50759697 -3.44555053 -2.05072195
v -0.99492002 2.22672144 -2.05272204
v -0.95991683 2.12473145 -2.05272204
v -4.48791695 1.95772353 -2.05272204
v 0.33494401 -7.03490552 3.17945498
v 0.00775003 -7.22388658 2.55656594
v 0.34338200 -7.08840331 3.18327802
v 0.03907609 1.44573048 -2.05272204
v -0.06692696 1.45071951 -2.05272204
v 0.03907609 1.44573048 2.94727796
v -4.13792610 -3.99030456 -1.63542205
v -4.15388584 -3.99631652 -1.64089209
v -31.71092129 -3.68326744 -1.35572201
v -1.04191685 2.54572144 -2.05272204
v -1.03692794 2.43771949 -2.05272204
v -3.74891806 3.21672645 -2.05272204
v 7.86564493 -3.84746751 -2.03058201
v 14.50848007 -15.34535894 -2.05072195
v 7.90208292 -3.90552673 -2.04472500
v 0.03907609 1.44573048 -2.05272204
v 0.03907609 1.44573048 2.94727796
v 0.14507902 1.45071951 -2.05272204
v -4.03592110 2.82172242 -2.05272204
v -1.02092099 2.33173242 -2.05272204
v 7.91836405 -3.93160352 -2.05072195
v 7.90208292 -3.90552673 -2.04472500
v 14.50848007 -15.34535894 -2.05072195
v 7.83868313 -3.80431542 -2.02065903
v 7.81219292 -3.76230749 -2.00980908
v 0.31007206 -4.94172058 2.12009400
v 0.44023001 -4.93522033 2.07827800
v 11.52772522 -24.38431939 2.12258190
v 0.14507902 3.64172950 -2.05272204
v 0.24908304 3.62572351 -2.05272204
v -1.04191685 2.54572144 2.94727796
v -1.03692794 2.43771949 -2.05272204
v -1.04191685 2.54572144 -2.05272204
v 0.03907609 3.64671960 -2.05272204
v 0.03907609 5.04472962 -2.05272204
v -0.17192197 3.62572351 -2.05272204
v -0.44192696 5.02072755 -2.05272204
v -0.06692696 3.64172950 -2.05272204
v 0.49813712 5.02176562 -0.13229546
v 0.31007206 5.03117934 -0.24605346
v 5.18362308 13.37273112 -0.21241497
v 7.77574015 -3.70458350 -1.99474603
v 7.76612711 -3.68929443 -1.99101609
v 7.72978115 -3.63202843 -1.97524804
v 7.71941996 -3.61579260 -1.97051507
v -0.99492002 2.22672144 -2.05272204
v -0.99492002 2.22672144 2.94727796
v -0.95991683 2.12473145 -2.05272204
v 7.50422525 -3.29071960 -1.88078410
v 7.53082085 -3.32911047 -1.89083308
v 7.41508293 -3.34218749 -2.05072195
v 12.27077007 -24.47925767 2.73627299
v 0.99003434 -4.86004028 2.72227806
v -0.64692783 3.39671960 -2.05272204
v -0.72493100 3.32472840 -2.05272204
v -1.83592391 4.66371766 -2.05272204
v -2.27092099 4.45372668 -2.05272204
v -0.79692197 3.24472657 -2.05272204
v -0.95991683 2.96771851 2.94727796
v -0.95991683 2.96771851 -2.05272204
v -0.91392684 3.06471840 2.94727796
v -0.56192183 3.46172157 -2.05272204
v -1.38392782 4.82872668 -2.05272204
v -0.47091794 3.51672950 -2.05272204
v -0.85992599 3.15772048 -2.05272204
v -0.91392684 3.06471840 -2.05272204
v -0.95991683 2.96771851 -2.05272204
v -0.99492002 2.86572853 2.94727796
v -0.99492002 2.86572853 -2.05272204
v 7.45251322 -3.21672949 -1.86037404
v 7.35813808 -3.28032860 -2.05072195
v 7.32069206 -3.23967847 -2.05072195
v -0.95991683 2.96771851 -2.05272204
v -0.99492002 2.86572853 -2.05272204
v -2.68393087 4.20172730 -2.05272204
v -1.02092099 2.76071754 -2.05272204
v -3.06991673 3.90971962 -2.05272204
v -0.99492002 2.86572853 2.94727796
v 7.45251322 -3.21672949 -1.86037404
v 7.46508598 -3.23459753 -1.86551506
v 7.35813808 -3.28032860 -2.05072195
v -0.27491891 3.59972253 -2.05272204
v -0.37492490 3.56271949 -2.05272204
v -0.91691685 4.94872132 -2.05272204
v -1.04191685 2.54572144 -2.05272204
v -1.03692794 2.65372339 -2.05272204
v -1.04191685 2.54572144 2.94727796
v 0.24908304 1.46672645 -2.05272204
v 0.21507108 0.92972401 -2.05272204
v 0.14507902 1.45071951 -2.05272204
v -0.95991683 2.12473145 2.94727796
v -0.91392684 2.02672353 2.94727796
v -0.95991683 2.12473145 -2.05272204
v 14.56177998 28.23559180 0.23727804
v 14.61501980 28.19318190 0.27779513
v 1.46107326 4.82872668 0.45298674
v 1.11907798 4.91679946 0.24818684
v 7.39924526 -3.14115247 -1.83852309
v -0.91392684 2.02672353 -2.05272204
v -0.91392684 2.02672353 2.94727796
v -0.85992599 1.93472853 -2.05272204
v -0.85992599 1.93472853 2.94727796
v 7.30726528 -3.01125440 -1.80003602
v 7.17578030 -3.08718261 -2.05072195
v 7.16656303 -3.07753953 -2.05072195
v -0.72493100 1.76772156 2.94727796
v -3.42592001 3.57971755 -2.05272204
v -1.03692794 2.65372339 -2.05272204
v -4.28292990 2.40172449 -2.05272204
v -0.64692783 1.69472352 -2.05272204
v 7.18507195 -3.09670457 -2.05072195
v 0.63908207 -1.54227647 -2.05272204
v 0.54807901 -1.48627648 -2.05272204
v 0.54008305 -0.70627758 -2.05272204
v 7.34698296 -3.06697950 -1.81712705
v 7.37319803 -3.10421142 -1.82783908
v 7.22445488 -3.13787255 -2.05072195
v -4.21862888 -4.02027234 -1.66272205
v -4.20591879 -4.01567945 -1.65854305
v -4.23744297 -4.33425245 -1.16244406
v -0.64692783 1.69472352 2.94727796
v 0.33494401 -7.03490552 3.17945498
v 0.34338200 -7.08840331 3.18327802
v -0.47091794 1.57571951 -2.05272204
v 4.91508317 -0.44527599 -2.05272204
v 0.72407365 -1.60627148 -2.05272204
v 0.67707664 -0.59427807 -2.05272204
v 7.37319803 -3.10421142 -1.82783908
v 7.38641214 -3.12281141 -1.83345801
v 7.26269388 -3.17867455 -2.05072195
v 7.27232218 -3.18874559 -2.05072195
v -0.47091794 1.57571951 -2.05272204
v 0.61108208 -0.65326861 -2.05272204
v -0.37492490 1.52872255 2.94727796
v 7.28834391 -2.98475060 -1.79182405
v 7.29357815 -2.99198350 -1.79421312
v 7.12629509 -3.03711852 -2.05072195
v -0.17192197 1.46672645 2.94727796
v 0.73608238 -0.52826861 -2.05272204
v 0.83508134 -0.38128057 -2.05272204
v 0.78907615 -0.45726940 -2.05272204
v -0.06692696 1.45071951 2.94727796
v -0.06692696 1.45071951 -2.05272204
v -0.17192197 1.46672645 -2.05272204
v -0.17192197 1.46672645 2.94727796
v 0.90208274 -0.21727920 -2.05272204
v 0.87206864 -0.30127880 -2.05272204
v 0.50892508 -4.93178758 2.87758797
v 7.91836405 -3.93160352 -2.05072195
v 7.89909220 -3.90754041 -2.05072195
v 7.90208292 -3.90552673 -2.04472500
v 0.94106895 0.04472950 -2.05272204
v 4.93906999 0.04472950 -2.05272204
v 0.93707114 -0.04427500 -2.05272204
v 0.92407066 -0.13128060 -2.05272204
v -0.06692696 1.45071951 2.94727796
v 7.90208292 -3.90552673 -2.04472500
v 7.89909220 -3.90754041 -2.05072195
v 7.85558891 -3.85421142 -2.05072195
v 7.86564493 -3.84746751 -2.03058201
v 0.14507902 1.45071951 2.94727796
v 0.14507902 1.45071951 2.94727796
v 0.24908304 1.46672645 2.94727796
v 0.14507902 1.45071951 -2.05272204
v 0.24908304 1.46672645 -2.05272204
v 7.86564493 -3.84746751 -2.03058201
v 7.85558891 -3.85421142 -2.05072195
v 7.82290506 -3.81342444 -2.05072195
v 7.83868313 -3.80431542 -2.02065903
v 7.76612711 -3.68929443 -1.99101609
v 7.77574015 -3.70458350 -1.99474603
v 7.73478508 -3.70737657 -2.05072195
v 0.24908304 1.46672645 -2.05272204
v 0.24908304 1.46672645 2.94727796
v 0.35208011 1.49272755 -2.05272204
v -1.03692794 2.43771949 2.94727796
v 7.83868313 -3.80431542 -2.02065903
v 7.82290506 -3.81342444 -2.05072195
v 7.78964090 -3.77340040 -2.05072195
v 7.81219292 -3.76230749 -2.00980908
v -1.03692794 2.43771949 2.94727796
v -1.02092099 2.33173242 2.94727796
v -1.03692794 2.43771949 -2.05272204
v 7.74488688 -3.71975049 -2.05072195
v -1.02092099 2.33173242 -2.05272204
v -1.02092099 2.33173242 2.94727796
v -0.99492002 2.22672144 -2.05272204
v 0.73608238 0.61672050 -2.05272204
v -0.95991683 2.12473145 2.94727796
v 0.30106902 0.90772083 -2.05272204
v 7.74488688 -3.71975049 -2.05072195
v 7.74488688 -3.71975049 -2.05072195
v 7.79647684 -3.73742041 -2.00330597
v 7.77574015 -3.70458350 -1.99474603
v 7.72978115 -3.63202843 -1.97524804
v 7.76612711 -3.68929443 -1.99101609
v 7.69015408 -3.65488538 -2.05072195
v 7.73478508 -3.70737657 -2.05072195
v -0.91392684 3.06471840 -2.05272204
v 7.68284512 -3.55814561 -1.95463401
v 7.71941996 -3.61579260 -1.97051507
v 7.63505411 -3.59034142 -2.05072195
v -0.95991683 2.96771851 2.94727796
v 0.93707114 0.13272694 -2.05272204
v 0.92407066 0.22072437 -2.05272204
v 4.91508317 0.53471971 -2.05272204
v 0.87206864 0.38973071 -2.05272204
v 0.78907615 0.54572129 -2.05272204
v 0.83508134 0.46973261 -2.05272204
v 7.67954922 -3.64266357 -2.05072195
v 7.78964090 -3.77340040 -2.05072195
v 7.85558891 -3.85421142 -2.05072195
v 7.89909220 -3.90754041 -2.05072195
v 7.82290506 -3.81342444 -2.05072195
v -1.03692794 2.65372339 2.94727796
v 4.11308098 -2.73327050 -2.05272204
v 3.82607913 -3.12726745 -2.05272204
v 1.11407304 -2.34926757 -2.05272204
v 1.11907798 -2.45726952 -2.05272204
v 0.24908304 3.62572351 2.94727796
v 0.24908304 3.62572351 -2.05272204
v 0.35208011 3.59972253 -2.05272204
v 4.36007500 -2.31228051 -2.05272204
v 1.09808189 -2.24227247 -2.05272204
v 0.14507902 3.64172950 2.94727796
v 0.14507902 3.64172950 -2.05272204
v 0.24908304 3.62572351 2.94727796
v 0.24908304 3.62572351 -2.05272204
v 0.91560209 11.05620185 -1.79919607
v 8.46864223 24.18819228 -1.86566812
v 4.56606913 -1.86927161 -2.05272204
v 1.07307273 -2.13826951 -2.05272204
v -4.78259373 -4.48227844 -1.36723703
v -4.81791782 -4.49082336 -1.37961108
v -4.76323080 -4.19056043 -1.83415610
v 7.50759697 -3.44555053 -2.05072195
v 1.03707725 -2.03627953 -2.05272204
v 0.14507902 3.64172950 -2.05272204
v 0.14507902 3.64172950 2.94727796
v 0.03907609 3.64671960 -2.05272204
v 0.03907609 3.64671960 -2.05272204
v -0.06692696 3.64172950 2.94727796
v -0.06692696 3.64172950 -2.05272204
v 0.99207908 -1.93827257 -2.05272204
v -0.17192197 3.62572351 -2.05272204
v -0.06692696 3.64172950 -2.05272204
v -0.17192197 3.62572351 2.94727796
v -0.06692696 3.64172950 2.94727796
v 0.93707114 -1.84627745 -2.05272204
v 4.84507608 -0.93126854 -2.05272204
v -0.27491891 3.59972253 2.94727796
v -0.27491891 3.59972253 -2.05272204
v -0.17192197 3.62572351 2.94727796
v -0.17192197 3.62572351 -2.05272204
v -0.34391999 5.02561036 0.28560695
v -0.12866390 5.03635255 0.42063454
v 13.37934971 29.01441184 0.20327803
v -0.27491891 3.59972253 -2.05272204
v -0.27491891 3.59972253 2.94727796
v -0.37492490 3.56271949 -2.05272204
v 7.68284512 -3.55814561 -1.95463401
v 7.63505411 -3.59034142 -2.05072195
v 7.59937906 -3.54999647 -2.05072195
v -0.37492490 3.56271949 -2.05272204
v -0.47091794 3.51672950 2.94727796
v -0.47091794 3.51672950 -2.05272204
v 0.46407902 -0.75127581 -2.05272204
v 0.80306846 -1.67926952 -2.05272204
v 0.87408286 -1.75927147 -2.05272204
v -0.56192183 3.46172157 -2.05272204
v -0.47091794 3.51672950 -2.05272204
v -0.56192183 3.46172157 2.94727796
v -0.47091794 3.51672950 2.94727796
v 0.21507108 -0.84127209 -2.05272204
v 0.30106902 -0.81926891 -2.05272204
v 0.24908304 -1.37827453 -2.05272204
v -4.81791782 -4.20598754 -1.84968812
v 8.50085306 -5.72547254 -2.04771501
v 8.47914028 -5.69855651 -2.04164607
v 8.50086784 -5.72547254 -2.04768497
v -0.64692783 3.39671960 2.94727796
v -0.64692783 3.39671960 -2.05272204
v -0.56192183 3.46172157 2.94727796
v -0.56192183 3.46172157 -2.05272204
v 8.18560600 -5.33463439 -1.95972210
v 8.18611002 -5.33513746 -1.95972210
v 8.47914028 -5.69855651 -2.04164607
v 7.48913383 -4.48374328 -1.78040809
v 7.48921108 -4.48374328 -1.78030807
v 8.18560600 -5.33463439 -1.95972210
v 7.48921108 -4.48374328 -1.78030807
v 8.50086784 -5.72547254 -2.04768497
v 8.47914028 -5.69855651 -2.04164607
v 8.18611002 -5.33513746 -1.95972210
v -0.64692783 3.39671960 -2.05272204
v -0.64692783 3.39671960 2.94727796
v -0.72493100 3.32472840 -2.05272204
v -1.37027097 5.55370131 -1.59295911
v -0.28028989 7.17320862 -1.47034806
v -1.37294197 5.53600159 -1.58698410
v 0.38407707 -0.78927007 -2.05272204
v 0.45207012 -1.44027147 -2.05272204
v 8.50085306 -5.72547254 -2.04771501
v 8.50086784 -5.72547254 -2.04768497
v 8.51228189 -5.73996839 -2.05072195
v 8.51240396 -5.74009046 -2.05072195
v 8.51228189 -5.73996839 -2.05072195
v 8.50086784 -5.72547254 -2.04768497
v -0.72493100 3.32472840 -2.05272204
v -0.79692197 3.24472657 2.94727796
v -0.79692197 3.24472657 -2.05272204
v 7.42596292 -3.17876539 -1.84988803
v 7.39924526 -3.14115247 -1.83852309
v 7.45251322 -3.21672949 -1.86037404
v -0.79692197 3.24472657 2.94727796
v -1.37513900 5.51788941 -1.58045703
v -1.38272190 5.46231642 -1.56106407
v -4.61392403 -4.44111070 -1.30761904
v -4.61392403 -4.14789733 -1.79121703
v -4.56007481 -4.13173828 -1.77493710
v 7.46508598 -3.23459753 -1.86551506
v 4.72807217 -1.40728149 -2.05272204
v 3.50407207 -3.49128160 -2.05272204
v 3.14707804 -3.82027540 -2.05272204
v 1.09808189 -2.67228040 -2.05272204
v 1.07307273 -2.77727661 -2.05272204
v 8.51228189 -5.73996839 -2.05072195
v -1.39123702 5.38876954 -1.53420109
v -1.39746189 5.33351746 -1.51388711
v -1.38887191 5.40736952 -1.54082901
v -0.91392684 3.06471840 2.94727796
v -0.91392684 2.02672353 -2.05272204
v 0.45207012 -3.47426757 -2.05272204
v 0.99506974 -4.85927734 -2.05272204
v 0.35208011 -3.51027855 -2.05272204
v -0.85992599 1.93472853 2.94727796
v 0.72407365 -3.30826744 -2.05272204
v 0.80306846 -3.23526940 -2.05272204
v 1.91407615 -4.57528028 -2.05272204
v -1.40391684 5.25957337 -1.48522002
v -1.40568686 5.23981372 -1.47759003
v -1.39930892 5.31453553 -1.50668007
v -1.40930295 5.18482056 -1.45533306
v 2.34907377 -4.36527452 -2.05272204
v 0.87408286 -3.15526757 -2.05272204
v 7.50422525 -3.29071960 -1.88078410
v 7.47755289 -3.25257239 -1.87024504
v 1.11407304 -2.56527051 -2.05272204
v 0.93707114 -3.06926855 -2.05272204
v 7.58167887 -3.40282544 -1.90965206
v 7.54290628 -3.34639844 -1.89560801
v 7.53082085 -3.32911047 -1.89083308
v 7.60667324 -3.43918738 -1.91872210
v 7.59321404 -3.41961059 -1.91385001
v 0.99207908 -2.97628149 -2.05272204
v 1.03707725 -2.87827453 -2.05272204
v 2.76107609 -4.11327562 -2.05272204
v 1.46107326 -4.74027452 -2.05272204
v 0.54807901 -3.42827758 -2.05272204
v 0.63908207 -3.37227759 -2.05272204
v 0.51907206 -4.93126830 -2.05272204
v 5.30514407 -2.09328660 -1.15253800
v 5.37139702 -2.15700659 -1.17395610
v 14.24011040 -17.36232767 -1.23883909
v 7.68284512 -3.55814561 -1.95463401
v -0.84591794 -0.13128060 -2.05272204
v -0.82492185 -0.21727920 -2.05272204
v -4.83792305 -0.44527599 -2.05272204
v 7.60667324 -3.43918738 -1.91872210
v 7.63053703 -3.47640356 -1.93013305
v -0.79492283 -0.30127880 -2.05272204
v 7.65646219 -3.51700744 -1.94202310
v -0.75692892 -0.38128057 -2.05272204
v -0.71193099 -0.45726940 -2.05272204
v 7.47755289 -3.25257239 -1.87024504
v 7.50422525 -3.29071960 -1.88078410
v 7.37771511 -3.30161461 -2.05072195
v -0.53392196 -0.65326861 -2.05272204
v -0.46292305 -0.70627758 -2.05272204
v -0.56192183 -1.54227647 -2.05272204
v 7.36793423 -3.29079542 -2.05072195
v 7.46508598 -3.23459753 -1.86551506
v 7.37771511 -3.30161461 -2.05072195
v 7.47755289 -3.25257239 -1.87024504
v 7.42596292 -3.17876539 -1.84988803
v -4.76323080 -4.19056043 -1.83415610
v -4.74992514 -4.18700561 -1.83057708
v -4.78259373 -4.48227844 -1.36723703
v -4.74992514 -4.47478637 -1.35639209
v -0.65892196 -0.52826861 -2.05272204
v 7.32069206 -3.23967847 -2.05072195
v -0.59892392 -0.59427807 -2.05272204
v 7.36793423 -3.29079542 -2.05072195
v -4.71504402 -4.46651658 -1.34441906
v -4.74992514 -4.47478637 -1.35639209
v -4.69549704 -4.17196044 -1.81543201
v -0.38691902 -0.75127581 -2.05272204
v -0.30691695 -0.78927007 -2.05272204
v -0.37492490 -1.44027147 -2.05272204
v -1.02092099 2.33173242 -2.05272204
v -0.27491891 -1.40427551 -2.05272204
v 0.03907609 -1.35627148 -2.05272204
v -0.06692696 -1.36226854 -2.05272204
v -0.04992795 -0.85427245 -2.05272204
v -1.40930295 5.18482056 -1.45533306
v -1.40989804 5.17633668 -1.45193106
v -1.69273496 5.37399951 -0.92185307
v -0.99492002 2.22672144 2.94727796
v 0.03907609 -0.85827050 -2.05272204
v 0.12707305 -0.85427245 -2.05272204
v -0.47091794 -1.48627648 -2.05272204
v 7.16656303 -3.07753953 -2.05072195
v 0.14507902 -1.36226854 -2.05272204
v 0.35208011 -1.40427551 -2.05272204
v -0.82492185 0.30672291 -2.05272204
v -0.84591794 0.22072437 -2.05272204
v -4.76692295 1.01972041 -2.05272204
v 8.78402615 24.23768225 -1.38423211
v -4.83792305 0.53471971 -2.05272204
v -0.85891891 0.13272694 -2.05272204
v -0.79492283 0.38973071 -2.05272204
v -1.03692794 2.65372339 2.94727796
v -4.23744297 -4.33425245 -1.16244406
v -4.27392673 -4.34618530 -1.17700202
v -4.25842381 -4.03411254 -1.67665512
v 7.65646219 -3.51700744 -1.94202310
v -0.86392403 0.04472950 -2.05272204
v -4.86091805 0.04472950 -2.05272204
v 0.03907609 1.44573048 -2.05272204
v -0.04992795 0.94272450 -2.05272204
v 7.54290628 -3.34639844 -1.89560801
v 7.46145487 -3.39336547 -2.05072195
v 7.45139885 -3.38247046 -2.05072195
v 0.03907609 3.64671960 2.94727796
v -0.53392196 0.74172053 -2.05272204
v -0.59892392 0.68272999 -2.05272204
v 0.03907609 3.64671960 2.94727796
v 7.56387186 -3.50914940 -2.05072195
v 7.63053703 -3.47640356 -1.93013305
v 7.65646219 -3.51700744 -1.94202310
v 7.59937906 -3.54999647 -2.05072195
v -1.38887191 5.40736952 -1.54082901
v -1.39123702 5.38876954 -1.53420109
v -1.66377401 5.59105530 -1.02004308
v -4.25842381 -4.03411254 -1.67665512
v -0.37492490 3.56271949 2.94727796
v 7.56387186 -3.50914940 -2.05072195
v 7.63053703 -3.47640356 -1.93013305
v 12.19563007 11.72261134 2.72184986
v 12.20763969 11.74962130 2.72155303
v 12.18223000 11.73035136 2.74735993
v -0.37492490 3.56271949 2.94727796
v 8.18611002 -5.33513746 -1.95972210
v 6.73034525 -2.65369543 -2.05072195
v 8.50086784 -5.72547254 -2.04768497
v -1.66377401 5.59105530 -1.02004308
v -1.65907383 5.62187853 -1.03387410
v -1.38887191 5.40736952 -1.54082901
v 12.18187046 11.73056117 2.74804395
v 12.19917011 11.76731196 2.74618000
v 11.93613052 11.87249175 3.21587199
v 12.03592014 12.10859194 3.22118896
v 7.45139885 -3.38247046 -2.05072195
v -4.69549704 -4.17196044 -1.81543201
v -4.66823006 -4.16401061 -1.80743701
v -4.71504402 -4.46651658 -1.34441906
v -4.64833212 -4.44986829 -1.32029706
v 12.19939995 11.76683131 2.74551099
v 7.41508293 -3.34218749 -2.05072195
v 7.53082085 -3.32911047 -1.89083308
v -0.72493100 3.32472840 2.94727796
v 0.12707305 0.94272450 -2.05272204
v -0.72493100 3.32472840 2.94727796
v 0.03907609 0.94672230 -2.05272204
v 7.09113884 -2.71355543 -1.70003504
v -4.30589390 -4.35636243 -1.18943101
v -4.37114096 -4.37627563 -1.21372205
v -4.32673788 -4.05777845 -1.70047409
v -4.74992514 -4.18700561 -1.83057708
v 7.12629509 -3.03711852 -2.05072195
v 4.84507608 1.01972041 2.94727796
v 4.91508317 0.53471971 2.94727796
v 4.91508317 0.53471971 -2.05272204
v 4.84507608 1.01972041 -2.05272204
v -4.64833212 -4.44986829 -1.32029706
v 12.16349983 11.69384184 2.74847883
v 11.94025993 11.20885172 2.72527784
v 12.18260002 11.69638148 2.72202605
v 10.18360806 23.46715155 -0.72072178
v -0.46959090 5.01653138 -0.72072178
v 9.82666016 23.67324057 -1.04072207
v -0.91691685 4.94872132 -0.99516076
v -0.65892196 0.61672050 -2.05272204
v -0.71193099 0.54572129 -2.05272204
v -4.66823006 -4.16401061 -1.80743701
v -0.79692197 -1.75927147 -2.05272204
v -0.72493100 -1.67926952 -2.05272204
v 11.11961269 10.17643157 3.18791693
v 11.32382107 10.05856982 2.79915398
v 11.24066067 10.43364134 3.19627803
v 12.16298962 11.69378176 2.74917286
v 11.82822037 11.64910117 3.21281904
v 7.38641214 -3.12281141 -1.83345801
v -0.85992599 -1.84627745 -2.05272204
v 11.36247253 10.03626052 2.72556299
v 11.32418823 10.05835524 2.79843706
v -0.64692783 -1.60627148 -2.05272204
v 4.91508317 0.53471971 -2.05272204
v 4.91508317 0.53471971 2.94727796
v 4.93906999 0.04472950 -2.05272204
v 4.93906999 0.04472950 2.94727796
v -1.63388205 5.76482239 -1.09459609
v -1.36265683 5.60790053 -1.61169201
v -1.37027097 5.55370131 -1.59295911
v 12.18223000 11.73035136 2.74735993
v 12.19563007 11.72261134 2.72184986
v -0.13691890 -0.84127209 -2.05272204
v -1.63388205 5.76482239 -1.09459609
v -1.62658787 5.80345765 -1.11051005
v -1.36265683 5.60790053 -1.61169201
v 11.91971970 11.83852187 3.21540493
v 12.18187046 11.73056117 2.74804395
v 11.93613052 11.87249175 3.21587199
v -0.22291696 -0.81926891 -2.05272204
v -0.17192197 -1.37827453 -2.05272204
v -4.40992880 -4.08519849 -1.72808010
v -4.40992880 -4.38723144 -1.22960001
v -5.77092075 -4.43190965 -2.05072195
v -6.03096199 -4.50617370 -2.05072195
v -5.97493076 -4.49114332 -2.05072195
v -5.96324301 -4.48772535 -2.05072195
v -5.90692282 -4.47211656 -2.05072195
v -1.64697385 5.69403639 -1.06514901
v -1.37027097 5.55370131 -1.59295911
v -1.37294197 5.53600159 -1.58698410
v -1.63948202 5.73369446 -1.08147103
v 11.30360413 10.02220717 2.79952901
v 11.32382107 10.05856982 2.79915398
v 11.11961269 10.17643157 3.18791693
v 11.01689148 9.98653212 3.18580597
v -1.65907383 5.62187853 -1.03387410
v -1.65358090 5.65328065 -1.04721004
v -1.38272190 5.46231642 -1.56106407
v 11.35850525 10.02904311 2.72556394
v 11.36247253 10.03626052 2.72556299
v 11.32418823 10.05835524 2.79843706
v 11.30413818 10.02226821 2.79880994
v -4.27392673 -4.34618530 -1.17700202
v -4.30589390 -4.35636243 -1.18943101
v -4.27392673 -4.03959045 -1.68217010
v 11.35850525 10.02904311 2.72556394
v 11.94025993 11.20885172 2.72527784
v 11.36247253 10.03626052 2.72556299
v -1.02092099 -2.67228040 -2.05272204
v -3.42592001 -3.49128160 -2.05272204
v -1.03692794 -2.56527051 -2.05272204
v -0.99492002 -2.77727661 -2.05272204
v -3.06991673 -3.82027540 -2.05272204
v -6.04292393 -4.50948438 -2.05072195
v -6.12333775 -4.53148851 -2.05072195
v -6.11091805 -4.52823743 -2.05072195
v -1.38272190 5.46231642 -1.56106407
v -1.38887191 5.40736952 -1.54082901
v -1.65907383 5.62187853 -1.03387410
v -0.91392684 -2.97628149 -2.05272204
v -2.68393087 -4.11327562 -2.05272204
v -0.95991683 -2.87827453 -2.05272204
v 4.89024210 -1.05167553 -1.28773302
v 4.94079399 -1.07766148 -1.31356305
v 4.77601504 -1.21222851 -1.13739008
v -1.69006491 5.40399733 -0.93544418
v -1.68687606 5.43244067 -0.94772178
v -1.40568686 5.23981372 -1.47759003
v -0.85992599 -3.06926855 -2.05272204
v -2.27092099 -4.36527452 -2.05272204
v -1.69273496 5.37399951 -0.92185307
v -1.69006491 5.40399733 -0.93544418
v -1.40930295 5.18482056 -1.45533306
v -1.02092099 -2.24227247 -2.05272204
v -4.28292990 -2.31228051 -2.05272204
v -0.99492002 -2.13826951 -2.05272204
v -0.95991683 -2.03627953 -2.05272204
v -4.64991903 -1.40728149 -2.05272204
v -0.91392684 -1.93827257 -2.05272204
v -4.03592110 -2.73327050 -2.05272204
v -4.48791695 -1.86927161 -2.05272204
v -4.76692295 -0.93126854 -2.05272204
v -5.70292807 -4.65250549 -1.65275103
v -5.71334982 -4.41425428 -2.05072195
v -5.70292807 -4.41112670 -2.05072195
v -4.58000278 -4.43236646 -1.29496807
v -4.40992880 -4.38723144 -1.22960001
v -4.51246786 -4.41492662 -1.26971001
v -4.40992880 -4.08519849 -1.72808010
v -4.49235678 -4.11115465 -1.75421804
v -0.85891891 -0.04427500 -2.05272204
v -4.54592991 -4.42369947 -1.28241605
v -4.54592991 -4.12754259 -1.77071101
v -0.75692892 0.46973261 -2.05272204
v -1.04191685 -2.45726952 -2.05272204
v -3.74891806 -3.12726745 -2.05272204
v -1.03692794 -2.34926757 -2.05272204
v -4.51246786 -4.41492662 -1.26971001
v -4.54592991 -4.42369947 -1.28241605
v -4.49235678 -4.11115465 -1.75421804
v -4.54592991 -4.12754259 -1.77071101
v 12.49287033 12.39129153 2.71447104
v 12.73060036 12.92611113 2.70856899
v 12.31840038 12.77733126 3.23627800
v -0.79692197 -3.15526757 -2.05272204
v -4.32673788 -4.05777845 -1.70047409
v -1.67060995 5.54990235 -1.00217301
v -1.67060995 5.54990235 -1.00217301
v -1.39123702 5.38876954 -1.53420109
v -1.39746189 5.33351746 -1.51388711
v -0.72493100 -3.23526940 -2.05272204
v -1.83592391 -4.57528028 -2.05272204
v -0.27491891 -3.51027855 -2.05272204
v -0.91691685 -4.85927734 -2.05272204
v -0.37492490 -3.47426757 -2.05272204
v -0.56192183 -3.37227759 -2.05272204
v -1.38392782 -4.74027452 -2.05272204
v -0.64692783 -3.30826744 -2.05272204
v -0.47091794 -3.42827758 -2.05272204
v -1.68487692 5.44754639 -0.95483303
v -1.68109298 5.47756043 -0.96913588
v -1.40391684 5.25957337 -1.48522002
v 0.03907609 -4.95527038 -2.05272204
v -0.44192696 -4.93126830 -2.05272204
v -0.06692696 -3.55327758 -2.05272204
v -1.68487692 5.44754639 -0.95483303
v 0.24908304 -3.53727159 -2.05272204
v 0.03907609 -3.55826744 -2.05272204
v 0.14507902 -3.55327758 -2.05272204
v -0.17192197 -3.53727159 -2.05272204
v 12.48530006 12.37426177 2.71465891
v 4.85558915 -0.85827050 -0.45005617
v 4.83734012 -0.96277747 -0.38472197
v 2.76107609 -4.11327562 1.88346594
v 2.48525846 -4.28197631 2.04327792
v -1.63948202 5.73369446 -1.08147103
v 15.01840019 26.84473220 1.79378694
v 15.35072041 26.77607146 1.04348892
v 14.94665051 27.14831153 1.68019897
v 15.31278992 26.93685141 0.98316544
v -1.18928695 5.16942444 -0.37941006
v -1.18463302 5.18962756 -0.38472197
v -1.18464804 5.18945971 -0.38472197
v 4.89024210 -1.05167553 -1.28773302
v 4.86880302 -1.04076549 -1.27673108
v 5.21110415 -0.89293846 -0.73574066
v -1.18928695 5.16942444 -0.37941006
v -4.27392673 -4.03959045 -1.68217010
v 15.40347004 26.55288115 1.12727791
v 2.61736894 4.40755358 1.12727791
v 15.35072041 26.77607146 1.04348892
v 5.12106204 -0.84420177 -0.67828393
v 4.83238101 -0.98293445 -1.16471011
v 5.10928202 -0.83791521 -0.67072189
v 4.84641910 -1.03020653 -1.26489705
v 4.82758904 -1.00242051 -1.21216303
v -1.04246688 5.78130141 -0.55060858
v -1.04248190 5.78131762 -0.55056376
v -1.04246688 5.78130141 -0.55060858
v -1.18463302 5.18962756 -0.38472197
v 4.86880302 -1.04076549 -1.27673108
v 4.84641910 -1.03020653 -1.26489705
v 5.16720414 -0.86834154 -0.70817155
v 15.40347004 26.55288115 1.12727791
v 15.07437038 26.60836211 1.88227790
v 15.51926994 26.07876197 1.29600888
v 15.15250969 26.29041091 1.99423200
v 15.53804016 25.89631072 1.34976488
v 15.18881035 25.94219199 2.09576601
v 15.55389023 25.74178115 1.39527791
v 15.19791985 25.85465232 2.12127799
v 15.15250969 26.29041091 1.99423200
v 4.85050797 -0.89357945 -0.93857819
v 5.01966715 -0.79581621 -0.61643958
v 5.06953311 -0.81914690 -0.64668626
v 4.85558915 -0.85827050 -0.84634763
v 4.86280704 -0.80819097 -0.71548939
v 5.01966715 -0.79581621 -0.61643958
v 15.51926994 26.07876197 1.29600888
v 13.94379997 28.65194121 0.68940031
v 14.21697998 28.51173201 -0.04196661
v 13.80710983 28.76252165 0.56870502
v -6.37047005 -4.59291944 -2.05072195
v -6.38392830 -4.59633741 -2.05072195
v -6.39747810 -4.59946546 -2.05072195
v -1.68687606 5.43244067 -0.94772178
v -1.69006491 5.40399733 -0.93544418
v -1.56428695 5.64472046 -0.94772178
v -1.69273496 5.37399951 -0.92185307
v -1.69690084 5.32959548 -0.90193528
v -1.70266891 5.25450745 -0.86704487
v -1.70445395 5.22482958 -0.85280317
v -1.70703292 5.17851868 -0.83037544
v 13.80710983 28.76252165 0.56870502
v 13.78579998 28.77978125 0.54983961
v 0.34342802 5.02950135 0.71294117
v 12.48530006 12.37426177 2.71465891
v 12.20763969 11.74962130 2.72155303
v 9.24423122 6.76051942 2.71467989
v 0.46992302 5.02318469 0.79127836
v 12.19563007 11.72261134 2.72184986
v 12.18260002 11.69638148 2.72202605
v 11.94025993 11.20885172 2.72527784
v -1.68109298 5.47756043 -0.96913588
v -1.67530990 5.51927748 -0.98845846
v -1.67060995 5.54990235 -1.00217301
v 14.56177998 28.23559180 0.23727804
v 14.21891975 28.51017180 -0.04039806
v 14.05928040 28.55878058 0.79127836
v -1.65358090 5.65328065 -1.04721004
v -1.65907383 5.62187853 -1.03387410
v -1.66377401 5.59105530 -1.02004308
v -1.68487692 5.44754639 -0.95483303
v -1.68687606 5.43244067 -0.94772178
v -6.31591892 -4.57990465 -2.05072195
v 4.93906999 0.04472950 -2.05272204
v 4.93906999 0.04472950 2.94727796
v 4.91508317 -0.44527599 2.94727796
v 4.91508317 -0.44527599 -2.05272204
v -1.37294197 5.53600159 -1.58698410
v 14.14375019 28.49103156 0.86085003
v 14.25885010 28.39872161 0.95583313
v 14.61501980 28.19318190 0.27779513
v -1.64697385 5.69403639 -1.06514901
v -0.03215194 -4.95171556 2.22877091
v -0.03215194 -4.95171556 2.22876996
v -0.04782295 -5.05570373 2.25236886
v -6.26091194 -4.56594238 -2.05072195
v -6.24792576 -4.56284437 -2.05072195
v -0.03215194 -4.95171556 2.22877091
v -0.04782295 -5.05570373 2.25236886
v -0.03094697 -4.95177659 2.23148697
v -0.02092195 -4.95227966 2.25411600
v 0.00024211 -4.95333251 2.30188292
v 7.30726528 -3.01125440 -1.80003602
v 7.29357815 -2.99198350 -1.79421312
v 0.03532207 -4.95508727 2.38104504
v 0.09322906 -4.95256957 2.50864595
v 0.03907609 -4.95527038 2.38950294
v 0.13445902 -4.95050964 2.59939283
v -4.03981209 -4.26687059 -1.08023507
v -4.06991673 -4.27764234 -1.09337408
v 7.37319803 -3.10421142 -1.82783908
v 7.34698296 -3.06697950 -1.81712705
v 7.32070827 -3.03000745 -1.80595905
v -6.17892599 -4.54558763 -2.05072195
v -6.05500889 -4.51273450 -2.05072195
v 14.89898968 27.79635230 0.54527825
v 14.68725014 28.09237090 0.34580004
v 14.45073032 28.12765113 1.14748698
v 14.39225960 28.20957175 1.09178895
v 14.64694023 27.85284224 1.33402794
v 0.25968802 -5.53165540 3.02739900
v 0.27056706 -5.38111266 3.00627798
v -0.08474898 -5.73058471 2.37168401
v -0.05247688 -5.14414367 2.26840895
v -4.17482090 -4.31377563 -1.13745409
v -4.13792610 -4.30138549 -1.12234408
v -4.20591879 -4.32410535 -1.15006012
v -4.00192404 -4.25365552 -1.06409604
v -4.23744297 -4.33425245 -1.16244406
v -3.96347189 -4.23917541 -1.04644412
v -4.27392673 -4.34618530 -1.17700202
v -3.93393087 -4.22821960 -1.03306109
v 7.29357815 -2.99198350 -1.79421312
v 0.28341508 -5.16909131 2.97136396
v 15.00984001 27.64324179 0.64316386
v 14.94260979 27.73609152 0.58382267
v -4.30589390 -4.35636243 -1.18943101
v 0.29069304 -5.04845533 2.95146292
v 7.32070827 -3.03000745 -1.80595905
v -1.40391684 5.25957337 -1.48522002
v 7.26269388 -3.17867455 -2.05072195
v -3.90483189 -4.21701965 -1.01940304
v -0.04899800 -5.08094129 2.25727790
v 0.13445902 -4.95050964 2.59939283
v 14.61501980 28.19318190 0.27779513
v 14.25885010 28.39872161 0.95583313
v 7.22445488 -3.13787255 -2.05072195
v 7.34698296 -3.06697950 -1.81712705
v 0.19189310 -4.94764051 2.71751398
v 4.97541714 -1.78905651 -1.04072207
v 4.74841213 -1.58260545 -0.96823198
v 4.74848795 -1.58257446 -0.96810758
v -0.04782295 -5.05570373 2.25236886
v 0.19615006 -4.94742736 2.72627800
v 0.19189310 -4.94764051 2.71751398
v 0.29069304 -5.04845533 2.95146292
v 14.37911987 28.22796240 1.07927793
v 0.29711711 -4.94237670 2.93395585
v 0.19615006 -4.94742736 2.72627800
v -0.07699800 -5.98356065 2.41027802
v -0.06713998 -6.45603332 2.47330397
v 0.26951408 -6.19739637 3.10827797
v 15.18264961 27.23673239 0.84327817
v 15.00984001 27.64324179 0.64316386
v 14.66623020 27.80634108 1.35827797
v 14.64694023 27.85284224 1.33402794
v 14.89723015 27.26206198 1.62727791
v 0.26969707 -6.26148328 3.11454600
v -6.17892599 -4.70948133 -1.78068906
v -6.24792576 -4.71614942 -1.79812211
v -6.17892599 -4.54558763 -2.05072195
v 0.25968802 -5.53165540 3.02739900
v 7.77148294 -4.37108764 -1.30412203
v 7.68969584 -4.26719055 -1.27681405
v 7.74609184 -4.33883056 -1.29562110
v 7.68969584 -4.26719055 -1.27679211
v 7.74609184 -4.33883056 -1.29562110
v 7.68969584 -4.26719055 -1.27681405
v -0.08253598 -5.80324754 2.38274997
v 14.94665051 27.14831153 1.68019897
v 15.31278992 26.93685141 0.98316544
v 15.21938992 27.15209189 0.88273835
v -0.08474898 -5.73058471 2.37168401
v 4.73620510 -1.37423155 -1.04072207
v 4.74076700 -1.35563049 -1.05182010
v 4.77227616 -1.43671545 -1.04072207
v 7.68969584 -4.26719055 -1.27679211
v 19.74330044 -25.23096856 -1.21372205
v -1.67530990 5.51927748 -0.98845846
v -5.70292807 -4.41112670 -2.05072195
v -5.65292501 -4.39534959 -2.05072195
v -5.70292807 -4.65250549 -1.65275103
v -5.63492012 -4.39197645 -2.04690200
v 14.89898968 27.79635230 0.54527825
v 14.68725014 28.09237090 0.34580004
v 7.68969584 -4.26719055 -1.27681405
v 7.77148294 -4.37108764 -1.30412203
v -1.68109298 5.47756043 -0.96913588
v -1.67530990 5.51927748 -0.98845846
v -1.39930892 5.31453553 -1.50668007
v -1.39746189 5.33351746 -1.51388711
v -0.01342893 -6.98964843 2.53427785
v 0.31642008 -6.81546935 3.16102689
v -0.06713998 -6.45603332 2.47330397
v 4.84641910 -1.03020653 -1.26489705
v 4.86880302 -1.04076549 -1.27673108
v 0.26969707 -6.26148328 3.11454600
v 5.16720414 -0.86834154 -0.70817155
v 0.00775003 -7.22388658 2.55656594
v 0.33494401 -7.03490552 3.17945498
v 16.63936996 -19.59055910 -1.40499705
v 0.36277604 -7.22142944 3.18994683
v 10.82923794 -23.83951768 2.24227994
v -0.03094697 -4.95177659 2.22840303
v -0.03215194 -4.95171556 2.22876996
v -0.03094697 -4.95177659 2.22840303
v -0.04782295 -5.05570373 2.25236886
v 15.31278992 26.93685141 0.98316544
v 0.03907609 -4.95527038 2.20716804
v -1.39930892 5.31453553 -1.50668007
v 15.53804016 25.89631072 1.34976488
v 2.61736894 4.40755358 1.12727791
v 15.51926994 26.07876197 1.29600888
v 10.68286133 -23.70975885 2.26378006
v -0.04899800 -5.08094129 2.25727790
v 10.73028469 -23.75146875 2.25727790
v -1.40568686 5.23981372 -1.47759003
v 8.57987785 -21.75491914 2.51798385
v 0.26951408 -6.19739637 3.10827797
v 5.12106204 -0.84420177 -0.67828393
v -5.36291695 -4.59909973 -1.55504102
v -5.40229893 -4.60543260 -1.56662506
v -5.36291695 -4.33805236 -1.98560411
v -0.47731185 5.01535645 0.20327803
v -0.47515988 5.01569262 0.20454454
v -0.44192696 5.02072755 0.22413444
v 0.29711711 -4.94237670 2.93395585
v 0.29069304 -5.04845533 2.95146292
v 0.31007206 -4.94172058 2.93050903
v -3.70245504 -4.13327941 -0.92098707
v -0.48028684 5.01491347 0.20137784
v -3.59391880 -4.08199462 -0.86613274
v -3.66192818 -4.11434373 -0.90074164
v -1.41072202 5.16455641 -1.44722408
v -1.40989804 5.17633668 -1.45193106
v -3.83738899 -4.19103345 -0.98769266
v -3.86592197 -4.20224962 -1.00138408
v -5.25657797 -4.31527051 -1.95972210
v -1.41472006 5.08843032 -1.41572601
v 7.51731730 -4.05585632 -1.21372205
v 7.51725626 -4.05579528 -1.21372205
v 7.04380608 -3.48848853 -1.05967504
v 7.51731730 -4.05585632 -1.21372205
v 7.04380608 -3.48848853 -1.05967504
v 7.01626396 -3.45548353 -1.05069405
v 16.72863960 -19.19060907 -2.05072195
v 16.72871017 -19.19090852 -2.05025512
v -3.79792881 -4.17498168 -0.96810448
v 13.94379997 28.65194121 0.68940031
v -5.29492283 -4.58741149 -1.53367609
v -5.33387899 -4.59421644 -1.54612404
v -5.29492283 -4.32331237 -1.96885211
v 15.87343979 -20.07635888 -0.38472197
v 4.72807217 -1.40728149 -0.10750386
v 4.72070217 -1.42829344 -0.09272187
v 16.73114967 -19.20149812 -2.03262097
v 16.73447990 -19.21799859 -2.00329095
v 16.49209023 -19.71921930 -1.14102704
v 7.51731730 -4.05585632 -1.21372205
v -1.41072202 5.16455641 -1.44722408
v -0.91691685 -4.85927734 2.94727796
v -1.38392782 -4.74027452 2.94727796
v -0.91691685 -4.85927734 -2.05272204
v 14.17171001 28.54807082 -0.07872194
v 14.13337994 28.57903090 -0.11186596
v 13.78579998 28.77978125 0.54983961
v -1.38392782 -4.74027452 -2.05272204
v 7.51725626 -4.05579528 -1.21372205
v 16.74223042 -19.25304803 -1.94414109
v 7.52036905 -4.05962572 -1.21485704
v 7.51725626 -4.05579528 -1.21372205
v 7.51731730 -4.05585632 -1.21372205
v 7.52036905 -4.05962572 -1.21485704
v 7.51731730 -4.05585632 -1.21372205
v 7.52036905 -4.05960950 -1.21483308
v 7.51731730 -4.05585632 -1.21372205
v 7.52036905 -4.05960950 -1.21483308
v -1.28527999 5.18073168 -1.35572201
v 9.82666016 23.67324057 -1.04072207
v -0.99649191 4.92827454 -1.04072207
v 7.68969584 -4.26719055 -1.27681405
v 7.52036905 -4.05962572 -1.21485704
v 7.68969584 -4.26719055 -1.27679211
v 7.52036905 -4.05960950 -1.21483308
v 7.68969584 -4.26719055 -1.27679211
v 7.52036905 -4.05962572 -1.21485704
v 16.73453999 -19.21796808 -2.00318915
v 16.74238014 -19.25296792 -1.94383806
v 16.74223042 -19.25304803 -1.94414109
v 16.73453999 -19.21796808 -2.00318915
v 16.74223042 -19.25304803 -1.94414109
v 16.73447990 -19.21799859 -2.00329095
v 19.94414997 -24.84886941 -1.86566407
v 19.94583035 -24.81100854 -1.91872210
v 16.74242020 -19.32262811 -1.84065908
v 4.84507608 -0.93126854 -1.03195709
v 4.84525895 -0.92998645 -1.02872211
v 5.09577799 -0.83103350 -0.66281039
v 5.06953311 -0.81914690 -0.64668626
v 4.84525895 -0.92998645 -1.02872211
v 16.74501991 -19.26688775 -1.91837007
v 16.74487019 -19.26695833 -1.91867501
v 16.74501991 -19.26660928 -1.91872210
v 16.74501991 -19.26660928 -1.91872210
v 16.74487019 -19.26695833 -1.91867501
v 16.74487019 -19.26692781 -1.91872210
v -0.99649191 4.92827454 -1.04072207
v -7.25149727 -4.76912841 -2.05072195
v -7.19992161 -4.76046142 -2.05072195
v -1.69690084 5.32959548 -0.90193528
v 5.06953311 -0.81914690 -0.64668626
v 16.74223042 -19.25304803 -1.94414109
v 16.74238014 -19.25296792 -1.94383806
v 16.74487019 -19.26692781 -1.91872210
v 16.74501991 -19.26660928 -1.91872210
v 16.74487019 -19.26692781 -1.91872210
v 16.74238014 -19.25296792 -1.94383806
v -1.70266891 5.25450745 -0.86704487
v -1.69690084 5.32959548 -0.90193528
v -1.41472006 5.08843032 -1.41572601
v 13.38428974 29.01148215 -0.72072178
v 13.02733994 29.21757117 -1.04072207
v 12.77361965 29.36411086 -0.38472197
v 4.84525895 -0.92998645 -1.02872211
v 16.74501991 -19.26688775 -1.91837007
v 16.74343967 -19.30435762 -1.86566609
v 16.74487019 -19.26695833 -1.91867501
v 13.43066025 28.98472205 -0.68180937
v 13.06225014 29.19749060 -0.09272187
v 4.85050797 -0.89357945 -0.93857819
v 4.85298014 -0.87636754 -0.89362157
v 13.13852978 29.15345183 -0.02159512
v 13.76836967 28.78976241 -0.39872188
v 13.81770039 28.76127234 -0.36005345
v 13.46166992 28.96690169 0.27416575
v 16.73453999 -19.21796808 -2.00318915
v 16.74238014 -19.25296792 -1.94383806
v 13.72165966 28.81679145 0.49827823
v 14.13337994 28.57903090 -0.11186596
v 4.94093204 -0.76304027 -0.56671179
v 13.78579998 28.77978125 0.54983961
v 4.86280704 -0.80819097 -0.71548939
v 4.87287807 -0.73827532 -0.52202457
v 4.94093204 -0.76304027 -0.56671179
v 16.73114967 -19.20149812 -2.03262097
v 16.73453999 -19.21796808 -2.00318915
v 16.73447990 -19.21799859 -2.00329095
v -1.41072202 5.16455641 -1.44722408
v -1.70445395 5.22482958 -0.85280317
v -1.70266891 5.25450745 -0.86704487
v -1.41667295 5.03275147 -1.39193803
v -1.70703292 5.17851868 -0.83037544
v -1.41732883 5.01126757 -1.38267404
v 13.37934971 29.01441184 0.20327803
v 12.16298962 11.69378176 2.74917286
v 9.35891628 6.96330872 2.71447891
v 12.18187046 11.73056117 2.74804395
v 4.84507608 -0.93126854 2.94727796
v 4.84507608 -0.93126854 -0.40627536
v 4.91508317 -0.44527599 2.94727796
v -1.41472006 5.08843032 -1.41572601
v 4.87159610 -0.74711010 -0.51672179
v 4.87287807 -0.73827532 -0.52202457
v 16.74242020 -19.32262811 -1.84065908
v 16.74184990 -19.33696756 -1.82038111
v 4.91508317 -0.44527599 -2.05272204
v 4.86280704 -0.80819097 -0.71548939
v 16.74184990 -19.33696756 -1.82038111
v 16.74242020 -19.32262811 -1.84065908
v 16.74209023 -19.33682832 -1.81990403
v 16.74343967 -19.30435762 -1.86566609
v 16.74209023 -19.33682832 -1.81990403
v 16.74242020 -19.32262811 -1.84065908
v 16.74487019 -19.26695833 -1.91867501
v -1.41732883 5.01126757 -1.38267404
v 13.22371960 14.11858168 2.69227785
v 12.94779968 13.41471186 2.70315689
v 9.35891628 6.96330872 2.71447891
v 16.73604965 -19.38164911 -1.74795610
v 16.74209023 -19.33682832 -1.81990403
v 16.73620033 -19.38155755 -1.74765510
v 16.73604965 -19.38164911 -1.74795610
v 16.74209023 -19.33682832 -1.81990403
v 16.73604965 -19.38164911 -1.74795610
v 16.74184990 -19.33696756 -1.82038111
v -3.74780416 -3.82514343 -1.48496312
v -3.72992086 -3.81682739 -1.47738403
v -3.76994514 -4.16321763 -0.95375294
v -3.66192818 -3.78339538 -1.44692904
v -3.66192818 -4.11434373 -0.90074164
v -3.70245504 -4.13327941 -0.92098707
v 16.74209023 -19.33682832 -1.81990403
v 15.62975979 24.60427085 1.68808192
v 15.62779045 24.80259123 1.64427799
v 15.26607037 24.73081198 2.40060800
v -0.94270492 4.94209853 -0.09272187
v 4.85558915 -0.85827050 -0.84634763
v -6.91249180 -4.70937452 -2.05072195
v -6.85992622 -4.69883165 -2.05072195
v -6.98028660 -4.72237548 -2.05072195
v -6.99592686 -4.72527465 -2.05072195
v -7.06392097 -4.73731336 -2.05072195
v 9.57748318 -6.82564649 -1.99327511
v -3.56749105 -4.06841430 -0.85161585
v 15.24246025 23.72781172 2.59806794
v 15.19106960 22.99090186 2.72227806
v 15.60054970 23.47909155 1.91779393
v 15.18558025 22.90195075 2.73590892
v 15.54368019 22.69512168 2.05416196
v 15.61913967 23.73444167 1.87327796
v 15.26515007 24.05257216 2.54327792
v -6.80700779 -4.68868455 -2.05072195
v -6.73875618 -4.67499647 -2.05072195
v -6.72392368 -4.67192945 -2.05072195
v -3.66192818 -3.78339538 -1.44692904
v -3.59391880 -3.74903259 -1.41562611
v -3.66192818 -4.11434373 -0.90074164
v 4.85558915 -0.85827050 -0.45005617
v 4.84507608 -0.93126854 -1.03195709
v 4.84525895 -0.92998645 -1.02872211
v 15.18558025 22.90195075 2.73590892
v 15.14727974 22.62223235 2.77253097
v 15.51990032 22.53271094 2.07827800
v 15.54368019 22.69512168 2.05416196
v -6.51992893 -4.62803039 -2.05072195
v -6.50593662 -4.62488756 -2.05072195
v -6.45192051 -4.61246642 -2.05072195
v 15.51430035 22.49270239 2.08373683
v -3.93393087 -3.90821227 -1.56064004
v -3.98519993 -3.92954454 -1.58007306
v 4.85050797 -0.89357945 -0.93857819
v 4.84525895 -0.92998645 -1.02872211
v 4.91508317 -0.44527599 -2.05272204
v 15.12792969 22.48089209 2.79105395
v -6.40631294 -4.73108873 -1.83718211
v -6.45192051 -4.73529968 -1.84820110
v -6.39747810 -4.59946546 -2.05072195
v 1.33131245 11.91414157 -2.05072195
v 1.33122095 11.91385165 -2.05072195
v 1.27815086 11.80930129 -2.01617700
v 1.33131245 11.91414157 -2.05072195
v 1.27815086 11.80930129 -2.01617700
v 1.25311115 11.76007167 -1.99981207
v -6.53401279 -4.63126573 -2.05072195
v 15.51990032 22.53271094 2.07827800
v 15.51430035 22.49270239 2.08373683
v 4.15376115 2.84732643 2.07827800
v 15.47443962 22.20795241 2.12259286
v -4.01849508 -3.94309339 -1.59240502
v -4.00192404 -3.93659362 -1.58649701
v -4.06991673 -3.96369371 -1.61118108
v -4.20591879 -4.01567945 -1.65854305
v -4.21862888 -4.02027234 -1.66272205
v -31.71092129 -4.02027234 -1.66272205
v 4.84507608 -0.93126854 -2.05272204
v 4.85298014 -0.87636754 -0.89362157
v -6.36126900 -4.72687635 -1.82616800
v -6.38392830 -4.72908935 -1.83197803
v -6.37047005 -4.59291944 -2.05072195
v -3.88311911 -3.88631544 -1.54068512
v -3.86592197 -3.87899169 -1.53401906
v -3.81546211 -3.85675964 -1.51376301
v -6.67051792 -4.66044053 -2.05072195
v -6.65593052 -4.65751037 -2.05072195
v 1.33122095 11.91385165 -2.05072195
v 4.70495510 -1.54480955 -0.95368886
v 4.68514895 -1.52967247 -0.94624609
v 4.70501614 -1.54476354 -0.95356077
v -6.06739998 -4.69806871 -1.75083906
v -6.11091805 -4.70272264 -1.76303810
v -6.05500889 -4.51273450 -2.05072195
v 4.74841213 -1.58260545 -0.96823198
v 4.70495510 -1.54480955 -0.95368886
v 4.74848795 -1.58257446 -0.96810758
v 4.70501614 -1.54476354 -0.95356077
v 4.74848795 -1.58257446 -0.96810758
v 4.70495510 -1.54480955 -0.95368886
v 4.74841213 -1.58260545 -0.96823198
v 4.97541714 -1.78905651 -1.04072207
v 4.58549309 -1.81388244 -0.76891446
v -4.20591879 -4.32410535 -1.15006012
v -4.17482090 -4.31377563 -1.13745409
v -4.15388584 -3.99631652 -1.64089209
v -4.13792610 -3.99030456 -1.63542205
v 4.40608096 -2.21335754 -0.50764346
v 4.55604410 -1.89086351 -0.71922475
v 15.07437038 26.60836211 1.88227790
v 2.29691917 4.47890368 1.88227790
v 15.15250969 26.29041091 1.99423200
v -4.17482090 -4.31377563 -1.13745409
v -4.20591879 -4.32410535 -1.15006012
v -4.15388584 -3.99631652 -1.64089209
v 16.72583008 -19.42514810 -1.67768806
v 16.70969963 -19.46690759 -1.61392612
v 15.47443962 22.20795241 2.12259286
v -6.04292393 -4.69551954 -1.74419910
v -6.04292393 -4.50948438 -2.05072195
v -6.03096199 -4.50617370 -2.05072195
v 4.82342410 -1.01935753 -1.25273806
v 4.82348514 -1.01912853 -1.25287611
v 16.70215034 -19.48987779 -1.58096808
v -6.36126900 -4.72687635 -1.82616800
v -6.37047005 -4.59291944 -2.05072195
v -6.31591892 -4.57990465 -2.05072195
v 4.82476711 -1.01391050 -1.24014408
v 4.82348514 -1.01912853 -1.25287611
v -6.24792576 -4.56284437 -2.05072195
v -6.24792576 -4.71614942 -1.79812211
v -6.26091194 -4.56594238 -2.05072195
v 4.73620510 -1.37423155 -1.04072207
v 4.77227616 -1.43671545 -1.04072207
v 4.73086405 -1.39591345 -1.02872211
v -6.24792576 -4.56284437 -2.05072195
v 4.72807217 -1.40728149 -1.02243203
v 4.72238016 -1.42353246 -1.01229006
v -31.71092129 -3.30727538 -1.04072207
v -3.58920383 -3.30727538 -1.04072207
v -31.71092129 -3.68326744 -1.35572201
v 15.03775978 21.82287207 2.87727803
v 4.69276309 -1.50795946 -0.95960635
v 15.00098038 21.53701201 2.91038698
v 15.35210991 21.33437148 2.24190587
v 4.70501614 -1.54476354 -0.95356077
v 4.74848795 -1.58257446 -0.96810758
v -6.06739998 -4.69806871 -1.75083906
v -6.05500889 -4.51273450 -2.05072195
v -6.04292393 -4.69551954 -1.74419910
v -6.04292393 -4.50948438 -2.05072195
v 4.68517900 -1.52961144 -0.94610274
v 4.68640018 -1.52611753 -0.94828135
v 0.68896323 10.56079188 -1.67563707
v 0.74120939 10.67989150 -1.70172209
v 0.74111778 10.67960158 -1.70172209
v 0.68896323 10.56079188 -1.67563707
v 0.74111778 10.67960158 -1.70172209
v 0.68899375 10.56075183 -1.67569608
v 0.68896323 10.56079188 -1.67563707
v 10.57359314 27.70873061 -1.70172209
v 0.74120939 10.67989150 -1.70172209
v 16.67430019 -19.54149827 -1.48963505
v -5.94961691 -4.68552551 -1.71805901
v -5.97493076 -4.68837842 -1.72552806
v -5.96324301 -4.48772535 -2.05072195
v 0.74111778 10.67960158 -1.70172209
v 0.31007206 9.93306533 -1.70172209
v 0.68899375 10.56075183 -1.67569608
v -5.90692282 -4.68094739 -1.70608610
v -5.94961691 -4.68552551 -1.71805901
v -5.90692282 -4.47211656 -2.05072195
v 19.93236065 -24.95232782 -1.70172209
v 19.93731022 -24.92635927 -1.74745304
v 4.83195305 -0.98464355 -1.16887504
v -4.20591879 -4.01567945 -1.65854305
v 16.74487019 -19.26695833 -1.91867501
v 0.91560209 11.05620185 -1.79919607
v 0.74111778 10.67960158 -1.70172209
v 0.88310075 10.98616114 -1.78099209
v 0.88310075 10.98616114 -1.78099209
v 15.32485962 21.20191184 2.25727790
v 14.81044960 20.56417075 3.00627798
v 15.06068039 19.87937155 2.39675683
v 0.74111778 10.67960158 -1.70172209
v 14.71895027 20.07661238 3.04735487
v 4.83721805 -0.96328148 -0.38440725
v 15.35210991 21.33437148 2.24190587
v 14.97844982 21.42197219 2.92171901
v 4.83734012 -0.96277747 -0.38472197
v 16.72589016 -19.42511758 -1.67756909
v 16.71747971 -19.44684801 -1.64448709
v 16.72583008 -19.42514810 -1.67768806
v 16.70969963 -19.46690759 -1.61392612
v 16.72583008 -19.42514810 -1.67768806
v 16.71747971 -19.44684801 -1.64448709
v 16.70969963 -19.46690759 -1.61392612
v 16.71747971 -19.44684801 -1.64448709
v 16.70973015 -19.46689805 -1.61386711
v -5.83893013 -4.67173156 -1.68791908
v -5.88116598 -4.67775831 -1.69894201
v -5.83893013 -4.45176038 -2.05072195
v 16.73103046 -19.40790758 -1.70172209
v 15.00098038 21.53701201 2.91038698
v 15.06068039 19.87937155 2.39675683
v 14.71895027 20.07661238 3.04735487
v 15.02134991 19.72738066 2.41027802
v 13.22371960 14.11858168 2.69227785
v 7.79458523 4.91345873 2.67561501
v 13.61283970 15.09449187 2.66693896
v 14.61773968 19.66912070 3.07633799
v 12.73060036 12.92611113 2.70856899
v 16.73604965 -19.38164911 -1.74795610
v 16.73620033 -19.38155755 -1.74765510
v 16.73103046 -19.40790758 -1.70172209
v 16.73116970 -19.40773782 -1.70172209
v 16.73103046 -19.40790758 -1.70172209
v 16.73620033 -19.38155755 -1.74765510
v 15.01597023 19.70612136 2.41193098
v 16.73116970 -19.40773782 -1.70172209
v 16.72589016 -19.42511758 -1.67756909
v 16.73103046 -19.40790758 -1.70172209
v 16.72583008 -19.42514810 -1.67768806
v 16.73103046 -19.40790758 -1.70172209
v 16.72589016 -19.42511758 -1.67756909
v 5.09577799 -0.83103350 -0.66281039
v -4.13792610 -4.30138549 -1.12234408
v 5.33996415 2.95937148 2.41027802
v 5.12673807 2.82750550 2.37199300
v 15.02134991 19.72738066 2.41027802
v 0.67970115 10.53960124 -1.67108208
v 0.67333823 10.52538195 -1.66818100
v 0.67330766 10.52541152 -1.66812212
v 0.67967063 10.53963175 -1.67102307
v 4.83238101 -0.98293445 -1.16471011
v 4.83570695 -0.96938452 -1.12987405
v 15.01597023 19.70612136 2.41193098
v 5.33996415 2.95937148 2.41027802
v 15.02134991 19.72738066 2.41027802
v -5.63492012 -4.39197645 -2.04690200
v -5.62472677 -4.38999328 -2.04463607
v -5.63492012 -4.64232740 -1.63414210
v -5.60760593 -4.63805541 -1.62631601
v 4.83721805 -0.96328148 -1.11418504
v -5.60760593 -4.63805541 -1.62631601
v -5.62472677 -4.38999328 -2.04463607
v -5.56692696 -4.37919053 -2.03236205
v 0.67970115 10.53960124 -1.67108208
v 0.67967063 10.53963175 -1.67102307
v 0.68899375 10.56075183 -1.67569608
v 0.68896323 10.56079188 -1.67563707
v 0.68899375 10.56075183 -1.67569608
v 0.67967063 10.53963175 -1.67102307
v 14.50629044 19.22022238 3.10827797
v 14.38325024 18.70801154 3.13769787
v 14.89148998 19.21247092 2.45033496
v 16.70973015 -19.46689805 -1.61386711
v 16.70217991 -19.48984918 -1.58090610
v 16.70215034 -19.48987779 -1.58096808
v 0.67967063 10.53963175 -1.67102307
v 0.67330766 10.52541152 -1.66812212
v 16.70973015 -19.46689805 -1.61386711
v 16.70215034 -19.48987779 -1.58096808
v 16.70969963 -19.46690759 -1.61392612
v 0.59388602 10.34130183 -1.62581903
v 0.32017303 9.69171706 -1.46572203
v 0.59384000 10.34130183 -1.62575609
v 0.59384000 10.34130183 -1.62575609
v 0.67330766 10.52541152 -1.66812212
v 0.59388602 10.34130183 -1.62581903
v 0.67333823 10.52538195 -1.66818100
v 0.59388602 10.34130183 -1.62581903
v 0.67330766 10.52541152 -1.66812212
v -0.94270492 4.94209853 -0.09272187
v -1.18464804 5.18945971 -0.38472197
v -1.18927097 5.16940966 -0.37945506
v -1.18928695 5.16942444 -0.37941006
v 16.70217991 -19.48984918 -1.58090610
v 16.70973015 -19.46689805 -1.61386711
v 16.71747971 -19.44684801 -1.64448709
v -1.23999190 4.86571351 -0.28482017
v -1.21316695 5.05402270 -0.34696606
v -1.23991489 4.86572829 -0.28497947
v -1.21312094 5.05400649 -0.34704426
v -1.23991489 4.86572829 -0.28497947
v -1.21316695 5.05402270 -0.34696606
v -1.18927097 5.16940966 -0.37945506
v -1.21312094 5.05400649 -0.34704426
v -1.18928695 5.16942444 -0.37941006
v -1.21316695 5.05402270 -0.34696606
v -1.18928695 5.16942444 -0.37941006
v -1.21312094 5.05400649 -0.34704426
v 4.82348514 -1.01912853 -1.25287611
v 4.82342410 -1.01935753 -1.25273806
v 4.72807217 -1.40728149 -2.05272204
v 4.77601504 -1.21222851 -1.13739008
v 4.72807217 -1.40728149 -2.05272204
v 4.82342410 -1.01935753 -1.25273806
v 4.74076700 -1.35563049 -1.05182010
v 4.73620510 -1.37423155 -1.04072207
v 4.84507608 -0.93126854 -2.05272204
v 4.82348514 -1.01912853 -1.25287611
v 0.59384000 10.34130183 -1.62575609
v 4.73086405 -1.39591345 -1.02872211
v 4.72807217 -1.40728149 -1.02243203
v 16.72589016 -19.42511758 -1.67756909
v 14.67222023 18.34319106 2.51807302
v 14.34150982 18.53420058 3.14766091
v -1.04191685 4.91660157 -0.15683477
v -1.21316695 5.05402270 -0.34696606
v -1.23999190 4.86571351 -0.28482017
v 0.67970115 10.53960124 -1.67108208
v 0.67333823 10.52538195 -1.66818100
v -1.18464804 5.18945971 -0.38472197
v -1.18927097 5.16940966 -0.37945506
v 14.62674046 18.19518080 2.52765482
v 14.22745037 18.15002242 3.16597599
v 14.59527016 18.09283057 2.53427785
v 14.11956978 17.78687087 3.18327802
v -1.70767403 4.87946168 -0.67072189
v -1.18464804 5.18945971 -0.38472197
v 14.34150982 18.53420058 3.14766091
v 14.67222023 18.34319106 2.51807302
v 13.31103039 15.26867190 3.24151486
v 7.35131693 4.94074050 3.24168199
v 13.05788994 14.61582175 3.24727791
v -1.70810103 5.14900866 -0.81555408
v -1.71017599 5.10149232 -0.79202497
v -1.71046591 5.07263747 -0.77682859
v -1.71106100 5.02341357 -0.75100976
v -1.70767403 4.87946168 -0.67072189
v 4.42475700 2.48323646 2.22840804
v 4.82758904 -1.00242051 -1.21216303
v 4.82476711 -1.01391050 -1.24014408
v 4.60298014 2.56261244 2.26843089
v 4.83195305 -0.98464355 -1.16887504
v 14.89148998 19.21247092 2.45033496
v 13.72165966 28.81679145 0.49827823
v 13.46166992 28.96690169 0.27416575
v -0.00499094 5.04253235 0.49827823
v 4.84507608 -0.93126854 2.94727796
v 4.72807217 -1.40728149 2.94727796
v 4.72807217 -1.40728149 -0.10750386
v 14.62674046 18.19518080 2.52765482
v 6.00143290 3.38898340 2.50918191
v 14.67222023 18.34319106 2.51807302
v 14.59527016 18.09283057 2.53427785
v 4.83721805 -0.96328148 -0.38440725
v 4.83734012 -0.96277747 -0.38472197
v 4.84507608 -0.93126854 -0.40627536
v 11.01689148 9.98653212 3.18580597
v 11.11961269 10.17643157 3.18791693
v 11.24066067 10.43364134 3.19627803
v 10.23002625 23.44036093 -0.68181557
v -0.11309993 5.03713027 -0.50407595
v 11.24066067 10.43364134 3.19627803
v 11.82822037 11.64910117 3.21281904
v 9.02395487 6.77292433 3.21119398
v 11.91971970 11.83852187 3.21540493
v 0.03907609 5.04472962 -0.41105706
v 11.93613052 11.87249175 3.21587199
v 8.46723795 6.10704651 3.23627800
v 12.03592014 12.10859194 3.22118896
v 12.31840038 12.77733126 3.23627800
v 13.72165966 28.81679145 0.49827823
v -0.00499094 5.04253235 0.49827823
v -0.00325191 5.04260865 0.49929553
v -0.00325191 5.04260865 0.49929553
v 0.03907609 5.04472962 0.52409196
v 13.72165966 28.81679145 0.49827823
v 12.76290989 13.83484164 3.24196499
v 8.15434122 5.75942031 3.24011892
v 12.66569042 13.57750121 3.24020499
v 4.83238101 -0.98293445 -1.16471011
v 4.83570695 -0.96938452 -1.12987405
v 4.83721805 -0.96328148 -1.11418504
v 0.03907609 5.04472962 0.52409196
v 0.31007206 5.03117934 0.69224924
v 13.72165966 28.81679145 0.49827823
v 4.84507608 -0.93126854 -1.03195709
v -0.01292598 5.04213563 0.49329713
v 4.68517900 -1.52961144 -0.94610274
v 4.70501614 -1.54476354 -0.95356077
v 4.68514895 -1.52967247 -0.94624609
v 4.70495510 -1.54480955 -0.95368886
v 4.68514895 -1.52967247 -0.94624609
v -0.34391999 5.02561036 -0.64501184
v 16.65309048 -26.67819795 0.54527825
v 16.46537971 -26.69791803 0.64329505
v 3.34815800 -3.63497338 0.54527825
v 4.38346696 -2.26195654 -0.47575367
v 0.05811906 5.04376832 -0.39872188
v -4.06991673 -4.27764234 -1.09337408
v -4.13792610 -4.30138549 -1.12234408
v -4.06991673 -3.96369371 -1.61118108
v 10.56735229 23.24560156 -0.39872188
v 7.29183817 17.29136077 -0.30319995
v 0.05811906 5.04376832 -0.39872188
v -4.13792610 -3.99030456 -1.63542205
v -4.34199715 2.27377954 2.91930097
v -4.34092903 2.27609840 2.91408103
v -4.78401279 2.56572548 3.00627798
v 14.50629044 19.22022238 3.10827797
v 14.61773968 19.66912070 3.07633799
v 4.64658999 2.96059242 3.00627798
v 4.32475114 -2.37247643 -0.39872188
v 4.36007500 -2.31228051 -0.44277996
v -25.10609913 2.56572548 3.00627798
v -4.40712070 2.13272646 2.87727803
v -4.78401279 2.56572548 3.00627798
v -3.93393087 -4.22821960 -1.03306109
v -3.96347189 -4.23917541 -1.04644412
v -3.93393087 -3.90821227 -1.56064004
v 4.56606913 -1.86927161 0.19388103
v 4.56008816 -1.88215050 0.20327803
v 15.58438015 -20.24323854 -0.09272187
v 14.50629044 19.22022238 3.10827797
v 5.35288906 3.36675158 3.10827797
v 14.38325024 18.70801154 3.13769787
v 14.11956978 17.78687087 3.18327802
v 14.22745037 18.15002242 3.16597599
v 5.86454582 3.71660462 3.16102904
v 14.34150982 18.53420058 3.14766091
v 4.40608096 -2.21335754 0.42593124
v 4.36007500 -2.31228051 0.49244764
v 15.09854031 -20.52371797 0.34843614
v 14.81044960 20.56417075 3.00627798
v 14.71895027 20.07661238 3.04735487
v 0.59388602 10.34130183 -1.62581903
v 0.32009709 9.69144240 -1.46572203
v 0.32017303 9.69171706 -1.46572203
v 11.30360413 10.02220717 2.79952901
v 11.32382107 10.05856982 2.79915398
v 12.19917011 11.76731196 2.74618000
v 4.30253410 -2.41036353 -0.37276647
v 14.84518051 -20.67006883 -0.37276647
v 4.11308098 -2.73327050 -0.15175666
v -5.36291695 -4.59909973 -1.55504102
v -5.36291695 -4.33805236 -1.98560411
v -5.35176182 -4.33570251 -1.98294503
v 14.97844982 21.42197219 2.92171901
v 4.45681596 2.86595741 2.97136396
v 14.81044960 20.56417075 3.00627798
v 11.32418823 10.05835524 2.79843706
v 9.24423122 6.76051942 2.71467989
v 11.30413818 10.02226821 2.79880994
v 12.16349983 11.69384184 2.74847883
v 12.18223000 11.73035136 2.74735993
v 12.19939995 11.76683131 2.74551099
v 12.48530006 12.37426177 2.71465891
v 0.59388602 10.34130183 -1.62581903
v -4.00192404 -3.93659362 -1.58649701
v -4.00192404 -4.25365552 -1.06409604
v -4.03981209 -4.26687059 -1.08023507
v 15.35210991 21.33437148 2.24190587
v -5.29492283 -4.32331237 -1.96885211
v -4.06991673 -3.96369371 -1.61118108
v -4.01849508 -3.94309339 -1.59240502
v -4.06991673 -4.27764234 -1.09337408
v -4.01849508 -3.94309339 -1.59240502
v 4.72238016 -1.42353246 -1.01229006
v 4.56606913 -1.86927161 -2.05272204
v 4.72807217 -1.40728149 -1.02243203
v 15.26119995 25.29056159 2.27557391
v 4.68514895 -1.52967247 -0.94624609
v 4.68640018 -1.52611753 -0.94828135
v 4.72807217 -1.40728149 -2.05272204
v 15.62691021 25.07934180 1.57934695
v 4.69276309 -1.50795946 -0.95960635
v 3.10328507 3.94286147 2.34227794
v 15.26607037 24.73081198 2.40060800
v 15.26263046 25.00179091 2.34227794
v 15.62691021 25.07934180 1.57934695
v 15.26263046 25.00179091 2.34227794
v 4.68517900 -1.52961144 -0.94610274
v 4.68514895 -1.52967247 -0.94624609
v 4.68640018 -1.52611753 -0.94828135
v -3.93393087 -4.22821960 -1.03306109
v -3.93393087 -3.90821227 -1.56064004
v -3.88311911 -3.88631544 -1.54068512
v 15.26119995 25.29056159 2.27557391
v 2.71269107 4.23131457 2.12127799
v 15.26263046 25.00179091 2.34227794
v -4.95492697 -4.52170762 -1.42435509
v -4.98633003 -4.52866563 -1.43442303
v -4.95492697 -4.24183044 -1.88578612
v 15.63617039 23.94833174 1.83317095
v 15.27326965 24.15792075 2.52403205
v 15.26119995 25.29056159 2.27557391
v 4.58549309 -1.81388244 -0.76891446
v 4.56606913 -1.86927161 -0.73427904
v 4.56606913 -1.86927161 2.94727796
v 4.56606913 -1.86927161 0.19388103
v 4.72807217 -1.40728149 2.94727796
v 4.72070217 -1.42829344 -0.09272187
v 15.27326965 24.15792075 2.52403205
v 15.63617039 23.94833174 1.83317095
v 4.72807217 -1.40728149 -0.10750386
v -4.00192404 -3.93659362 -1.58649701
v -3.98519993 -3.92954454 -1.58007306
v -4.00192404 -4.25365552 -1.06409604
v -3.96347189 -4.23917541 -1.04644412
v 4.56606913 -1.86927161 -0.73427904
v 18.77649975 -25.79243860 -1.00205606
v 4.55709696 -1.88857445 -0.72072178
v -3.98519993 -3.92954454 -1.58007306
v 4.55709696 -1.88857445 -0.72072178
v 18.46333027 -25.97322854 -0.72072178
v 3.41946208 3.65794960 1.64427799
v 3.14707804 3.90971962 1.47545689
v 15.62779045 24.80259123 1.64427799
v 15.26737976 -20.42624864 0.20327803
v 4.56008816 -1.88215050 0.20327803
v 4.45979214 -2.09783348 0.34830883
v -7.35701084 -4.78585252 -2.05072195
v -7.35266304 -4.78571472 -2.04995400
v -7.31898594 -4.78453931 -2.04337412
v -7.25061226 -4.78200635 -2.02924115
v -7.19992161 -4.78006849 -2.01839215
v -7.08224583 -4.77550659 -1.99280101
v -7.14982796 -4.77822265 -2.00804001
v 15.26737976 -20.42624864 0.20327803
v -4.03981209 -4.26687059 -1.08023507
v 3.79415703 3.25270644 1.87327796
v 3.73110795 3.32378259 1.83406597
v 15.61913967 23.73444167 1.87327796
v 18.12538052 -26.16826829 0.49827823
v 4.35551310 -2.32003149 0.49827823
v 4.45977616 -2.09787950 0.34828523
v -6.85992622 -4.69883165 -2.05072195
v -6.80700779 -4.68868455 -2.05072195
v -6.85992622 -4.76606140 -1.93994004
v 15.54368019 22.69512168 2.05416196
v 15.51990032 22.53271094 2.07827800
v 4.07261515 2.87741652 2.04433197
v -6.85992622 -4.76606140 -1.93994004
v -6.90844917 -4.76827344 -1.95233506
v -6.85992622 -4.69883165 -2.05072195
v -6.91249180 -4.70937452 -2.05072195
v -7.35701084 -4.78585252 -2.05072195
v -7.35263157 -4.78524169 -2.05072195
v -7.35266304 -4.78571472 -2.04995400
v -7.19992161 -4.78006849 -2.01839215
v -7.19992161 -4.76046142 -2.05072195
v -7.14807320 -4.75205335 -2.05072195
v -7.14982796 -4.77822265 -2.00804001
v -7.25061226 -4.78200635 -2.02924115
v -7.25149727 -4.76912841 -2.05072195
v -7.35263157 -4.78524169 -2.05072195
v -7.31929207 -4.78012952 -2.05072195
v -7.31898594 -4.78453931 -2.04337412
v -7.35263157 -4.78524169 -2.05072195
v -7.31898594 -4.78453931 -2.04337412
v -7.35266304 -4.78571472 -2.04995400
v -3.88311911 -3.88631544 -1.54068512
v -3.86592197 -3.87899169 -1.53401906
v -3.90483189 -4.21701965 -1.01940304
v -3.86592197 -4.20224962 -1.00138408
v -7.31898594 -4.78453931 -2.04337412
v -7.31929207 -4.78012952 -2.05072195
v -7.08224583 -4.77550659 -1.99280101
v -7.07986641 -4.73998460 -2.05072195
v -7.06392097 -4.73731336 -2.05072195
v -7.06392097 -4.77480468 -1.98887807
v -3.90483189 -4.21701965 -1.01940304
v -7.06392097 -4.77480468 -1.98887807
v -7.06392097 -4.73731336 -2.05072195
v -6.99592686 -4.72527465 -2.05072195
v -6.99592686 -4.77205858 -1.97354812
v 3.24641204 -3.72872338 1.55333596
v 16.63234043 -26.46381769 1.42529791
v 3.43137908 -3.55826744 1.41353589
v 7.29183817 17.29136077 -0.30319995
v 0.21575809 5.03589430 -0.30310706
v 0.21583402 5.03589430 -0.30321685
v -6.99592686 -4.77205858 -1.97354812
v -6.99592686 -4.72527465 -2.05072195
v -6.98028660 -4.72237548 -2.05072195
v 4.56606913 -1.86927161 -0.73427904
v 4.36007500 -2.31228051 -2.05272204
v 4.56606913 -1.86927161 -2.05272204
v -7.07986641 -4.73998460 -2.05072195
v -7.08224583 -4.77550659 -1.99280101
v -7.14982796 -4.77822265 -2.00804001
v -7.07986641 -4.73998460 -2.05072195
v -7.14807320 -4.75205335 -2.05072195
v 4.55604410 -1.89086351 -0.71922475
v 4.55709696 -1.88857445 -0.72072178
v -6.90844917 -4.76827344 -1.95233506
v -6.97692966 -4.77126464 -1.96905202
v -6.91249180 -4.70937452 -2.05072195
v 4.15376115 2.84732643 2.07827800
v 4.45979214 -2.09783348 0.34830883
v 4.56008816 -1.88215050 0.20327803
v 4.56606913 -1.86927161 2.94727796
v 4.56606913 -1.86927161 0.19388103
v -3.86592197 -3.87899169 -1.53401906
v -3.81546211 -3.85675964 -1.51376301
v -3.86592197 -4.20224962 -1.00138408
v -7.14807320 -4.75205335 -2.05072195
v -7.31929207 -4.78012952 -2.05072195
v 4.45979214 -2.09783348 0.34830883
v 4.56606913 -1.86927161 2.94727796
v 4.45977616 -2.09787950 0.34828523
v -6.72392368 -4.67192945 -2.05072195
v -6.72392368 -4.75829467 -1.90829808
v -6.73875618 -4.67499647 -2.05072195
v -6.74446297 -4.75992736 -1.91258401
v 4.45977616 -2.09787950 0.34828523
v 4.45977616 -2.09786353 0.34827214
v 4.45979214 -2.09783348 0.34830883
v 4.40608096 -2.21335754 0.42593124
v 4.45977616 -2.09787950 0.34828523
v -3.83738899 -4.19103345 -0.98769266
v -6.81205940 -4.76397046 -1.92826003
v -3.81546211 -3.85675964 -1.51376301
v -3.79792881 -3.84876451 -1.50647706
v -3.83738899 -4.19103345 -0.98769266
v 4.40608096 -2.21335754 -0.50764346
v 4.38346696 -2.26195654 -0.47575367
v -6.72392368 -4.67192945 -2.05072195
v -6.67051792 -4.66044053 -2.05072195
v -6.72392368 -4.75829467 -1.90829808
v -6.67681980 -4.75437364 -1.89804501
v -3.79792881 -3.84876451 -1.50647706
v -3.79792881 -4.17498168 -0.96810448
v 4.36007500 -2.31228051 -0.44277996
v -6.77472115 -4.76227769 -1.91872210
v -6.81205940 -4.76397046 -1.92826003
v -6.65593052 -4.65751037 -2.05072195
v -6.65593052 -4.75274047 -1.89380712
v -6.67051792 -4.66044053 -2.05072195
v -6.67681980 -4.75437364 -1.89804501
v -3.79792881 -4.17498168 -0.96810448
v 14.89723015 27.26206198 1.62727791
v 1.86034986 4.68329468 1.62727791
v 14.94665051 27.14831153 1.68019897
v -6.65593052 -4.65751037 -2.05072195
v -6.53401279 -4.63126573 -2.05072195
v -6.65593052 -4.75274047 -1.89380712
v -6.54153633 -4.74321851 -1.86891312
v 4.36007500 -2.31228051 0.49244764
v -6.51992893 -4.74129638 -1.86388701
v -6.51992893 -4.62803039 -2.05072195
v -6.50593662 -4.62488756 -2.05072195
v 4.36007500 -2.31228051 2.94727796
v 14.40163994 17.44927207 2.56899899
v 13.94978046 17.19834128 3.20300692
v 14.18902016 16.74251166 2.60706299
v 13.87118053 16.92594138 3.21216005
v -6.54153633 -4.74321851 -1.86891312
v -6.53401279 -4.63126573 -2.05072195
v -3.45692587 -4.01177368 -0.79104525
v -3.49966574 -4.03415832 -0.81497634
v -6.40631294 -4.73108873 -1.83718211
v -6.39747810 -4.59946546 -2.05072195
v -6.38392830 -4.72908935 -1.83197803
v -6.38392830 -4.59633741 -2.05072195
v 14.01628017 16.25463095 2.62827796
v 13.87118053 16.92594138 3.21216005
v 13.64177036 16.25883093 3.23027795
v 14.18902016 16.74251166 2.60706299
v 13.61283970 15.09449187 2.66693896
v 13.73322964 15.44063178 2.65538805
v 13.31103039 15.26867190 3.24151486
v 13.41689968 15.58564177 3.23792404
v -6.38392830 -4.59633741 -2.05072195
v -3.52592611 -4.04767761 -0.82943279
v -3.38891697 -3.97370252 -0.75032449
v 4.36007500 -2.31228051 -0.44277996
v 4.11308098 -2.73327050 -2.05272204
v 4.36007500 -2.31228051 -2.05272204
v 13.05788994 14.61582175 3.24727791
v 12.76290989 13.83484164 3.24196499
v 13.22371960 14.11858168 2.69227785
v 13.61283970 15.09449187 2.66693896
v 13.31103039 15.26867190 3.24151486
v 4.32475114 -2.37247643 -0.39872188
v 4.11308098 -2.73327050 -0.15175666
v 4.30253410 -2.41036353 -0.37276647
v 12.66569042 13.57750121 3.24020499
v 12.94779968 13.41471186 2.70315689
v 12.94779968 13.41471186 2.70315689
v 12.66569042 13.57750121 3.24020499
v 4.36007500 -2.31228051 2.94727796
v 4.17579508 -2.62636742 0.71333283
v 4.35551310 -2.32003149 0.49827823
v -5.96324301 -4.48772535 -2.05072195
v -1.38392782 -4.74027452 2.94727796
v -1.83592391 -4.57528028 2.94727796
v -1.38392782 -4.74027452 -2.05272204
v -5.90692282 -4.68094739 -1.70608610
v -5.90692282 -4.47211656 -2.05072195
v -5.89556980 -4.46880445 -2.05072195
v 15.32485962 21.20191184 2.25727790
v 4.11308098 -2.73327050 2.94727796
v 4.11308098 -2.73327050 0.78823721
v 4.36007500 -2.31228051 0.49244764
v -0.42623997 7.74873963 -1.02829403
v 8.91200113 24.19985190 -1.19851905
v -0.40750289 7.80342761 -1.04193300
v 5.74618387 3.20503846 2.47352499
v 4.08729410 2.85719958 2.87727803
v 4.34858608 2.81198755 2.95146698
v -1.83592391 -4.57528028 -2.05272204
v 14.01628017 16.25463095 2.62827796
v 6.86027384 4.05168739 2.60678595
v 14.18902016 16.74251166 2.60706299
v -1.56941390 6.07111254 -1.21372205
v -0.14953792 8.50545397 -1.19851905
v 8.90037394 24.20454207 -1.21372205
v -0.17999399 7.48950854 -1.53547007
v 3.82607913 -3.12726745 1.07861989
v 17.28699970 -26.44330797 1.07927793
v 3.91056705 -3.01127061 0.99318301
v 0.21575809 5.03589430 -0.30310706
v 8.24383402 18.94021216 -0.30318895
v -3.74780416 -3.82514343 -1.48496312
v -3.72992086 -3.81682739 -1.47738403
v 8.90037394 24.20454207 -1.21372205
v -3.59391880 -3.74903259 -1.41562611
v -3.66192818 -3.78339538 -1.44692904
v -3.68017673 -3.79244360 -1.45517510
v 3.91056705 -3.01127061 0.05380636
v 3.82607913 -3.12726745 -2.05272204
v 4.04289103 -2.82962951 -0.07777708
v 4.09405398 -2.75937852 -0.13171076
v 4.11308098 -2.73327050 -0.15175666
v 4.04383707 -2.82833251 -0.07872194
v 0.38407707 0.87772211 2.94727796
v 0.46407902 0.84071949 2.94727796
v 0.45207012 1.52872255 2.94727796
v 0.63908207 1.63072756 2.94727796
v 0.54807901 1.57571951 2.94727796
v 0.54008305 0.79472950 2.94727796
v 13.05788994 14.61582175 3.24727791
v 7.63815212 5.22928467 3.24727791
v 3.82607913 -3.12726745 2.94727796
v 3.82607913 -3.12726745 1.07861989
v 4.11308098 -2.73327050 2.94727796
v -6.27113485 -4.71828660 -1.80372602
v -6.31591892 -4.72268066 -1.81521505
v -6.26091194 -4.56594238 -2.05072195
v 8.43530083 24.17054167 -1.91872210
v 13.41689968 15.58564177 3.23792404
v -6.27113485 -4.71828660 -1.80372602
v 13.94978046 17.19834128 3.20300692
v 6.59968424 4.28049365 3.21560997
v 13.87118053 16.92594138 3.21216005
v 13.64177036 16.25883093 3.23027795
v 0.74120939 10.67989150 -1.70172209
v 14.11956978 17.78687087 3.18327802
v 6.08799601 3.87688246 3.18327802
v 8.47317410 24.19057074 -1.85852403
v 4.11308098 -2.73327050 0.78823721
v 4.11025810 -2.73714551 0.79127836
v 1.33131245 11.91414157 -2.05072195
v 0.46407902 -0.75127581 -2.05272204
v 0.38407707 -0.78927007 -2.05272204
v 0.38407707 -0.78927007 2.94727796
v 0.61108208 -0.65326861 2.94727796
v 0.61108208 -0.65326861 -2.05272204
v 0.54008305 -0.70627758 -2.05272204
v 0.61108208 -0.65326861 2.94727796
v 0.67707664 -0.59427807 2.94727796
v 0.61108208 -0.65326861 -2.05272204
v 0.87408286 1.84772351 2.94727796
v 4.72807217 1.49571851 2.94727796
v 0.93707114 1.93472853 2.94727796
v 0.80306846 1.76772156 2.94727796
v 1.03707725 2.12473145 2.94727796
v 0.99207908 2.02672353 2.94727796
v 4.56606913 1.95772353 2.94727796
v -5.77092075 -4.43190965 -2.05072195
v -5.77092075 -4.66231641 -1.67070109
v -5.83893013 -4.45176038 -2.05072195
v -3.72992086 -4.14594468 -0.93454159
v -3.75804281 -4.15827331 -0.94772178
v 1.07307273 2.22672144 2.94727796
v 16.74501991 -19.26660928 -1.91872210
v 9.00858927 -5.86727247 -1.91872210
v 16.74501991 -19.26688775 -1.91837007
v 0.90208274 0.30672291 2.94727796
v 0.90208274 0.30672291 -2.05272204
v 0.92407066 0.22072437 -2.05272204
v 0.90208274 0.30672291 2.94727796
v 0.87206864 0.38973071 2.94727796
v 0.90208274 0.30672291 -2.05272204
v 12.70143032 29.40572158 -1.35572201
v 12.51558971 29.51307097 -0.67072189
v 16.74501991 -19.26660928 -1.91872210
v -3.72992086 -3.81682739 -1.47738403
v -3.68017673 -3.79244360 -1.45517510
v -3.72992086 -4.14594468 -0.93454159
v -3.70245504 -4.13327941 -0.92098707
v 3.50407207 3.57971755 2.94727796
v 3.14707804 3.90971962 2.94727796
v 1.09808189 2.76071754 2.94727796
v -3.59391880 -4.08199462 -0.86613274
v 0.38407707 0.87772211 2.94727796
v 0.30106902 0.90772083 2.94727796
v 0.38407707 0.87772211 -2.05272204
v -3.68017673 -3.79244360 -1.45517510
v 2.76107609 4.20172730 2.94727796
v 1.07307273 2.86572853 2.94727796
v 1.03707725 2.96771851 2.94727796
v 0.38407707 -0.78927007 -2.05272204
v 0.99207908 3.06471840 2.94727796
v 2.34907377 4.45372668 2.94727796
v -3.59391880 -4.08199462 -0.86613274
v -3.59391880 -3.74903259 -1.41562611
v -3.54495382 -3.72232947 -1.39129812
v 0.54008305 -0.70627758 2.94727796
v -5.17074680 -4.29491529 -1.93921906
v -5.15892172 -4.29219970 -1.93649310
v -5.18898201 -4.56862745 -1.49929208
v 8.43530083 24.17054167 -1.91872210
v 0.67707664 -0.59427807 -2.05272204
v 0.67707664 -0.59427807 2.94727796
v 0.73608238 -0.52826861 -2.05272204
v 0.45207012 3.56271949 2.94727796
v 0.99506974 4.94872132 2.94727796
v 0.35208011 3.59972253 2.94727796
v 0.51907206 5.02072755 2.94727796
v 0.73608238 -0.52826861 2.94727796
v 0.78907615 -0.45726940 -2.05272204
v 0.73608238 -0.52826861 -2.05272204
v -3.56749105 -4.06841430 -0.85161585
v 0.03907609 5.04472962 2.94727796
v 0.14507902 3.64172950 2.94727796
v 5.12435818 -1.92644653 -1.09118301
v 14.03507996 -17.48056802 -1.04072207
v 0.83508134 -0.38128057 -2.05272204
v 0.83508134 -0.38128057 2.94727796
v 0.87206864 -0.30127880 -2.05272204
v 0.87206864 -0.30127880 2.94727796
v -3.54495382 -3.72232947 -1.39129812
v -3.52592611 -3.71224341 -1.38211507
v -3.56749105 -4.06841430 -0.85161585
v 0.87206864 -0.30127880 -2.05272204
v 0.87206864 -0.30127880 2.94727796
v 0.90208274 -0.21727920 -2.05272204
v 0.92407066 -0.13128060 2.94727796
v 0.92407066 -0.13128060 -2.05272204
v 0.90208274 -0.21727920 -2.05272204
v 4.36007500 2.40172449 2.94727796
v -3.36425877 -3.95910034 -0.73470748
v 0.92407066 -0.13128060 2.94727796
v 0.93707114 -0.04427500 -2.05272204
v 0.92407066 -0.13128060 -2.05272204
v 1.11407304 2.43771949 2.94727796
v 1.09808189 2.33173242 2.94727796
v 4.11308098 2.82172242 2.94727796
v -4.81791782 -4.49082336 -1.37961108
v -4.88691902 -4.50640258 -1.40218908
v -4.81791782 -4.20598754 -1.84968812
v -3.79792881 -3.84876451 -1.50647706
v 3.82607913 3.21672645 2.94727796
v 1.11907798 2.54572144 2.94727796
v -4.95492697 -4.52170762 -1.42435509
v -4.95492697 -4.24183044 -1.88578612
v -4.94227695 -4.23845872 -1.88238400
v 0.93707114 0.13272694 -2.05272204
v 0.94106895 0.04472950 -2.05272204
v 0.93707114 0.13272694 2.94727796
v 0.05720305 9.04033557 -1.32404608
v 0.32017303 9.69171706 -1.46572203
v -6.67681980 -4.75437364 -1.89804501
v -6.65593052 -4.75274047 -1.89380712
v -6.72392368 -4.75829467 -1.90829808
v 0.32017303 9.69171706 -1.46572203
v -6.45192051 -4.73529968 -1.84820110
v -6.40631294 -4.73108873 -1.83718211
v 0.87206864 0.38973071 -2.05272204
v 0.87206864 0.38973071 2.94727796
v 0.83508134 0.46973261 -2.05272204
v 0.83508134 0.46973261 2.94727796
v 0.78907615 0.54572129 2.94727796
v 0.83508134 0.46973261 -2.05272204
v 0.78907615 0.54572129 -2.05272204
v -6.51992893 -4.74129638 -1.86388701
v -6.49807930 -4.73940429 -1.85893208
v -6.38392830 -4.72908935 -1.83197803
v 0.21583402 5.03589430 -0.30321685
v 0.06101811 5.04363051 -0.39696625
v 0.78907615 0.54572129 -2.05272204
v 0.78907615 0.54572129 2.94727796
v 0.73608238 0.61672050 -2.05272204
v 0.73608238 0.61672050 2.94727796
v 11.76568031 29.77334204 -1.70172209
v 11.78250027 29.77726164 -1.67875308
v 0.73608238 0.61672050 -2.05272204
v 0.73608238 0.61672050 2.94727796
v 0.67707664 0.68272999 -2.05272204
v -6.74446297 -4.75992736 -1.91258401
v -6.54153633 -4.74321851 -1.86891312
v 0.46407902 0.84071949 2.94727796
v 0.46407902 0.84071949 -2.05272204
v 0.54008305 0.79472950 -2.05272204
v -6.97692966 -4.77126464 -1.96905202
v -25.30893040 -4.76227769 -1.91872210
v -6.99592686 -4.77205858 -1.97354812
v -6.99592686 -4.77205858 -1.97354812
v -7.06392097 -4.77480468 -1.98887807
v 0.38407707 0.87772211 2.94727796
v 0.38407707 0.87772211 -2.05272204
v 0.46407902 0.84071949 2.94727796
v 0.46407902 0.84071949 -2.05272204
v 11.90946960 29.79044142 -1.49038512
v 11.85048008 29.78907195 -1.58222205
v -6.97692966 -4.77126464 -1.96905202
v -6.90844917 -4.76827344 -1.95233506
v -6.85992622 -4.76606140 -1.93994004
v 0.30106902 0.90772083 -2.05272204
v 7.29183817 17.29136077 -0.30319995
v 8.24383402 18.94021216 -0.30318895
v 0.21575809 5.03589430 -0.30310706
v -6.81205940 -4.76397046 -1.92826003
v -6.77472115 -4.76227769 -1.91872210
v -6.81205940 -4.76397046 -1.92826003
v 0.46407902 -0.75127581 -2.05272204
v 0.46407902 -0.75127581 2.94727796
v 0.54008305 -0.70627758 -2.05272204
v 0.67707664 -0.59427807 -2.05272204
v 11.97037983 29.78490058 -1.40500111
v 12.23558998 29.64033118 -1.84882409
v 11.92504978 29.79035178 -1.46572203
v 11.98087978 29.78364173 -1.39087004
v 11.92055035 29.79070082 -1.47314507
v 0.73608238 -0.52826861 2.94727796
v 0.83508134 -0.38128057 2.94727796
v 0.83508134 -0.38128057 -2.05272204
v 0.78907615 -0.45726940 -2.05272204
v 12.01895046 29.77418128 -1.33607608
v 12.25306988 29.63528243 -1.83095509
v 11.98087978 29.78364173 -1.39087004
v -6.80700779 -4.68868455 -2.05072195
v 16.74501991 -19.26688775 -1.91837007
v 11.98087978 29.78364173 -1.39087004
v 8.90038919 24.20452109 -1.21372205
v 8.87440300 24.21465102 -1.25379509
v 0.94106895 0.04472950 -2.05272204
v 0.93707114 -0.04427500 -2.05272204
v 0.94106895 0.04472950 2.94727796
v 0.94106895 0.04472950 2.94727796
v 11.92504978 29.79035178 -1.46572203
v 11.92055035 29.79070082 -1.47314507
v 11.82678032 29.78413191 -1.61512405
v 4.72070217 -1.42829344 -0.09272187
v -6.49807930 -4.73940429 -1.85893208
v 11.76568031 29.77334204 -1.70172209
v 11.73995972 29.76449195 -1.74847406
v 15.58438015 -20.24323854 -0.09272187
v 0.92407066 0.22072437 2.94727796
v 0.92407066 0.22072437 -2.05272204
v 0.93707114 0.13272694 2.94727796
v -6.45192051 -4.73529968 -1.84820110
v -6.45192051 -4.61246642 -2.05072195
v -1.07393003 6.80774537 -1.95972210
v 0.87206864 0.38973071 -2.05272204
v 0.83508134 0.46973261 2.94727796
v -6.45192051 -4.61246642 -2.05072195
v 19.74330044 -25.23096856 -1.21372205
v 0.05720305 9.04033557 -1.32404608
v 0.32017303 9.69171706 -1.46572203
v 0.05958402 9.04616347 -1.32537312
v 0.05958402 9.04616347 -1.32537312
v 0.67707664 0.68272999 2.94727796
v 0.67707664 0.68272999 -2.05272204
v 0.67707664 0.68272999 2.94727796
v 0.61108208 0.74172053 -2.05272204
v 0.32009709 9.69144240 -1.46572203
v 0.80306846 3.32472840 2.94727796
v 0.87408286 3.24472657 2.94727796
v 1.91407615 4.66371766 2.94727796
v 0.72407365 3.39671960 2.94727796
v 1.46107326 4.82872668 2.94727796
v 0.63908207 3.46172157 2.94727796
v 0.54807901 3.51672950 2.94727796
v 0.93707114 3.15772048 2.94727796
v 1.11407304 2.65372339 2.94727796
v 12.29129028 29.64255133 -0.94772178
v -6.12333775 -4.53148851 -2.05072195
v 19.84038067 -25.13455781 -1.40499705
v 16.62967968 -19.60249910 -1.38423211
v 0.46407902 -0.75127581 2.94727796
v 0.54008305 -0.70627758 2.94727796
v 1.27815086 11.80930129 -2.01617700
v 12.12112045 29.74079123 -1.18798906
v 12.38541031 29.58816138 -1.69112402
v 12.10146999 29.74869147 -1.21372205
v -5.89215183 -4.67926940 -1.70172209
v 12.07542038 29.75883093 -1.25385207
v 0.78907615 -0.45726940 2.94727796
v -0.43120003 8.86148635 -2.05072195
v -0.43135190 8.86109057 -2.05072195
v -0.94517684 7.19125929 -2.05072195
v -0.85139585 7.57811537 -2.05072195
v -6.01811409 -4.69286451 -1.73724312
v -5.88116598 -4.67775831 -1.69894201
v 0.90208274 -0.21727920 2.94727796
v 0.90208274 -0.21727920 2.94727796
v 18.03568935 -26.21515855 0.56870717
v 4.11025810 -2.73714551 0.79127836
v 17.87194920 -26.27847871 0.68925714
v 0.93707114 -0.04427500 2.94727796
v -5.89556980 -4.46880445 -2.05072195
v 15.27326965 24.15792075 2.52403205
v 3.36688101 3.70654956 2.48821085
v 15.26515007 24.05257216 2.54327792
v 0.93707114 -0.04427500 2.94727796
v 12.12112045 29.74079123 -1.18798906
v 12.14807034 29.72524062 -1.14980704
v 12.44493008 29.55379096 -1.62562806
v 15.01840019 26.84473220 1.79378694
v -6.31591892 -4.57990465 -2.05072195
v 0.93707114 0.13272694 -2.05272204
v -3.32092381 -3.93320665 -0.70701087
v 0.92407066 0.22072437 2.94727796
v -3.27665901 -3.62922058 -1.13287407
v -3.25514412 -3.64910254 -1.06319911
v -3.32092381 -3.93320665 -0.70701087
v 0.81568748 4.97586671 1.00129395
v 0.94283897 4.95662537 1.07927793
v 14.14375019 28.49103156 0.86085003
v 9.50041008 23.86161223 -1.35572201
v 9.29275417 23.98151198 -1.57423610
v 12.70143032 29.40572158 -1.35572201
v 14.17171001 28.54807082 -0.07872194
v 1.01521134 4.94353333 0.18279484
v 0.99506974 4.94872132 0.16996364
v 0.61108208 0.74172053 2.94727796
v 13.02733994 29.21757117 -1.04072207
v 9.82632446 23.67344084 -1.04072207
v 12.70143032 29.40572158 -1.35572201
v 0.54008305 0.79472950 -2.05272204
v 0.61108208 0.74172053 -2.05272204
v 0.54008305 0.79472950 2.94727796
v 0.61108208 0.74172053 2.94727796
v 0.54008305 0.79472950 2.94727796
v -0.07699800 -5.98356065 2.41027802
v 8.47451591 -21.64156923 2.52754897
v 12.01895046 29.77418128 -1.33607608
v 8.91758585 24.11292067 -1.95972210
v 8.95110893 24.11033240 -1.92911905
v -1.07393003 6.80774537 -1.95972210
v -1.83592391 -4.57528028 2.94727796
v -2.27092099 -4.36527452 -2.05272204
v -1.83592391 -4.57528028 -2.05272204
v 0.78907615 -0.45726940 2.94727796
v 12.32666969 29.61248198 -1.75491303
v 14.05243015 -25.59673890 2.34227794
v 1.91457966 -4.57503662 2.34227794
v 13.31503010 -25.18298921 2.52431792
v -5.47078085 -4.61663255 -1.58710903
v -5.53918600 -4.62763366 -1.60723502
v -5.48826694 -4.36344251 -2.01447398
v 14.61717033 -25.87668809 2.18238491
v 2.03495625 -4.51691541 2.28122586
v 14.30212021 -25.73933801 2.27589506
v -2.27092099 -4.36527452 2.94727796
v -5.41998386 -4.34951171 -1.99862701
v 13.22922993 -25.12430772 2.54327792
v 1.45976096 -4.74060926 2.54327792
v 12.97521973 -24.95326814 2.59488195
v -3.54495382 -3.72232947 -1.39129812
v -3.47297812 -3.68326744 -1.35572201
v -3.47665596 -3.68531141 -1.35758001
v 10.56735229 23.24560156 -0.39872188
v 10.45433044 8.37915698 2.72570294
v 10.40658474 8.40669814 2.81654995
v 10.22132778 8.51355544 3.16908401
v 10.40696716 8.40646926 2.81581396
v 9.16587687 6.94711962 3.20520800
v 9.02395487 6.77292433 3.21119398
v 9.39359903 6.81571046 2.77159303
v -4.96747017 -4.24508056 -1.88904804
v -5.05998373 -4.54462537 -1.45753008
v -5.07879782 -4.27320251 -1.91736311
v 12.04609966 29.76746169 -1.29704303
v 12.32666969 29.61248198 -1.75491303
v 12.28830051 29.62514105 -1.79494506
v -5.05998373 -4.54462537 -1.45753008
v -5.08706808 -4.55027160 -1.46572203
v -5.07879782 -4.27320251 -1.91736311
v 8.85970926 6.08397570 2.71518701
v 8.86698818 6.09334460 2.71534198
v 8.85900688 6.08484450 2.71699995
v -4.88691902 -4.50640258 -1.40218908
v -4.92312813 -4.51442870 -1.41380209
v -4.88691902 -4.22416028 -1.86799211
v -3.25293112 -3.89000854 -0.66183019
v -3.30690098 -3.60128149 -0.38472197
v -3.26704597 -3.89927062 -0.67072189
v 9.33453226 6.69591370 2.72527784
v 9.39398003 6.81548157 2.77085989
v 9.41789103 6.80168763 2.72534197
v 8.66077995 6.32729140 3.22661203
v 8.85873318 6.08518067 2.71772903
v -3.91354513 -2.90126953 0.20327803
v -31.71092129 -2.90126953 0.20327803
v -31.71092129 -3.26827344 -0.09272187
v -4.88691902 -4.22416028 -1.86799211
v -3.54492283 -3.35717139 -1.08252210
v -3.42592001 -3.49128160 -1.19487101
v 8.85900688 6.08484450 2.71699995
v 8.86698818 6.09334460 2.71534198
v 9.39398003 6.81548157 2.77085989
v 9.42259121 -22.05029878 3.10827797
v -31.71092129 -2.89527258 -0.72072178
v -3.91792393 -2.89527258 -0.72072178
v -31.71092129 -3.30727538 -1.04072207
v 9.75491333 -22.37074861 3.07646984
v 1.09808189 -2.24227247 2.94727796
v 1.07307273 -2.13826951 2.94727796
v 1.09808189 -2.24227247 -2.05272204
v 0.72407365 1.69472352 2.94727796
v 0.30106902 0.90772083 2.94727796
v 0.35208011 1.49272755 2.94727796
v 0.24908304 1.46672645 2.94727796
v 12.07542038 29.75883093 -1.25385207
v -31.65391827 -4.55286559 -1.47045702
v -31.65513897 -4.55027160 -1.46572203
v 14.21891975 28.51017180 -0.04039806
v 1.10085899 4.92148438 0.23727804
v -3.52592611 -3.71224341 -1.38211507
v 0.99207908 -1.93827257 2.94727796
v 0.99207908 -1.93827257 -2.05272204
v 1.03707725 -2.03627953 2.94727796
v 1.03707725 -2.03627953 -2.05272204
v -0.95991683 2.12473145 2.94727796
v -4.48791695 1.95772353 2.94727796
v -0.91392684 2.02672353 2.94727796
v -0.85992599 1.93472853 2.94727796
v 0.93707114 -1.84627745 -2.05272204
v 0.99207908 -1.93827257 -2.05272204
v 0.99207908 -1.93827257 2.94727796
v 12.34702969 -24.52979860 2.72227806
v -0.79692197 1.84772351 2.94727796
v -0.72493100 1.76772156 2.94727796
v -3.49966574 -4.03415832 -0.81497634
v -3.47665596 -3.68531141 -1.35758001
v -3.47297812 -3.68326744 -1.35572201
v -0.64692783 1.69472352 2.94727796
v -0.53392196 0.74172053 2.94727796
v -0.46292305 0.79472950 2.94727796
v -0.56192183 1.63072756 2.94727796
v -6.36126900 -4.72687635 -1.82616800
v -6.31591892 -4.72268066 -1.81521505
v 0.54807901 -1.48627648 -2.05272204
v 0.45207012 -1.44027147 2.94727796
v 0.45207012 -1.44027147 -2.05272204
v -0.37492490 1.52872255 2.94727796
v -0.47091794 1.57571951 2.94727796
v -0.38691902 0.84071949 2.94727796
v -0.27491891 1.49272755 2.94727796
v -0.30691695 0.87772211 2.94727796
v -6.06739998 -4.69806871 -1.75083906
v -6.04292393 -4.69551954 -1.74419910
v 0.14507902 1.45071951 2.94727796
v 0.03907609 1.44573048 2.94727796
v 0.12707305 0.94272450 2.94727796
v 0.45207012 -1.44027147 -2.05272204
v 0.35208011 -1.40427551 2.94727796
v 0.35208011 -1.40427551 -2.05272204
v -5.94961691 -4.68552551 -1.71805901
v -5.90692282 -4.68094739 -1.70608610
v 0.21507108 0.92972401 2.94727796
v 0.35208011 -1.40427551 -2.05272204
v 0.35208011 -1.40427551 2.94727796
v 0.24908304 -1.37827453 -2.05272204
v -5.89215183 -4.67926940 -1.70172209
v -5.97493076 -4.68837842 -1.72552806
v -3.45692587 -3.67408141 -1.34802312
v -6.27113485 -4.71828660 -1.80372602
v -6.24792576 -4.71614942 -1.79812211
v 2.09795985 4.57495728 0.84327817
v 15.18264961 27.23673239 0.84327817
v 15.21938992 27.15209189 0.88273835
v -3.06991673 3.90971962 2.94727796
v -3.42592001 3.57971755 2.94727796
v -1.02092099 2.76071754 2.94727796
v -1.04191685 2.54572144 2.94727796
v -1.03692794 2.65372339 2.94727796
v -6.17892599 -4.70948133 -1.78068906
v -6.13496494 -4.70516357 -1.76942009
v -6.11091805 -4.70272264 -1.76303810
v -6.01811409 -4.69286451 -1.73724312
v -0.99492002 2.22672144 2.94727796
v -3.52592611 -4.04767761 -0.82943279
v 1.11907798 -2.45726952 -2.05272204
v 1.11407304 -2.56527051 -2.05272204
v 1.11407304 -2.56527051 2.94727796
v 12.40970993 29.57412139 -1.66272205
v 12.38541031 29.58816138 -1.69112402
v -1.83592391 4.66371766 2.94727796
v -2.27092099 4.45372668 2.94727796
v -0.79692197 3.24472657 2.94727796
v -3.52592611 -4.04767761 -0.82943279
v -0.85992599 3.15772048 2.94727796
v -0.91392684 3.06471840 2.94727796
v 1.09808189 -2.24227247 2.94727796
v 1.09808189 -2.24227247 -2.05272204
v 1.11407304 -2.34926757 -2.05272204
v -2.68393087 4.20172730 2.94727796
v 12.29129028 29.64255133 -0.94772178
v -0.53708005 7.42491761 -0.94772178
v 12.51558971 29.51307097 -0.67072189
v -0.95991683 2.96771851 2.94727796
v -6.11091805 -4.52823743 -2.05072195
v 13.96236992 -17.52252778 -0.97555363
v 1.03707725 -2.03627953 2.94727796
v 1.03707725 -2.03627953 -2.05272204
v 1.07307273 -2.13826951 -2.05272204
v -1.18463302 5.18962756 -0.38472197
v 12.77361965 29.36411086 -0.38472197
v -1.04248190 5.78131762 -0.55056376
v -6.13496494 -4.70516357 -1.76942009
v 12.04609966 29.76746169 -1.29704303
v 12.28830051 29.62514105 -1.79494506
v -6.13496494 -4.70516357 -1.76942009
v -6.12333775 -4.53148851 -2.05072195
v -6.11091805 -4.70272264 -1.76303810
v -6.11091805 -4.52823743 -2.05072195
v 0.24908304 3.62572351 2.94727796
v -0.90707493 6.26618043 -0.67072189
v -0.81683493 6.56537428 -0.74715394
v 0.03907609 3.64671960 2.94727796
v -0.06692696 3.64172950 2.94727796
v 0.87408286 -1.75927147 2.94727796
v 0.87408286 -1.75927147 -2.05272204
v 0.93707114 -1.84627745 -2.05272204
v -6.03096199 -4.50617370 -2.05072195
v -5.97493076 -4.49114332 -2.05072195
v -6.01811409 -4.69286451 -1.73724312
v -5.97493076 -4.68837842 -1.72552806
v 0.87408286 -1.75927147 -2.05272204
v 0.87408286 -1.75927147 2.94727796
v 0.80306846 -1.67926952 -2.05272204
v -5.97493076 -4.49114332 -2.05072195
v -0.47091794 3.51672950 2.94727796
v -1.38392782 4.82872668 2.94727796
v -0.56192183 3.46172157 2.94727796
v -0.64692783 3.39671960 2.94727796
v -0.72493100 3.32472840 2.94727796
v 0.45207012 -1.44027147 2.94727796
v 0.24908304 -1.37827453 2.94727796
v 0.99207908 -2.97628149 -2.05272204
v 0.99207908 -2.97628149 2.94727796
v 1.03707725 -2.87827453 2.94727796
v 1.03707725 -2.87827453 -2.05272204
v -0.37492490 3.56271949 2.94727796
v -0.91691685 4.94872132 2.94727796
v -0.44192696 5.02072755 2.94727796
v -0.27491891 3.59972253 2.94727796
v -0.17192197 3.62572351 2.94727796
v 12.23558998 29.64033118 -1.84882409
v -3.52592611 -3.71224341 -1.38211507
v 1.03707725 -2.87827453 -2.05272204
v 1.03707725 -2.87827453 2.94727796
v 1.07307273 -2.77727661 -2.05272204
v -0.22291696 0.90772083 2.94727796
v -0.06692696 1.45071951 2.94727796
v -0.04992795 0.94272450 2.94727796
v -3.45692587 -4.01177368 -0.79104525
v -6.31591892 -4.72268066 -1.81521505
v 12.11872959 29.65726081 -1.95972210
v 12.15209961 29.65433112 -1.92908103
v 12.15744972 29.65388098 -1.92416507
v 1.11407304 -2.56527051 2.94727796
v 1.11407304 -2.56527051 -2.05272204
v 1.09808189 -2.67228040 -2.05272204
v -3.45692587 -3.67408141 -1.34802312
v -3.38891697 -3.63245544 -1.31315309
v -3.45692587 -4.01177368 -0.79104525
v 15.61868000 -20.22350892 -1.04072207
v 1.11907798 -2.45726952 2.94727796
v 12.32666969 29.61248198 -1.75491303
v 12.28830051 29.62514105 -1.79494506
v 12.38541031 29.58816138 -1.69112402
v 12.40970993 29.57412139 -1.66272205
v 12.44493008 29.55379096 -1.62562806
v 15.61868000 -20.22350892 -1.04072207
v 15.57555962 -20.24840936 -1.00205606
v 14.03507996 -17.48056802 -1.04072207
v 1.07307273 -2.13826951 2.94727796
v -5.63492012 -4.64232740 -1.63414210
v 8.84701395 6.06847230 2.71578783
v 8.84745598 6.06819764 2.71492404
v 8.57679605 6.22440138 3.23018998
v 11.58549404 29.66350165 -2.05072195
v 11.57902527 29.66244116 -2.05072195
v 11.58201504 29.66538230 -2.04442913
v 8.84663200 6.06868544 2.71650594
v -5.83893013 -4.67173156 -1.68791908
v 11.59878540 29.68035117 -2.00501210
v 11.62562466 29.70541182 -1.94500405
v 11.67630959 29.67329207 -2.05072195
v 11.62003994 29.66637221 -2.05072195
v 0.93707114 -1.84627745 2.94727796
v -3.34112692 -3.60152540 -1.28723508
v -3.32092381 -3.58832750 -1.27617902
v -3.36425877 -3.95910034 -0.73470748
v -5.72953892 -4.65630445 -1.65969402
v -5.77092075 -4.43190965 -2.05072195
v 11.62562466 29.70541182 -1.94500405
v 11.63587952 29.71418181 -1.91981608
v 11.69941998 29.67445174 -2.05072195
v 11.67630959 29.67329207 -2.05072195
v 0.80306846 -1.67926952 -2.05272204
v 0.72407365 -1.60627148 2.94727796
v 0.72407365 -1.60627148 -2.05272204
v 0.72407365 -1.60627148 2.94727796
v 0.63908207 -1.54227647 2.94727796
v 0.72407365 -1.60627148 -2.05272204
v -0.59698606 4.99721327 0.12679934
v 11.63630581 29.71453086 -1.91872210
v 11.81647968 29.67753211 -2.05072195
v 11.63587952 29.71418181 -1.91981608
v -5.56692696 -4.63196763 -1.61518210
v 0.54807901 -1.48627648 2.94727796
v -3.38891697 -3.63245544 -1.31315309
v -3.34112692 -3.60152540 -1.28723508
v -3.38891697 -3.97370252 -0.75032449
v 9.39359903 6.81571046 2.77159303
v 9.40513515 6.83302966 2.77232784
v 9.16587687 6.94711962 3.20520800
v 9.23403788 7.04283753 3.20334095
v 17.70949078 -20.88934907 -2.05072195
v 16.72871017 -19.19090852 -2.05025512
v 9.57748318 -6.82564649 -1.99327511
v 9.58947611 -6.84411058 -1.99982006
v 11.59878540 29.68035117 -2.00501210
v 11.62562466 29.70541182 -1.94500405
v 11.63587952 29.71418181 -1.91981608
v 9.41789103 6.80168763 2.72534197
v 9.42379618 6.81015673 2.72534483
v 9.39398003 6.81548157 2.77085989
v 9.40543985 6.83266249 2.77158898
v 9.23403788 7.04283753 3.20334095
v 9.16587687 6.94711962 3.20520800
v -5.53918600 -4.62763366 -1.60723502
v -5.56692696 -4.63196763 -1.61518210
v -5.55650473 -4.37714538 -2.03004509
v -0.99353194 5.96950331 -0.60019064
v 11.58201504 29.66538230 -2.04442913
v 11.59878540 29.68035117 -2.00501210
v 11.62003994 29.66637221 -2.05072195
v 11.58549404 29.66350165 -2.05072195
v 1.07307273 -2.77727661 2.94727796
v 1.09808189 -2.67228040 2.94727796
v 1.07307273 -2.77727661 -2.05272204
v 11.99114990 29.66326132 -2.05072195
v 11.78250027 29.77726164 -1.67875308
v 12.02630043 29.65771094 -2.05072195
v 1.09808189 -2.67228040 2.94727796
v 9.49032402 7.40219727 3.19627803
v 9.71813869 7.71265259 3.18149298
v 9.91586208 7.59854737 2.80506295
v 1.11907798 -2.45726952 -2.05272204
v 1.11907798 -2.45726952 2.94727796
v 1.11407304 -2.34926757 -2.05272204
v 9.91625881 7.59831849 2.80432385
v 9.95759487 7.57446852 2.72561091
v 11.82678032 29.78413191 -1.61512405
v 12.06161022 29.65948096 -2.01705104
v 1.07307273 -2.13826951 -2.05272204
v 9.91586208 7.59854737 2.80506295
v 9.92663479 7.61632338 2.80530804
v 9.71813869 7.71265259 3.18149298
v 9.77415371 7.80203858 3.18014687
v 9.95759487 7.57446852 2.72561091
v 9.95905972 7.57683459 2.72561091
v 9.91625881 7.59831849 2.80432385
v 9.92693996 7.61595765 2.80456704
v -3.25293112 -3.65114745 -1.05602604
v -5.33387899 -4.59421644 -1.54612404
v 10.40696716 8.40646926 2.81581396
v 10.45433044 8.37915698 2.72570294
v 0.93707114 -1.84627745 2.94727796
v 10.40658474 8.40669814 2.81654995
v 10.22132778 8.51355544 3.16908401
v 8.84701395 6.06847230 2.71578783
v 8.83880520 6.05827942 2.71467989
v 8.84745598 6.06819764 2.71492404
v 0.63908207 -1.54227647 -2.05272204
v 8.48355007 6.12454835 3.23537296
v 8.83410501 6.05313769 2.71481484
v 8.57679605 6.22440138 3.23018998
v -3.22953892 -3.87339172 -0.64588684
v -3.21925497 -3.68227538 -0.46246025
v -3.18492317 -3.84195861 -0.61571735
v -3.11693001 -3.78974351 -0.56559527
v 0.63908207 -1.54227647 2.94727796
v 0.54807901 -1.48627648 2.94727796
v 0.63908207 -1.54227647 -2.05272204
v 8.84663200 6.06868544 2.71650594
v 8.83880520 6.05827942 2.71467989
v 8.84745598 6.06819764 2.71492404
v 8.83410501 6.05313769 2.71481484
v 8.84663200 6.06868544 2.71650594
v 11.76568031 29.77334204 -1.70172209
v 11.99114990 29.66326132 -2.05072195
v 11.73995972 29.76449195 -1.74847406
v 8.84701395 6.06847230 2.71578783
v 8.85900688 6.08484450 2.71699995
v 11.90258980 29.67260161 -2.05072195
v 11.78250027 29.77726164 -1.67875308
v -5.12841892 -4.55770263 -1.47931201
v -5.15892172 -4.56337842 -1.48968405
v -5.14700508 -4.28930053 -1.93357307
v -0.28028989 7.17320862 -1.47034806
v -0.17999399 7.48950854 -1.53547007
v -0.33830392 6.99010363 -1.43274504
v 1.07307273 -2.77727661 2.94727796
v -4.98633003 -4.52866563 -1.43442303
v 1.09808189 -2.67228040 -2.05272204
v -3.45692587 -3.67408141 -1.34802312
v -3.47297812 -3.68326744 -1.35572201
v -1.01788497 6.98038331 -2.00255305
v -1.02145505 6.96980849 -2.00008017
v -0.99855185 7.03548232 -2.01482111
v -1.01788497 6.98038331 -2.00255305
v 1.11407304 -2.34926757 2.94727796
v 7.07824612 4.23808852 2.62827796
v 7.00509501 4.16992751 2.62169593
v 14.40163994 17.44927207 2.56899899
v -0.94517684 7.19125929 -2.05072195
v -0.97300887 7.11189833 -2.03305418
v -0.97639585 7.10193434 -2.03074104
v -0.97300887 7.11189833 -2.03305418
v 1.11407304 -2.34926757 2.94727796
v 6.37339592 3.65411940 2.55656403
v 12.06161022 29.65948096 -2.01705104
v 11.82678032 29.78413191 -1.61512405
v 12.07219982 29.66051093 -2.00724799
v -0.97639585 7.10193434 -2.03074104
v 14.01628017 16.25463095 2.62827796
v 13.73322964 15.44063178 2.65538805
v 7.07824612 4.23808852 2.62827796
v -1.02145505 6.96980849 -2.00008017
v 11.85048008 29.78907195 -1.58222205
v -3.54492283 -3.35717139 -0.17067155
v -3.62381077 -3.26827344 -0.09272187
v -31.71092129 -3.60128149 -0.38472197
v 12.49287033 12.39129153 2.71447104
v 9.33453226 6.69591370 2.72527784
v 0.80306846 -1.67926952 2.94727796
v 8.86698818 6.09334460 2.71534198
v 0.80306846 -1.67926952 2.94727796
v 9.39398003 6.81548157 2.77085989
v 9.40543985 6.83266249 2.77158898
v -5.83893013 -4.67173156 -1.68791908
v -5.88116598 -4.67775831 -1.69894201
v -5.77092075 -4.66231641 -1.67070109
v 11.69941998 29.67445174 -2.05072195
v 11.63587952 29.71418181 -1.91981608
v 11.81647968 29.67753211 -2.05072195
v 0.54807901 -1.48627648 -2.05272204
v 11.63630581 29.71453086 -1.91872210
v 11.66965008 29.73220244 -1.86566812
v -5.72953892 -4.65630445 -1.65969402
v -5.70292807 -4.65250549 -1.65275103
v 8.83158684 6.05002442 2.71447605
v 8.24938822 5.38217774 2.69808000
v -5.60760593 -4.63805541 -1.62631601
v -5.63492012 -4.64232740 -1.63414210
v 11.69797039 29.74709120 -1.82093507
v 8.85970926 6.08397570 2.71518701
v 11.73995972 29.76449195 -1.74847406
v 11.90258980 29.67260161 -2.05072195
v 11.69797039 29.74709120 -1.82093507
v 11.81647968 29.67753211 -2.05072195
v -5.53918600 -4.62763366 -1.60723502
v -5.56692696 -4.63196763 -1.61518210
v -5.47078085 -4.61663255 -1.58710903
v -5.40229893 -4.60543260 -1.56662506
v -5.36291695 -4.59909973 -1.55504102
v -5.33387899 -4.59421644 -1.54612404
v -5.22693014 -4.57567748 -1.51220006
v -5.25650215 -4.58097228 -1.52188701
v 4.09405398 -2.75937852 -0.13171076
v 18.02991962 -26.22345933 -0.36005077
v 4.04383707 -2.82833251 -0.07872194
v -0.99492002 2.86572853 2.94727796
v -1.02092099 2.33173242 2.94727796
v -4.28292990 2.40172449 2.94727796
v -3.74891806 3.21672645 2.94727796
v -1.03692794 2.43771949 2.94727796
v -4.03592110 2.82172242 2.94727796
v -5.18898201 -4.56862745 -1.49929208
v -1.23648190 6.22679749 -1.80865509
v -1.23298788 6.24065247 -1.81258208
v 8.95727396 24.10966101 -1.92339307
v 12.15744972 29.65388098 -1.92416507
v 12.15209961 29.65433112 -1.92908103
v 11.90946960 29.79044142 -1.49038512
v 11.92055035 29.79070082 -1.47314507
v 3.91056705 -3.01127061 0.05380636
v 4.04289103 -2.82962951 -0.07777708
v 4.04383707 -2.82833251 -0.07872194
v -1.23298788 6.24065247 -1.81258208
v -1.22969198 6.25417128 -1.81652409
v 8.85873318 6.08518067 2.71772903
v 8.83158684 6.05002442 2.71447605
v 9.35891628 6.96330872 2.71447891
v 8.83410501 6.05313769 2.71481484
v 12.49287033 12.39129153 2.71447104
v 3.82607913 -3.12726745 0.13783864
v 11.85048008 29.78907195 -1.58222205
v 8.83880520 6.05827942 2.71467989
v 3.43137908 -3.55826744 0.47883042
v 17.20190048 -26.60524759 0.23727804
v 3.41569304 -3.57273254 0.49133494
v -5.77092075 -4.66231641 -1.67070109
v 10.45433044 8.37915698 2.72570294
v 9.95905972 7.57683459 2.72561091
v 9.95759487 7.57446852 2.72561091
v 9.42379618 6.81015673 2.72534483
v 9.41789103 6.80168763 2.72534197
v 9.33453226 6.69591370 2.72527784
v 12.07219982 29.66051093 -2.00724799
v 12.11872959 29.65726081 -1.95972210
v -2.68393087 -4.11327562 -2.05272204
v -2.27092099 -4.36527452 -2.05272204
v -2.68393087 -4.11327562 2.94727796
v -2.27092099 -4.36527452 2.94727796
v 2.94044304 -3.97712049 0.84327817
v 3.14707804 -3.82027540 0.69695341
v 16.02799988 -26.64388856 0.84327817
v -1.21557784 6.30856934 -1.83164412
v -1.21197701 6.32201234 -1.83527810
v -1.21197701 6.32201234 -1.83527810
v -1.19749594 6.37697449 -1.85034508
v 8.95727396 24.10966101 -1.92339307
v -1.19749594 6.37697449 -1.85034508
v -1.16423202 6.50052443 -1.88362104
v -1.16423202 6.50052443 -1.88362104
v -1.16087484 6.51296034 -1.88695807
v -1.16087484 6.51296034 -1.88695807
v -1.15736485 6.52551833 -1.89022905
v -1.14169502 6.58031359 -1.90418512
v -1.10533285 6.70319262 -1.93440610
v -1.10188389 6.71478835 -1.93724412
v -1.09837484 6.72643128 -1.94005102
v -1.08191085 6.78206435 -1.95373708
v 3.34602201 -3.63692650 0.54688024
v 0.46407902 -0.75127581 2.94727796
v 0.54807901 -1.48627648 2.94727796
v 0.54008305 -0.70627758 2.94727796
v 16.63245964 -19.59964761 -1.38976008
v 0.63908207 -1.54227647 2.94727796
v 0.61108208 -0.65326861 2.94727796
v -1.08191085 6.78206435 -1.95373708
v -1.07843184 6.79340258 -1.95641011
v 8.95727396 24.10966101 -1.92339307
v 8.95646524 24.10979071 -1.92418212
v 0.72407365 -1.60627148 2.94727796
v 16.67434978 -19.54146776 -1.48957402
v 8.95110893 24.11033240 -1.92911905
v 8.95646524 24.10979071 -1.92418212
v -1.07393003 6.80774537 -1.95972210
v 3.82537699 -3.12807640 1.07927793
v 12.15744972 29.65388098 -1.92416507
v 11.92055035 29.79070082 -1.47314507
v 12.15826035 29.65374175 -1.92339307
v 0.78907615 -0.45726940 2.94727796
v 0.73608238 -0.52826861 2.94727796
v 4.84507608 -0.93126854 2.94727796
v 0.83508134 -0.38128057 2.94727796
v -1.07843184 6.79340258 -1.95641011
v 4.11308098 -2.73327050 0.78823721
v 4.17579508 -2.62636742 0.71333283
v 0.87206864 -0.30127880 2.94727796
v -5.35176182 -4.33570251 -1.98294503
v 0.90208274 -0.21727920 2.94727796
v 12.15826035 29.65374175 -1.92339307
v 9.71813869 7.71265259 3.18149298
v 9.77415371 7.80203858 3.18014687
v 9.49032402 7.40219727 3.19627803
v -3.58920383 -3.30727538 -1.04072207
v -3.74891806 -3.12726745 -0.90091598
v 2.86950505 -4.03096971 1.81184989
v 3.14707804 -3.82027540 1.62846797
v -5.56692696 -4.37919053 -2.03236205
v 10.22132778 8.51355544 3.16908401
v 12.07219982 29.66051093 -2.00724799
v 12.06161022 29.65948096 -2.01705104
v 12.02630043 29.65771094 -2.05072195
v 12.06161022 29.65948096 -2.01705104
v -5.55650473 -4.37714538 -2.03004509
v 9.49032402 7.40219727 3.19627803
v 11.90258980 29.67260161 -2.05072195
v 11.81647968 29.67753211 -2.05072195
v 12.15744972 29.65388098 -1.92416507
v 12.15826035 29.65374175 -1.92339307
v 9.60502529 25.30373183 -1.95972210
v -1.31210494 5.89290467 -1.70611102
v -1.30899191 5.90828553 -1.71115905
v -1.31529403 5.87717238 -1.70094401
v -1.29730392 5.96336928 -1.72878510
v -1.28537083 6.01810351 -1.74603302
v -1.27862692 6.04776660 -1.75512606
v 8.66077995 6.32729140 3.22661203
v 8.57679605 6.22440138 3.23018998
v 12.25306988 29.63528243 -1.83095509
v -1.32600498 5.82294360 -1.68289203
v 7.96343803 5.54732361 3.24245089
v 12.02630043 29.65771094 -2.05072195
v 11.99114990 29.66326132 -2.05072195
v 12.31840038 12.77733126 3.23627800
v -1.32917905 5.80686036 -1.67753512
v -1.33764791 5.76291552 -1.66272205
v -5.22693014 -4.57567748 -1.51220006
v -5.25650215 -4.58097228 -1.52188701
v -5.22693014 -4.30858764 -1.95299202
v -5.23852682 -4.31130370 -1.95573002
v 7.33209085 4.92140856 3.24130600
v 6.85119486 4.49773255 3.23027795
v 17.71374035 -26.40599832 -0.11192226
v 17.20190048 -26.60524759 0.23727804
v 3.71751308 -3.24999341 0.23727804
v 17.61130047 -26.44588861 -0.04039949
v -5.18898201 -4.56862745 -1.49929208
v -5.22693014 -4.57567748 -1.51220006
v -5.17074680 -4.29491529 -1.93921906
v 11.58201504 29.66538230 -2.04442913
v 6.69012308 4.35184327 3.22133797
v -3.25293112 -3.89000854 -0.66183019
v -3.26704597 -3.89927062 -0.67072189
v 11.62003994 29.66637221 -2.05072195
v 11.67630959 29.67329207 -2.05072195
v 5.40939212 3.39955750 3.11467689
v 4.78243899 3.02635852 3.02744001
v 10.40658474 8.40669814 2.81654995
v 9.92663479 7.61632338 2.80530804
v 9.91586208 7.59854737 2.80506295
v 9.40513515 6.83302966 2.77232784
v 9.39359903 6.81571046 2.77159303
v 3.82439995 -3.12917456 1.08012396
v 17.16434002 -26.45537767 1.14748698
v 3.82537699 -3.12807640 1.07927793
v -3.21736288 -3.68401441 -0.93586624
v -3.20280600 -3.69745740 -0.88693184
v -3.22953892 -3.87339172 -0.64588684
v 9.91625881 7.59831849 2.80432385
v 9.92693996 7.61595765 2.80456704
v 10.40696716 8.40646926 2.81581396
v -4.92312813 -4.51442870 -1.41380209
v -4.95492697 -4.52170762 -1.42435509
v -4.94227695 -4.23845872 -1.88238400
v 4.35551310 -2.32003149 0.49827823
v 18.12538052 -26.16826829 0.49827823
v 18.06133938 -26.20523843 0.54978585
v 11.69797039 29.74709120 -1.82093507
v -3.21736288 -3.68401441 -0.93586624
v -3.22953892 -3.87339172 -0.64588684
v -3.25293112 -3.89000854 -0.66183019
v 17.73326969 -26.33188829 0.79127836
v 8.83158684 6.05002442 2.71447605
v 8.46723795 6.10704651 3.23627800
v 8.24938822 5.38217774 2.69808000
v 12.11872959 29.65726081 -1.95972210
v 12.07219982 29.66051093 -2.00724799
v -5.22693014 -4.30858764 -1.95299202
v 4.11308098 -2.73327050 -2.05272204
v 3.82607913 -3.12726745 0.13783864
v 15.09854031 -20.52371797 0.34843614
v 15.26731968 -20.42627916 0.20327803
v 15.09856033 -20.52370843 0.34847295
v 15.26737976 -20.42624864 0.20327803
v 15.09856033 -20.52370843 0.34847295
v 15.26731968 -20.42627916 0.20327803
v -3.10962105 -3.78359351 -0.55969864
v 15.26731968 -20.42627916 0.20327803
v 15.58432007 -20.24327859 -0.09272187
v 15.26737976 -20.42624864 0.20327803
v -3.13407993 -3.76098046 -0.64741057
v -3.11693001 -3.77683458 -0.58686847
v -3.18492317 -3.84195861 -0.61571735
v 3.91056705 -3.01127061 0.99318301
v -5.09092903 -4.55098829 -1.46703309
v -5.12841892 -4.55770263 -1.47931201
v -5.09092903 -4.27614745 -1.92033607
v -5.14700508 -4.28930053 -1.93357307
v -3.38891697 -3.63245544 -1.31315309
v -3.39129782 -3.52327856 -1.22167903
v -4.94227695 -4.23845872 -1.88238400
v 11.58549404 29.66350165 -2.05072195
v 8.08059502 5.21030274 2.69227785
v 11.57902527 29.66244116 -2.05072195
v 11.58201504 29.66538230 -2.04442913
v 11.69941998 29.67445174 -2.05072195
v -1.30275083 6.94347230 -1.52283007
v -1.07843184 6.79340258 -1.95641011
v -1.08191085 6.78206435 -1.95373708
v 3.71751308 -3.24999341 0.23727804
v 3.50407207 -3.49128160 0.42086065
v 8.08059502 5.21030274 2.69227785
v -4.98633003 -4.52866563 -1.43442303
v -5.05998373 -4.54462537 -1.45753008
v -1.07843184 6.79340258 -1.95641011
v -1.30275083 6.94347230 -1.52283007
v -1.07393003 6.80774537 -1.95972210
v -4.78259373 -4.48227844 -1.36723703
v -4.81791782 -4.49082336 -1.37961108
v -3.38891697 -3.97370252 -0.75032449
v 2.02107075 -4.52361450 1.39527791
v 2.34907377 -4.36527452 1.21360689
v 14.54738045 -26.21831903 1.39527791
v -4.88691902 -4.50640258 -1.40218908
v -4.92312813 -4.51442870 -1.41380209
v -4.95492697 -4.52170762 -1.42435509
v -3.36425877 -3.95910034 -0.73470748
v 3.34815800 -3.63497338 0.54527825
v 16.65309048 -26.67819795 0.54527825
v -1.02145505 6.96980849 -2.00008017
v -1.25151205 7.08211365 -1.56830305
v -5.29492283 -4.58741149 -1.53367609
v -5.12841892 -4.55770263 -1.47931201
v -5.15892172 -4.56337842 -1.48968405
v 15.19791985 25.85465232 2.12127799
v -5.09092903 -4.55098829 -1.46703309
v -5.08706808 -4.55027160 -1.46572203
v -5.15892172 -4.56337842 -1.48968405
v 3.50407207 -3.49128160 1.35858398
v 3.50445402 -3.49085340 1.35827797
v -3.29359579 -3.61356553 -1.18771202
v -5.15892172 -4.29219970 -1.93649310
v 8.48355007 6.12454835 3.23537296
v 16.77865028 -26.48192796 1.35827797
v 3.59203911 -3.39182457 1.28218597
v 3.50445402 -3.49085340 1.35827797
v 0.92407066 -0.13128060 2.94727796
v 4.91508317 -0.44527599 2.94727796
v 16.82828999 -26.48846826 1.33417493
v 3.59203911 -3.39182457 1.28218597
v 3.82607913 -3.12726745 2.94727796
v 3.50445402 -3.49085340 1.35827797
v 3.50445402 -3.49085340 1.35827797
v 3.82607913 -3.12726745 2.94727796
v 3.50407207 -3.49128160 1.35858398
v 4.93906999 0.04472950 2.94727796
v 0.93707114 -0.04427500 2.94727796
v 3.82607913 -3.12726745 0.13783864
v 3.50407207 -3.49128160 -2.05272204
v 3.82607913 -3.12726745 -2.05272204
v 3.77656412 -3.18323645 0.18323204
v -5.09092903 -4.27614745 -1.92033607
v -5.09092903 -4.55098829 -1.46703309
v 16.19217014 -26.40923890 1.62727791
v 3.14877105 -3.81871948 1.62727791
v 16.06772995 -26.39490899 1.68063694
v -4.96747017 -4.24508056 -1.88904804
v 3.50407207 -3.49128160 0.42086065
v 3.71751308 -3.24999341 0.23727804
v 0.78907615 0.54572129 2.94727796
v 0.83508134 0.46973261 2.94727796
v 16.19217014 -26.40923890 1.62727791
v 3.50407207 -3.49128160 2.94727796
v 3.50407207 -3.49128160 1.35858398
v 0.73608238 0.61672050 2.94727796
v 0.67707664 0.68272999 2.94727796
v 9.50041008 23.86161223 -1.35572201
v 0.61108208 0.74172053 2.94727796
v -0.93068099 7.25668946 -2.05072195
v -0.93318295 7.24599352 -2.05072195
v -0.90049887 7.38388672 -2.05072195
v -0.91729903 7.31546631 -2.05072195
v 3.82439995 -3.12917456 1.08012396
v 3.82537699 -3.12807640 1.07927793
v 3.82607913 -3.12726745 1.07861989
v 3.82607913 -3.12726745 2.94727796
v 3.82537699 -3.12807640 1.07927793
v 17.28699970 -26.44330797 1.07927793
v 3.82537699 -3.12807640 1.07927793
v 17.16434002 -26.45537767 1.14748698
v -0.88412595 7.45355836 -2.05072195
v -0.86938596 7.51024428 -2.05072195
v -0.88693404 7.44197646 -2.05072195
v -3.26704597 -3.89927062 -0.67072189
v 0.87206864 0.38973071 2.94727796
v 0.90208274 0.30672291 2.94727796
v 0.92407066 0.22072437 2.94727796
v 0.93707114 0.13272694 2.94727796
v 4.91508317 0.53471971 2.94727796
v 0.94106895 0.04472950 2.94727796
v 4.84507608 1.01972041 2.94727796
v 0.99207908 -2.97628149 2.94727796
v 2.76107609 -4.11327562 2.94727796
v 1.03707725 -2.87827453 2.94727796
v -1.35116696 5.68051758 -1.63577909
v -1.36007786 5.62505141 -1.61748404
v 1.07307273 -2.77727661 2.94727796
v 17.14241028 -26.62856874 0.27524334
v 17.13895988 -26.62991914 0.27745354
v 1.09808189 -2.67228040 2.94727796
v 3.14707804 -3.82027540 2.94727796
v 3.50407207 -3.49128160 2.94727796
v 1.11907798 -2.45726952 2.94727796
v 3.82607913 -3.12726745 2.94727796
v 1.11407304 -2.34926757 2.94727796
v 15.70162964 -26.60619935 0.98367375
v -1.34838986 5.69734851 -1.64126307
v -1.33764791 5.76291552 -1.66272205
v -1.33967686 5.75173035 -1.65921206
v 4.11308098 -2.73327050 2.94727796
v 4.36007500 -2.31228051 2.94727796
v 1.09808189 -2.24227247 2.94727796
v -15.55622005 4.75772753 2.72527784
v -14.51562977 4.54073134 3.19627803
v -14.26692009 4.84264269 2.72555989
v 18.07924938 -26.19496927 -0.39872188
v -2.68393087 -4.11327562 2.94727796
v -3.06991673 -3.82027540 -2.05272204
v -2.68393087 -4.11327562 -2.05272204
v 2.76136601 -4.11304626 1.88328594
v -1.36265683 5.60790053 -1.61169201
v -12.37792969 4.88387147 2.72569698
v -14.26692009 4.84264269 2.72555989
v -12.37792969 4.61401930 3.17060703
v 1.03707725 -2.03627953 2.94727796
v 4.56606913 -1.86927161 2.94727796
v 0.99207908 -1.93827257 2.94727796
v -14.26692009 4.56156054 3.18897885
v 3.14877105 -3.81871948 1.62727791
v 8.46723795 6.10704651 3.23627800
v -10.49392986 4.48450366 3.20572799
v -9.70506001 4.35718337 3.22712487
v -10.36899948 4.75772753 2.72527784
v -3.06991673 -3.82027540 2.94727796
v -10.49392986 4.77579346 2.72533792
v -9.59366989 4.65154162 2.71506184
v 7.63815212 5.22928467 3.24727791
v -9.57392979 4.33591357 3.23069900
v -9.57392979 4.64882556 2.71479982
v 3.43137908 -3.55826744 0.47883042
v 3.14707804 -3.82027540 -2.05272204
v 3.50407207 -3.49128160 0.42086065
v 3.41569304 -3.57273254 0.49133494
v 11.63630581 29.71453086 -1.91872210
v 11.63587952 29.71418181 -1.91981608
v 3.50407207 -3.49128160 1.35858398
v 3.50407207 -3.49128160 2.94727796
v 3.43137908 -3.55826744 1.41353589
v -10.49392986 4.77579346 2.72533792
v -10.50419998 4.77667847 2.72534102
v -10.49392986 4.48450366 3.20572799
v -10.61100960 4.49574843 3.20383686
v -9.43009949 4.30272570 3.23627800
v -9.57392979 4.33591357 3.23069900
v -14.51562977 4.54073134 3.19627803
v -3.83342075 -3.01127061 0.11455874
v -11.43291950 4.85724440 2.72560900
v -11.07569981 4.54073134 3.19627803
v -11.43291950 4.58014527 3.18246788
v 3.50407207 -3.49128160 -2.05272204
v -3.83342075 -3.01127061 -0.81081885
v -3.78592110 -3.07648644 -0.86146397
v -12.37792969 4.88387147 2.72569698
v -12.37792969 4.61401930 3.17060703
v -11.43291950 4.85724440 2.72560900
v -3.62381077 -3.26827344 -0.09272187
v -3.72062778 -3.15917358 -0.00472176
v 3.34815800 -3.63497338 0.54527825
v 3.14707804 -3.82027540 0.69695341
v 3.34602201 -3.63692650 0.54688024
v 3.34602201 -3.63692650 0.54688024
v 3.14707804 -3.82027540 -2.05272204
v 3.34815800 -3.63497338 0.54527825
v -3.21925497 -3.68227538 -0.94223386
v -3.23181295 -3.67066345 -0.98467773
v 3.14877105 -3.81871948 1.62727791
v 3.14707804 -3.82027540 1.62846797
v 3.14707804 -3.82027540 2.94727796
v 3.24641204 -3.72872338 1.55333596
v 14.87829018 -20.65094766 -0.39872188
v -11.43291950 4.58014527 3.18246788
v -9.57392979 4.33591357 3.23069900
v -9.43009949 4.30272570 3.23627800
v -9.57392979 4.64882556 2.71479982
v -8.68091965 4.47392836 2.69797390
v -3.18492317 -3.71399841 -0.82677788
v -3.18492317 -3.84195861 -0.61571735
v 14.87829018 -20.65094766 -0.39872188
v 18.07924938 -26.19496927 -0.39872188
v -8.68091965 4.14363757 3.24254983
v -3.18492317 -3.71399841 -0.82677788
v -3.18133688 -3.71730956 -0.81412298
v -3.17007589 -3.72771654 -0.77439559
v 2.34907377 -4.36527452 2.12205690
v 2.35052323 -4.36438951 2.12127799
v 15.55389023 25.74178115 1.39527791
v -8.68091965 4.14363757 3.24254983
v -8.25328159 4.02371851 3.24727791
v -8.45197964 4.41472474 2.69227785
v -8.68091965 4.47392836 2.69797390
v 14.82324028 -25.96649942 2.12127799
v 2.46476585 -4.29451951 2.05515498
v 2.35052323 -4.36438951 2.12127799
v -7.82292271 4.25839844 2.66615504
v 3.00898612 4.01418152 1.39527791
v 16.02799988 -26.64388856 0.84327817
v 10.56725979 23.24564162 -0.39872188
v 10.29386806 23.40349188 -0.62790555
v 13.76836967 28.78976241 -0.39872188
v -7.82292271 3.90964356 3.24115985
v -3.11693001 -3.78974351 -0.56559527
v 3.41946208 3.65794960 1.64427799
v 15.62779045 24.80259123 1.64427799
v 15.62975979 24.60427085 1.68808192
v -3.11693001 -3.77683458 -0.58686847
v -3.10962105 -3.78359351 -0.55969864
v -3.11693001 -3.78974351 -0.56559527
v 14.54738045 -26.21831903 1.39527791
v 13.93630981 -25.95062837 1.57945996
v 2.02107075 -4.52361450 1.39527791
v -3.32090902 -3.58832750 -1.27617306
v -3.32092381 -3.58832750 -1.27617902
v -3.39129782 -3.52327856 -1.22167903
v -3.32092381 -3.58832750 -1.27617902
v -3.34112692 -3.60152540 -1.28723508
v 2.76299906 -4.11181030 1.88227790
v -1.33967686 5.75173035 -1.65921206
v -1.59907699 5.93840638 -1.16394204
v -1.33764791 5.76291552 -1.66272205
v 2.76299906 -4.11181030 1.88227790
v 16.03931999 -19.98059854 -0.56896335
v 19.27014065 -25.50737771 -0.60199565
v 16.13113022 -19.92760858 -0.67072189
v 2.86950505 -4.03096971 1.81184989
v 3.14707804 -3.82027540 2.94727796
v 2.76299906 -4.11181030 1.88227790
v -3.32092381 -3.58832750 -1.27617902
v -3.32090902 -3.58832750 -1.27617306
v -3.31657600 -3.59232458 -1.26212508
v 14.87825966 -20.65097818 -0.39872188
v 15.18282986 -20.47513780 -0.65402645
v 15.15170002 -20.49310884 -0.62790919
v 15.15170002 -20.49310884 -0.62790919
v 14.87829018 -20.65094766 -0.39872188
v 14.87825966 -20.65097818 -0.39872188
v 14.84518051 -20.67006883 -0.37276647
v 14.87825966 -20.65097818 -0.39872188
v 14.87829018 -20.65094766 -0.39872188
v -3.32092381 -3.93320665 -0.70701087
v 8.15434122 5.75942031 3.24011892
v -3.32092381 -3.58832750 -1.27617902
v -3.31657600 -3.59232458 -1.26212508
v -3.30769491 -3.60054955 -1.23335403
v 3.14707804 -3.82027540 -2.05272204
v 3.14707804 -3.82027540 0.69695341
v 2.76107609 -4.11327562 -2.05272204
v 2.76107609 -4.11327562 0.96218127
v 2.94044304 -3.97712049 0.84327817
v 7.96343803 5.54732361 3.24245089
v 2.76136601 -4.11304626 1.88328594
v 2.76136601 -4.11304626 1.88328594
v 3.14707804 -3.82027540 2.94727796
v 2.76107609 -4.11327562 1.88346594
v 3.14707804 -3.82027540 1.62846797
v 16.47651958 -19.72820863 -1.11908204
v 16.35533047 -19.79816827 -0.94772178
v 16.35527039 -19.79819879 -0.94772178
v 2.76107609 -4.11327562 2.94727796
v 2.76107609 -4.11327562 1.88346594
v 16.13146973 -19.92740831 -0.67072189
v 16.27562046 -19.84418878 -0.84916759
v 16.35533047 -19.79816827 -0.94772178
v 16.35527039 -19.79819879 -0.94772178
v 16.35533047 -19.79816827 -0.94772178
v 16.27562046 -19.84418878 -0.84916759
v 7.63815212 5.22928467 3.24727791
v 8.08059502 5.21030274 2.69227785
v 7.96343803 5.54732361 3.24245089
v -11.43291950 4.85724440 2.72560900
v -10.50419998 4.77667847 2.72534102
v -12.37792969 4.88387147 2.72569698
v -14.26692009 4.84264269 2.72555989
v -1.39305305 6.68337050 -1.43603903
v -1.38157797 6.71893969 -1.44738704
v -1.15736485 6.52551833 -1.89022905
v -0.90707493 6.26618043 -0.67072189
v 1.91407615 -4.57528028 2.34251493
v 13.22922993 -25.12430772 2.54327792
v 1.91457966 -4.57503662 2.34227794
v 14.05243015 -25.59673890 2.34227794
v 1.91457966 -4.57503662 2.34227794
v 15.26737976 -20.42624864 0.20327803
v 15.58432007 -20.24327859 -0.09272187
v 15.58438015 -20.24323854 -0.09272187
v 15.58432007 -20.24327859 -0.09272187
v 15.87337971 -20.07639894 -0.38472197
v 15.58438015 -20.24323854 -0.09272187
v 12.10146999 29.74869147 -1.21372205
v 12.12112045 29.74079123 -1.18798906
v 15.87343979 -20.07635888 -0.38472197
v 15.58438015 -20.24323854 -0.09272187
v 15.87337971 -20.07639894 -0.38472197
v 15.87343979 -20.07635888 -0.38472197
v 16.03931999 -19.98059854 -0.56896335
v 16.13146973 -19.92740831 -0.67072189
v 15.87337971 -20.07639894 -0.38472197
v 16.03931999 -19.98059854 -0.56896335
v 15.87343979 -20.07635888 -0.38472197
v 16.13146973 -19.92740831 -0.67072189
v 16.03931999 -19.98059854 -0.56896335
v 16.13113022 -19.92760858 -0.67072189
v -3.25293112 -3.65114745 -1.05602604
v -3.24484396 -3.65862450 -1.02872211
v 12.29129028 29.64255133 -0.94772178
v 12.14807034 29.72524062 -1.14980704
v 16.27562046 -19.84418878 -0.84916759
v -3.42592001 -3.49128160 -0.28826547
v 6.18075418 3.51822558 2.53427785
v -5.13040304 3.16672340 2.41027802
v -22.85671902 3.61472145 2.53427785
v -5.54393196 3.39435449 2.47327989
v -3.21925497 -3.68227538 -0.46246025
v -3.06991673 -3.82027540 2.94727796
v -3.30690098 -3.60128149 -0.38472197
v -7.00892830 4.00153151 2.62147301
v -20.97770023 4.03172961 2.62827796
v -19.77291965 4.26222840 2.66679495
v -7.10730076 4.03172961 2.62827796
v -3.29359579 -3.61356553 -1.18771202
v -3.30769491 -3.60054955 -1.23335403
v -3.06991673 -3.82027540 -2.05272204
v 14.59527016 18.09283057 2.53427785
v 6.18075418 3.51822558 2.53427785
v 15.55852032 -20.25824937 -0.98675478
v -9.59366989 4.65154162 2.71506184
v -9.57392979 4.64882556 2.71479982
v -15.55622005 4.75772753 2.72527784
v 18.46333027 -25.97322854 -0.72072178
v 7.63413906 4.74695435 2.66628688
v -8.68091965 4.47392836 2.69797390
v -8.45197964 4.41472474 2.69227785
v -16.14493084 4.72101441 2.72174591
v -10.36899948 4.75772753 2.72527784
v 2.35052323 -4.36438951 2.12127799
v 2.76107609 -4.11327562 2.94727796
v 2.34907377 -4.36527452 2.12205690
v 2.48525846 -4.28197631 2.04327792
v 2.46476585 -4.29451951 2.05515498
v 14.87825966 -20.65097818 -0.39872188
v -15.55622005 4.75772753 2.72527784
v -10.49392986 4.77579346 2.72533792
v -10.36899948 4.75772753 2.72527784
v 15.26515007 24.05257216 2.54327792
v 3.46520805 3.61566749 2.54327792
v 15.24246025 23.72781172 2.59806794
v 14.87825966 -20.65097818 -0.39872188
v 2.76107609 -4.11327562 -2.05272204
v 2.76107609 -4.11327562 0.96218127
v 2.34907377 -4.36527452 -2.05272204
v 0.93707114 -1.84627745 2.94727796
v 0.87408286 -1.75927147 2.94727796
v 2.34907377 -4.36527452 1.21360689
v 2.49636674 -4.27518663 1.12727791
v -11.43291950 4.58014527 3.18246788
v -12.37792969 4.61401930 3.17060703
v -11.07569981 4.54073134 3.19627803
v -14.26692009 4.56156054 3.18897885
v -14.51562977 4.54073134 3.19627803
v 2.76107609 -4.11327562 1.88346594
v 2.34907377 -4.36527452 2.94727796
v 0.80306846 -1.67926952 2.94727796
v 0.67707664 -0.59427807 2.94727796
v -9.70506001 4.35718337 3.22712487
v -10.49392986 4.48450366 3.20572799
v -10.61100960 4.49574843 3.20383686
v -11.07569981 4.54073134 3.19627803
v 0.45207012 -1.44027147 2.94727796
v -1.25151205 7.08211365 -1.56830305
v -1.24113584 7.10927430 -1.57667011
v -1.02145505 6.96980849 -2.00008017
v -9.43009949 4.30272570 3.23627800
v -17.09625912 4.30272570 3.23627800
v -8.68091965 4.14363757 3.24254983
v 1.46107326 -4.74027452 2.54273003
v 13.22922993 -25.12430772 2.54327792
v 1.91407615 -4.57528028 2.34251493
v 13.38428974 29.01148215 -0.72072178
v 10.18327332 23.46735182 -0.72072178
v 13.02733994 29.21757117 -1.04072207
v 0.35208011 -1.40427551 2.94727796
v 0.38407707 -0.78927007 2.94727796
v -7.22230721 3.70673242 3.23027795
v -7.82292271 3.90964356 3.24115985
v -19.06469059 4.02371851 3.24727791
v -8.25328159 4.02371851 3.24727791
v -6.30134678 3.35672656 3.18327802
v 4.72807217 -1.40728149 2.94727796
v 1.07307273 -2.13826951 2.94727796
v 1.11407304 -2.56527051 2.94727796
v 1.91407615 -4.57528028 1.45047992
v 13.69616985 -25.81294832 1.64427799
v -5.54393196 3.00554553 3.11432785
v -5.49028206 2.97472253 3.10827797
v 1.46107326 -4.74027452 1.66986888
v 1.51719506 -4.71982726 1.64427799
v 12.77558994 -25.27133760 1.87327796
v -3.18133688 -3.71730956 -0.81412298
v -3.18492317 -3.71399841 -0.82677788
v -5.49028206 2.97472253 3.10827797
v -1.19178891 7.23807374 -1.61616808
v -1.14157295 7.36617127 -1.65364403
v -0.97300887 7.11189833 -2.03305418
v 0.51907206 -4.93126830 2.94727796
v 0.99506974 -4.85927734 2.94727796
v 0.35208011 -3.51027855 2.94727796
v 0.45207012 -3.47426757 2.94727796
v 0.54807901 -3.42827758 2.94727796
v 1.91407615 -4.57528028 2.94727796
v 1.91407615 -4.57528028 2.34251493
v 2.34907377 -4.36527452 2.94727796
v 1.91457966 -4.57503662 2.34227794
v 2.34907377 -4.36527452 2.94727796
v 1.91407615 -4.57528028 2.34251493
v -3.17007589 -3.72771654 -0.77439559
v 2.03495625 -4.51691541 2.28122586
v 1.91457966 -4.57503662 2.34227794
v 0.63908207 -3.37227759 2.94727796
v 1.46107326 -4.74027452 2.94727796
v 15.61872959 -20.22348794 -1.04072207
v 2.34907377 -4.36527452 2.12205690
v -3.20280600 -3.69745740 -0.88693184
v -3.21736288 -3.68401441 -0.93586624
v 0.87408286 -3.15526757 2.94727796
v 2.34907377 -4.36527452 2.94727796
v 0.93707114 -3.06926855 2.94727796
v 2.34907377 -4.36527452 1.21360689
v 1.91407615 -4.57528028 -2.05272204
v 2.34907377 -4.36527452 -2.05272204
v -29.17863941 0.73772272 2.34227794
v 2.02107075 -4.52361450 1.39527791
v 1.91407615 -4.57528028 1.45047992
v 16.35527039 -19.79819879 -0.94772178
v 19.55633068 -25.34216890 -0.94772178
v 16.47651958 -19.72820863 -1.11908204
v 1.91407615 -4.57528028 2.94727796
v 0.72407365 -3.30826744 2.94727796
v 0.80306846 -3.23526940 2.94727796
v 8.38131618 24.12163153 -2.04380399
v 8.39779520 24.13633147 -2.00505096
v 19.69930935 -25.25961885 -1.14980501
v 19.72621059 -25.24409875 -1.18766207
v -0.85891891 -0.04427500 2.94727796
v -0.86392403 0.04472950 2.94727796
v -4.83792305 0.53471971 2.94727796
v 12.95956039 -24.94270906 2.59805888
v 1.11849815 -4.82775268 2.67343706
v 12.34702969 -24.52979860 2.72227806
v -0.84591794 -0.13128060 2.94727796
v 1.45976096 -4.74060926 2.54327792
v -0.86650205 7.52197829 -2.05072195
v -0.82492185 -0.21727920 2.94727796
v 16.63245010 -19.59964761 -1.38977403
v 19.86780071 -25.09846887 -1.46572203
v 16.66674995 -19.55452928 -1.46572203
v -3.42592001 -3.49128160 2.94727796
v -3.42592001 -3.49128160 -0.28826547
v 19.87004948 -25.09520921 -1.47229404
v 19.86780071 -25.09846887 -1.46572203
v 0.53634501 -4.92865953 2.04379600
v 0.53771806 -4.92846069 2.04327792
v 12.56377983 -25.12762842 1.91778689
v 16.70217991 -19.48984918 -1.58090610
v 16.67434978 -19.54146776 -1.48957402
v 16.67430019 -19.54149827 -1.48963505
v 1.91407615 -4.57528028 2.34251493
v 1.91407615 -4.57528028 2.94727796
v 1.46107326 -4.74027452 2.54273003
v -3.10962105 -3.78359351 -0.55969864
v -3.11693001 -3.77683458 -0.58686847
v 12.10146999 29.74869147 -1.21372205
v 12.07542038 29.75883093 -1.25385207
v -0.79492283 -0.30127880 2.94727796
v -0.75692892 -0.38128057 2.94727796
v 1.46107326 -4.74027452 2.94727796
v -0.84826803 7.59015551 -2.05072195
v -0.75698996 7.91478530 -2.05072195
v -0.77330184 7.86093751 -2.05072195
v 8.90038919 24.20452109 -1.21372205
v 13.64177036 16.25883093 3.23027795
v -3.13407993 -3.76098046 -0.64741057
v 1.51719506 -4.71982726 1.64427799
v 1.46107326 -4.74027452 -2.05272204
v 1.91407615 -4.57528028 1.45047992
v 1.91407615 -4.57528028 -2.05272204
v 12.04609966 29.76746169 -1.29704303
v 1.46107326 -4.74027452 1.66986888
v 16.63936996 -19.59055910 -1.40499705
v 16.66674995 -19.55452928 -1.46572203
v 16.66679001 -19.55447778 -1.46572203
v 16.66674995 -19.55452928 -1.46572203
v 16.66901970 -19.55122766 -1.47235602
v 16.66679001 -19.55447778 -1.46572203
v 16.66907024 -19.55121812 -1.47229404
v 16.66679001 -19.55447778 -1.46572203
v 16.66901970 -19.55122766 -1.47235602
v 9.50076103 23.86141196 -1.35572201
v 16.63245964 -19.59964761 -1.38976008
v 16.63245010 -19.59964761 -1.38977403
v 16.63936996 -19.59055910 -1.40499705
v 16.66674995 -19.55452928 -1.46572203
v 16.63936996 -19.59055910 -1.40499705
v 16.63245010 -19.59964761 -1.38977403
v -3.32090902 -3.58832750 -1.27617306
v -3.39129782 -3.52327856 -1.22167903
v -3.42592001 -3.49128160 -2.05272204
v -3.42592001 -3.49128160 -1.19487101
v -0.71193099 -0.45726940 2.94727796
v -0.65892196 -0.52826861 2.94727796
v -0.64692783 -1.60627148 2.94727796
v -0.59892392 -0.59427807 2.94727796
v 0.97765958 -4.86190137 2.72627800
v 0.99506974 -4.85927734 1.87131291
v 0.99027854 -4.85999450 1.87327796
v -0.53392196 -0.65326861 2.94727796
v -0.56192183 -1.54227647 2.94727796
v -0.46292305 -0.70627758 2.94727796
v -0.38691902 -0.75127581 2.94727796
v -0.47091794 -1.48627648 2.94727796
v -0.37492490 -1.44027147 2.94727796
v -0.30691695 -0.78927007 2.94727796
v 0.99506974 -4.85927734 2.72045797
v 1.11849815 -4.82775268 2.67343706
v 0.99506974 -4.85927734 2.94727796
v 15.00098038 21.53701201 2.91038698
v -0.27491891 -1.40427551 2.94727796
v -0.17192197 -1.37827453 2.94727796
v -0.22291696 -0.81926891 2.94727796
v 1.46107326 -4.74027452 2.94727796
v 1.45976096 -4.74060926 2.54327792
v 1.46107326 -4.74027452 2.54273003
v 15.14727974 22.62223235 2.77253097
v 4.00945902 2.96433154 2.83571189
v 15.12792969 22.48089209 2.79105395
v 16.49209023 -19.71921930 -1.14102704
v 16.35533047 -19.79816827 -0.94772178
v 16.47651958 -19.72820863 -1.11908204
v 12.51558971 29.51307097 -0.67072189
v -1.31529403 5.87717238 -1.70094401
v -1.32600498 5.82294360 -1.68289203
v -1.58361983 6.00827637 -1.19032210
v -1.32917905 5.80686036 -1.67753512
v -0.71193099 0.54572129 2.94727796
v -0.75692892 0.46973261 2.94727796
v 16.67434978 -19.54146776 -1.48957402
v 16.66907024 -19.55121812 -1.47229404
v 16.66901970 -19.55122766 -1.47235602
v 16.67434978 -19.54146776 -1.48957402
v 16.66901970 -19.55122766 -1.47235602
v 16.67430019 -19.54149827 -1.48963505
v -1.59907699 5.93840638 -1.16394204
v -1.59080696 5.97582045 -1.17807108
v -1.32917905 5.80686036 -1.67753512
v -1.61247396 5.87381545 -1.13860804
v -1.60615683 5.90572253 -1.15144307
v -1.34838986 5.69734851 -1.64126307
v -4.64991903 1.49571851 2.94727796
v -0.79492283 0.38973071 2.94727796
v 0.99506974 -4.85927734 1.87131291
v 0.99506974 -4.85927734 -2.05272204
v 1.46107326 -4.74027452 1.66986888
v 1.46107326 -4.74027452 -2.05272204
v 19.83346081 -25.14365777 -1.38976008
v -4.76692295 1.01972041 2.94727796
v -0.82492185 0.30672291 2.94727796
v 11.91263962 -24.68591890 2.05449599
v 0.51907206 -4.93126830 2.05027693
v 11.78586960 -24.58569917 2.07827800
v 16.63245964 -19.59964761 -1.38976008
v 16.62967968 -19.60249910 -1.38423211
v 16.63245010 -19.59964761 -1.38977403
v 0.99027854 -4.85999450 1.87327796
v 14.25885010 28.39872161 0.95583313
v 11.78586960 -24.58569917 2.07827800
v -1.39305305 6.68337050 -1.43603903
v -1.15736485 6.52551833 -1.89022905
v -1.16087484 6.51296034 -1.88695807
v 0.99506974 -4.85927734 2.72045797
v 0.99003434 -4.86004028 2.72227806
v 5.40939212 3.39955750 3.11467689
v 5.35288906 3.36675158 3.10827797
v 5.74618387 3.20503846 2.47352499
v -1.40281796 6.65250245 -1.42594701
v -1.16087484 6.51296034 -1.88695807
v -1.16423202 6.50052443 -1.88362104
v 5.33996415 2.95937148 2.41027802
v -0.13691890 0.92972401 2.94727796
v 4.78243899 3.02635852 3.02744001
v -0.17192197 1.46672645 2.94727796
v 0.51907206 -4.93126830 2.87452787
v 5.12673807 2.82750550 2.37199300
v 6.37339592 3.65411940 2.55656403
v 6.04618692 3.84309950 3.17948693
v 6.18075418 3.51822558 2.53427785
v 5.86454582 3.71660462 3.16102904
v 6.00143290 3.38898340 2.50918191
v 12.77558994 -25.27133760 1.87327796
v -1.32600498 6.87880555 -1.50059611
v -1.31301999 6.91535035 -1.51339311
v -1.09837484 6.72643128 -1.94005102
v -3.31657600 -3.59232458 -1.26212508
v -0.59892392 0.68272999 2.94727796
v 0.99506974 -4.85927734 2.94727796
v 0.97765958 -4.86190137 2.72627800
v 0.99003434 -4.86004028 2.72227806
v -1.09837484 6.72643128 -1.94005102
v -1.10188389 6.71478835 -1.93724412
v -1.32600498 6.87880555 -1.50059611
v -0.65892196 0.61672050 2.94727796
v 0.99506974 -4.85927734 2.72045797
v -1.34668088 6.82112733 -1.48066408
v -1.33636594 6.85001269 -1.49072200
v -1.10533285 6.70319262 -1.93440610
v 0.03907609 0.94672230 2.94727796
v 0.51907206 -4.93126830 2.87452787
v 0.63986003 -4.91300353 2.83544892
v 0.51907206 -4.93126830 2.94727796
v -1.24113584 7.10927430 -1.57667011
v -1.22641087 7.14682665 -1.58766002
v -1.01788497 6.98038331 -2.00255305
v 0.30106902 -0.81926891 2.94727796
v 0.21507108 -0.84127209 2.94727796
v 0.24908304 -1.37827453 2.94727796
v 0.99506974 -4.85927734 1.87131291
v 0.51907206 -4.93126830 -2.05272204
v 0.99506974 -4.85927734 -2.05272204
v -1.01788497 6.98038331 -2.00255305
v 0.12707305 -0.85427245 2.94727796
v 0.14507902 -1.36226854 2.94727796
v 0.99027854 -4.85999450 1.87327796
v 15.18881035 25.94219199 2.09576601
v 0.51907206 -4.93126830 2.05027693
v 0.53634501 -4.92865953 2.04379600
v 0.53771806 -4.92846069 2.04327792
v 0.53634501 -4.92865953 2.04379600
v 0.51907206 -4.93126830 -2.05272204
v 0.53771806 -4.92846069 2.04327792
v -0.82693601 7.67000428 -2.05072195
v -0.83036995 7.65770569 -2.05072195
v -0.79628086 7.78011170 -2.05072195
v -0.81195188 7.72569838 -2.05072195
v 0.51010001 -4.93172655 2.87727803
v 5.74618387 3.20503846 2.47352499
v 5.40939212 3.39955750 3.11467689
v 0.51907206 -4.93126830 -2.05272204
v 0.51907206 -4.93126830 2.05027693
v -3.25514412 -3.64910254 -1.06319911
v -3.27665901 -3.62922058 -1.13287407
v 7.00509501 4.16992751 2.62169593
v 6.69012308 4.35184327 3.22133797
v 6.86027384 4.05168739 2.60678595
v 0.50892508 -4.93178758 2.87758797
v 0.51010001 -4.93172655 2.87727803
v 6.59968424 4.28049365 3.21560997
v 6.37339592 3.65411940 2.55656403
v 0.51907206 -4.93126830 2.87452787
v -0.13691890 -0.84127209 2.94727796
v -0.06692696 -1.36226854 2.94727796
v -0.04992795 -0.85427245 2.94727796
v 0.03907609 -1.35627148 2.94727796
v 0.03907609 -0.85827050 2.94727796
v 0.44023001 -4.93522033 2.07827800
v -0.99492002 -2.13826951 2.94727796
v -0.95991683 -2.03627953 2.94727796
v -4.48791695 -1.86927161 2.94727796
v -3.74891806 -3.12726745 2.94727796
v -3.42592001 -3.49128160 2.94727796
v -1.04191685 -2.45726952 2.94727796
v -1.09033298 7.49349061 -1.68880302
v -1.07434201 7.53346863 -1.69998902
v -0.90049887 7.38388672 -2.05072195
v -1.03692794 -2.56527051 2.94727796
v 3.70561099 3.35252944 2.67368191
v 15.19106960 22.99090186 2.72227806
v -1.02092099 -2.67228040 2.94727796
v -0.84500289 7.60225573 -2.05072195
v -3.06991673 -3.82027540 2.94727796
v 15.18558025 22.90195075 2.73590892
v 3.79426408 3.25260058 2.72227806
v -0.85992599 -1.84627745 2.94727796
v -0.79692197 -1.75927147 2.94727796
v -4.83792305 -0.44527599 2.94727796
v -4.76692295 -0.93126854 2.94727796
v -0.91392684 -1.93827257 2.94727796
v -4.64991903 -1.40728149 2.94727796
v 15.03775978 21.82287207 2.87727803
v -0.72493100 -1.67926952 2.94727796
v -4.86091805 0.04472950 2.94727796
v -0.85891891 0.13272694 2.94727796
v -0.84591794 0.22072437 2.94727796
v 15.19106960 22.99090186 2.72227806
v 0.54807901 -3.42827758 -2.05272204
v 0.54807901 -3.42827758 2.94727796
v 0.63908207 -3.37227759 -2.05272204
v 0.63908207 -3.37227759 2.94727796
v 0.72407365 -3.30826744 2.94727796
v 0.63908207 -3.37227759 -2.05272204
v -0.91487288 7.89038649 -1.80511004
v -0.89602804 7.93179932 -1.81672710
v -0.78894186 7.80582228 -2.05072195
v 0.80306846 -3.23526940 2.94727796
v 0.80306846 -3.23526940 -2.05272204
v 0.72407365 -3.30826744 -2.05272204
v -4.28292990 -2.31228051 2.94727796
v -1.02092099 -2.24227247 2.94727796
v -4.03592110 -2.73327050 2.94727796
v -1.03692794 -2.34926757 2.94727796
v 0.80306846 -3.23526940 -2.05272204
v 0.80306846 -3.23526940 2.94727796
v 0.87408286 -3.15526757 -2.05272204
v 0.87408286 -3.15526757 -2.05272204
v 0.87408286 -3.15526757 2.94727796
v 0.93707114 -3.06926855 -2.05272204
v -2.68393087 -4.11327562 2.94727796
v -0.99492002 -2.77727661 2.94727796
v 0.99207908 -2.97628149 -2.05272204
v 0.93707114 -3.06926855 -2.05272204
v 0.93707114 -3.06926855 2.94727796
v 0.99207908 -2.97628149 2.94727796
v 0.35208011 -3.51027855 -2.05272204
v 0.24908304 -3.53727159 -2.05272204
v 0.24908304 -3.53727159 2.94727796
v 0.35208011 -3.51027855 2.94727796
v -0.93435788 7.84766236 -1.79321903
v -0.92451596 7.86931458 -1.79928905
v -0.79628086 7.78011170 -2.05072195
v 0.35208011 -3.51027855 -2.05272204
v 0.35208011 -3.51027855 2.94727796
v 0.45207012 -3.47426757 -2.05272204
v 0.45207012 -3.47426757 2.94727796
v -0.95991683 -2.87827453 2.94727796
v -0.79261899 7.79300538 -2.05072195
v -0.78894186 7.80582228 -2.05072195
v 0.54807901 -3.42827758 -2.05272204
v 0.45207012 -3.47426757 -2.05272204
v 0.54807901 -3.42827758 2.94727796
v 0.45207012 -3.47426757 2.94727796
v -0.85992599 -3.06926855 2.94727796
v -0.91392684 -2.97628149 2.94727796
v -2.27092099 -4.36527452 2.94727796
v 0.63908207 -3.37227759 2.94727796
v -0.74900985 7.94138137 -2.05072195
v -0.73353696 7.99512330 -2.05072195
v -0.75317502 7.92806044 -2.05072195
v -0.71696591 8.04739943 -2.05072195
v 0.72407365 -3.30826744 -2.05272204
v -0.72493100 -3.23526940 2.94727796
v -0.79692197 -3.15526757 2.94727796
v -1.83592391 -4.57528028 2.94727796
v -0.54007101 8.57259265 -2.05072195
v -0.55799985 8.52234450 -2.05072195
v -0.64845395 8.26044360 -2.05072195
v -0.66560483 8.20796862 -2.05072195
v 0.72407365 -3.30826744 2.94727796
v 0.87408286 -3.15526757 2.94727796
v -3.25293112 -3.65114745 -1.05602604
v -3.24484396 -3.65862450 -1.02872211
v 0.93707114 -3.06926855 2.94727796
v -0.27491891 -3.51027855 2.94727796
v -0.37492490 -3.47426757 2.94727796
v -0.91691685 -4.85927734 2.94727796
v -0.44192696 -4.93126830 2.94727796
v -4.76692295 1.01972041 2.46110791
v -28.35697079 1.21472755 2.54327792
v -4.85105991 0.25472090 2.12127799
v -29.17863941 0.73772272 2.34227794
v -1.30899191 5.90828553 -1.71115905
v -1.31210494 5.89290467 -1.70611102
v -1.56697202 6.08096972 -1.21780402
v -4.85105991 0.25472090 2.12127799
v -4.85847616 0.09676198 2.04327792
v -1.57528806 6.04515639 -1.20406205
v 6.08799601 3.87688246 3.18327802
v -4.85914803 0.08272389 1.12727791
v -4.83792305 0.53471971 1.35285693
v 0.03907609 -4.95527038 2.94727796
v -0.06692696 -3.55327758 2.94727796
v -0.17192197 -3.53727159 2.94727796
v 0.03907609 -3.55826744 2.94727796
v 0.14507902 -3.55327758 2.94727796
v 0.24908304 -3.53727159 2.94727796
v 16.67430019 -19.54149827 -1.48963505
v 16.70215034 -19.48987779 -1.58096808
v 16.70217991 -19.48984918 -1.58090610
v 6.04618692 3.84309950 3.17948693
v 14.45073032 28.12765113 1.14748698
v 1.28074485 4.87515870 1.28199690
v 14.64694023 27.85284224 1.33402794
v -3.23181295 -3.67066345 -0.98467773
v -4.83792305 0.53471971 2.94727796
v -4.83792305 0.53471971 2.24939388
v -4.86091805 0.04472950 2.94727796
v -0.64692783 -3.30826744 2.94727796
v -0.56192183 -3.37227759 2.94727796
v -1.38392782 -4.74027452 2.94727796
v -0.47091794 -3.42827758 2.94727796
v -4.85105991 0.25472090 2.12127799
v -4.85847616 0.09676198 2.04327792
v -1.53096199 6.21675768 -1.27115411
v -1.51281905 6.28365174 -1.29693002
v -1.27862692 6.04776660 -1.75512606
v 7.63413906 4.74695435 2.66628688
v 7.33209085 4.92140856 3.24130600
v 7.07824612 4.23808852 2.62827796
v -6.77472115 -4.76227769 -1.91872210
v 6.85119486 4.49773255 3.23027795
v 7.00509501 4.16992751 2.62169593
v -4.86091805 0.04472950 -2.05272204
v -4.86091805 0.04472950 1.10702997
v -4.83792305 0.53471971 -2.05272204
v -3.21736288 -3.68401441 -0.93586624
v -3.21925497 -3.68227538 -0.94223386
v -3.06991673 -3.82027540 -2.05272204
v -1.56697202 6.08096972 -1.21780402
v -1.55848789 6.11398974 -1.23111910
v -1.30899191 5.90828553 -1.71115905
v -4.85914803 0.08272389 1.12727791
v 3.79426408 3.25260058 2.72227806
v 6.69012308 4.35184327 3.22133797
v -3.21925497 -3.68227538 -0.94223386
v -4.83792305 0.53471971 1.35285693
v 8.24938822 5.38217774 2.69808000
v 7.79458523 4.91345873 2.67561501
v -4.86091805 0.04472950 2.01757997
v 7.35131693 4.94074050 3.24168199
v 2.09795985 4.57495728 0.84327817
v 2.01347196 4.61574355 0.79022354
v 15.18264961 27.23673239 0.84327817
v 7.63413906 4.74695435 2.66628688
v 7.33209085 4.92140856 3.24130600
v -3.74891806 -3.12726745 0.02100020
v 3.10328507 3.94286147 2.34227794
v 2.76107609 4.20172730 2.14724988
v -4.82548714 0.61972651 1.39527791
v -4.76692295 1.01972041 1.58179492
v -4.75094795 1.08472279 1.61210400
v 16.72863960 -19.19060907 -2.05072195
v 15.19791985 25.85465232 2.12127799
v -4.80821371 0.73772272 2.34227794
v -4.83792305 0.53471971 2.94727796
v -4.76692295 1.01972041 2.46110791
v -4.76692295 1.01972041 2.94727796
v 15.21938992 27.15209189 0.88273835
v -4.83792305 0.53471971 2.24939388
v 15.62975979 24.60427085 1.68808192
v 15.63617039 23.94833174 1.83317095
v -4.83792305 0.53471971 -2.05272204
v -4.83792305 0.53471971 1.35285693
v -4.76692295 1.01972041 -2.05272204
v -1.61247396 5.87381545 -1.13860804
v -1.34838986 5.69734851 -1.64126307
v -1.35116696 5.68051758 -1.63577909
v -31.71092129 -3.26827344 -0.09272187
v 15.40347004 26.55288115 1.12727791
v -3.78592110 -3.07648644 0.06196790
v -4.82548714 0.61972651 1.39527791
v -4.76692295 1.01972041 1.58179492
v 19.65524006 -25.19986925 -1.95972210
v 19.63592052 -25.22769937 -1.92880100
v 14.17171001 28.54807082 -0.07872194
v 0.58280802 5.01108351 -0.07872194
v 0.51907206 5.02072755 -0.11958736
v -4.82548714 0.61972651 1.39527791
v -3.72062778 -3.15917358 -0.00472176
v -3.42592001 -3.49128160 2.94727796
v -3.74891806 -3.12726745 0.02100020
v -3.74891806 -3.12726745 2.94727796
v -4.76692295 1.01972041 -2.05272204
v -4.76692295 1.01972041 1.58179492
v -4.64991903 1.49571851 -2.05272204
v -1.49351597 6.35210267 -1.32233411
v -1.48376584 6.38542739 -1.33420605
v -1.23648190 6.22679749 -1.80865509
v -3.42592001 -3.49128160 -2.05272204
v -3.42592001 -3.49128160 -1.19487101
v -3.74891806 -3.12726745 -2.05272204
v -4.75094795 1.08472279 1.61210400
v -3.74891806 -3.12726745 -0.90091598
v -3.58920383 -3.30727538 -1.04072207
v -3.54492283 -3.35717139 -1.08252210
v -4.73398018 1.15372255 1.64427799
v -3.62381077 -3.26827344 -0.09272187
v 4.54650712 2.53397241 2.25727790
v -3.54492283 -3.35717139 -0.17067155
v 1.91407615 4.66371766 0.72775006
v 1.60734398 4.77544251 0.54527825
v 14.94260979 27.73609152 0.58382267
v 2.48577714 4.37010852 1.07653993
v 2.34907377 4.45372668 0.99128264
v -4.03592110 -2.73327050 -0.60297007
v -31.71092129 -2.89527258 -0.72072178
v -4.20079184 -2.45227942 -0.39872188
v -3.91792393 -2.89527258 -0.72072178
v -31.71092129 -2.45227942 -0.39872188
v -3.42592001 -3.49128160 -0.28826547
v 3.73110795 3.32378259 1.83406597
v 3.50407207 3.57971755 1.69309097
v -3.78592110 -3.07648644 -0.86146397
v -3.74891806 -3.12726745 -0.90091598
v 6.85119486 4.49773255 3.23027795
v 0.94669944 4.95604554 1.08149498
v 0.94283897 4.95662537 1.07927793
v -3.30690098 -3.60128149 -0.38472197
v -4.03592110 -2.73327050 2.94727796
v -3.74891806 -3.12726745 0.02100020
v -3.78592110 -3.07648644 0.06196790
v -3.83342075 -3.01127061 0.11455874
v 14.37911987 28.22796240 1.07927793
v 6.08799601 3.87688246 3.18327802
v 6.04618692 3.84309950 3.17948693
v -31.71092129 -3.60128149 -0.38472197
v -31.71092129 -3.89927062 -0.67072189
v -3.74891806 -3.12726745 -2.05272204
v 0.51907206 5.02072755 0.81974262
v 14.05928040 28.55878058 0.79127836
v -3.83342075 -3.01127061 -0.81081885
v 5.35288906 3.36675158 3.10827797
v 4.64658999 2.96059242 3.00627798
v -0.85992599 -3.06926855 -2.05272204
v -0.85992599 -3.06926855 2.94727796
v -0.79692197 -3.15526757 -2.05272204
v -0.72493100 -3.23526940 2.94727796
v -0.72493100 -3.23526940 -2.05272204
v -0.79692197 -3.15526757 -2.05272204
v -0.72493100 -3.23526940 2.94727796
v -0.64692783 -3.30826744 2.94727796
v -0.72493100 -3.23526940 -2.05272204
v -17.98591900 4.52680054 2.70306104
v -17.09625912 4.30272570 3.23627800
v -16.14493084 4.72101441 2.72174591
v -17.98591900 4.20096436 3.24028986
v -16.14493084 4.42099658 3.21639985
v 1.46107326 4.82872668 1.38887399
v 14.89723015 27.26206198 1.62727791
v 1.40708765 4.84262648 1.35827797
v 0.95310813 4.95506850 1.08516091
v 3.79415703 3.25270644 1.87327796
v 15.61913967 23.73444167 1.87327796
v 15.60054970 23.47909155 1.91779393
v -1.16087484 6.51296034 -1.88695807
v -1.40281796 6.65250245 -1.42594701
v -1.39305305 6.68337050 -1.43603903
v -16.14493084 4.72101441 2.72174591
v -16.14493084 4.42099658 3.21639985
v 14.66623020 27.80634108 1.35827797
v 1.40708765 4.84262648 1.35827797
v -14.26692009 4.56156054 3.18897885
v 0.14507902 -3.55327758 -2.05272204
v 0.24908304 -3.53727159 2.94727796
v 0.24908304 -3.53727159 -2.05272204
v 19.14545918 -25.57942781 -1.35572201
v 16.16602993 -20.41927919 -1.35572201
v 6.19541788 -3.01687059 -1.41678304
v -0.85992599 -3.06926855 -2.05272204
v 19.10616970 -25.60211763 -1.31765801
v 18.81964016 -25.76753816 -1.04072207
v 15.85068989 -20.08955774 -1.26492709
v 0.03907609 5.04472962 -2.05272204
v -0.64692783 -3.30826744 -2.05272204
v 15.86624050 -20.08058938 -1.27998907
v 16.16602993 -20.41927919 -1.35572201
v 19.14545918 -25.57942781 -1.35572201
v -0.56192183 -3.37227759 2.94727796
v -0.56192183 -3.37227759 -2.05272204
v -0.64692783 -3.30826744 2.94727796
v 5.98527384 -2.78690442 -1.35572201
v 5.98612785 -2.78765258 -1.35572201
v 6.01405191 -2.81844458 -1.36405403
v -0.56192183 -3.37227759 -2.05272204
v -0.56192183 -3.37227759 2.94727796
v -0.47091794 -3.42827758 -2.05272204
v -0.37492490 -3.47426757 2.94727796
v -0.37492490 -3.47426757 -2.05272204
v -0.47091794 -3.42827758 -2.05272204
v -0.47091794 -3.42827758 2.94727796
v 5.95045328 -2.74918541 -1.34624309
v 5.95056009 -2.74913940 -1.34604210
v 5.98527384 -2.78690442 -1.35572201
v 5.95056009 -2.74913940 -1.34604210
v 6.01418924 -2.81841454 -1.36384303
v 6.01405191 -2.81844458 -1.36405403
v 5.98612785 -2.78765258 -1.35572201
v -0.37492490 -3.47426757 -2.05272204
v -0.37492490 -3.47426757 2.94727796
v -0.27491891 -3.51027855 -2.05272204
v -0.17192197 -3.53727159 2.94727796
v -0.17192197 -3.53727159 -2.05272204
v -0.27491891 -3.51027855 -2.05272204
v 18.81964016 -25.76753816 -1.04072207
v -0.17192197 -3.53727159 -2.05272204
v -0.17192197 -3.53727159 2.94727796
v -0.06692696 -3.55327758 -2.05272204
v -0.06692696 -3.55327758 2.94727796
v 0.03907609 -3.55826744 -2.05272204
v -0.06692696 -3.55327758 -2.05272204
v -0.06692696 -3.55327758 2.94727796
v -23.11692905 3.17326942 3.14725893
v -22.85671902 3.61472145 2.53427785
v -23.11692905 3.55507556 2.51776498
v 0.51907206 5.02072755 -0.11958736
v 0.49813712 5.02176562 -0.13229546
v 0.31007206 5.03117934 -0.24605346
v 0.14507902 -3.55327758 2.94727796
v -22.35018063 3.35672656 3.18327802
v -1.23648190 6.22679749 -1.80865509
v -21.48791981 3.93713942 2.60695785
v 15.86624050 -20.08058938 -1.27998907
v 15.85068989 -20.08955774 -1.26492709
v 15.61868000 -20.22350892 -1.04072207
v -0.79692197 -3.15526757 2.94727796
v -0.79692197 -3.15526757 2.94727796
v -21.48791981 3.57021156 3.21194595
v 6.19541788 -3.01687059 -1.41678304
v 6.01418924 -2.81841454 -1.36384303
v 6.19541788 -3.01687059 -1.41678304
v 15.85068989 -20.08955774 -1.26492709
v 15.61872959 -20.22348794 -1.04072207
v 15.61868000 -20.22350892 -1.04072207
v 15.55852032 -20.25824937 -0.98675478
v 15.57555962 -20.24840936 -1.00205606
v 15.61872959 -20.22348794 -1.04072207
v 15.61868000 -20.22350892 -1.04072207
v 15.61872959 -20.22348794 -1.04072207
v 15.57555962 -20.24840936 -1.00205606
v -0.64692783 -3.30826744 -2.05272204
v -0.47091794 -3.42827758 2.94727796
v -21.48791981 3.93713942 2.60695785
v -21.48791981 3.57021156 3.21194595
v -20.97770023 4.03172961 2.62827796
v 5.37151909 -2.15694556 -1.17375010
v 5.37139702 -2.15700659 -1.17395610
v 5.30514407 -2.09328660 -1.15253800
v 5.37151909 -2.15694556 -1.17375010
v 5.30514407 -2.09328660 -1.15253800
v 5.30523515 -2.09320959 -1.15232307
v 0.51907206 5.02072755 2.94727796
v 0.51907206 5.02072755 0.81974262
v -0.27491891 -3.51027855 2.94727796
v 4.97541714 -1.78905651 -1.04072207
v 4.97587395 -1.78937754 -1.04072207
v 5.12435818 -1.92644653 -1.09118301
v -0.27491891 -3.51027855 2.94727796
v -20.78728008 3.70673242 3.23027795
v -19.77291965 4.26222840 2.66679495
v 0.34342802 5.02950135 0.71294117
v 0.46992302 5.02318469 0.79127836
v 0.03907609 -3.55826744 2.94727796
v 5.30514407 -2.09328660 -1.15253800
v 5.12435818 -1.92644653 -1.09118301
v 5.28555107 -2.07505140 -1.14564306
v 5.30514407 -2.09328660 -1.15253800
v 5.28555107 -2.07505140 -1.14564306
v 5.30523515 -2.09320959 -1.15232307
v -19.77291965 3.91373244 3.24137896
v 0.03907609 -3.55826744 2.94727796
v 0.14507902 -3.55327758 2.94727796
v 0.03907609 -3.55826744 -2.05272204
v 0.14507902 -3.55327758 -2.05272204
v -19.77291965 3.91373244 3.24137896
v -19.06469059 4.02371851 3.24727791
v -19.77291965 4.26222840 2.66679495
v 4.74848795 -1.58257446 -0.96810758
v 4.97587395 -1.78937754 -1.04072207
v 4.97541714 -1.78905651 -1.04072207
v 4.97587395 -1.78937754 -1.04072207
v -1.38157797 6.71893969 -1.44738704
v -1.36184788 6.77844849 -1.46572203
v -1.14169502 6.58031359 -1.90418512
v -18.72556973 4.41472474 2.69227785
v 5.95045328 -2.74918541 -1.34624309
v 5.88812113 -2.68489942 -1.32792706
v 5.95056009 -2.74913940 -1.34604210
v 5.88821316 -2.68480858 -1.32771808
v 5.95056009 -2.74913940 -1.34604210
v 5.88812113 -2.68489942 -1.32792706
v -17.98591900 4.52680054 2.70306104
v -17.98591900 4.20096436 3.24028986
v 5.37151909 -2.15694556 -1.17375010
v 5.88821316 -2.68480858 -1.32771808
v 5.37139702 -2.15700659 -1.17395610
v 5.37139702 -2.15700659 -1.17395610
v 14.39225960 28.20957175 1.09178895
v 5.98527384 -2.78690442 -1.35572201
v 6.01405191 -2.81844458 -1.36405403
v 4.97541714 -1.78905651 -1.04072207
v -28.45292950 1.58783546 1.83291596
v -1.20176792 7.21207228 -1.60823006
v -1.19178891 7.23807374 -1.61616808
v -0.97639585 7.10193434 -2.03074104
v -0.97300887 7.11189833 -2.03305418
v 5.98527384 -2.78690442 -1.35572201
v 5.88812113 -2.68489942 -1.32792706
v 5.95045328 -2.74918541 -1.34624309
v -1.20176792 7.21207228 -1.60823006
v -0.97639585 7.10193434 -2.03074104
v -0.99855185 7.03548232 -2.01482111
v -6.03331089 3.61472145 2.53427785
v -23.11692905 3.55507556 2.51776498
v 15.00984001 27.64324179 0.64316386
v -22.85671902 3.61472145 2.53427785
v -21.48791981 3.93713942 2.60695785
v -7.10730076 4.03172961 2.62827796
v -0.93318295 7.24599352 -2.05072195
v -0.94517684 7.19125929 -2.05072195
v -18.72556973 4.41472474 2.69227785
v -7.82292271 4.25839844 2.66615504
v -8.45197964 4.41472474 2.69227785
v -17.98591900 4.52680054 2.70306104
v -18.72556973 4.41472474 2.69227785
v -4.64991903 1.49571851 2.65098494
v -27.40026951 1.68172255 2.72227806
v -4.71899605 1.21472755 2.54327792
v 14.56177998 28.23559180 0.23727804
v -0.99853683 7.70508471 -1.75203604
v -0.84500289 7.60225573 -2.05072195
v -1.00859189 7.68262330 -1.74541909
v 6.62278605 -2.53014550 -2.01507908
v 6.62997293 -2.53823242 -2.01755101
v 6.54870510 -2.49927649 -1.95972210
v 6.66830301 -2.58191857 -2.03044611
v 6.71429300 -2.63495740 -2.04556710
v -26.31285000 2.13272646 2.87727803
v -27.32193089 1.72072449 2.73568195
v -4.58470297 1.68172255 2.72227806
v 4.32475114 -2.37247643 -0.39872188
v -28.35697079 1.21472755 2.54327792
v 8.51240396 -5.74009046 -2.05072195
v 8.50086784 -5.72547254 -2.04768497
v 6.73034525 -2.65369543 -2.05072195
v -16.14493084 4.42099658 3.21639985
v -17.09625912 4.30272570 3.23627800
v 2.71269107 4.23131457 2.12127799
v 2.57794029 4.31374255 2.04327792
v -17.98591900 4.20096436 3.24028986
v -8.25328159 4.02371851 3.24727791
v -19.06469059 4.02371851 3.24727791
v 6.57682610 -2.47725853 -1.99990207
v 6.52999687 -2.42511854 -1.98344809
v 6.49114799 -2.38244042 -1.96946401
v -20.78728008 3.70673242 3.23027795
v -19.77291965 3.91373244 3.24137896
v -1.07176399 7.53983155 -1.70172209
v 6.58413506 -2.48557457 -2.00236708
v -21.48791981 3.57021156 3.21194595
v -22.35018063 3.35672656 3.18327802
v -0.84826803 7.59015551 -2.05072195
v -0.85139585 7.57811537 -2.05072195
v -1.00859189 7.68262330 -1.74541909
v -1.01870894 7.65979663 -1.73848909
v 6.46342325 -2.35157141 -1.95972210
v -23.11692905 3.17326942 3.14725893
v -23.78724003 2.97472253 3.10827797
v 1.51719506 -4.71982726 1.64427799
v -0.91729903 7.31546631 -2.05072195
v -1.11607504 7.43022767 -1.67177111
v -0.90049887 7.38388672 -2.05072195
v -24.64091969 2.72893348 3.04697984
v -26.04691982 2.24385658 2.91038602
v -26.31285000 2.13272646 2.87727803
v -27.40026951 1.68172255 2.72227806
v 0.58714104 5.01042739 -0.07611256
v -0.93318295 7.24599352 -2.05072195
v -1.14157295 7.36617127 -1.65364403
v -0.93068099 7.25668946 -2.05072195
v 0.58280802 5.01108351 -0.07872194
v -24.64091969 3.12354150 2.39636796
v -24.64091969 2.72893348 3.04697984
v 14.89898968 27.79635230 0.54527825
v 15.22214031 -26.14413843 1.99451893
v 0.46992302 5.02318469 0.79127836
v -0.81929183 8.09752551 -1.86011702
v -0.71696591 8.04739943 -2.05072195
v -0.73353696 7.99512330 -2.05072195
v 2.48577714 4.37010852 1.07653993
v -24.64091969 3.12354150 2.39636796
v -24.64091969 2.72893348 3.04697984
v -24.48519039 3.16672340 2.41027802
v -23.78724003 2.97472253 3.10827797
v -23.11692905 3.55507556 2.51776498
v -23.11692905 3.17326942 3.14725893
v 14.05928040 28.55878058 0.79127836
v 14.90205002 -26.00160798 2.09623998
v -4.58505392 1.68073049 1.87327796
v 6.44422817 -2.33083448 -1.95341701
v -28.25784969 1.68073049 1.87327796
v 6.39614725 -2.27997741 -1.93705005
v 6.34802103 -2.22931847 -1.92056412
v 6.40446329 -2.28896460 -1.93979210
v 6.39614725 -2.27997741 -1.93705005
v -4.28292990 2.40172449 2.15283197
v -4.37849617 2.19472352 2.07827800
v -25.91881084 2.69173256 2.25727790
v -5.13040304 3.16672340 2.41027802
v -4.90692282 3.04653040 2.37156504
v -24.48519039 3.16672340 2.41027802
v -0.85783505 8.01431838 -1.83836812
v -0.74900985 7.94138137 -2.05072195
v -0.86737204 7.99391738 -1.83324212
v -0.75317502 7.92806044 -2.05072195
v 6.24183512 -2.11878356 -1.88354010
v 6.15160990 -2.02823743 -1.85039205
v 6.11089897 -1.98882446 -1.83469910
v 6.25091410 -2.12799940 -1.88682205
v 6.25994682 -2.13730749 -1.89002508
v 6.29980326 -2.17878160 -1.90392310
v 6.33935404 -2.22042260 -1.91747302
v 6.34802103 -2.22931847 -1.92056412
v 1.11907798 4.91679946 1.18420094
v 0.99506974 4.94872132 1.10919195
v 14.37911987 28.22796240 1.07927793
v -0.79261899 7.79300538 -2.05072195
v -0.81195188 7.72569838 -2.05072195
v -25.10609913 2.56572548 3.00627798
v 13.43066025 28.98472205 -0.68180937
v 5.77754116 -1.67670652 -1.70086807
v 5.73550320 -1.63999352 -1.68266207
v 5.72303629 -1.62919053 -1.67720407
v 5.78953409 -1.68728051 -1.70601005
v 5.77754116 -1.67670652 -1.70086807
v 5.80125284 -1.69773254 -1.71098501
v 5.78953409 -1.68728051 -1.70601005
v 5.84327507 -1.73539147 -1.72870201
v 5.88418388 -1.77259251 -1.74567908
v 5.89549112 -1.78292248 -1.75034207
v 7.07264614 -3.99535570 -1.66272205
v 5.88418388 -1.77259251 -1.74567908
v 5.90653801 -1.79313049 -1.75484807
v 5.89549112 -1.78292248 -1.75034207
v -0.86737204 7.99391738 -1.83324212
v -0.75317502 7.92806044 -2.05072195
v -0.75698996 7.91478530 -2.05072195
v -29.42792034 0.59203181 2.27561682
v 10.18327332 23.46735182 -0.72072178
v -0.67474484 8.17960253 -2.05072195
v -0.69114804 8.12781373 -2.05072195
v 5.94779825 -1.83184251 -1.77137202
v 10.63693237 23.20542136 -0.34410978
v 10.56725979 23.24564162 -0.39872188
v 13.81770039 28.76127234 -0.36005345
v 0.99506974 4.94872132 0.16996364
v 0.99506974 4.94872132 -2.05272204
v 0.58714104 5.01042739 -0.07611256
v 0.51907206 5.02072755 -0.11958736
v 0.58280802 5.01108351 -0.07872194
v 0.51907206 5.02072755 -2.05272204
v 6.05059719 -1.92920861 -1.81208402
v 6.04028225 -1.91932043 -1.80805511
v 6.06068325 -1.93895850 -1.81597108
v -0.81929183 8.09752551 -1.86011702
v -0.81004500 8.11746827 -1.86531800
v -0.71696591 8.04739943 -2.05072195
v 0.51907206 5.02072755 0.81974262
v 0.51907206 5.02072755 2.94727796
v 0.81568748 4.97586671 1.00129395
v 5.95852518 -1.84200451 -1.77561206
v 5.94779825 -1.83184251 -1.77137202
v 0.94283897 4.95662537 1.07927793
v 5.99903727 -1.88022742 -1.79173905
v 5.95852518 -1.84200451 -1.77561206
v 14.21697998 28.51173201 -0.04196661
v -0.71278501 8.06120959 -2.05072195
v -0.70846701 8.07485047 -2.05072195
v 13.69616985 -25.81294832 1.64427799
v 12.95201015 -25.39265832 1.83320290
v 6.06068325 -1.93895850 -1.81597108
v 6.05059719 -1.92920861 -1.81208402
v 12.77361965 29.36411086 -0.38472197
v -0.67028999 8.19383803 -2.05072195
v 0.99506974 4.94872132 1.10919195
v 0.99506974 4.94872132 2.94727796
v 13.76836967 28.78976241 -0.39872188
v 8.18611002 -5.33513746 -1.95972210
v 7.48921108 -4.48374328 -1.78030807
v -29.88412952 0.25472090 2.12127799
v -29.95551014 0.20282581 2.09565395
v 10.29386806 23.40349188 -0.62790555
v 10.56725979 23.24564162 -0.39872188
v 10.56735229 23.24560156 -0.39872188
v 10.56735229 23.24560156 -0.39872188
v 10.56725979 23.24564162 -0.39872188
v 10.61663818 23.21715155 -0.36005226
v 10.63693237 23.20542136 -0.34410978
v 10.61663818 23.21715155 -0.36005226
v 10.56725979 23.24564162 -0.39872188
v 6.45231485 -2.33944044 -1.95613402
v 6.54870510 -2.49927649 -1.95972210
v 6.44422817 -2.33083448 -1.95341701
v 0.95310813 4.95506850 1.08516091
v 0.94669944 4.95604554 1.08149498
v 6.46342325 -2.35157141 -1.95972210
v 6.45231485 -2.33944044 -1.95613402
v -0.62141585 8.34079543 -2.05072195
v -0.62648201 8.32619372 -2.05072195
v 6.69433403 -2.22040758 -1.52302212
v 6.45231485 -2.33944044 -1.95613402
v 6.44422817 -2.33083448 -1.95341701
v 10.61663818 23.21715155 -0.36005226
v -0.58125496 8.45752516 -2.05072195
v -0.58633590 8.44266310 -2.05072195
v -0.56324887 8.50720873 -2.05072195
v -0.60400486 8.39177504 -2.05072195
v 14.13337994 28.57903090 -0.11186596
v 8.82507229 24.11338225 -2.05072195
v 3.46520805 3.61566749 2.54327792
v 3.14707804 3.90971962 2.36523193
v -0.53462386 8.58762255 -2.05072195
v -0.64357090 8.27474013 -2.05072195
v 17.66766071 -26.42386827 -0.07872194
v -0.57472396 8.58954421 -1.98645801
v -0.56619406 8.60582533 -1.99062103
v -0.55772495 8.62187853 -1.99452502
v -0.53970504 8.65621081 -2.00330717
v -0.56619406 8.60582533 -1.99062103
v -0.55772495 8.62187853 -1.99452502
v -0.59784102 8.54537097 -1.97484809
v -0.60665989 8.52844897 -1.97019106
v -0.59784102 8.54537097 -1.97484809
v 1.60734398 4.77544251 0.54527825
v 1.10085899 4.92148438 0.23727804
v 9.82632446 23.67344084 -1.04072207
v 11.57902527 29.66244116 -2.05072195
v 13.38428974 29.01148215 -0.72072178
v -0.59784102 8.54537097 -1.97484809
v -0.56324887 8.50720873 -2.05072195
v -0.60665989 8.52844897 -1.97019106
v -0.53474593 8.66568652 -2.00571710
v -0.52632284 8.68170729 -2.00959212
v -0.50286984 8.72612658 -2.02001602
v -0.47935605 8.77078810 -2.03081018
v -0.47129989 8.78606215 -2.03439409
v -0.44708395 8.83157912 -2.04418999
v 1.91407615 4.66371766 1.65717691
v 15.07437038 26.60836211 1.88227790
v 12.78295994 -25.27641878 1.87160593
v 14.66623020 27.80634108 1.35827797
v 1.86034986 4.68329468 1.62727791
v -0.43139791 8.86110583 -2.05064017
v -0.43916488 8.84651747 -2.04751116
v -0.43120003 8.86148635 -2.05072195
v -0.43139791 8.86110583 -2.05064017
v 1.27815086 11.80930129 -2.01617700
v 1.33122095 11.91385165 -2.05072195
v -0.43120003 8.86148635 -2.05072195
v 6.27752495 -1.75951549 -1.32159108
v 6.04028225 -1.91932043 -1.80805511
v 5.99903727 -1.88022742 -1.79173905
v -1.62658787 5.80345765 -1.11051005
v -1.62020993 5.83566847 -1.12346202
v -1.36007786 5.62505141 -1.61748404
v -1.28537083 6.01810351 -1.74603302
v -1.54983687 6.14702454 -1.24423009
v -1.56941390 6.07111254 -1.21372205
v 1.01521134 4.94353333 0.18279484
v 1.46107326 4.82872668 -2.05272204
v 0.99506974 4.94872132 0.16996364
v -1.51281905 6.28365174 -1.29693002
v 1.10085899 4.92148438 0.23727804
v 6.71429300 -2.63495740 -2.04556710
v 6.96321011 -2.55062255 -1.64659208
v 6.73034525 -2.65369543 -2.05072195
v -1.26300192 6.11632338 -1.77608508
v -1.27324104 6.07135668 -1.76234704
v 0.99506974 4.94872132 -2.05272204
v -1.54983687 6.14702454 -1.24423009
v -1.29730392 5.96336928 -1.72878510
v -1.28537083 6.01810351 -1.74603302
v -1.60615683 5.90572253 -1.15144307
v 15.09856033 -20.52370843 0.34847295
v 0.99506974 4.94872132 2.94727796
v 1.11907798 4.91679946 1.18420094
v 0.99506974 4.94872132 1.10919195
v 6.78025723 -2.69941053 -2.05072195
v 6.87481499 -2.78911743 -2.05072195
v 6.76417398 -2.68468651 -2.05072195
v 6.77218485 -2.69185743 -2.05072195
v 6.73034525 -2.65369543 -2.05072195
v 6.69433403 -2.22040758 -1.52302212
v 6.71931314 -2.25060448 -1.53497511
v 6.45231485 -2.33944044 -1.95613402
v -1.36007786 5.62505141 -1.61748404
v 1.46107326 4.82872668 0.45298674
v 1.11907798 4.91679946 0.24818684
v 16.77865028 -26.48192796 1.35827797
v 3.82439995 -3.12917456 1.08012396
v 1.40708765 4.84262648 1.35827797
v 1.46107326 4.82872668 1.38887399
v 4.45977616 -2.09786353 0.34827214
v 4.45977616 -2.09787950 0.34828523
v 15.09854031 -20.52371797 0.34843614
v 15.09854031 -20.52371797 0.34843614
v 15.09856033 -20.52370843 0.34847295
v 4.45977616 -2.09786353 0.34827214
v 4.45979214 -2.09783348 0.34830883
v 4.45977616 -2.09786353 0.34827214
v 15.09856033 -20.52370843 0.34847295
v 1.28074485 4.87515870 1.28199690
v 5.21676517 -1.24367651 -1.45192510
v 6.01418924 -2.81841454 -1.36384303
v 5.98612785 -2.78765258 -1.35572201
v -1.33967686 5.75173035 -1.65921206
v 5.09617496 -1.16691050 -1.39182800
v 5.14364505 -1.19568846 -1.41614408
v 5.20770097 -1.23754248 -1.44757408
v -1.62020993 5.83566847 -1.12346202
v 1.46107326 4.82872668 2.94727796
v -1.35116696 5.68051758 -1.63577909
v 5.07781816 -1.15543553 -1.38258201
v 5.03021097 -1.12677953 -1.35811407
v -1.23298788 6.24065247 -1.81258208
v -1.48376584 6.38542739 -1.33420605
v -1.47453499 6.41779128 -1.34605402
v -1.22969198 6.25417128 -1.81652409
v -1.47453499 6.41779128 -1.34605402
v -1.46431088 6.45201769 -1.35799510
v -1.22969198 6.25417128 -1.81652409
v 1.17945695 -10.54158887 3.22668904
v 0.87057334 -10.59204873 2.71743983
v 0.87042075 -10.59206876 2.71716684
v 0.86920005 -10.59226808 2.71517199
v 1.16050556 -11.30701837 2.72527784
v 0.87042075 -10.59206876 2.71716684
v 5.02563310 -1.12409350 -1.35572201
v -1.23298788 6.24065247 -1.81258208
v 15.03775978 21.82287207 2.87727803
v -1.34668088 6.82112733 -1.48066408
v -1.10533285 6.70319262 -1.93440610
v 0.86167747 -10.57378873 2.71490901
v 0.86920005 -10.59226808 2.71517199
v 0.86222678 -10.57346830 2.71594995
v 0.87042075 -10.59206876 2.71716684
v 1.13239884 -10.41742811 3.23027605
v 0.86236405 -10.57338819 2.71621793
v -1.14169502 6.58031359 -1.90418512
v 1.08605796 -10.26576814 3.23627800
v 0.85520774 -10.55486879 2.71453899
v 1.13239884 -10.41742811 3.23027605
v 0.86222678 -10.57346830 2.71594995
v 0.85651994 -10.55872831 2.71461504
v 0.86167747 -10.57378873 2.71490901
v 3.46635306 3.61458459 2.54386896
v 0.94164878 -9.82134447 3.24011987
v 0.56675506 -9.71282491 2.69807499
v 0.85272056 -9.54766378 3.24247783
v 0.86236405 -10.57338819 2.71621793
v -1.41230893 6.62175551 -1.41560000
v -1.44381905 6.51932374 -1.38099009
v -1.19749594 6.37697449 -1.85034508
v 0.49151409 -8.02063951 3.22858089
v 5.22451615 -1.24892554 -1.45565504
v -1.45436192 6.48445740 -1.36899811
v -1.21197701 6.32201234 -1.83527810
v -1.21557784 6.30856934 -1.83164412
v -1.46431088 6.45201769 -1.35799510
v 0.50019705 -8.06099996 3.23027795
v 0.62603605 -8.68761644 3.24126094
v -1.21557784 6.30856934 -1.83164412
v 0.32403409 -8.86204061 2.66633290
v 0.62603605 -8.68761644 3.24126094
v 0.32403409 -8.86204061 2.66633290
v 0.74065995 -9.11004171 3.24727791
v 0.56675506 -9.71282491 2.69807499
v 0.85272056 -9.54766378 3.24247783
v 0.50219607 -9.48043355 2.69227785
v 5.40717912 -1.37824449 -1.54089302
v 5.45176506 -1.41074547 -1.56126601
v 5.27017117 -1.28016052 -1.47745806
v 5.28628397 -1.29137549 -1.48506111
v 5.39233208 -1.36699852 -1.53429407
v 5.34739494 -1.33391747 -1.51390308
v 5.33174014 -1.32271752 -1.50665003
v -31.30985165 -1.18227550 1.35827797
v 0.44023001 -4.93522033 2.07827800
v -1.31301999 6.91535035 -1.51339311
v 3.00898612 4.01418152 1.39527791
v 2.76107609 4.20172730 1.24099892
v 5.63757205 -1.55729052 -1.64112109
v 5.62438798 -1.54644153 -1.63565904
v 5.68093729 -1.59321055 -1.65898806
v -1.08191085 6.78206435 -1.95373708
v 5.56802201 -1.50135252 -1.61173004
v 5.52427506 -1.46700451 -1.59285707
v 2.34907377 4.45372668 1.91080993
v 14.82324028 -25.96649942 2.12127799
v 5.49565005 -1.44484851 -1.58035308
v 5.51016116 -1.45571348 -1.58685512
v 2.29691917 4.47890368 1.88227790
v -29.88412952 0.25472090 2.12127799
v 1.86034986 4.68329468 1.62727791
v 1.46107326 4.82872668 2.94727796
v 1.91407615 4.66371766 1.65717691
v -0.99855185 7.03548232 -2.01482111
v 1.46107326 4.82872668 -2.05272204
v 1.46107326 4.82872668 0.45298674
v 1.91407615 4.66371766 -2.05272204
v 1.60734398 4.77544251 0.54527825
v -1.22641087 7.14682665 -1.58766002
v 1.91407615 4.66371766 0.72775006
v -0.99853683 7.70508471 -1.75203604
v -0.98089695 7.74469653 -1.76390308
v -0.84500289 7.60225573 -2.05072195
v -0.83036995 7.65770569 -2.05072195
v -0.97099495 7.76660767 -1.77013403
v -0.82693601 7.67000428 -2.05072195
v -0.98089695 7.74469653 -1.76390308
v -0.83036995 7.65770569 -2.05072195
v 1.91407615 4.66371766 2.94727796
v -0.81195188 7.72569838 -2.05072195
v -0.82693601 7.67000428 -2.05072195
v -0.95288205 7.80705872 -1.78204900
v -0.97099495 7.76660767 -1.77013403
v 1.46107326 4.82872668 1.38887399
v -0.84826803 7.59015551 -2.05072195
v -1.01870894 7.65979663 -1.73848909
v -0.85139585 7.57811537 -2.05072195
v -0.86650205 7.52197829 -2.05072195
v -1.03651595 7.62003127 -1.72678012
v -1.03651595 7.62003127 -1.72678012
v -0.86650205 7.52197829 -2.05072195
v -0.86938596 7.51024428 -2.05072195
v -1.04663205 7.59686843 -1.71938807
v -1.06408787 7.55747071 -1.70741910
v -1.04663205 7.59686843 -1.71938807
v -0.88412595 7.45355836 -2.05072195
v -0.86938596 7.51024428 -2.05072195
v -1.09033298 7.49349061 -1.68880302
v -31.61791897 -1.41950354 0.27804193
v -31.62808132 -1.48726854 0.23727804
v -0.93068099 7.25668946 -2.05072195
v -1.13151693 7.39130250 -1.66067404
v -0.91729903 7.31546631 -2.05072195
v -1.11607504 7.43022767 -1.67177111
v -1.13151693 7.39130250 -1.66067404
v 5.53033304 -1.09830651 -0.92194528
v 5.20770097 -1.23754248 -1.44757408
v 5.49398708 -1.07244250 -0.90207398
v 5.21676517 -1.24367651 -1.45192510
v -0.93664694 7.84265748 -1.79183501
v -31.53037167 -1.64127550 1.07927793
v -0.67028999 8.19383803 -2.05072195
v -0.75186300 8.24097243 -1.89541108
v -0.66560483 8.20796862 -2.05072195
v -0.80092001 8.13687745 -1.87010509
v -0.70846701 8.07485047 -2.05072195
v -0.81004500 8.11746827 -1.86531800
v -0.71278501 8.06120959 -2.05072195
v -0.83883786 8.05591431 -1.84985608
v 2.56704557 4.32039443 1.12727791
v -31.62808132 -1.48726854 0.23727804
v -0.73353696 7.99512330 -2.05072195
v -0.74900985 7.94138137 -2.05072195
v -0.83883786 8.05591431 -1.84985608
v -0.85783505 8.01431838 -1.83836812
v -0.71278501 8.06120959 -2.05072195
v 15.62691021 25.07934180 1.57934695
v -0.69114804 8.12781373 -2.05072195
v -0.70846701 8.07485047 -2.05072195
v -0.78071690 8.17946425 -1.88016004
v -31.70339870 -1.98127159 -0.07872194
v -0.67474484 8.17960253 -2.05072195
v -0.69114804 8.12781373 -2.05072195
v -0.76084995 8.22174636 -1.89058012
v -0.67028999 8.19383803 -2.05072195
v -0.75186300 8.24097243 -1.89541108
v -31.71092129 -4.15827331 -0.94772178
v -0.75698996 7.91478530 -2.05072195
v -0.77330184 7.86093751 -2.05072195
v -0.87678695 7.97333327 -1.82755810
v -31.70812130 -4.37627563 -1.21372205
v -0.77330184 7.86093751 -2.05072195
v 2.34907377 4.45372668 2.94727796
v 2.34907377 4.45372668 1.91080993
v 1.91407615 4.66371766 2.94727796
v 5.68093729 -1.59321055 -1.65898806
v 5.97192192 -1.46132848 -1.16372401
v 5.69012308 -1.60091552 -1.66272205
v -0.95288205 7.80705872 -1.78204900
v 1.91407615 4.66371766 0.72775006
v 2.34907377 4.45372668 -2.05272204
v 1.91407615 4.66371766 -2.05272204
v -0.89602804 7.93179932 -1.81672710
v -0.87678695 7.97333327 -1.82755810
v 2.34907377 4.45372668 0.99128264
v 2.09795985 4.57495728 0.84327817
v 2.01347196 4.61574355 0.79022354
v -0.74287605 8.25981703 -1.89976508
v -0.80092001 8.13687745 -1.87010509
v 2.29691917 4.47890368 1.88227790
v -0.78071690 8.17946425 -1.88016004
v 1.91407615 4.66371766 1.65717691
v -0.64845395 8.26044360 -2.05072195
v -0.72235298 8.30307665 -1.90997809
v 6.32505608 -1.80892345 -1.34549505
v 6.37284708 -1.85997948 -1.36854309
v 6.06068325 -1.93895850 -1.81597108
v -0.62931991 8.48525038 -1.95914001
v -0.58125496 8.45752516 -2.05072195
v -0.58633590 8.44266310 -2.05072195
v 4.78243899 3.02635852 3.02744001
v 4.64658999 2.96059242 3.00627798
v 5.12673807 2.82750550 2.37199300
v -0.62648201 8.32619372 -2.05072195
v -0.68295383 8.38205519 -1.93028611
v -0.69227695 8.36414137 -1.92535311
v -0.70388889 8.34168044 -1.91872210
v -0.69227695 8.36414137 -1.92535311
v -0.64357090 8.27474013 -2.05072195
v -0.62648201 8.32619372 -2.05072195
v -0.71347189 8.32155409 -1.91407210
v -0.64845395 8.26044360 -2.05072195
v -0.72235298 8.30307665 -1.90997809
v -0.64357090 8.27474013 -2.05072195
v -0.71347189 8.32155409 -1.91407210
v -0.50286984 8.72612658 -2.02001602
v -0.48675704 8.71681872 -2.05072195
v -0.50534201 8.66762343 -2.05072195
v -0.52632284 8.68170729 -2.00959212
v -0.51112485 8.65205947 -2.05072195
v -0.53474593 8.66568652 -2.00571710
v -0.51112485 8.65205947 -2.05072195
v -0.52902389 8.60266772 -2.05072195
v -0.53970504 8.65621081 -2.00330717
v -0.53474593 8.66568652 -2.00571710
v -0.48675704 8.71681872 -2.05072195
v -0.50534201 8.66762343 -2.05072195
v -0.47935605 8.77078810 -2.03081018
v 3.50407207 3.57971755 2.56309598
v -0.55772495 8.62187853 -1.99452502
v -0.52902389 8.60266772 -2.05072195
v -0.53462386 8.58762255 -2.05072195
v -0.56619406 8.60582533 -1.99062103
v -0.56619406 8.60582533 -1.99062103
v -0.53462386 8.58762255 -2.05072195
v -0.54007101 8.57259265 -2.05072195
v -0.57472396 8.58954421 -1.98645801
v -0.59784102 8.54537097 -1.97484809
v -0.55799985 8.52234450 -2.05072195
v -0.52902389 8.60266772 -2.05072195
v -0.55772495 8.62187853 -1.99452502
v 6.87618923 -2.44188842 -1.60832709
v 6.92001200 -2.49637756 -1.62783903
v 6.66830301 -2.58191857 -2.03044611
v -31.64829159 -4.56234130 -1.48779708
v -0.58125496 8.45752516 -2.05072195
v -0.62931991 8.48525038 -1.95914001
v -0.60665989 8.52844897 -1.97019106
v 6.87618923 -2.44188842 -1.60832709
v 6.66830301 -2.58191857 -2.03044611
v 6.62997293 -2.53823242 -2.01755101
v 6.80715799 -2.35680541 -1.57692307
v 6.83270121 -2.38857445 -1.58830208
v 6.58413506 -2.48557457 -2.00236708
v -0.56324887 8.50720873 -2.05072195
v 2.56831193 4.31963149 1.12801891
v -0.55799985 8.52234450 -2.05072195
v 2.56704557 4.32039443 1.12727791
v 6.96321011 -2.55062255 -1.64659208
v 6.77218485 -2.69185743 -2.05072195
v 6.76417398 -2.68468651 -2.05072195
v 15.55389023 25.74178115 1.39527791
v -0.43747091 8.84555617 -2.05072195
v -0.51112485 8.65205947 -2.05072195
v -0.44355893 8.82984057 -2.05072195
v -0.46862888 8.76552477 -2.05072195
v -0.46862888 8.76552477 -2.05072195
v -0.43139791 8.86110583 -2.05064017
v -0.43135190 8.86109057 -2.05072195
v -0.43747091 8.84555617 -2.05072195
v -0.43139791 8.86110583 -2.05064017
v -0.43747091 8.84555617 -2.05072195
v -0.43916488 8.84651747 -2.04751116
v -0.44708395 8.83157912 -2.04418999
v -0.44355893 8.82984057 -2.05072195
v -0.46273994 8.78110304 -2.05072195
v -0.47129989 8.78606215 -2.03439409
v -0.47129989 8.78606215 -2.03439409
v -0.46273994 8.78110304 -2.05072195
v 6.91790628 -2.83016357 -2.05072195
v 6.92645121 -2.83826551 -2.05072195
v -0.46273994 8.78110304 -2.05072195
v 6.96885490 -2.87932739 -2.05072195
v -0.43120003 8.86148635 -2.05072195
v -0.43135190 8.86109057 -2.05072195
v 2.34907377 4.45372668 2.94727796
v 2.76107609 4.20172730 2.14724988
v 2.71269107 4.23131457 2.12127799
v 6.97747707 -2.88784155 -2.05072195
v 7.01840115 -2.92812452 -2.05072195
v 2.57794029 4.31374255 2.04327792
v 2.76107609 4.20172730 2.94727796
v 7.03623819 -2.94570360 -2.05072195
v 7.02741909 -2.93683752 -2.05072195
v -0.99350095 5.96948853 -0.60023344
v -1.04246688 5.78130141 -0.55060858
v -0.99353194 5.96950331 -0.60019064
v -1.04248190 5.78131762 -0.55056376
v -0.99353194 5.96950331 -0.60019064
v -1.04246688 5.78130141 -0.55060858
v 2.34907377 4.45372668 -2.05272204
v 2.34907377 4.45372668 0.99128264
v 2.76107609 4.20172730 -2.05272204
v 2.48577714 4.37010852 1.07653993
v -0.81683493 6.56537428 -0.74715394
v -0.81675887 6.56534472 -0.74729496
v -0.90707493 6.26618043 -0.67072189
v -0.99350095 5.96948853 -0.60023344
v -0.99353194 5.96950331 -0.60019064
v -0.90709090 6.26598254 -0.67072189
v -0.90707493 6.26618043 -0.67072189
v -0.90709090 6.26598254 -0.67072189
v -0.99353194 5.96950331 -0.60019064
v 2.56704557 4.32039443 1.12727791
v 2.56831193 4.31963149 1.12801891
v 2.76107609 4.20172730 -2.05272204
v 2.56704557 4.32039443 1.12727791
v 2.76107609 4.20172730 1.24099892
v 2.56831193 4.31963149 1.12801891
v 6.46342325 -2.35157141 -1.95972210
v 2.34907377 4.45372668 1.91080993
v -0.90709090 6.26598254 -0.67072189
v -0.99350095 5.96948853 -0.60023344
v -1.04246688 5.78130141 -0.55060858
v 6.58413506 -2.48557457 -2.00236708
v 6.57682610 -2.47725853 -1.99990207
v 6.80715799 -2.35680541 -1.57692307
v 5.28555107 -2.07505140 -1.14564306
v 4.97587395 -1.78937754 -1.04072207
v -0.69601583 6.94354859 -0.83789617
v -0.75962996 6.75150147 -0.79402083
v -0.75972104 6.75156251 -0.79383189
v -0.69601583 6.94354859 -0.83789617
v -0.75972104 6.75156251 -0.79383189
v -0.69612288 6.94367066 -0.83766645
v -0.75962996 6.75150147 -0.79402083
v -0.81675887 6.56534472 -0.74729496
v -0.75972104 6.75156251 -0.79383189
v -0.69612288 6.94367066 -0.83766645
v -0.53708005 7.42491761 -0.94772178
v -0.53741598 7.42317858 -0.94772178
v -0.53741598 7.42317858 -0.94772178
v 5.95056009 -2.74913940 -1.34604210
v 5.88821316 -2.68480858 -1.32771808
v 5.02563310 -1.12409350 -1.35572201
v -0.75972104 6.75156251 -0.79383189
v -0.81675887 6.56534472 -0.74729496
v -0.81683493 6.56537428 -0.74715394
v -0.90709090 6.26598254 -0.67072189
v -0.90707493 6.26618043 -0.67072189
v -0.81675887 6.56534472 -0.74729496
v 5.37151909 -2.15694556 -1.17375010
v 5.30523515 -2.09320959 -1.15232307
v -0.75972104 6.75156251 -0.79383189
v -0.69612288 6.94367066 -0.83766645
v -0.69601583 6.94354859 -0.83789617
v -0.53741598 7.42317858 -0.94772178
v -0.75962996 6.75150147 -0.79402083
v -0.81675887 6.56534472 -0.74729496
v 4.96105814 -1.08887646 -1.32357711
v 5.01081705 -1.11565551 -1.34849805
v 4.08729410 2.85719958 2.87727803
v -31.37029934 -4.78585252 -2.05072195
v -0.42623997 7.74873963 -1.02829403
v -0.40736485 7.80336657 -1.04218203
v -0.40750289 7.80342761 -1.04193300
v -0.40750289 7.80342761 -1.04193300
v -0.14953792 8.50545397 -1.19851905
v -0.37846494 7.88214770 -1.05968911
v -0.40750289 7.80342761 -1.04193300
v -0.37846494 7.88214770 -1.05968911
v -0.40736485 7.80336657 -1.04218203
v 5.98612785 -2.78765258 -1.35572201
v 15.60054970 23.47909155 1.91779393
v -0.53708005 7.42491761 -0.94772178
v 4.07090616 2.87975159 2.04327792
v 3.82607913 3.21672645 1.89147991
v 3.79542398 3.25127259 1.87400096
v -1.57528806 6.04515639 -1.20406205
v -1.58361983 6.00827637 -1.19032210
v 3.14707804 3.90971962 2.36523193
v 3.10328507 3.94286147 2.34227794
v 2.76107609 4.20172730 2.94727796
v 6.56457424 -2.06870446 -1.45817107
v 6.33935404 -2.22042260 -1.91747302
v 6.29980326 -2.17878160 -1.90392310
v 2.76107609 4.20172730 2.14724988
v 3.14707804 3.90971962 2.94727796
v 2.76107609 4.20172730 1.24099892
v 3.14707804 3.90971962 -2.05272204
v 2.76107609 4.20172730 -2.05272204
v 6.11089897 -1.98882446 -1.83469910
v 6.39793205 -1.88617858 -1.38106507
v 6.15160990 -2.02823743 -1.85039205
v -1.61247396 5.87381545 -1.13860804
v -1.60615683 5.90572253 -1.15144307
v 3.00898612 4.01418152 1.39527791
v 3.14707804 3.90971962 1.47545689
v -7.35263157 -4.78524169 -2.05072195
v -7.35701084 -4.78585252 -2.05072195
v -1.62020993 5.83566847 -1.12346202
v -1.59907699 5.93840638 -1.16394204
v -1.59080696 5.97582045 -1.17807108
v -1.63388205 5.76482239 -1.09459609
v -1.62658787 5.80345765 -1.11051005
v -1.63948202 5.73369446 -1.08147103
v -1.64697385 5.69403639 -1.06514901
v 4.34858608 2.81198755 2.95146698
v 4.60298014 2.56261244 2.26843089
v 4.45681596 2.86595741 2.97136396
v -5.65292501 -4.39534959 -2.05072195
v 5.22451615 -1.24892554 -1.45565504
v 5.20770097 -1.23754248 -1.44757408
v 5.23605204 -0.90705249 -0.75132787
v 5.27783108 -0.93235144 -0.77654809
v 4.94079399 -1.07766148 -1.31356305
v -31.68833828 -4.45917663 -1.33377904
v -31.67748928 -4.49706468 -1.38865000
v 5.77754116 -1.67670652 -1.70086807
v 5.73550320 -1.63999352 -1.68266207
v 6.02523708 -1.50983652 -1.19045705
v 5.72303629 -1.62919053 -1.67720407
v 3.80241203 3.24339953 2.72627800
v 6.00047207 -1.48719153 -1.17810506
v 6.30161905 -1.78443345 -1.33378905
v -5.65292501 -4.39534959 -2.05072195
v 6.17916727 -1.65903649 -1.27101606
v 6.20371914 -1.68395445 -1.28373307
v 5.90653801 -1.79313049 -1.75484807
v 3.46635306 3.61458459 2.54386896
v 3.46520805 3.61566749 2.54327792
v 3.14707804 3.90971962 2.94727796
v 3.46520805 3.61566749 2.54327792
v 3.36688101 3.70654956 2.48821085
v 3.14707804 3.90971962 2.94727796
v 3.14707804 3.90971962 2.36523193
v -5.17074680 -4.29491529 -1.93921906
v 3.50407207 3.57971755 2.56309598
v 3.46635306 3.61458459 2.54386896
v 3.50407207 3.57971755 2.94727796
v 6.76417398 -2.68468651 -2.05072195
v 6.73034525 -2.65369543 -2.05072195
v 6.96321011 -2.55062255 -1.64659208
v 3.50407207 3.57971755 1.69309097
v 3.50407207 3.57971755 -2.05272204
v 3.41946208 3.65794960 1.64427799
v 3.14707804 3.90971962 1.47545689
v 3.14707804 3.90971962 -2.05272204
v 7.26730204 -2.95563659 -1.78219706
v 7.12629509 -3.03711852 -2.05072195
v 7.08650112 -2.99552354 -2.05072195
v 7.13227701 -2.76912841 -1.71990210
v 7.14721489 -2.78965148 -1.72693306
v 6.96885490 -2.87932739 -2.05072195
v 7.01840115 -2.92812452 -2.05072195
v 6.97747707 -2.88784155 -2.05072195
v 7.17251396 -2.82436547 -1.73891801
v 4.17362809 2.72447839 2.91934389
v 4.52398515 2.52229944 2.25235003
v 4.54650712 2.53397241 2.25727790
v 7.08650112 -2.99552354 -2.05072195
v 7.07752800 -2.98647460 -2.05072195
v 6.65013027 -2.16828355 -1.50066000
v 6.67515421 -2.19765648 -1.51342601
v 6.40446329 -2.28896460 -1.93979210
v 6.49114799 -2.38244042 -1.96946401
v 4.52398515 2.52229944 2.25235003
v 6.71931314 -2.25060448 -1.53497511
v 6.74450493 -2.28070959 -1.54734105
v 6.49114799 -2.38244042 -1.96946401
v 6.78896904 -2.33443651 -1.56860107
v 4.97587395 -1.78937754 -1.04072207
v -31.65513897 -4.55027160 -1.46572203
v 6.65013027 -2.16828355 -1.50066000
v 6.40446329 -2.28896460 -1.93979210
v 6.39614725 -2.27997741 -1.93705005
v 4.54650712 2.53397241 2.25727790
v 6.58559990 -2.09203443 -1.46816606
v 6.63037014 -2.14463148 -1.49100608
v 6.34802103 -2.22931847 -1.92056412
v 15.06068039 19.87937155 2.39675683
v 15.32485962 21.20191184 2.25727790
v 6.56457424 -2.06870446 -1.45817107
v 19.63284016 -25.23210916 -1.92388302
v 4.07090616 2.87975159 2.04327792
v 5.45176506 -1.41074547 -1.56126601
v 5.40717912 -1.37824449 -1.54089302
v 5.72804117 -1.25123045 -1.03425008
v 5.53033304 -1.09830651 -0.92194528
v 5.55488396 -1.11596045 -0.93527895
v 5.22451615 -1.24892554 -1.45565504
v 5.27017117 -1.28016052 -1.47745806
v 15.61872959 -20.22348794 -1.04072207
v 3.82607913 3.21672645 2.73788994
v 5.30280900 -0.94707653 -0.79183346
v 5.34316897 -0.97213146 -0.81586313
v 5.01081705 -1.11565551 -1.34849805
v 4.96105814 -1.08887646 -1.32357711
v 5.01081705 -1.11565551 -1.34849805
v 4.96105814 -1.08887646 -1.32357711
v 5.30280900 -0.94707653 -0.79183346
v 6.17916727 -1.65903649 -1.27101606
v 5.90653801 -1.79313049 -1.75484807
v 5.89549112 -1.78292248 -1.75034207
v 5.80125284 -1.69773254 -1.71098501
v 6.07972622 -1.56060252 -1.21764201
v 3.50407207 3.57971755 2.94727796
v 3.82607913 3.21672645 2.94727796
v 3.79426408 3.25260058 2.72227806
v 3.70561099 3.35252944 2.67368191
v 3.50407207 3.57971755 2.56309598
v 5.88418388 -1.77259251 -1.74567908
v 5.84327507 -1.73539147 -1.72870201
v 6.12814188 -1.60814855 -1.24390608
v 6.10416985 -1.58446655 -1.23101300
v 5.84327507 -1.73539147 -1.72870201
v 3.80241203 3.24339953 2.72627800
v 3.82607913 3.21672645 2.73788994
v 18.46838093 -25.97025880 0.20327803
v 5.83944607 -1.34482750 -1.09487707
v 5.89337015 -1.39133653 -1.12345606
v 5.56802201 -1.50135252 -1.61173004
v 18.78537083 -25.78723916 -0.09272187
v 15.58432007 -20.24327859 -0.09272187
v 18.46838093 -25.97025880 0.20327803
v 15.26731968 -20.42627916 0.20327803
v 3.50407207 3.57971755 1.69309097
v 3.82607913 3.21672645 -2.05272204
v 3.50407207 3.57971755 -2.05272204
v 19.07445049 -25.62035760 -0.38472197
v 15.87337971 -20.07639894 -0.38472197
v 18.78537083 -25.78723916 -0.09272187
v 6.15402126 -1.63382849 -1.25773400
v 3.82607913 3.21672645 1.89147991
v 3.79542398 3.25127259 1.87400096
v 3.73110795 3.32378259 1.83406597
v 3.79415703 3.25270644 1.87327796
v 15.87337971 -20.07639894 -0.38472197
v 19.07445049 -25.62035760 -0.38472197
v 19.33214092 -25.47159776 -0.67072189
v 19.55633068 -25.34216890 -0.94772178
v 16.35527039 -19.79819879 -0.94772178
v 19.50253010 -25.37321863 -0.88116068
v 16.27562046 -19.84418878 -0.84916759
v 5.95852518 -1.84200451 -1.77561206
v 5.94779825 -1.83184251 -1.77137202
v 6.22831583 -1.70916149 -1.29630608
v 19.33214092 -25.47159776 -0.67072189
v 16.13113022 -19.92760858 -0.67072189
v 4.33331108 2.44724146 2.20636099
v 4.42475700 2.48323646 2.22840804
v 4.33222795 2.44908753 2.21112197
v 4.32635307 2.45908251 2.23689598
v 6.22831583 -1.70916149 -1.29630608
v 6.25263786 -1.73397252 -1.30882508
v 5.95852518 -1.84200451 -1.77561206
v 4.17362809 2.72447839 2.91934389
v 4.21476603 2.64880958 2.72627800
v 4.52398515 2.52229944 2.25235003
v 5.78405619 -1.29744849 -1.06528002
v 5.81492519 -1.32402954 -1.08165902
v 5.51016116 -1.45571348 -1.58685512
v 5.62438798 -1.54644153 -1.63565904
v 5.81492519 -1.32402954 -1.08165902
v 5.83944607 -1.34482750 -1.09487707
v 5.52427506 -1.46700451 -1.59285707
v 4.12614298 2.79950562 2.07827800
v 4.11308098 2.82172242 2.06935400
v 5.51016116 -1.45571348 -1.58685512
v 5.52427506 -1.46700451 -1.59285707
v 4.33331108 2.44724146 2.20636099
v 4.12614298 2.79950562 2.07827800
v 5.72804117 -1.25123045 -1.03425008
v 5.75207424 -1.27144751 -1.04736108
v 4.08794999 2.85629860 2.87758082
v 4.11308098 2.82172242 2.88921994
v 4.17362809 2.72447839 2.91934389
v 5.70368814 -1.23189744 -1.02026707
v 5.72804117 -1.25123045 -1.03425008
v 5.40717912 -1.37824449 -1.54089302
v 6.85070610 -2.41053161 -1.59671110
v 6.98007107 -2.57157239 -1.65412706
v 6.91790628 -2.83016357 -2.05072195
v 6.78025723 -2.69941053 -2.05072195
v 4.11308098 2.82172242 2.88921994
v 4.08794999 2.85629860 2.87758082
v 4.11308098 2.82172242 2.94727796
v 4.08729410 2.85719958 2.87727803
v 17.73326969 -26.33188829 0.79127836
v 17.20190048 -26.60524759 0.23727804
v 17.61130047 -26.44588861 -0.04039949
v 6.77218485 -2.69185743 -2.05072195
v 6.98007107 -2.57157239 -1.65412706
v 6.78025723 -2.69941053 -2.05072195
v 6.99693108 -2.59296545 -1.66123611
v 7.09522915 -2.71878943 -1.70172209
v 4.00945902 2.96433154 2.83571189
v 3.82607913 3.21672645 2.94727796
v 17.49520969 -26.42433938 0.95566296
v 17.87194920 -26.27847871 0.68925714
v 7.20173502 -2.86449561 -1.75271005
v 3.82607913 3.21672645 2.73788994
v 7.24154520 -2.91936645 -1.77122802
v 17.13895988 -26.62991914 0.27745354
v 17.14241028 -26.62856874 0.27524334
v 7.07752800 -2.98647460 -2.05072195
v 3.82607913 3.21672645 -2.05272204
v 3.82607913 3.21672645 1.89147991
v 4.11308098 2.82172242 -2.05272204
v 7.20173502 -2.86449561 -1.75271005
v 7.03623819 -2.94570360 -2.05072195
v 7.18736124 -2.84459838 -1.74613208
v 7.02741909 -2.93683752 -2.05072195
v 7.13227701 -2.76912841 -1.71990210
v 6.96885490 -2.87932739 -2.05072195
v 6.92645121 -2.83826551 -2.05072195
v 6.97747707 -2.88784155 -2.05072195
v 4.07090616 2.87975159 2.04327792
v 7.14721489 -2.78965148 -1.72693306
v 18.06133938 -26.20523843 0.54978585
v 4.11308098 2.82172242 2.06935400
v 4.07261515 2.87741652 2.04433197
v 7.10661221 -2.73415551 -1.70743305
v 7.09522915 -2.71878943 -1.70172209
v 7.17251396 -2.82436547 -1.73891801
v 7.18736124 -2.84459838 -1.74613208
v 7.01840115 -2.92812452 -2.05072195
v 7.02741909 -2.93683752 -2.05072195
v 7.26730204 -2.95563659 -1.78219706
v 6.67515421 -2.19765648 -1.51342601
v 16.46537971 -26.69791803 0.64329505
v 16.65309048 -26.67819795 0.54527825
v 16.82828999 -26.48846826 1.33417493
v 17.16434002 -26.45537767 1.14748698
v 17.28699970 -26.44330797 1.07927793
v 17.49520969 -26.42433938 0.95566296
v 17.13895988 -26.62991914 0.27745354
v 6.44422817 -2.33083448 -1.95341701
v 4.17086601 2.72345558 2.91878789
v 6.52999687 -2.42511854 -1.98344809
v 6.74450493 -2.28070959 -1.54734105
v 6.63037014 -2.14463148 -1.49100608
v 4.17086601 2.72345558 2.91878789
v 6.62278605 -2.53014550 -2.01507908
v 4.33222795 2.44908753 2.21112197
v 4.36007500 2.40172449 2.94727796
v 4.33331108 2.44724146 2.20636099
v 4.32635307 2.45908251 2.23689598
v 4.21476603 2.64880958 2.72627800
v 4.17086601 2.72345558 2.91878789
v 4.36007500 2.40172449 -2.05272204
v 6.83270121 -2.38857445 -1.58830208
v 6.39614725 -2.27997741 -1.93705005
v 4.11308098 2.82172242 2.94727796
v 6.34802103 -2.22931847 -1.92056412
v 4.11308098 2.82172242 2.88921994
v 6.53944206 -2.04042944 -1.44707209
v 6.29980326 -2.17878160 -1.90392310
v 6.25994682 -2.13730749 -1.89002508
v 6.53944206 -2.04042944 -1.44707209
v 6.51423502 -2.01238450 -1.43574304
v 6.49256706 -1.98847350 -1.42583710
v 6.51423502 -2.01238450 -1.43574304
v 6.25091410 -2.12799940 -1.88682205
v 6.25994682 -2.13730749 -1.89002508
v 4.12614298 2.79950562 2.07827800
v 4.11308098 2.82172242 -2.05272204
v 4.11308098 2.82172242 2.06935400
v 6.49256706 -1.98847350 -1.42583710
v 6.25091410 -2.12799940 -1.88682205
v 6.24183512 -2.11878356 -1.88354010
v 6.47073221 -1.96468553 -1.41563410
v 6.39793205 -1.88617858 -1.38106507
v 6.47073221 -1.96468553 -1.41563410
v 6.15160990 -2.02823743 -1.85039205
v 5.70368814 -1.23189744 -1.02026707
v 5.40717912 -1.37824449 -1.54089302
v 5.39233208 -1.36699852 -1.53429407
v 15.26731968 -20.42627916 0.20327803
v 5.64739799 -1.18618152 -0.98858637
v 5.67164516 -1.20559153 -1.00240702
v 5.34739494 -1.33391747 -1.51390308
v 5.34739494 -1.33391747 -1.51390308
v 5.33174014 -1.32271752 -1.50665003
v 5.64739799 -1.18618152 -0.98858637
v 5.61387515 -1.16001353 -0.96906644
v 5.33174014 -1.32271752 -1.50665003
v 5.28628397 -1.29137549 -1.48506111
v 5.61387515 -1.16001353 -0.96906644
v 5.55488396 -1.11596045 -0.93527895
v 4.56606913 1.95772353 2.94727796
v 4.56606913 1.95772353 -2.05272204
v 4.36007500 2.40172449 -2.05272204
v 4.36007500 2.40172449 2.94727796
v 4.72807217 1.49571851 -2.05272204
v 4.56606913 1.95772353 -2.05272204
v 4.72807217 1.49571851 2.94727796
v 4.56606913 1.95772353 2.94727796
v 4.72807217 1.49571851 2.94727796
v 4.84507608 1.01972041 2.94727796
v 4.72807217 1.49571851 -2.05272204
v 4.84507608 1.01972041 -2.05272204
v 5.36782718 -0.98784849 -0.83032239
v 5.40679812 -1.01357445 -0.85270238
v 5.07781816 -1.15543553 -1.38258201
v 5.09617496 -1.16691050 -1.39182800
v 5.34316897 -0.97213146 -0.81586313
v 5.36782718 -0.98784849 -0.83032239
v 5.03021097 -1.12677953 -1.35811407
v 5.07781816 -1.15543553 -1.38258201
v 5.03021097 -1.12677953 -1.35811407
v 5.02563310 -1.12409350 -1.35572201
v 4.94079399 -1.07766148 -1.31356305
v 5.23605204 -0.90705249 -0.75132787
v 5.27783108 -0.93235144 -0.77654809
v 15.58432007 -20.24327859 -0.09272187
v 6.02523708 -1.50983652 -1.19045705
v 6.10416985 -1.58446655 -1.23101300
v 6.00047207 -1.48719153 -1.17810506
v 5.94738626 -1.43923351 -1.15129310
v 5.92253017 -1.41710851 -1.13852602
v 5.63757205 -1.55729052 -1.64112109
v 5.62438798 -1.54644153 -1.63565904
v 5.92253017 -1.41710851 -1.13852602
v 5.94738626 -1.43923351 -1.15129310
v 5.63757205 -1.55729052 -1.64112109
v 6.05059719 -1.92920861 -1.81208402
v 6.06068325 -1.93895850 -1.81597108
v 6.05059719 -1.92920861 -1.81208402
v 6.32505608 -1.80892345 -1.34549505
v 6.30161905 -1.78443345 -1.33378905
v 6.32505608 -1.80892345 -1.34549505
v 6.05059719 -1.92920861 -1.81208402
v 6.15402126 -1.63382849 -1.25773400
v 5.89549112 -1.78292248 -1.75034207
v 6.24183512 -2.11878356 -1.88354010
v 6.11089897 -1.98882446 -1.83469910
v 6.25709391 -1.73853454 -1.31110412
v 6.25263786 -1.73397252 -1.30882508
v 5.99903727 -1.88022742 -1.79173905
v 6.11089897 -1.98882446 -1.83469910
v 6.37284708 -1.85997948 -1.36854309
v 6.39793205 -1.88617858 -1.38106507
v 6.20371914 -1.68395445 -1.28373307
v 5.94779825 -1.83184251 -1.77137202
v 5.73550320 -1.63999352 -1.68266207
v 5.89337015 -1.39133653 -1.12345606
v 5.68093729 -1.59321055 -1.65898806
v 1.07307273 2.22672144 -2.05272204
v 1.07307273 2.22672144 2.94727796
v 1.09808189 2.33173242 -2.05272204
v 5.56802201 -1.50135252 -1.61173004
v 5.67164516 -1.20559153 -1.00240702
v 5.39233208 -1.36699852 -1.53429407
v 0.35208011 1.49272755 2.94727796
v 0.54807901 1.57571951 2.94727796
v 0.54807901 1.57571951 -2.05272204
v 0.45207012 1.52872255 -2.05272204
v 0.63908207 1.63072756 2.94727796
v 0.63908207 1.63072756 -2.05272204
v 0.54807901 1.57571951 2.94727796
v 0.54807901 1.57571951 -2.05272204
v 0.63908207 1.63072756 -2.05272204
v 0.63908207 1.63072756 2.94727796
v 0.72407365 1.69472352 -2.05272204
v 0.87408286 1.84772351 2.94727796
v 0.87408286 1.84772351 -2.05272204
v 0.80306846 1.76772156 -2.05272204
v 0.93707114 1.93472853 -2.05272204
v 0.87408286 1.84772351 -2.05272204
v 0.93707114 1.93472853 2.94727796
v 0.87408286 1.84772351 2.94727796
v 0.93707114 1.93472853 -2.05272204
v 0.93707114 1.93472853 2.94727796
v 0.99207908 2.02672353 -2.05272204
v 1.07307273 2.22672144 2.94727796
v 1.07307273 2.22672144 -2.05272204
v 1.03707725 2.12473145 -2.05272204
v 0.93707114 3.15772048 -2.05272204
v 0.99207908 3.06471840 -2.05272204
v 0.99207908 3.06471840 2.94727796
v 0.45207012 1.52872255 2.94727796
v 1.11407304 2.43771949 2.94727796
v 1.11407304 2.43771949 -2.05272204
v 1.09808189 2.33173242 2.94727796
v 1.11407304 2.65372339 2.94727796
v 1.11407304 2.65372339 -2.05272204
v 1.11907798 2.54572144 -2.05272204
v 1.09808189 2.76071754 -2.05272204
v 1.11407304 2.65372339 -2.05272204
v 1.11407304 2.65372339 2.94727796
v 0.99207908 3.06471840 2.94727796
v 0.99207908 3.06471840 -2.05272204
v 1.03707725 2.96771851 -2.05272204
v 0.87408286 3.24472657 -2.05272204
v 0.87408286 3.24472657 2.94727796
v 0.80306846 3.32472840 -2.05272204
v 0.72407365 3.39671960 2.94727796
v 0.63908207 3.46172157 2.94727796
v 0.72407365 3.39671960 -2.05272204
v 0.63908207 3.46172157 -2.05272204
v 0.63908207 3.46172157 2.94727796
v 0.54807901 3.51672950 -2.05272204
v 0.35208011 3.59972253 2.94727796
v 0.45207012 1.52872255 -2.05272204
v 0.35208011 1.49272755 -2.05272204
v 0.45207012 1.52872255 2.94727796
v 0.35208011 1.49272755 2.94727796
v 0.72407365 1.69472352 2.94727796
v 0.72407365 1.69472352 2.94727796
v 0.80306846 1.76772156 2.94727796
v 0.72407365 1.69472352 -2.05272204
v 0.80306846 1.76772156 -2.05272204
v 0.80306846 1.76772156 2.94727796
v 0.99207908 2.02672353 2.94727796
v 1.03707725 2.12473145 2.94727796
v 1.03707725 2.12473145 -2.05272204
v 0.99207908 2.02672353 2.94727796
v 0.99207908 2.02672353 -2.05272204
v 1.03707725 2.12473145 2.94727796
v 1.09808189 2.33173242 2.94727796
v 1.09808189 2.33173242 -2.05272204
v 1.11907798 2.54572144 -2.05272204
v 1.11407304 2.43771949 -2.05272204
v 1.11407304 2.43771949 2.94727796
v 1.11907798 2.54572144 2.94727796
v 1.11907798 2.54572144 2.94727796
v 1.09808189 2.76071754 2.94727796
v 1.07307273 2.86572853 2.94727796
v 1.07307273 2.86572853 -2.05272204
v 1.09808189 2.76071754 2.94727796
v 1.09808189 2.76071754 -2.05272204
v 1.07307273 2.86572853 -2.05272204
v 1.07307273 2.86572853 2.94727796
v 1.03707725 2.96771851 -2.05272204
v 1.03707725 2.96771851 2.94727796
v 1.03707725 2.96771851 2.94727796
v 0.93707114 3.15772048 2.94727796
v 0.87408286 3.24472657 -2.05272204
v 0.93707114 3.15772048 -2.05272204
v 0.87408286 3.24472657 2.94727796
v 0.93707114 3.15772048 2.94727796
v 0.80306846 3.32472840 2.94727796
v 0.80306846 3.32472840 -2.05272204
v 0.80306846 3.32472840 2.94727796
v 0.72407365 3.39671960 2.94727796
v 0.72407365 3.39671960 -2.05272204
v 0.63908207 3.46172157 -2.05272204
v 0.54807901 3.51672950 2.94727796
v 0.54807901 3.51672950 2.94727796
v 0.45207012 3.56271949 2.94727796
v 0.54807901 3.51672950 -2.05272204
v 0.45207012 3.56271949 -2.05272204
v 0.45207012 3.56271949 -2.05272204
v 0.45207012 3.56271949 2.94727796
v 0.35208011 3.59972253 -2.05272204
v 0.35208011 3.59972253 2.94727796
v -4.90692282 3.04653040 2.37156504
v -4.34092903 2.63976160 2.31450194
v -4.36305380 2.69173256 2.25727790
v -4.90692282 2.64897743 3.02704090
v -26.04691982 2.64925256 2.24198192
v -4.36305380 2.69173256 2.25727790
v -25.91881084 2.69173256 2.25727790
v -4.59137106 1.66272548 2.71499604
v -4.71899605 1.21472755 2.54327792
v -4.48791695 1.95772353 2.81713384
v -4.58062887 1.69336548 2.72627800
v -29.18862057 1.15372255 1.64427799
v -4.76692295 1.01972041 2.94727796
v -4.64991903 1.49571851 2.65098494
v -4.71899605 1.21472755 2.54327792
v -4.76692295 1.01972041 2.46110791
v -4.64991903 1.49571851 2.94727796
v -4.73398018 1.15372255 1.64427799
v -4.64991903 1.49571851 1.79288894
v -4.22779989 2.49544349 2.37156290
v -4.28292990 2.40172449 2.61422294
v -4.25759983 2.44478455 2.50274986
v -4.30285788 2.35854140 2.71730703
v -4.30459690 2.35478845 2.72627800
v -4.34092903 2.27609840 2.91408103
v -4.34092903 2.67755762 2.25217694
v -4.36305380 2.69173256 2.25727790
v -4.34092903 2.63976160 2.31450194
v -4.34092903 2.67755762 2.25217694
v -4.19091892 2.55817261 2.20917600
v -27.16937923 2.19472352 2.07827800
v -4.58062887 1.69336548 2.72627800
v -26.31285000 2.13272646 2.87727803
v -4.58470297 1.68172255 2.72227806
v -4.58470297 1.68172255 2.72227806
v -4.34199715 2.27377954 2.91930097
v -4.40712070 2.13272646 2.87727803
v -4.37849617 2.19472352 2.07827800
v -4.48791695 1.95772353 2.94727796
v -4.58062887 1.69336548 2.72627800
v -4.64991903 1.49571851 2.94727796
v -4.58470297 1.68172255 2.72227806
v -4.48791695 1.95772353 2.81713384
v -4.59137106 1.66272548 2.71499604
v -4.64991903 1.49571851 2.65098494
f 1 2 3
f 4 3 5
f 6 4 5
f 7 8 9
f 8 10 9
f 11 9 10
f 12 13 14
f 15 16 17
f 18 19 20
f 21 22 23
f 23 24 21
f 25 26 27
f 28 29 30
f 31 32 33
f 34 35 36
f 37 38 39
f 40 41 42
f 1 21 24
f 24 2 1
f 43 3 2
f 5 3 43
f 44 45 46
f 45 44 47
f 45 47 48
f 49 50 51
f 52 53 22
f 54 55 56
f 53 57 22
f 58 59 60
f 61 62 63
f 64 65 66
f 67 68 69
f 70 71 72
f 73 74 75
f 73 75 76
f 77 78 79
f 77 79 80
f 81 82 83
f 84 85 86
f 84 87 85
f 88 85 87
f 89 85 88
f 90 85 89
f 91 92 93
f 86 85 94
f 95 96 97
f 98 16 99
f 100 14 13
f 101 102 103
f 52 104 53
f 105 106 85
f 107 108 109
f 110 111 112
f 113 106 105
f 114 112 111
f 115 111 110
f 116 117 118
f 119 120 121
f 119 121 122
f 23 22 57
f 123 124 125
f 126 127 128
f 129 130 131
f 132 125 124
f 133 124 123
f 134 135 136
f 136 135 137
f 138 113 139
f 140 141 142
f 139 113 143
f 144 145 146
f 147 146 145
f 148 145 144
f 149 150 151
f 152 153 154
f 155 154 153
f 156 157 153
f 158 159 160
f 161 160 159
f 162 113 163
f 143 113 164
f 164 113 165
f 165 113 162
f 106 113 166
f 166 113 138
f 167 150 168
f 149 168 150
f 169 170 171
f 169 171 172
f 161 173 174
f 163 113 175
f 175 113 176
f 176 113 177
f 173 161 159
f 178 174 173
f 179 180 181
f 182 181 180
f 183 184 185
f 186 187 188
f 189 190 191
f 180 179 192
f 193 194 195
f 190 196 191
f 191 196 197
f 198 197 196
f 199 200 201
f 202 201 200
f 202 200 203
f 204 37 39
f 205 200 206
f 207 208 209
f 210 211 200
f 200 199 212
f 212 206 200
f 200 205 213
f 200 213 214
f 200 214 215
f 216 217 218
f 219 218 217
f 220 221 222
f 223 200 211
f 224 200 225
f 226 222 227
f 221 227 222
f 228 229 230
f 231 232 233
f 234 235 236
f 237 234 236
f 238 236 235
f 210 200 239
f 223 225 200
f 203 200 224
f 240 241 242
f 243 244 245
f 246 247 248
f 247 249 248
f 248 249 250
f 250 251 248
f 252 253 254
f 229 255 256
f 257 258 259
f 260 261 262
f 263 264 265
f 266 267 268
f 269 254 253
f 270 239 200
f 271 272 273
f 274 275 276
f 254 269 277
f 278 279 280
f 281 282 283
f 248 251 284
f 285 286 287
f 288 289 16
f 290 291 292
f 17 16 98
f 293 16 15
f 294 295 296
f 297 284 251
f 284 297 298
f 299 272 300
f 301 302 303
f 301 303 304
f 304 305 301
f 301 305 306
f 307 308 309
f 310 273 272
f 299 310 272
f 311 312 313
f 314 315 309
f 316 317 318
f 319 320 321
f 322 323 324
f 325 313 312
f 326 312 311
f 327 328 329
f 330 314 309
f 331 332 309
f 332 330 309
f 333 334 335
f 329 328 336
f 337 336 338
f 339 340 278
f 279 278 340
f 341 342 343
f 344 345 346
f 347 348 349
f 350 331 309
f 351 352 279
f 346 353 354
f 334 355 335
f 356 208 357
f 358 350 309
f 335 355 359
f 360 361 362
f 362 363 360
f 364 365 309
f 366 367 368
f 369 309 370
f 371 372 373
f 374 375 376
f 375 377 376
f 363 378 360
f 378 379 360
f 379 380 360
f 380 381 360
f 381 382 360
f 383 360 382
f 384 362 361
f 385 386 387
f 388 389 390
f 384 361 391
f 392 393 309
f 315 392 309
f 393 364 309
f 394 358 309
f 395 396 397
f 398 397 396
f 399 394 309
f 400 401 402
f 400 402 403
f 404 405 406
f 407 406 405
f 408 409 410
f 410 409 411
f 412 413 414
f 413 415 414
f 416 405 404
f 417 418 309
f 418 399 309
f 308 417 309
f 419 420 421
f 422 414 423
f 423 414 424
f 425 421 420
f 420 419 426
f 424 414 427
f 428 414 422
f 412 414 428
f 429 427 414
f 430 414 431
f 432 433 434
f 435 434 433
f 436 437 438
f 439 440 433
f 441 433 440
f 441 442 433
f 435 433 442
f 443 444 445
f 446 445 444
f 415 447 414
f 414 447 448
f 448 431 414
f 414 430 449
f 414 449 450
f 414 450 451
f 452 453 454
f 455 433 456
f 453 452 457
f 458 459 460
f 461 462 463
f 439 433 464
f 465 466 467
f 468 469 470
f 462 471 463
f 472 473 474
f 475 476 477
f 433 455 478
f 478 464 433
f 479 460 459
f 459 458 480
f 481 482 483
f 209 208 356
f 484 485 463
f 486 487 463
f 487 484 463
f 488 489 490
f 489 491 490
f 492 490 491
f 492 491 493
f 494 495 496
f 471 497 463
f 497 486 463
f 498 463 485
f 499 500 501
f 502 500 499
f 503 504 505
f 506 505 504
f 507 508 509
f 510 511 512
f 513 514 495
f 514 515 495
f 516 517 518
f 519 371 520
f 504 503 317
f 503 521 317
f 521 318 317
f 494 513 495
f 353 346 345
f 522 345 344
f 523 496 495
f 524 525 526
f 527 528 529
f 530 354 531
f 353 531 354
f 532 533 534
f 535 536 537
f 538 539 301
f 306 538 301
f 540 541 542
f 543 544 545
f 546 547 548
f 549 550 551
f 552 553 554
f 555 540 542
f 556 554 557
f 558 553 552
f 559 560 561
f 562 559 561
f 563 564 565
f 566 567 565
f 557 554 553
f 568 569 570
f 571 572 236
f 573 574 575
f 576 561 577
f 578 577 561
f 579 580 581
f 579 575 574
f 580 579 574
f 582 581 580
f 578 561 583
f 584 585 561
f 583 561 585
f 586 584 561
f 587 586 561
f 461 561 576
f 560 587 561
f 588 562 561
f 589 590 377
f 591 592 348
f 349 348 592
f 593 594 595
f 596 594 593
f 597 595 594
f 598 599 233
f 231 233 599
f 600 601 602
f 603 604 605
f 606 607 608
f 609 610 611
f 612 611 610
f 613 611 612
f 607 614 608
f 615 609 611
f 616 615 611
f 614 607 617
f 618 137 135
f 619 620 621
f 544 621 622
f 623 624 625
f 622 545 544
f 626 611 627
f 628 611 626
f 629 630 611
f 631 611 628
f 627 611 632
f 632 611 630
f 622 621 620
f 616 611 631
f 633 634 635
f 636 633 635
f 637 638 639
f 640 641 642
f 643 644 645
f 643 645 646
f 647 642 641
f 648 649 650
f 651 652 653
f 654 655 656
f 657 656 655
f 647 658 642
f 659 650 613
f 660 650 659
f 661 650 660
f 648 650 661
f 649 662 650
f 662 663 650
f 664 650 663
f 665 650 664
f 646 666 667
f 646 667 643
f 668 658 647
f 669 670 671
f 650 672 613
f 671 670 673
f 674 673 670
f 675 85 676
f 677 678 679
f 680 681 682
f 683 684 685
f 686 681 687
f 688 689 690
f 691 692 693
f 680 687 681
f 694 695 696
f 697 698 699
f 700 701 681
f 701 702 681
f 703 681 702
f 704 699 698
f 676 85 705
f 706 707 681
f 682 681 707
f 686 700 681
f 708 696 695
f 709 710 711
f 712 713 714
f 715 693 692
f 716 717 718
f 694 696 719
f 704 698 720
f 721 722 194
f 723 720 724
f 698 724 720
f 725 694 719
f 722 195 194
f 726 727 728
f 729 730 731
f 732 731 730
f 733 728 727
f 734 194 193
f 735 736 737
f 738 739 740
f 741 742 743
f 744 743 742
f 745 746 747
f 748 749 750
f 728 751 726
f 752 732 753
f 730 753 732
f 754 755 756
f 757 758 759
f 751 760 726
f 761 762 763
f 764 765 766
f 674 767 673
f 674 768 767
f 769 770 771
f 772 754 773
f 755 754 772
f 774 775 754
f 707 754 776
f 777 778 754
f 778 776 754
f 779 780 781
f 782 781 780
f 783 784 785
f 786 754 787
f 788 754 786
f 777 754 788
f 756 787 754
f 789 790 791
f 792 793 794
f 795 796 797
f 798 799 796
f 800 801 802
f 803 804 805
f 806 798 796
f 807 796 799
f 808 809 810
f 811 812 813
f 814 815 816
f 815 817 816
f 818 49 51
f 819 51 50
f 820 801 800
f 821 822 796
f 795 823 796
f 824 796 823
f 825 826 827
f 828 829 830
f 829 831 830
f 832 833 834
f 835 836 796
f 824 806 796
f 837 838 839
f 838 653 652
f 839 838 652
f 840 652 651
f 652 841 839
f 842 839 841
f 843 844 845
f 846 847 848
f 849 850 851
f 849 852 850
f 852 853 850
f 853 854 850
f 855 850 854
f 856 483 482
f 857 858 859
f 860 625 301
f 856 482 861
f 862 863 864
f 865 866 867
f 868 869 870
f 871 872 873
f 825 874 826
f 539 860 301
f 875 876 877
f 878 879 880
f 881 882 550
f 743 883 741
f 884 885 886
f 883 887 888
f 888 741 883
f 889 714 713
f 570 569 890
f 891 890 569
f 892 893 894
f 895 896 897
f 898 895 897
f 899 894 893
f 900 901 902
f 903 904 905
f 906 907 908
f 909 910 911
f 912 873 872
f 913 914 836
f 915 916 917
f 918 919 920
f 921 922 923
f 924 925 926
f 872 927 912
f 928 929 930
f 931 932 933
f 934 933 932
f 935 936 937
f 938 920 919
f 939 737 736
f 940 920 938
f 941 942 943
f 944 931 933
f 945 946 947
f 945 947 948
f 949 950 951
f 952 953 954
f 955 956 957
f 955 957 958
f 959 960 961
f 962 963 964
f 965 966 967
f 804 803 968
f 969 967 966
f 969 970 967
f 794 971 972
f 973 794 972
f 974 766 765
f 975 976 977
f 978 979 980
f 978 980 981
f 916 982 983
f 984 983 899
f 893 984 899
f 985 986 987
f 988 989 990
f 991 992 993
f 987 994 985
f 995 985 994
f 996 997 998
f 783 999 784
f 1000 1001 1002
f 1002 1003 1004
f 1005 993 992
f 1003 1002 1001
f 1006 1003 1001
f 1007 1004 1003
f 1008 1005 992
f 711 710 148
f 1009 710 709
f 710 1010 148
f 1011 990 989
f 1012 1013 1014
f 1015 1016 1017
f 988 990 1018
f 1019 1020 1021
f 677 1022 678
f 1023 1024 1025
f 1026 1027 1028
f 1029 1030 1031
f 1032 1033 1034
f 869 1035 870
f 1036 988 1018
f 1037 1024 1023
f 1038 1039 1040
f 1041 1042 1043
f 1044 1025 1024
f 1045 1046 1047
f 1048 877 876
f 1049 976 1050
f 1051 1052 1053
f 1054 1053 1052
f 884 1055 885
f 1056 1057 1058
f 1059 1060 1061
f 1062 1063 1064
f 1065 1063 1062
f 1066 1067 1062
f 1068 1067 1066
f 1069 1070 1071
f 1072 1073 1074
f 1075 1076 1077
f 909 911 1078
f 747 96 95
f 1079 96 859
f 1080 745 747
f 96 747 746
f 857 859 96
f 921 1081 922
f 1082 930 929
f 1083 1084 1085
f 1086 1087 1088
f 937 1089 935
f 1090 1091 1092
f 1093 1094 1095
f 1096 1097 1098
f 1098 1097 757
f 943 1099 941
f 1100 949 951
f 1101 1092 1091
f 1102 1097 1096
f 1103 1104 1105
f 1106 1105 1104
f 1107 1108 1109
f 1110 1111 1112
f 964 963 1113
f 959 1114 960
f 1115 1116 1117
f 1118 1119 1120
f 1121 1122 1123
f 1124 1117 1116
f 1125 1126 1127
f 1128 1129 1130
f 1131 1132 1133
f 1134 998 997
f 1135 1136 1137
f 1138 1137 1136
f 1139 1140 1141
f 1142 1141 1140
f 1138 1136 1143
f 1144 1145 1146
f 1147 1148 1149
f 1150 1139 1141
f 1151 1139 1150
f 1142 1109 1108
f 1140 1109 1142
f 1152 1153 1154
f 1155 1040 1039
f 1156 1157 1158
f 1045 1159 1046
f 1160 1154 1153
f 1161 1162 1163
f 1164 1165 1166
f 1158 1157 1167
f 1168 717 716
f 926 1169 1170
f 900 902 1171
f 1172 1173 1174
f 1175 1176 1169
f 1170 924 926
f 1177 1174 1173
f 1178 1042 1041
f 1123 1179 1121
f 1180 1181 1182
f 1183 1184 1181
f 1185 1186 1187
f 1188 739 738
f 1189 1178 1041
f 1093 1095 1190
f 1191 1043 1192
f 1042 1192 1043
f 1193 1187 1186
f 1194 1195 1058
f 1195 1056 1058
f 1196 1187 1193
f 1197 770 769
f 1120 1198 1118
f 1199 1077 1076
f 1200 1201 1202
f 1133 1203 1131
f 1110 1204 1205
f 1110 1205 1206
f 1138 1143 1207
f 790 789 1208
f 1207 1143 1209
f 1206 1210 1110
f 1210 1111 1110
f 1060 1059 1211
f 1212 1112 1111
f 1213 1214 1215
f 1216 1213 1215
f 813 812 1217
f 1218 1146 1145
f 1219 1149 1148
f 1220 1221 1222
f 1223 1224 1225
f 1226 1017 1016
f 1227 1228 1229
f 1230 1231 1232
f 1232 1231 1233
f 1234 1235 1236
f 1237 847 846
f 1238 1239 1240
f 1028 1241 1026
f 1242 1243 1244
f 1245 1246 1247
f 1097 758 757
f 1228 1227 1248
f 1249 1250 1251
f 1251 1250 1214
f 1252 1253 1254
f 1250 1215 1214
f 1255 879 878
f 1130 1129 1256
f 1257 1202 1201
f 1258 1259 1260
f 1261 1262 1263
f 1264 1265 1266
f 1267 1266 1265
f 1261 1263 1268
f 1269 1270 1271
f 1272 1273 1274
f 1275 1276 1277
f 1278 1277 1276
f 1279 1280 1281
f 1280 1282 1281
f 1282 1283 1281
f 1284 977 976
f 1285 1286 1287
f 1288 1289 1290
f 1291 1288 1290
f 1292 1291 1290
f 1293 1292 1290
f 1294 1295 1287
f 1277 1278 1296
f 1297 1298 1299
f 1050 976 1300
f 1301 1302 1303
f 1304 1305 1306
f 1300 976 1307
f 1307 976 975
f 1308 1309 1310
f 1284 976 1311
f 794 973 792
f 1312 1313 1314
f 1315 1314 1313
f 1316 1317 1318
f 1319 1320 804
f 1320 805 804
f 1296 1278 1321
f 1322 1323 1324
f 1301 1325 1302
f 1326 1327 1328
f 1329 1327 1330
f 1328 1327 1329
f 1331 1332 1333
f 1334 1335 1336
f 1337 1338 1339
f 1340 1341 1342
f 1343 1344 1345
f 1346 1347 1348
f 1349 1278 1350
f 1351 1350 1278
f 1352 1353 1354
f 1355 1356 1357
f 1358 1359 1360
f 1361 1360 1359
f 1362 1363 1364
f 1365 1364 1363
f 1366 1367 1368
f 1369 1368 1367
f 1370 1371 637
f 1372 1373 1374
f 1299 1375 1297
f 1376 1373 1372
f 1377 1374 1378
f 1379 633 636
f 1378 1374 1373
f 638 637 1371
f 1380 1381 1382
f 1383 1384 1370
f 1385 1333 1332
f 1386 1387 1388
f 1389 1390 1391
f 636 1391 1390
f 636 1390 1379
f 1335 1334 1392
f 1371 1370 1384
f 1393 1339 1338
f 1394 1388 1395
f 1395 1388 1387
f 1396 1397 1278
f 1398 1399 1400
f 1343 1401 1344
f 1402 1348 1347
f 1403 1404 1405
f 1406 1407 1408
f 1160 1409 1410
f 1411 1412 1278
f 1413 1414 1415
f 1410 1154 1160
f 1398 1410 1409
f 1351 1278 1412
f 1404 1403 1416
f 1404 1416 1417
f 1418 1357 1356
f 1399 1398 1409
f 1419 1400 1399
f 1411 1278 1420
f 1421 1422 1423
f 1422 1424 1423
f 1425 1180 1182
f 1426 1427 1428
f 1429 1430 1431
f 1423 1424 1432
f 1426 1433 1427
f 1434 1432 1424
f 1397 1435 1278
f 1436 1437 1438
f 1439 1408 1407
f 1427 1433 1440
f 1441 1440 1433
f 1442 1437 1436
f 1443 1438 1437
f 1352 1354 1444
f 1435 1420 1278
f 1445 1317 1316
f 1446 1447 1448
f 1449 1450 1278
f 1451 1452 1453
f 1454 1455 1456
f 1457 1454 1456
f 1447 1456 1455
f 1455 1448 1447
f 1458 1459 1460
f 1461 1462 1463
f 1464 1465 1466
f 1467 1468 1469
f 1470 1471 1448
f 1446 1448 1471
f 1472 1473 1474
f 1473 1475 1474
f 1476 1474 1477
f 1478 1479 1480
f 1481 1482 1483
f 1361 1484 1485
f 1486 1485 1484
f 1487 1476 1477
f 1475 1477 1474
f 1488 1489 1490
f 1491 1492 1479
f 1479 1478 1491
f 1486 1493 1485
f 1494 1495 1496
f 1497 1498 1499
f 1492 1500 1278
f 1278 1479 1492
f 1501 1502 1503
f 1504 1499 1505
f 1359 1484 1361
f 1506 1365 1363
f 1507 1508 1509
f 1510 1511 1512
f 1513 1514 1515
f 1516 1499 1504
f 1517 1516 1504
f 1498 1505 1499
f 1518 1519 1497
f 1520 1521 1522
f 1498 1497 1519
f 1523 1429 1524
f 1523 1525 1429
f 1526 1527 1528
f 1396 1278 1450
f 1500 1529 1278
f 71 1530 1531
f 1532 1533 1527
f 1528 1527 1533
f 1534 1535 1536
f 1537 1535 1534
f 1538 1539 1540
f 1541 1306 1305
f 1542 1543 1544
f 1449 1278 1529
f 1545 1546 1547
f 283 282 1548
f 1549 1533 1532
f 1550 1551 1552
f 1550 1552 1553
f 1550 1553 1554
f 1550 1554 816
f 1555 287 1556
f 1557 1555 1556
f 1558 1512 1511
f 1559 818 51
f 1560 1561 1562
f 1563 376 377
f 1564 1565 1566
f 1176 1170 1169
f 1567 1568 1569
f 858 1570 859
f 1561 1560 1571
f 1572 1573 1574
f 1575 1576 1577
f 1578 1569 1579
f 1580 859 1581
f 1582 601 1583
f 600 1583 601
f 438 604 436
f 1584 1585 1586
f 1578 1579 1587
f 1588 1236 1235
f 1589 1590 1591
f 1592 1590 1589
f 1593 1594 1595
f 1595 1236 1588
f 1568 1567 1596
f 1597 1598 1599
f 1600 1599 1598
f 1601 1599 1600
f 1602 1603 1604
f 1605 1606 1607
f 1606 93 1607
f 1608 1609 1610
f 1611 1612 12
f 1568 1613 1569
f 1579 1569 1613
f 1614 101 103
f 1615 103 102
f 1616 1617 1618
f 1618 1617 1596
f 1565 1619 1566
f 1620 1621 1622
f 1623 1574 1573
f 1624 1625 1626
f 1568 1596 1617
f 1576 1627 1577
f 1628 1281 1629
f 1630 1625 1631
f 1632 1633 1634
f 1635 1636 1637
f 1638 1639 1640
f 1641 1281 1628
f 1629 1281 1642
f 1643 1281 1644
f 1645 1281 1641
f 1646 1281 1645
f 1644 1281 1646
f 1647 1626 1625
f 1648 1649 1650
f 1651 1652 1621
f 1642 1281 1653
f 1653 1281 1654
f 1655 1656 1657
f 1658 1604 1603
f 1637 1659 1655
f 1652 1660 1621
f 1660 1622 1621
f 1661 1625 1662
f 1656 1655 1659
f 1659 1637 1636
f 1663 1664 1665
f 1666 1663 1665
f 1667 1665 1664
f 1668 1669 1670
f 1671 1670 1669
f 1507 1509 1672
f 1673 1657 1656
f 1674 1625 1675
f 1631 1625 1624
f 1675 1625 1630
f 1676 1540 1677
f 1678 1090 1679
f 1678 1091 1090
f 1680 1676 1677
f 1681 1682 1683
f 1662 1625 1674
f 1121 1684 1122
f 1640 1685 1638
f 1649 1686 1650
f 1687 1688 1689
f 1690 1689 1688
f 1691 1692 1693
f 1690 1688 1679
f 1610 1609 1694
f 1695 1546 1545
f 1678 1679 1688
f 1696 1697 1698
f 1699 1700 1701
f 1702 1703 1704
f 1705 1706 1707
f 1706 1708 1707
f 1709 1710 1707
f 1708 1709 1707
f 1711 1712 1713
f 1712 1714 1713
f 1714 1715 1713
f 1703 1702 1716
f 1717 1718 1290
f 1715 1719 1713
f 1719 1720 1713
f 1721 1713 1720
f 1720 1722 1721
f 1716 1723 1703
f 1723 1724 1703
f 1724 1725 1703
f 1726 1727 1728
f 1725 1729 1703
f 1730 1731 1290
f 1718 1707 1290
f 1732 1290 1707
f 1733 1732 1707
f 1734 1733 1707
f 1710 1734 1707
f 1735 1736 1737
f 1738 1739 1740
f 1741 1740 1739
f 1741 1739 1742
f 1743 1744 1459
f 1729 1745 1703
f 1746 1747 1748
f 1744 1460 1459
f 1749 147 1750
f 1461 1458 1462
f 1751 1752 1012
f 1013 1012 1752
f 1753 1021 1020
f 1754 1755 1756
f 1757 976 1758
f 1759 1760 1761
f 1762 1763 1764
f 1762 1764 1765
f 1762 1765 1766
f 1767 1768 1762
f 1769 1762 1768
f 1766 1770 1762
f 1770 1767 1762
f 1771 1772 1773
f 1774 1775 1776
f 1777 1778 1779
f 1780 1763 1781
f 1782 1781 1763
f 1782 1763 1783
f 116 1784 1785
f 1786 1787 1788
f 1789 1778 1777
f 1790 1791 1792
f 1793 1794 1795
f 1796 1797 1798
f 1799 1800 1801
f 1802 1803 1804
f 1805 1806 1807
f 1808 1809 1810
f 1684 1811 1122
f 1224 1812 1813
f 1814 1815 1816
f 1817 1818 1819
f 1820 1821 1822
f 1823 1824 1825
f 1826 1827 1828
f 1829 1830 1831
f 1239 1238 1832
f 1833 1834 1835
f 1836 1837 141
f 1838 1839 855
f 1839 1840 855
f 1841 855 1840
f 1842 1843 1844
f 1845 1801 1800
f 1833 1846 1834
f 1847 1848 976
f 1849 1850 1753
f 1851 1753 1850
f 1852 1853 1854
f 1855 1856 1834
f 1857 1855 1834
f 1856 1858 1834
f 1859 1834 1858
f 1860 1861 1819
f 1862 1863 1864
f 1865 1866 1867
f 1868 1825 1824
f 1823 1869 1824
f 1870 1824 1869
f 1871 1872 1873
f 1874 1875 1876
f 1877 1878 1879
f 1880 1881 1882
f 1883 1884 1885
f 1886 1887 1888
f 1465 1889 1466
f 1890 1466 1889
f 1891 1892 1886
f 1893 1894 1895
f 1893 1895 1896
f 1897 1819 1898
f 1899 1900 1901
f 1902 1903 1904
f 1905 1906 1907
f 1908 1909 1910
f 1911 1912 1913
f 1914 1915 1916
f 1917 1918 1919
f 1920 1921 1922
f 1923 1924 1925
f 1926 1924 1923
f 1927 1917 1919
f 145 148 1010
f 1928 1929 1930
f 147 145 1931
f 147 1931 1750
f 1932 1929 1933
f 1930 1929 1932
f 1934 1935 1936
f 1937 1938 1939
f 1940 1941 1942
f 1943 1014 1013
f 1944 1943 1013
f 1945 1946 1947
f 1948 1751 1012
f 1949 1950 1951
f 1949 1951 1952
f 1020 1849 1753
f 1953 1954 1955
f 1063 819 50
f 50 1064 1063
f 1956 1957 1958
f 1959 1960 117
f 116 1785 1961
f 1962 1963 1964
f 1797 1965 1798
f 1966 1967 1968
f 1967 1969 1968
f 1970 1971 1972
f 1570 1581 859
f 369 1973 309
f 1974 1971 1975
f 1970 1975 1971
f 1976 1971 1974
f 1977 1978 1979
f 1980 1981 1982
f 1983 1984 1985
f 1985 1984 1986
f 1987 1988 1989
f 1977 1990 1978
f 1991 1984 1983
f 1992 1984 1991
f 1993 1984 1994
f 1995 1984 1996
f 1989 1988 1997
f 1998 1999 2000
f 2001 1971 2002
f 1976 2002 1971
f 2000 2003 2004
f 1238 1240 1997
f 2003 2000 1999
f 2005 2006 2007
f 2006 2005 2008
f 2009 2010 2011
f 2012 830 2013
f 2014 1924 1926
f 2012 2015 830
f 142 141 1837
f 623 2016 1971
f 2007 2017 2005
f 2018 2019 2020
f 2021 2022 2023
f 2022 2024 2023
f 1523 2023 2024
f 1994 1984 1992
f 2025 2026 2027
f 1430 1429 2028
f 1996 1984 1993
f 2029 2030 1664
f 564 566 565
f 2031 2032 2033
f 2034 2035 2036
f 2037 2038 2039
f 2037 2039 2040
f 2041 2042 2043
f 2044 2041 2045
f 357 898 565
f 2046 1971 2047
f 2048 2041 2044
f 2049 2041 2048
f 2050 2051 2052
f 2053 2054 2055
f 843 2056 2057
f 2058 2059 2060
f 2060 2059 2049
f 2061 1971 2062
f 2063 2064 2058
f 2065 2066 2067
f 2067 2068 2063
f 2047 1971 2069
f 2069 1971 2070
f 2061 2070 1971
f 2071 1730 1290
f 2072 2073 2074
f 2075 1290 2076
f 2001 2062 1971
f 2077 1971 2046
f 2078 2079 2080
f 2076 1290 2081
f 2082 2083 2084
f 2085 2086 2087
f 2088 2089 2090
f 2091 2087 2092
f 2093 2094 1290
f 2095 2096 2091
f 2097 2091 2096
f 2096 2098 2097
f 2098 2099 2097
f 2100 2097 2099
f 2101 1290 2094
f 2101 2102 1290
f 2103 1290 2102
f 2104 1287 2105
f 2106 2107 1290
f 2103 2106 1290
f 2108 2100 2099
f 2109 2100 2108
f 2110 2071 1290
f 2111 2100 2109
f 2112 2093 1290
f 2113 2112 1290
f 2114 2113 1290
f 2115 2116 2065
f 2073 2116 2117
f 2118 2085 2072
f 2092 2095 2091
f 2086 2092 2087
f 2087 2072 2085
f 2074 2118 2072
f 2117 2074 2073
f 2115 2117 2116
f 2116 2066 2065
f 2068 2067 2066
f 2068 2064 2063
f 2059 2058 2064
f 2041 2049 2059
f 2119 2034 2120
f 2120 2043 2119
f 2045 2041 2043
f 2121 2122 2041
f 2123 2124 2125
f 2126 2127 2128
f 2129 2124 2123
f 2130 2131 2132
f 2133 1886 1892
f 2134 2135 2136
f 2129 2137 2124
f 2138 1971 2139
f 2139 1971 2140
f 2137 2141 2124
f 2142 2143 2144
f 2145 2144 2143
f 2146 2147 2148
f 2149 1971 2150
f 2140 1971 2151
f 2150 1971 2138
f 2152 2145 2143
f 2153 2154 2155
f 2156 2155 2154
f 2157 2158 2159
f 2160 2161 2152
f 2162 2163 2164
f 2165 2166 2160
f 2167 2168 2169
f 2170 2171 2165
f 2172 2173 2174
f 2175 2176 2177
f 2178 2179 2180
f 2181 2182 2183
f 2035 2177 2176
f 2184 2185 2186
f 1971 2187 623
f 2188 1971 2189
f 2151 1971 2188
f 2189 1971 2077
f 2190 2191 2192
f 2193 2194 2195
f 2196 2197 2198
f 2199 2200 2201
f 2202 2203 2204
f 2205 2206 2207
f 2208 2209 2210
f 2211 2204 2203
f 2203 2212 2211
f 2213 2214 2215
f 2206 2205 2216
f 2217 2206 2216
f 2153 2206 2217
f 2218 2219 2220
f 2221 2111 2222
f 2223 2224 2225
f 563 565 898
f 2226 2227 2221
f 2109 2222 2111
f 2228 2229 2230
f 2231 2232 2233
f 2154 2234 2235
f 2236 2237 2154
f 2238 2239 2240
f 927 569 912
f 2241 2242 2243
f 2244 2245 1748
f 2246 2247 2248
f 2249 2248 2250
f 2251 2252 2253
f 2254 2255 2256
f 2257 2258 2249
f 2259 2260 2261
f 2262 2263 2264
f 2265 2266 2267
f 2266 2268 2269
f 2267 2249 2258
f 2080 2270 2078
f 2271 2272 2273
f 2230 2227 2226
f 2274 2229 2228
f 2275 2256 2276
f 2274 2275 2276
f 2276 2229 2274
f 2227 2230 2229
f 2111 2221 2227
f 2277 2278 2279
f 2280 2281 2282
f 2283 2284 2285
f 2286 2287 2288
f 2289 2286 2288
f 2290 2084 2083
f 2291 2292 2293
f 2146 2294 2147
f 2295 2296 2297
f 2158 2298 2159
f 2204 2299 2202
f 2300 2202 2299
f 2299 2269 2268
f 2268 2300 2299
f 2250 2257 2249
f 2247 2250 2248
f 2254 2246 2255
f 2255 2246 2248
f 2276 2256 2255
f 2258 2265 2267
f 2269 2267 2266
f 2301 2211 2212
f 2212 2190 2301
f 2192 2301 2190
f 2124 2192 2191
f 2191 2125 2124
f 2302 2169 2168
f 2296 2295 2303
f 2304 2305 2306
f 118 117 1960
f 2307 2308 2309
f 2310 2311 2312
f 2174 2313 2172
f 1798 2314 1796
f 2315 1796 2314
f 2316 2180 2179
f 2317 2318 2319
f 2320 2321 2322
f 2323 2322 2321
f 1798 1804 1803
f 2324 2186 2185
f 2319 2318 2325
f 2020 2326 2018
f 2327 2328 2329
f 2330 2026 2025
f 2331 2317 2319
f 2332 2317 2333
f 2334 2335 2336
f 2334 2336 2337
f 2338 2317 2339
f 1238 1997 2340
f 2341 2342 2343
f 2344 2345 2346
f 2346 2317 2347
f 2198 2197 2348
f 2349 2350 2351
f 2349 2351 2352
f 2353 2210 2209
f 624 623 2187
f 2354 2355 2356
f 2357 2356 2355
f 2358 2359 2360
f 2358 2360 2361
f 2362 2363 2364
f 2365 2366 2367
f 2224 2223 2368
f 2369 2370 2371
f 2369 2371 2372
f 2373 2374 2375
f 2119 2043 2042
f 2376 2364 2363
f 2377 2378 2379
f 2176 2036 2035
f 2042 2041 2380
f 2381 2240 2239
f 2177 2382 2175
f 2036 2120 2034
f 2383 1971 2149
f 2384 2385 2371
f 2386 2385 2384
f 2372 2371 2385
f 2280 2175 2382
f 2387 2388 2389
f 2390 2389 2388
f 2391 2253 2252
f 2392 2393 2394
f 2259 2395 2260
f 2317 2346 2345
f 2345 2344 2396
f 2397 2398 2396
f 2122 2121 2397
f 2399 2041 2122
f 2400 2041 2401
f 2401 2041 2399
f 2380 2041 2400
f 2398 2397 2121
f 2345 2396 2398
f 2387 2389 2402
f 2403 1971 2383
f 2404 2405 1971
f 2403 2406 1971
f 2404 1971 2406
f 2405 2187 1971
f 2279 2278 2407
f 2408 2409 2410
f 2411 2410 2409
f 2412 2413 2414
f 2415 2408 2416
f 2410 2416 2408
f 2417 2418 2419
f 2420 2419 2418
f 456 2421 2422
f 2423 2415 2424
f 2425 2426 2427
f 2428 2163 2183
f 2424 2429 2423
f 2430 2431 2432
f 2433 2434 2435
f 2429 2436 2423
f 2437 2438 2439
f 2440 2439 2438
f 2436 2441 2442
f 2443 2444 2445
f 2446 2445 2444
f 2447 2448 2449
f 2450 2451 2452
f 2453 2454 2455
f 2456 2457 2458
f 2459 2306 2305
f 2460 2317 2461
f 2304 2325 2318
f 2462 2463 2464
f 2465 2464 2463
f 2466 2467 2468
f 2469 2427 2426
f 2470 2471 2472
f 2473 2474 2475
f 2476 2475 2474
f 2477 2478 2479
f 2480 2481 2482
f 2478 2477 2483
f 2484 2485 2486
f 2487 2488 2489
f 2490 2491 2492
f 2306 2325 2304
f 2493 2459 2494
f 2331 2333 2317
f 2332 2339 2317
f 2338 2347 2317
f 2494 2459 2305
f 2495 2496 2497
f 2498 2499 2500
f 2501 2502 2503
f 2504 2505 914
f 2506 2504 914
f 2130 2507 2131
f 2508 2491 2509
f 2508 2492 2491
f 2510 2511 2512
f 2513 2506 914
f 2416 2424 2415
f 2514 2423 2436
f 2317 2442 2441
f 2317 2441 2461
f 2460 2318 2317
f 2514 2436 2442
f 2515 2516 2517
f 2518 2517 2516
f 2519 830 2015
f 2520 2491 2521
f 2522 2491 2520
f 2523 2136 2135
f 2524 2285 2284
f 850 855 1841
f 2525 2526 2527
f 2528 2293 2292
f 2529 2530 2531
f 2532 2491 2533
f 2532 2534 2491
f 2534 2521 2491
f 2535 2533 2491
f 2522 2509 2491
f 2536 2531 2537
f 2530 2537 2531
f 2538 2539 914
f 2517 2540 2515
f 2540 2411 2515
f 2537 2541 2536
f 2409 2515 2411
f 2542 2543 914
f 2544 2538 914
f 2539 2513 914
f 2545 2546 914
f 2547 2548 2549
f 2516 2549 2518
f 2548 2518 2549
f 2235 2236 2154
f 2550 2526 2551
f 2531 2550 2529
f 2549 2536 2547
f 2541 2547 2536
f 2552 2529 2550
f 2551 2552 2550
f 2525 2551 2526
f 2553 2527 2526
f 2554 2555 2556
f 2557 2154 2237
f 2558 2559 2560
f 2561 2154 2562
f 2559 2563 2560
f 2154 2557 2564
f 2564 2562 2154
f 2563 2565 2560
f 2565 2566 2560
f 2567 2568 2569
f 2570 2571 2572
f 2573 2574 2575
f 2576 2575 2574
f 2262 2264 2577
f 2578 2579 2580
f 2581 2580 2579
f 2582 2560 2566
f 2583 2055 2054
f 2584 2560 2582
f 2585 2273 2272
f 2586 2587 2588
f 2589 2590 2591
f 2592 2375 2374
f 2593 2591 2590
f 2594 2595 2596
f 2597 2598 2599
f 2600 2379 2378
f 2596 2601 2594
f 2601 2602 2594
f 2591 2603 2589
f 2604 2329 2328
f 2605 2594 2602
f 2468 2605 2466
f 2468 2467 2606
f 2493 2606 2467
f 2494 2606 2493
f 2607 2608 2609
f 2610 85 675
f 2611 2609 2608
f 2609 2124 2607
f 2608 2612 2611
f 2613 2607 2124
f 2614 2089 2088
f 2615 2616 2617
f 2455 2618 2453
f 2612 2619 2611
f 2402 2394 2393
f 2560 2620 2619
f 2620 2611 2619
f 2387 2402 2393
f 2621 2622 2170
f 2428 2164 2163
f 2623 2624 2625
f 2431 2626 2432
f 2141 2142 2627
f 2181 2183 2163
f 2627 2628 2141
f 2434 2433 2629
f 2630 2631 2632
f 2630 2632 2633
f 2161 2160 2166
f 2634 2635 2636
f 2637 2310 2312
f 2638 2452 2451
f 2639 2183 2640
f 2182 2640 2183
f 2641 2642 2643
f 2457 2456 2644
f 2645 2646 2647
f 2648 2649 2650
f 2651 2652 2653
f 2654 2653 2652
f 2124 2141 2628
f 2655 2243 2242
f 2656 2657 2658
f 2659 2658 2657
f 2660 2643 2642
f 2661 2569 2568
f 2623 2625 2662
f 2663 2489 2488
f 2664 2282 2281
f 2502 2501 2665
f 2666 2621 2664
f 2281 2280 2382
f 2667 754 775
f 2171 2170 2622
f 2668 2669 2670
f 2671 2588 2587
f 2166 2165 2171
f 2672 1972 1971
f 2673 2674 2675
f 2673 2675 2676
f 2510 2677 2511
f 2678 2679 2680
f 2681 2682 2683
f 2684 2683 2682
f 2622 2621 2666
f 2282 2664 2621
f 2144 2627 2142
f 2628 2685 2124
f 2685 2686 2124
f 2161 2145 2152
f 821 796 836
f 2687 2511 2677
f 2688 2560 2689
f 2690 2691 2692
f 2691 2693 2692
f 2694 2692 2693
f 2505 2695 914
f 2696 2560 2688
f 2697 2679 2698
f 2560 2584 2699
f 2700 2701 2702
f 2703 2702 2701
f 2704 2705 2706
f 2678 2698 2679
f 2707 2680 2708
f 2709 2596 2595
f 2707 2678 2680
f 2710 2711 2712
f 2694 2693 2713
f 2693 2714 2713
f 2715 2713 2714
f 2716 2709 2717
f 2718 2670 2719
f 1757 2720 976
f 2721 976 2722
f 2723 2722 976
f 2724 2723 1848
f 749 2725 750
f 2726 2727 2728
f 2729 2730 2731
f 2729 2731 2732
f 2689 2560 2699
f 2733 2734 2735
f 2736 2737 2738
f 2736 2738 2739
f 2740 2741 2742
f 2743 2744 2745
f 2716 2593 2590
f 2717 2593 2716
f 2571 2589 2603
f 2603 2572 2571
f 2572 2699 2570
f 2595 2717 2709
f 2602 2466 2605
f 2234 2154 2153
f 2746 2747 2748
f 2749 2750 2746
f 2723 976 1848
f 2751 976 2721
f 2752 976 2753
f 2754 2755 2756
f 2757 2758 2759
f 2760 2761 2762
f 2763 2764 2765
f 2759 2758 2749
f 2766 2767 2757
f 2768 2769 2770
f 2771 2772 2773
f 2774 2775 2776
f 2772 2771 2777
f 2773 2778 2774
f 2776 2779 2696
f 2780 2781 2782
f 2783 2510 2512
f 2584 2570 2699
f 2784 2785 2786
f 2787 2786 2785
f 2619 2788 2560
f 2788 2558 2560
f 2789 2783 2790
f 2512 2790 2783
f 2686 2791 2124
f 2791 2613 2124
f 2792 2793 2794
f 2748 2747 2792
f 2777 2794 2793
f 2794 2777 2771
f 2772 2778 2773
f 2778 2775 2774
f 2779 2776 2775
f 2560 2696 2779
f 2795 2796 2797
f 2798 2797 2796
f 2799 2800 2801
f 2802 2767 2766
f 2803 2742 2741
f 2635 2804 2636
f 2805 2806 2807
f 2808 2809 2802
f 2810 2811 2812
f 2813 2814 2815
f 2812 2811 2816
f 2817 2818 2819
f 2820 2821 2822
f 1847 976 2720
f 2764 2823 2765
f 2553 2824 2527
f 2652 2799 2654
f 2801 2654 2799
f 2825 2826 2820
f 2553 2820 2826
f 2826 2824 2553
f 2822 2825 2820
f 2810 2827 2821
f 2811 2810 2821
f 2814 2816 2811
f 2828 2660 2642
f 2747 2746 2750
f 2750 2749 2758
f 2793 2792 2747
f 2767 2758 2757
f 2815 2809 2808
f 2816 2814 2813
f 2827 2822 2821
f 2809 2815 2814
f 2767 2802 2809
f 342 2829 343
f 339 343 2829
f 2830 279 340
f 2831 2832 1957
f 2706 2833 2704
f 2834 2835 2836
f 2837 2836 2835
f 2838 2839 2840
f 2841 2842 2843
f 2844 1586 1585
f 2845 2617 2616
f 2846 2847 2848
f 2849 2850 2851
f 2852 2853 2849
f 2840 2839 2854
f 2855 2856 2857
f 2858 2859 2860
f 2835 2834 2861
f 2834 2862 2861
f 2863 2861 2862
f 2864 2863 2862
f 2865 2866 2867
f 2868 2867 2866
f 2719 2670 2669
f 2866 2865 2869
f 2870 2871 2872
f 2873 2874 2875
f 2876 2869 2865
f 2877 2878 2879
f 2880 2881 976
f 2882 976 2881
f 2883 2884 2885
f 2884 2886 2885
f 2887 445 2886
f 2887 2888 445
f 2888 2889 445
f 2889 2890 445
f 2891 2892 2893
f 2894 2895 2896
f 2893 2897 2891
f 2895 2898 2896
f 2899 2896 2898
f 2900 2896 2899
f 2901 46 2902
f 2902 46 2903
f 2904 2905 2906
f 2907 2908 46
f 46 2908 2909
f 2909 2903 46
f 46 2901 2910
f 46 2910 2911
f 2880 976 2912
f 2913 2914 2915
f 2915 2916 2913
f 2725 2917 750
f 2906 2918 2904
f 2918 2919 2904
f 2920 2904 2919
f 2921 2728 2727
f 2922 2923 2924
f 2925 976 2926
f 2912 976 2925
f 2927 2928 2929
f 2929 2928 2930
f 2930 2928 2931
f 2932 2933 914
f 2933 836 914
f 2931 2928 2934
f 2935 2936 2928
f 2934 2928 2936
f 2935 2928 2937
f 2938 843 2939
f 2543 2544 914
f 2695 2940 914
f 2940 2941 914
f 2941 2942 914
f 2942 2932 914
f 2546 2542 914
f 2943 976 2752
f 2944 2753 976
f 2945 2946 2947
f 2948 2947 2946
f 2947 2949 2945
f 2950 2951 2952
f 2953 2952 2951
f 2954 2955 843
f 2956 2954 843
f 2939 843 2955
f 2938 2957 843
f 2958 2956 843
f 2959 843 2957
f 2960 2958 843
f 2961 843 2959
f 2297 2962 2295
f 2963 2953 2951
f 2964 2965 2949
f 2965 2945 2949
f 2960 843 2966
f 2967 2953 2963
f 2295 2968 2303
f 2969 2765 2823
f 2970 2309 2308
f 2971 843 2961
f 2972 2953 2973
f 2974 2975 2946
f 2976 2303 2977
f 2968 2977 2303
f 2967 2978 2953
f 2979 2980 2981
f 2973 2953 2978
f 2982 2972 2973
f 2983 2984 2985
f 2948 2946 2986
f 2986 2946 2975
f 773 754 2667
f 2987 2988 2967
f 2989 2990 2991
f 2992 2993 2994
f 2995 2994 2993
f 2994 2996 2992
f 2997 2991 2990
f 2998 2999 3000
f 2991 3001 2989
f 3002 3003 3004
f 3005 3006 3007
f 3008 2989 3001
f 3009 3010 2996
f 3010 3011 2996
f 3011 2992 2996
f 3012 3008 3001
f 3013 3014 3015
f 3016 3017 500
f 2926 976 2943
f 2944 976 2751
f 611 613 672
f 2807 3018 2805
f 3019 3020 3021
f 3022 3021 3020
f 3023 2288 3024
f 3025 3026 611
f 3027 3028 3029
f 3030 3029 3028
f 3031 3032 3033
f 3034 3035 2762
f 3035 2760 2762
f 3036 3033 3032
f 3037 2843 2842
f 3038 3039 3031
f 3032 3031 3039
f 3040 611 3026
f 3041 2195 2004
f 2220 3042 3043
f 1794 3043 1795
f 3044 3045 3046
f 2848 2847 3047
f 3048 2218 2220
f 3049 2819 2818
f 3050 3051 3052
f 3053 1122 3054
f 3055 3053 3054
f 3056 2770 2769
f 1184 3057 1181
f 3058 1813 1812
f 3059 2860 2859
f 3060 3061 3062
f 2449 3063 3064
f 3064 3065 2449
f 3066 3067 3068
f 2447 2449 3065
f 3069 2051 2050
f 3070 1693 1692
f 3071 2051 3072
f 3073 3074 569
f 3075 843 3076
f 3076 843 2971
f 3077 1867 1866
f 3078 569 568
f 569 3078 3073
f 2491 912 3074
f 3079 3080 3081
f 3082 3083 3084
f 16 3085 3086
f 843 3075 3087
f 2056 843 3087
f 3088 2891 2897
f 3089 3090 3091
f 3092 3093 3094
f 3095 3096 16
f 463 3097 3098
f 561 461 463
f 2491 3074 2535
f 340 339 2829
f 3099 2599 2598
f 3100 3101 3102
f 3103 2879 2878
f 3104 3105 3103
f 3106 3102 3101
f 3107 588 561
f 2879 3103 3105
f 3108 16 3096
f 3109 3110 3111
f 3112 3113 3114
f 3115 3017 3116
f 925 3117 926
f 3117 3118 926
f 3119 926 3118
f 3120 3121 3122
f 3123 3124 3125
f 3126 3127 3128
f 3129 3130 3131
f 3116 3017 3016
f 3132 3133 3134
f 2878 2877 2905
f 3135 3136 3137
f 3025 611 672
f 2877 2906 2905
f 3138 3139 3139
f 3140 3141 3142
f 3143 3144 3145
f 2683 2684 3146
f 3147 976 3148
f 3149 2599 3099
f 3150 3137 3136
f 3151 3152 3153
f 3154 3155 3156
f 3157 3158 3159
f 3160 3161 3162
f 2870 2872 3163
f 3164 3165 3166
f 3167 3160 3168
f 3162 3168 3160
f 3169 3170 2875
f 2873 2875 3170
f 3167 3171 3172
f 3173 3172 3174
f 3175 2156 3176
f 3177 3178 3174
f 3179 2875 2874
f 3173 3174 3178
f 3180 3178 3177
f 3181 3182 3183
f 3184 3185 3186
f 3187 3159 3158
f 3171 3167 3168
f 3188 3189 3190
f 3191 3188 3192
f 3171 3193 3172
f 3174 3172 3193
f 3194 3195 3196
f 3190 3192 3188
f 3197 3198 3199
f 3200 3190 3189
f 3201 3202 3199
f 3203 3204 266
f 3199 3202 3205
f 3202 3206 3205
f 3207 3208 3209
f 3210 3211 3212
f 3212 3213 3210
f 3214 908 907
f 3215 3216 3217
f 3204 3218 266
f 3219 3220 3221
f 3222 3223 3224
f 3225 3226 3227
f 3228 3229 3230
f 913 836 3231
f 3232 3233 3234
f 3235 1697 1696
f 3236 3205 3206
f 3237 976 3238
f 3239 976 3237
f 3240 976 3239
f 3241 976 3240
f 16 3242 3095
f 3243 2051 3071
f 3244 3245 3246
f 3247 3248 3245
f 3244 3249 3250
f 3095 2156 3175
f 3238 976 3251
f 3251 976 3252
f 3252 976 3253
f 3254 3255 3256
f 3257 3199 3198
f 3201 3199 3257
f 3258 3205 3259
f 3260 3261 3262
f 3263 3260 3262
f 3264 976 3265
f 3265 976 3266
f 3267 3262 3261
f 3268 3269 2201
f 3259 3205 3270
f 3271 3271 3272
f 3273 3267 3261
f 3274 3275 3276
f 3277 3278 3279
f 3280 3281 3282
f 3266 976 2882
f 3283 976 3264
f 3284 3285 3286
f 3287 3286 3285
f 3288 2201 3289
f 3269 3289 2201
f 3290 2201 3288
f 3291 3292 2201
f 3293 2201 3292
f 2200 3291 2201
f 3290 2199 2201
f 3294 3205 3258
f 3270 3205 3295
f 3296 3297 3298
f 3299 2201 3300
f 3299 3268 2201
f 3301 3300 2201
f 3295 3205 3236
f 3302 976 3303
f 3303 976 3283
f 3253 976 3302
f 3304 1836 141
f 3305 3306 3307
f 3308 3309 3310
f 3311 3312 3313
f 3314 3315 3316
f 3317 3318 3319
f 3320 2312 2311
f 3321 3322 3323
f 3324 3325 1030
f 3326 3327 3328
f 3329 3330 3331
f 3332 3333 235
f 2762 3015 3014
f 3267 3273 3334
f 3335 3336 3337
f 3338 3339 3034
f 3333 3340 235
f 3341 3342 3343
f 3338 3034 2762
f 3344 2852 3345
f 2853 2852 3344
f 3346 3347 3348
f 3349 3350 3351
f 3352 3000 2999
f 3353 3350 3354
f 3351 3350 3353
f 3355 3356 3357
f 3358 3334 3273
f 3354 3350 3359
f 3358 3360 3361
f 3361 3334 3358
f 3359 3350 3362
f 3363 3362 3350
f 3364 3365 3366
f 3367 3366 3365
f 3368 3369 3362
f 3370 3371 3372
f 3373 3374 3375
f 3376 3377 3378
f 3340 3379 235
f 3380 3381 3382
f 3383 3384 3385
f 3386 3387 3388
f 3389 3390 267
f 3391 2849 2853
f 3392 3331 3330
f 3134 3133 3393
f 3394 3395 3396
f 3371 3397 3372
f 3398 3399 3400
f 3108 288 16
f 456 433 2421
f 3401 2421 433
f 3402 3400 3399
f 3092 3403 3093
f 3404 3405 3398
f 3403 3092 3406
f 3407 3408 3409
f 3410 3411 3412
f 3413 3414 3415
f 3416 3417 3418
f 280 279 352
f 3332 235 3419
f 3399 3398 3405
f 3420 3405 3404
f 3421 3422 3423
f 3424 3425 3426
f 3218 267 266
f 3422 3427 3423
f 3428 3217 3216
f 3429 3430 3431
f 3432 3433 3434
f 3435 3423 3427
f 3436 3437 3438
f 3439 3440 3441
f 3442 2851 2850
f 2850 2849 3391
f 3443 3321 3323
f 3444 3445 3446
f 3447 3448 3449
f 3447 3449 3450
f 3451 3452 3137
f 3453 3454 3455
f 3456 3457 3458
f 3459 3458 3457
f 3460 3137 3452
f 3135 3137 3460
f 3461 3462 3463
f 3464 3465 3466
f 3467 3468 3469
f 3470 3471 3472
f 3473 3474 3475
f 3376 3476 3377
f 3476 3477 3377
f 3478 3479 3480
f 3427 3472 3435
f 3481 3482 3483
f 3484 3485 3486
f 3487 3488 3489
f 3490 1584 1586
f 3491 3492 3493
f 3494 3495 754
f 3496 754 3495
f 3427 3470 3472
f 3497 3498 3499
f 3500 3501 3502
f 3503 3504 3505
f 3506 3507 3508
f 3509 3510 3511
f 3512 3513 3514
f 3515 3516 3513
f 3512 3515 3513
f 3513 3517 3518
f 3377 3477 3519
f 3520 3513 3516
f 3521 3513 3520
f 774 754 3522
f 3523 3472 3471
f 3524 3523 3471
f 3525 1586 2844
f 3526 3525 2844
f 3527 3525 3526
f 3385 3384 3528
f 3529 3528 3384
f 3530 1236 3531
f 1594 3531 1236
f 3532 3533 3534
f 1236 1595 1594
f 3533 3535 3534
f 759 758 3536
f 3537 3536 758
f 3538 3532 3539
f 3540 3541 3542
f 2890 3543 445
f 3543 3544 445
f 3545 445 3544
f 3545 3546 445
f 3547 445 446
f 443 445 3546
f 3533 3532 3538
f 3287 3548 3286
f 3549 3550 3517
f 3445 3551 3446
f 3549 3517 3552
f 3553 3454 3453
f 3554 3555 3556
f 3517 3550 3518
f 3557 3558 3559
f 3560 3561 3562
f 3563 3561 3560
f 3557 3559 3564
f 3557 3564 3565
f 3557 3565 3566
f 3567 3568 3569
f 3570 3571 1755
f 3572 3573 3574
f 3575 3574 3573
f 3571 3570 3576
f 3577 3578 3575
f 3577 3579 3578
f 3580 3578 3579
f 3581 3582 3583
f 3584 3585 3586
f 3587 3588 3589
f 3590 3517 3591
f 3517 3590 3552
f 3591 3517 3592
f 3593 3594 3595
f 3596 3592 3517
f 3597 3556 3555
f 3598 3599 3600
f 3601 3317 3319
f 3601 3319 3602
f 3603 1756 1755
f 3604 3605 3606
f 3607 3324 1030
f 3576 3570 3608
f 3609 3610 3611
f 3612 3613 3614
f 3615 3611 3610
f 3359 3362 3369
f 3616 3617 3618
f 3619 3620 3621
f 3622 3623 1030
f 3624 3625 3626
f 3627 3628 3629
f 3630 3631 3632
f 3633 3634 3635
f 3636 3637 3638
f 3637 3639 3638
f 3635 3638 3639
f 3640 3641 3642
f 3643 3621 3644
f 3645 3646 3647
f 3648 3195 3649
f 3194 3649 3195
f 3650 3196 3195
f 3651 3652 3653
f 3654 3655 3656
f 3657 3658 3659
f 3660 3661 3662
f 3663 3661 3660
f 3664 3661 3663
f 3665 3661 3664
f 3666 3661 3665
f 3529 3384 3667
f 3668 3669 3670
f 3287 3671 3548
f 3672 3077 1866
f 3673 3674 3675
f 3676 3668 3670
f 3677 3678 3679
f 2868 3680 2867
f 3681 3678 3682
f 3683 3679 3678
f 3684 2867 3680
f 3685 3682 3678
f 3677 3685 3678
f 3686 3687 3688
f 3689 3690 3233
f 3691 3692 3693
f 3694 3695 3696
f 3697 3698 3699
f 3700 3701 3702
f 3703 3232 3704
f 3690 3234 3233
f 3232 3234 3704
f 3705 3690 3689
f 3681 3706 3678
f 3707 3678 3706
f 3708 3709 3710
f 3711 3710 3709
f 3712 3250 3713
f 3714 3710 3711
f 3715 3716 3717
f 3718 3717 3716
f 3246 3245 3248
f 3249 3713 3250
f 3719 3720 3721
f 3246 3249 3244
f 3722 3629 3628
f 3325 3723 1030
f 3724 1030 3723
f 3607 1030 3623
f 3725 3726 3727
f 3728 3729 3730
f 794 3731 3732
f 3733 794 3732
f 3734 794 3733
f 3735 794 3734
f 3736 794 3737
f 3735 3737 794
f 3738 3632 3631
f 3739 3675 3674
f 3740 3741 3742
f 3743 3642 3744
f 3745 3640 3642
f 3746 3747 3748
f 3749 3750 3751
f 3752 3753 3754
f 3755 3754 3753
f 3756 3757 3758
f 3759 3760 3761
f 3759 3761 3762
f 3763 3764 3760
f 3763 3760 3759
f 3765 3766 3767
f 3768 3769 3770
f 3771 3772 3773
f 3774 3773 3772
f 3763 3775 3764
f 3776 3764 3775
f 3777 3778 3779
f 3777 3779 3780
f 3696 3781 3694
f 3782 3783 3784
f 3785 3782 3784
f 3786 3787 3788
f 3789 3790 3791
f 3792 3793 3794
f 3795 3796 3797
f 3798 976 3241
f 3799 3800 3801
f 3802 3801 3800
f 3803 3796 3804
f 3804 3796 3795
f 3805 3806 3807
f 3808 3751 3750
f 3809 3810 3811
f 3811 3810 3812
f 3813 3814 3815
f 3816 976 3798
f 3148 976 3816
f 3817 976 3147
f 3818 3819 3820
f 3821 3822 3823
f 3824 3823 3822
f 3825 3826 3827
f 3828 3829 3811
f 3830 3815 3814
f 3831 3748 3747
f 3832 3833 3834
f 3835 3836 3796
f 3837 3838 3839
f 3840 3839 3838
f 3841 3225 3842
f 3835 3796 3803
f 3843 3796 3836
f 3824 3844 3823
f 3844 3845 3823
f 3846 3847 3848
f 3849 3848 3847
f 3850 3834 3833
f 3072 2051 3069
f 3851 3852 3853
f 3854 3855 3856
f 3857 3856 3855
f 3828 3811 3858
f 3859 3860 3861
f 3862 3858 3811
f 3534 3535 3863
f 3535 3864 3863
f 3863 3864 3865
f 3866 3865 3864
f 3867 3868 3859
f 3860 3859 3868
f 3869 2051 3870
f 3871 3872 3873
f 3874 3873 3872
f 3875 3876 3877
f 3876 3875 3878
f 3879 3880 3881
f 3875 3877 3880
f 3881 3880 3882
f 3883 3298 3297
f 3870 2051 3884
f 3885 2051 3869
f 3882 3880 3877
f 3886 3887 3888
f 3889 3890 3891
f 3891 3892 3889
f 3893 3889 3892
f 3886 3894 3887
f 3895 3887 3896
f 3896 3887 3894
f 3897 3898 3890
f 3898 3891 3890
f 3899 3900 2800
f 2801 2800 3900
f 3901 3902 3903
f 3904 3388 3387
f 3905 3906 3907
f 3908 3909 3910
f 3911 3548 3671
f 3912 3913 3901
f 3902 3901 3913
f 3901 3903 3914
f 3915 3916 3917
f 3561 3918 3553
f 3658 3919 3920
f 3553 3562 3561
f 3921 3907 3906
f 3922 3923 3924
f 3925 3926 3927
f 873 912 3928
f 3929 3930 3931
f 3932 3933 2233
f 3934 2201 3935
f 3936 705 85
f 3937 3938 2201
f 2201 3938 3939
f 3939 3935 2201
f 3940 3941 3942
f 3943 3941 3944
f 3942 3941 3945
f 3946 3947 3948
f 3949 3950 3951
f 3952 3953 3587
f 3954 3955 3956
f 3957 3958 3959
f 3960 309 1973
f 3961 3541 3540
f 3962 3348 3347
f 3963 3964 3965
f 3966 3965 3964
f 3967 1954 1953
f 3968 3969 3963
f 3970 2422 2421
f 3971 3956 3972
f 1817 3973 1924
f 3620 3644 3621
f 3974 3975 3976
f 3977 3978 3979
f 3980 3981 3982
f 3983 3984 3985
f 3986 3984 3983
f 3987 3988 3989
f 3984 3989 3988
f 3985 3984 3988
f 3990 3991 3992
f 3993 3994 3226
f 3995 3987 3989
f 3996 3997 3998
f 3999 4000 4001
f 4002 4003 4004
f 4005 4006 3161
f 3994 3227 3226
f 4007 3176 2156
f 4008 4009 4010
f 4011 4010 4009
f 4012 4013 4014
f 3162 3161 4006
f 4015 3256 3255
f 4016 4017 4018
f 3230 4019 3228
f 4013 4020 4021
f 4022 4021 4020
f 4023 1125 1127
f 4024 4022 4020
f 4020 4025 4024
f 4026 4027 4028
f 3979 4029 3977
f 4030 4031 4032
f 1817 1924 2014
f 495 4033 1924
f 4034 4035 4036
f 4037 4038 4039
f 4038 4040 4039
f 4041 4042 4043
f 4044 4026 4028
f 4045 4046 4040
f 4047 2556 4048
f 4049 4050 4051
f 4052 4051 4050
f 4053 4054 4055
f 4056 4057 4058
f 4047 2554 2556
f 4059 4060 4061
f 3989 4062 3995
f 4063 2051 3885
f 4064 4065 4066
f 4067 4068 4069
f 4070 4071 4072
f 3301 2201 4073
f 3934 4073 2201
f 4074 4012 4075
f 4076 4077 4078
f 4079 4080 4081
f 4082 2610 4083
f 4084 4085 804
f 4086 4084 804
f 3519 4087 3377
f 4088 4089 804
f 4090 4091 4092
f 4093 4094 4095
f 4096 4095 4094
f 4097 4098 804
f 4098 4088 804
f 4089 4099 804
f 4100 4101 3613
f 3227 3842 3225
f 4102 4103 4104
f 4105 4104 4103
f 4106 3377 4107
f 4108 4109 4110
f 4111 4086 804
f 4085 4112 804
f 4112 4097 804
f 4113 4114 4115
f 4116 4117 4118
f 4119 794 4120
f 4121 4122 4123
f 4124 4123 4122
f 4125 4126 3377
f 3736 4120 794
f 794 4127 4128
f 4129 794 4128
f 4130 4018 4017
f 4131 4132 4133
f 4129 4134 794
f 4135 4117 4136
f 4137 4138 4139
f 4140 3982 3981
f 3792 3794 3806
f 4141 4142 4143
f 4144 4142 4141
f 4145 4143 4142
f 4146 4036 4035
f 2206 2153 2155
f 3794 3807 3806
f 4007 2156 2154
f 4147 4148 4149
f 4150 4151 4152
f 4153 3823 3845
f 913 4154 914
f 4155 371 4156
f 519 4157 371
f 4157 4156 371
f 4158 4159 4160
f 4080 4161 4081
f 4162 4163 3377
f 4164 3377 4126
f 4164 4107 3377
f 4165 3630 3632
f 3859 3861 4166
f 4167 4168 1954
f 4069 4068 4062
f 3092 3094 4169
f 4170 4171 4172
f 4173 4166 4174
f 3861 4174 4166
f 549 4175 550
f 4176 4004 4003
f 4177 4092 4091
f 4178 3276 3275
f 4179 3098 3097
f 4180 4181 4182
f 3646 4183 3647
f 4184 4110 4109
f 85 2610 4082
f 4185 4186 4187
f 90 3936 85
f 3097 463 498
f 4188 177 113
f 4189 4190 4191
f 4192 4189 4191
f 4191 4193 4192
f 4025 4191 4190
f 4194 4192 4193
f 4038 4195 4193
f 4190 4196 4025
f 4037 4195 4038
f 4194 4193 4195
f 4196 4024 4025
f 4021 4014 4013
f 4014 4197 4012
f 4197 4075 4012
f 4075 4067 4074
f 4068 3995 4062
f 611 3040 629
f 4006 4005 4198
f 2998 3000 4199
f 4200 4201 500
f 3384 270 200
f 3667 3384 200
f 3017 501 500
f 3974 3976 4202
f 3926 3917 3916
f 4203 4139 4138
f 495 1924 4204
f 4205 4206 4207
f 3916 3927 3926
f 835 3231 836
f 3908 3910 4208
f 4207 4206 4209
f 4147 4149 4210
f 4211 3304 4212
f 4213 4214 3304
f 141 4213 3304
f 3337 4215 3335
f 4216 4208 3910
f 4058 4057 4217
f 4061 4218 4059
f 4219 4220 4221
f 4222 4065 4064
f 4223 3418 3417
f 4224 4225 4226
f 4160 4159 4227
f 4228 4229 4230
f 3853 3852 4231
f 4232 3959 3958
f 4198 4005 4229
f 4233 4172 4171
f 3884 2051 3243
f 4234 2051 4063
f 3999 4001 4235
f 4236 4237 4238
f 4239 4240 4241
f 4242 4243 4244
f 4245 4246 4247
f 4186 4248 4187
f 4249 4250 4251
f 4252 4253 4254
f 4255 4254 4253
f 4115 4256 4113
f 1179 4257 1121
f 4258 1182 1181
f 3057 4258 1181
f 4259 4155 4156
f 4125 3377 4163
f 4260 4261 4262
f 4263 4264 4265
f 563 898 897
f 4266 4042 4041
f 4267 4209 4206
f 4268 4269 4270
f 4271 4272 4273
f 4274 4275 4276
f 4277 4264 4263
f 4271 4273 4278
f 4279 4280 4281
f 3937 2201 4282
f 4283 4284 2201
f 3608 3570 4285
f 4101 3614 3613
f 2739 4286 2736
f 2729 2732 4287
f 4288 4287 2732
f 2739 4289 4286
f 4290 4291 4292
f 4293 4294 4295
f 3932 2233 2232
f 4296 4297 4298
f 4299 4300 4301
f 4302 4303 4304
f 4305 4306 4307
f 4308 4309 4310
f 4311 4312 4303
f 4313 4312 4311
f 4314 4315 4291
f 4316 4317 4318
f 4319 4072 4071
f 4292 4291 4315
f 1804 1798 1965
f 4320 3357 3356
f 4320 4321 3357
f 4322 4323 4324
f 1802 1804 4325
f 4326 4327 4328
f 4329 1225 1224
f 1813 4329 1224
f 4330 4331 4332
f 4333 3984 3986
f 4334 3946 4335
f 4335 4336 4334
f 4296 4337 4297
f 4338 1327 4339
f 4246 4340 4341
f 4282 2201 4342
f 4284 4342 2201
f 4343 4344 4345
f 4346 4345 4344
f 4347 4348 4349
f 4350 4349 4348
f 4351 4352 4353
f 4354 2245 2244
f 4355 4350 4348
f 4356 4355 4348
f 4357 4358 4359
f 4360 4356 4348
f 4348 4361 4360
f 4361 4362 4363
f 4099 4364 804
f 4364 4365 804
f 4366 4367 4368
f 4369 4370 4371
f 4372 4369 4373
f 4374 4375 804
f 4376 4377 4378
f 4379 4380 4381
f 4382 4383 804
f 4378 4384 4376
f 4385 4386 4387
f 4383 4388 804
f 4389 4382 804
f 4376 4384 4336
f 4384 4334 4336
f 4359 4390 4357
f 4391 4392 804
f 4365 4391 804
f 4393 4394 4395
f 4396 4397 4398
f 4399 4400 4397
f 4392 4401 804
f 4401 4402 804
f 4402 4403 804
f 4403 4374 804
f 4375 4404 804
f 4404 4389 804
f 1319 804 4388
f 4348 4347 4405
f 4406 4055 4054
f 4407 4408 4409
f 4230 4410 4228
f 4411 4228 4410
f 4412 4413 4414
f 4357 4415 4358
f 4416 4414 4413
f 4417 4416 4413
f 4418 4419 4420
f 4413 4421 4417
f 4422 4423 4424
f 4425 4417 4421
f 4426 3310 3309
f 4005 4230 4229
f 3319 3318 4427
f 4428 4429 4430
f 4431 4432 4433
f 4199 4434 2998
f 4435 4436 4150
f 4437 4438 4439
f 4440 4439 4438
f 4441 4040 4046
f 4441 4039 4040
f 4442 4424 4443
f 4444 4045 4445
f 4446 4447 4448
f 4449 4450 4451
f 4451 4450 4452
f 4151 4150 4436
f 4453 4454 4455
f 4456 3382 3381
f 4457 4458 4459
f 4459 4458 4460
f 4458 4412 4460
f 4461 4460 4412
f 4379 4462 4380
f 4387 4386 4463
f 4414 4461 4412
f 4464 4465 4466
f 4464 4466 4467
f 4457 4468 4469
f 4469 4458 4457
f 4470 4469 4471
f 4468 4471 4469
f 4471 4472 4470
f 4472 4445 4470
f 4045 4470 4445
f 4444 4046 4045
f 4473 4152 4151
f 4474 4358 4415
f 4475 4476 4477
f 4373 4478 4372
f 4479 4480 4377
f 4390 4481 4357
f 4482 3341 3343
f 4483 4484 208
f 4484 4485 208
f 4486 4487 4488
f 4489 4490 4491
f 4492 4048 2556
f 4407 4409 4493
f 4494 897 4495
f 4496 897 4494
f 4497 897 4496
f 4498 4244 4243
f 4499 4500 4501
f 4427 4501 4500
f 4430 4502 4428
f 3022 4503 3021
f 4304 4504 4302
f 4505 4302 4504
f 4314 4506 4315
f 4507 4508 4509
f 4510 4315 4506
f 4511 3992 3991
f 4512 4513 4514
f 4512 4514 4515
f 4448 4516 4446
f 4517 4518 4519
f 2781 4520 4521
f 4522 4523 4524
f 4522 4524 4525
f 4526 4527 4528
f 4529 4530 4531
f 1692 1696 4532
f 4533 4534 4535
f 3463 4536 3461
f 4366 4537 4367
f 4538 4539 4540
f 4541 4542 4543
f 4544 4543 4542
f 4545 4546 4547
f 4548 4547 4546
f 4549 1819 4550
f 4550 1819 4551
f 4552 4553 4554
f 4555 4554 4553
f 2156 3095 3242
f 4556 3572 4557
f 4558 4559 4560
f 4433 4432 4561
f 2155 3086 2206
f 3085 2206 3086
f 4562 4563 4564
f 4562 4564 4565
f 4566 4567 4568
f 4569 4570 4571
f 4486 4488 4572
f 4544 4542 4573
f 4574 4573 4575
f 4542 4575 4573
f 4576 4577 4578
f 4579 4555 4580
f 4553 4580 4555
f 4581 4582 4570
f 4583 4332 4331
f 4584 4585 4586
f 4587 4586 4585
f 4582 4571 4570
f 4588 4589 4590
f 4591 4590 4589
f 4237 4592 4238
f 3654 3656 4593
f 4594 4591 4595
f 4351 4353 4596
f 4585 4597 4587
f 4598 4587 4597
f 4589 4595 4591
f 4599 4600 4601
f 4602 4531 4530
f 4603 4604 4605
f 4606 4607 4308
f 4608 4609 4607
f 4608 4607 4606
f 4610 4611 4612
f 4613 4605 4604
f 4614 2896 4615
f 4616 3195 4617
f 4618 4619 4620
f 4621 4622 3661
f 4623 4620 4619
f 4624 4619 4618
f 4625 4626 4627
f 4628 4629 4630
f 4477 4476 4631
f 4293 4632 4294
f 4633 4568 4567
f 4634 4635 4321
f 4635 3357 4321
f 4636 548 4637
f 3454 3553 3918
f 4638 550 4639
f 4640 4578 4577
f 4641 4642 3922
f 4643 3924 3923
f 4644 550 4645
f 4646 4647 548
f 4418 4420 4648
f 3923 4649 4643
f 4650 4651 4652
f 4638 4653 550
f 4654 4655 4656
f 4175 4657 550
f 4658 4652 4651
f 4659 4660 4661
f 4662 3217 3428
f 2900 4663 2896
f 4664 4455 4454
f 4665 2896 4663
f 4526 4666 4527
f 4667 4668 3661
f 4669 4339 4670
f 4671 4339 4669
f 4672 4673 4674
f 4675 4612 4611
f 4676 4677 4674
f 4678 4679 4339
f 4680 4681 3217
f 4682 4339 4683
f 4683 4339 4679
f 4684 4674 4677
f 4665 4685 2896
f 4685 4615 2896
f 4686 4687 4688
f 4689 4688 4687
f 4671 4678 4339
f 4690 4339 4691
f 4692 4339 4690
f 4682 4691 4339
f 4693 4339 4692
f 4694 4339 4693
f 4695 4339 4694
f 4670 4339 1327
f 4696 4339 4697
f 4698 4699 4700
f 4363 4360 4361
f 4400 4398 4397
f 4398 4701 4396
f 4421 4396 4701
f 4701 4425 4421
f 4702 4703 4405
f 4397 4704 4399
f 4705 4399 4704
f 4704 4706 4705
f 4702 4705 4706
f 4706 4703 4702
f 4348 4405 4703
f 4707 4339 4696
f 4708 4709 4710
f 4711 4712 4713
f 4711 4713 4714
f 4715 4716 1871
f 4717 1871 4716
f 4718 4719 565
f 4617 3195 4720
f 4721 4722 4723
f 4724 3650 3195
f 4725 4715 1871
f 4713 4712 4726
f 4727 4621 3661
f 4622 4667 3661
f 4728 4729 4730
f 4731 4521 4520
f 4732 4733 2743
f 2744 2743 4733
f 4733 4734 2744
f 4735 2744 4734
f 4735 4736 2744
f 4737 2744 4736
f 4738 4726 4739
f 4740 4741 4742
f 4743 4742 4741
f 4744 4745 4746
f 3026 500 4201
f 2780 4520 2781
f 4719 4747 565
f 4747 4748 565
f 4749 4750 4751
f 4752 4753 565
f 4754 4755 4710
f 4756 4757 565
f 4757 4758 565
f 4758 4759 565
f 4759 4760 565
f 4760 4761 565
f 4761 4762 565
f 4745 4763 4746
f 4739 4726 4712
f 4764 4765 4766
f 4201 4767 3026
f 4766 4768 4769
f 4770 4771 4772
f 4773 565 4262
f 4768 4774 4769
f 706 4775 707
f 4776 4777 4778
f 4779 3930 3929
f 4780 4781 4782
f 3496 3522 754
f 4783 4784 4785
f 4786 4783 4785
f 4787 4262 565
f 4220 4219 4788
f 4789 4788 4219
f 4790 4786 4785
f 4791 3091 3090
f 4792 4790 4785
f 4142 4793 4145
f 4794 4795 4796
f 4797 4328 4798
f 4799 1969 4800
f 4801 4560 4559
f 4795 3567 4796
f 4802 3567 4795
f 3569 4796 3567
f 4803 41 4804
f 4805 4806 39
f 4807 4273 4272
f 3572 3574 4557
f 3572 4556 4808
f 4809 1837 4810
f 4278 3062 3061
f 4811 4812 4813
f 4814 4815 897
f 4816 4814 897
f 4817 897 4815
f 4817 4818 897
f 563 897 4819
f 4819 897 4818
f 4820 3575 4821
f 3574 3575 4820
f 4822 897 896
f 4823 4816 897
f 3953 4824 3587
f 4825 1837 4826
f 4278 3061 4271
f 4827 3589 3588
f 4828 4823 897
f 3653 3652 4698
f 4829 4828 897
f 4830 4831 4832
f 4831 4833 4832
f 4834 3961 4835
f 4699 4836 4700
f 4837 4838 4839
f 4826 1837 4809
f 4840 4841 4842
f 4843 1819 4549
f 3964 4844 3966
f 4845 4846 4592
f 4746 3606 3605
f 4847 4848 1837
f 3634 4849 3635
f 3621 4850 3619
f 4851 3195 3648
f 4852 3195 4851
f 4853 3195 4852
f 4854 3195 4853
f 4855 3195 4854
f 4720 3195 4855
f 4856 4857 4858
f 4859 4860 4861
f 1981 3931 3930
f 4668 4862 3661
f 4862 4863 3661
f 3662 3661 4864
f 4864 3661 4863
f 4865 4866 4867
f 4868 4789 4869
f 4219 4870 4789
f 1955 1954 4871
f 4168 4871 1954
f 4872 4873 4874
f 4875 4221 4220
f 4604 4603 4876
f 4877 4878 4876
f 4879 39 4880
f 3641 3744 3642
f 4881 4842 4841
f 4877 4876 4603
f 4495 897 4822
f 4882 3944 3941
f 4883 3941 3940
f 4884 4885 4886
f 4887 4888 4889
f 4890 4607 4609
f 3945 3941 3943
f 4891 4892 4893
f 4894 4895 4896
f 4897 3972 3956
f 4898 4899 4900
f 4901 4900 4899
f 4902 4634 4903
f 4897 3956 3955
f 4904 4307 4306
f 4905 4847 1837
f 4906 3425 3424
f 4907 1864 4908
f 4848 4909 1837
f 4725 1871 1873
f 4910 4911 4912
f 4909 4810 1837
f 4913 4729 4914
f 4681 4915 3217
f 4916 1984 4917
f 4918 4919 4920
f 3215 3217 4915
f 4917 1984 1341
f 4921 1984 4922
f 4923 4491 4490
f 4924 4925 4926
f 4927 1984 4928
f 4922 1984 4927
f 1986 1984 4921
f 4928 1984 4929
f 4930 4540 4539
f 4931 4730 4932
f 4933 4920 4934
f 4935 4339 4695
f 4936 4339 4937
f 4937 4339 4707
f 4938 3698 3697
f 4935 4697 4339
f 4339 4936 4939
f 4339 4939 4940
f 4031 4941 4032
f 4942 3787 4943
f 3788 3787 4942
f 4236 4238 4944
f 4846 4238 4592
f 4945 4627 4626
f 4946 3575 3578
f 4821 3575 4946
f 4947 4948 4949
f 4950 4792 4785
f 4785 4951 4950
f 4947 4952 4948
f 4953 4954 4955
f 4956 4957 4958
f 4951 4959 4960
f 4309 4308 4607
f 4961 4962 4963
f 4961 4964 4962
f 4965 4301 4966
f 4300 4966 4301
f 4967 4968 4969
f 4970 3702 3701
f 4971 4962 4972
f 4972 4962 4964
f 3984 4973 4974
f 3786 4975 3787
f 4976 4977 4954
f 4973 3984 4978
f 4979 4978 3984
f 3984 4333 4979
f 4980 4251 4250
f 4981 4979 4333
f 4069 4074 4067
f 4982 4213 4983
f 4213 4982 4984
f 4985 4984 4982
f 2966 843 845
f 4953 4986 4954
f 4986 4987 4954
f 4988 4989 4990
f 4991 4992 4993
f 4333 3949 4981
f 4994 4995 4996
f 4929 1984 4916
f 3951 4981 3949
f 3947 3951 3950
f 1981 3930 1982
f 4997 2051 4234
f 4998 4999 3984
f 4974 4998 3984
f 5000 5001 5002
f 4959 5002 5001
f 5001 5003 4959
f 5003 4960 4959
f 4960 4950 4951
f 3984 4999 5004
f 4999 5000 5004
f 5002 5004 5000
f 569 3074 912
f 5005 5006 5007
f 4914 4729 4728
f 5008 2491 5009
f 5007 5006 5010
f 5011 5012 4730
f 5013 5010 5014
f 5014 5015 5013
f 3606 4746 4763
f 5016 5017 5018
f 5019 1890 1889
f 5020 2491 5008
f 5021 2491 5022
f 5023 5024 5025
f 5026 5027 5028
f 5020 5022 2491
f 1029 1031 5029
f 5030 5031 5032
f 5033 2831 1957
f 5034 5009 2491
f 2491 2490 5034
f 5035 5036 5037
f 5038 5039 5040
f 5041 5037 5036
f 4800 1969 4968
f 3588 3587 4824
f 4975 3786 5042
f 4827 3588 5043
f 5044 5045 5046
f 5047 5031 5030
f 4839 1873 1872
f 5044 5046 5048
f 5049 5046 5045
f 3928 2491 5021
f 5050 3542 3541
f 5045 5051 5049
f 5052 5049 5051
f 5053 5054 5055
f 5056 5054 5053
f 5057 5058 1864
f 5059 5060 5061
f 5062 5063 5064
f 5063 5065 5064
f 3928 5021 873
f 5066 5067 5068
f 4316 4318 5069
f 5063 5070 5071
f 5063 5071 5065
f 5072 5071 5070
f 5073 5055 5054
f 5074 5075 4328
f 5076 5077 5078
f 5079 5080 4318
f 5081 5054 5056
f 5082 5054 5083
f 5084 5085 5086
f 5087 4874 5088
f 5089 5060 5090
f 5091 5090 5060
f 5089 5092 5060
f 5061 5060 5092
f 5093 1029 5029
f 5078 5077 5094
f 5095 5096 5097
f 4872 4874 5087
f 5098 5097 5096
f 4860 5099 4861
f 5100 4861 5099
f 5101 5102 3652
f 4699 3652 5102
f 5103 5098 5096
f 5104 5105 4896
f 5105 5106 4896
f 5107 4274 5108
f 3050 5109 3051
f 5110 5111 5112
f 5113 5110 5112
f 5114 5115 5116
f 5106 4894 4896
f 5117 5112 5111
f 3726 5118 3727
f 5119 5019 1889
f 5120 5121 5122
f 5123 5117 5111
f 5124 4896 4895
f 5125 5126 5127
f 5128 5129 5130
f 5131 5132 5133
f 5134 5135 5136
f 5137 5138 4903
f 5138 4902 4903
f 5033 1957 5139
f 5115 1957 2832
f 5140 5141 5142
f 1968 4799 5143
f 5144 5145 5146
f 5147 5148 5149
f 5150 5151 5152
f 5153 5154 5155
f 5156 5157 5158
f 5159 5160 5161
f 5162 4519 4518
f 5163 4878 4877
f 4238 5164 5165
f 4238 5165 5166
f 5167 5168 5169
f 5170 5169 5171
f 5171 5169 5168
f 5172 4878 5163
f 5149 5148 5173
f 5174 5175 5176
f 5177 5148 5147
f 5166 4944 4238
f 5178 5179 5180
f 5181 5182 5148
f 5183 5184 5185
f 5186 5187 5188
f 5189 5190 5191
f 5192 5193 5194
f 5195 5194 5193
f 5196 5197 5198
f 5199 4561 4432
f 5200 5201 5202
f 5203 4275 5204
f 5205 5206 5207
f 5208 5209 5210
f 5211 3916 5212
f 4275 4274 5107
f 5213 5214 5215
f 5216 5217 5218
f 5219 5220 5221
f 5222 5223 5224
f 5225 5226 4874
f 5088 4874 5226
f 3915 5227 5228
f 4925 1893 4926
f 5229 5222 5224
f 5230 4659 4661
f 5231 3561 3563
f 5232 5233 5234
f 5235 5236 5237
f 5238 1469 1468
f 5239 5240 5241
f 5242 5243 5244
f 5245 4643 5246
f 5247 3319 4427
f 5248 5249 5250
f 5251 3721 3720
f 3425 5252 4655
f 5249 5253 5250
f 5253 5254 5250
f 5255 5250 5254
f 5256 5248 5250
f 4655 3426 3425
f 5257 5258 5259
f 5260 5258 5261
f 4427 4500 5247
f 5261 5258 5257
f 3622 1030 5262
f 5263 5195 5193
f 5193 5264 5263
f 5265 5263 5264
f 5266 5267 5268
f 3652 3651 5269
f 5270 5271 5272
f 5273 5040 4785
f 5274 5273 4785
f 4243 872 4498
f 5275 5272 5276
f 5271 5276 5272
f 5277 5278 5279
f 5278 5280 5279
f 5281 5279 5280
f 4919 4934 4920
f 5282 5258 5260
f 5283 5259 5258
f 5284 4785 4774
f 4785 5285 4774
f 5285 4769 4774
f 5286 5068 5067
f 5287 5068 5286
f 5288 5068 5287
f 5289 5068 5288
f 4768 4766 4765
f 4765 4764 5290
f 5291 5292 5293
f 5294 5295 5296
f 5297 5298 5299
f 5300 5301 5302
f 5303 5290 5304
f 4784 5285 4785
f 5304 5290 4764
f 5305 5306 5307
f 5308 5307 5306
f 5309 1483 1482
f 5310 5040 5039
f 4785 5040 5310
f 5038 5311 5039
f 5284 5274 4785
f 5024 5039 5311
f 5311 5025 5024
f 5025 5018 5023
f 5017 5023 5018
f 5312 5015 5016
f 5313 5133 5314
f 5315 1489 5316
f 1490 1489 5315
f 5317 5318 5319
f 5244 5320 5321
f 5322 1496 1495
f 5323 5324 5325
f 5326 5327 5328
f 5329 5328 5327
f 5330 5329 5327
f 5331 5332 5333
f 5334 5335 5336
f 5337 5320 5244
f 5338 5333 5339
f 5340 5330 5341
f 5342 3720 5247
f 5343 5333 5338
f 5321 5344 5244
f 5345 5244 5344
f 5346 5347 5348
f 5348 5347 5005
f 5349 5350 5351
f 5352 295 294
f 5014 5010 5006
f 5017 5016 5015
f 5349 5353 5350
f 5354 5350 5353
f 5355 5356 5357
f 5358 5359 5341
f 5359 5340 5341
f 5347 5346 5358
f 5006 5005 5347
f 5312 5013 5015
f 5346 5360 5358
f 5360 5359 5358
f 5327 5341 5330
f 5361 5362 1819
f 5363 5364 5357
f 5365 5366 5367
f 5368 5369 5370
f 5371 5365 5367
f 5372 5298 5297
f 4213 4984 4214
f 5373 4214 4995
f 4995 4214 4984
f 5374 5371 5367
f 5375 4201 5376
f 5377 5375 5376
f 5378 5379 5236
f 5380 571 236
f 5381 5380 236
f 5382 5383 5384
f 5385 5386 5387
f 5388 5389 5390
f 5236 5235 5391
f 5391 5392 5244
f 5236 5391 5244
f 5393 5394 4156
f 5395 5374 5367
f 5396 5395 5367
f 5397 5390 5389
f 4984 4996 4995
f 5398 3304 4214
f 5399 3304 5400
f 5212 3916 5228
f 5401 3916 5211
f 5402 4835 3961
f 3541 3961 4834
f 5392 5403 5244
f 5404 5405 5406
f 5407 5406 5405
f 5408 4259 4156
f 5409 5405 5404
f 5403 5337 5244
f 5410 5411 5412
f 5413 5414 5415
f 3638 3635 4849
f 5416 5417 5418
f 3117 5419 3118
f 5420 5421 5422
f 5423 5424 5425
f 5426 5427 5428
f 5429 5428 5427
f 5430 5367 5431
f 5431 5432 5433
f 1746 1748 5434
f 5317 5319 5435
f 5436 5435 5319
f 5433 5432 5437
f 5437 5438 5439
f 5440 5439 5441
f 5441 5442 5440
f 5443 5440 5442
f 5444 5445 5446
f 3657 5447 3919
f 5442 5448 5443
f 5448 5449 5450
f 5357 4179 3097
f 5451 5445 5452
f 5451 5452 5453
f 5454 5455 5456
f 5457 5458 5459
f 5460 5199 4432
f 5461 5462 5463
f 5451 5446 5445
f 5464 5142 5141
f 5465 4348 5466
f 5467 5468 5469
f 5470 5471 5472
f 5473 5474 5475
f 5476 5477 5478
f 4200 5376 4201
f 5479 5480 4348
f 5481 5482 5483
f 5484 5483 5482
f 502 5485 500
f 5479 5486 5487
f 5384 5488 5382
f 5489 5382 5490
f 5491 5492 5493
f 5383 5494 5384
f 4241 4240 5495
f 5496 2220 2219
f 5434 1748 2245
f 3948 4335 3946
f 3950 3948 3947
f 5497 5498 5499
f 5500 5501 5370
f 5502 5503 5504
f 5505 5506 5507
f 5508 5504 5503
f 5428 5244 5426
f 4480 4479 5509
f 5503 5510 5508
f 4479 5511 5509
f 1746 5512 1747
f 4478 5509 5511
f 5513 5508 5510
f 754 707 3494
f 5514 5515 5516
f 5515 5517 5516
f 5518 5516 5517
f 5519 5384 5494
f 4370 4363 4362
f 5520 5521 5522
f 5243 5523 5244
f 5524 4361 4348
f 5525 5526 5527
f 5528 5529 5530
f 5531 5524 4348
f 5465 5531 4348
f 5525 5527 5532
f 5523 5426 5244
f 5533 5534 5535
f 5466 4348 5480
f 4371 4370 4362
f 4373 4369 4371
f 5511 4372 4478
f 5536 4377 4480
f 4378 4377 5536
f 5537 5538 5539
f 5540 5541 5542
f 3040 3026 4767
f 5304 5543 5303
f 5525 5539 5538
f 5538 5526 5525
f 5543 5544 5545
f 5545 5303 5543
f 4775 3494 707
f 5546 5547 5548
f 5549 5293 5292
f 5544 5550 5551
f 5546 5552 5547
f 5553 3328 3327
f 5554 5547 5555
f 5556 5557 5558
f 5552 5559 5547
f 5450 5443 5448
f 5560 3304 5561
f 3067 1238 2340
f 2340 1997 1988
f 5562 3304 5563
f 3068 3067 2340
f 5441 5439 5438
f 5512 5564 1747
f 5565 5518 5566
f 5566 5518 5517
f 5567 5568 1726
f 5438 5437 5432
f 5569 5570 5244
f 5430 5396 5367
f 5432 5431 5367
f 5571 5572 5573
f 1721 1722 5574
f 1721 5574 5575
f 3687 4225 4224
f 5573 5576 5577
f 5572 5576 5573
f 1721 5575 5578
f 5579 5450 5449
f 5449 5580 5579
f 5581 5579 5580
f 5580 5582 5581
f 5583 5581 5582
f 5550 5583 5582
f 5582 5551 5550
f 5551 5545 5544
f 1727 1726 5584
f 5568 5584 1726
f 5585 5586 5587
f 5588 5589 5590
f 5591 5592 5593
f 5594 5590 5589
f 5268 5595 5596
f 5597 5594 5589
f 5598 3304 5398
f 5589 5599 5597
f 5454 5600 5601
f 5242 5244 5570
f 5602 5603 5604
f 5604 5605 5602
f 5586 5606 5607
f 5608 3919 5447
f 5603 5609 5610
f 5610 5604 5603
f 5367 5610 5609
f 5609 5432 5367
f 5366 5611 5367
f 5611 5612 5367
f 5486 5367 5612
f 5612 5487 5486
f 5487 5480 5479
f 5613 5601 5600
f 5614 5615 5616
f 5617 5618 5619
f 5620 5621 5622
f 5623 5624 5625
f 5587 5626 5585
f 5627 5585 5626
f 5626 5628 5627
f 5629 5627 5628
f 5628 5588 5629
f 5590 5629 5588
f 5605 5607 5606
f 5630 5631 5632
f 5607 5587 5586
f 5606 5602 5605
f 5633 5634 5635
f 5599 5636 5637
f 5638 5639 5640
f 5641 5638 5640
f 5642 5643 5644
f 5645 5642 5644
f 5637 5597 5599
f 5646 5647 5648
f 5649 5650 5651
f 5652 5651 5650
f 2075 2110 1290
f 5653 5637 5636
f 5654 3304 5562
f 5655 3304 5654
f 5400 3304 5655
f 5561 3304 5598
f 5656 5657 5658
f 5658 5657 5659
f 5660 5661 5662
f 5636 5662 5661
f 5661 5653 5636
f 5663 5616 5615
f 5664 5665 3304
f 5563 3304 5560
f 5666 3304 5399
f 5664 3304 5666
f 5667 3304 5665
f 5668 5619 5618
f 5669 5670 5671
f 5672 3304 5673
f 5674 3304 5675
f 5670 5660 5662
f 5625 5676 5623
f 5677 5632 5631
f 5678 5244 5679
f 5680 5635 5634
f 5681 5682 5683
f 5683 5684 5681
f 5685 5686 295
f 5687 1520 1522
f 5688 1522 1521
f 5689 5690 5691
f 5692 601 5693
f 3379 238 235
f 5463 5694 5461
f 5576 5695 5577
f 5696 594 5697
f 5684 5698 5699
f 5699 5700 5684
f 5700 5681 5684
f 5701 5699 5698
f 5702 5701 5698
f 5698 5326 5702
f 5703 5702 5326
f 5328 5703 5326
f 5704 5705 5706
f 5707 5577 5695
f 601 1582 5693
f 5708 5709 5710
f 5679 5244 5711
f 5712 5713 5714
f 5569 5244 5678
f 5715 5669 5671
f 5716 5715 5717
f 5671 5717 5715
f 5718 5716 5717
f 5717 5683 5718
f 5662 5671 5670
f 5682 5718 5683
f 5719 5714 5713
f 5720 5714 5719
f 5721 5722 5723
f 5724 5725 5726
f 5727 4111 804
f 5726 5728 5729
f 5725 5728 5726
f 5730 5731 5732
f 5733 5734 5735
f 5736 5737 5738
f 5731 5739 5732
f 5740 5596 5595
f 5741 5729 5728
f 5742 5711 5244
f 5743 5732 5739
f 5474 5463 5462
f 5744 5191 5190
f 5745 5190 5189
f 5720 5746 5714
f 5237 5236 5379
f 5189 5747 5745
f 5748 5749 5750
f 831 2013 830
f 5751 5745 5747
f 5751 5747 5752
f 5080 5753 4318
f 5754 3699 5755
f 5756 233 5757
f 5757 233 5758
f 301 625 5759
f 5760 5553 3327
f 5761 5762 5763
f 5764 5763 5762
f 2847 5765 3047
f 5761 5766 5762
f 4798 4328 5075
f 5767 5768 3741
f 5769 5770 5771
f 5772 5773 5774
f 5775 4661 4660
f 5776 3052 3051
f 5069 4318 5777
f 5770 5778 5771
f 5779 5771 5778
f 5780 5781 850
f 1342 1341 1984
f 4321 4903 4634
f 5782 5783 2233
f 2231 2233 5784
f 5785 5697 594
f 5786 5787 5788
f 5789 5788 5787
f 5790 5791 5792
f 5759 625 624
f 5793 5794 5795
f 5796 5797 5798
f 5799 5792 5791
f 5800 5798 5801
f 5801 5798 5802
f 232 5803 233
f 5787 5786 5804
f 3551 5805 3446
f 5787 5804 5806
f 5807 5808 5809
f 5074 4328 4327
f 5810 5811 4395
f 5812 5813 5814
f 5815 5813 5812
f 5816 5814 5813
f 5797 5802 5798
f 1531 72 71
f 5806 5817 5787
f 3923 3922 4642
f 5753 5777 4318
f 4649 5246 4643
f 4656 4655 5252
f 5818 5819 5127
f 5820 32 5821
f 5822 3966 4844
f 5823 5708 5824
f 3964 3963 3969
f 5825 5230 4661
f 5826 56 55
f 5827 55 5828
f 5828 55 5829
f 5829 55 54
f 5830 5495 4240
f 5831 3636 5832
f 3636 3638 5832
f 5833 5834 4309
f 5835 5821 32
f 5836 4239 5837
f 4241 5837 4239
f 5838 32 5820
f 32 5838 33
f 5839 3619 4850
f 5840 3659 3658
f 5841 5842 5843
f 5844 5845 5846
f 3657 3919 3658
f 5847 5848 5849
f 5850 5851 5852
f 5853 5851 5850
f 5854 5852 5851
f 5855 5856 5857
f 5858 5708 5823
f 5859 5860 5861
f 5862 5863 5864
f 5026 5865 5866
f 5867 5709 5868
f 5869 5028 5027
f 5768 3742 3741
f 5870 5871 5872
f 5866 5027 5026
f 5873 5874 1800
f 5875 1800 5874
f 1634 1633 5876
f 5877 5878 5879
f 1933 1929 5880
f 5881 5849 5848
f 5879 5882 5883
f 5879 5883 5877
f 5884 5877 5883
f 5885 5886 5887
f 5888 5889 5890
f 5891 5892 5893
f 5894 5895 5896
f 5894 5896 5897
f 5898 5899 5900
f 5901 5889 5888
f 5902 5903 5904
f 5905 5906 5907
f 5908 5909 5910
f 5911 3720 5342
f 5912 5913 5914
f 5915 5914 5913
f 5916 5917 5918
f 5919 5920 5921
f 5922 1929 5923
f 1928 5924 1929
f 5923 1929 5924
f 5870 5925 5871
f 5919 5926 5920
f 1271 5927 1269
f 5920 5926 5928
f 5929 5930 5931
f 5843 5842 5932
f 5846 5933 5844
f 5934 5928 5926
f 1773 5935 5936
f 5903 5902 5937
f 5938 5939 5940
f 5941 5942 5943
f 5944 5945 5946
f 5947 5887 5886
f 5948 5893 5892
f 5949 5950 5951
f 5952 5953 5954
f 5955 5956 5957
f 5958 5959 1912
f 5960 5907 5906
f 5961 5962 5963
f 5910 5964 5908
f 5951 5965 5966
f 5965 5951 5950
f 5967 1912 5968
f 5916 5918 5969
f 5970 5971 5972
f 5973 5974 5975
f 5976 5966 5965
f 5882 2556 5883
f 5977 5978 5979
f 5980 5979 5978
f 5529 5534 5530
f 5981 5982 5983
f 5984 5985 5986
f 5972 5971 5987
f 5882 4492 2556
f 1913 1912 5967
f 5988 5989 5990
f 5991 5983 5982
f 5992 5993 5994
f 5995 5996 5997
f 5749 5807 5809
f 5529 5535 5534
f 5998 5991 5999
f 5982 5999 5991
f 6000 6001 6002
f 5997 6003 5995
f 6004 5824 5708
f 6005 6006 5874
f 5875 5874 6006
f 4047 4048 6007
f 6008 245 244
f 6009 6010 6011
f 6012 6011 6010
f 5883 2556 6013
f 6014 6015 2556
f 2555 6014 2556
f 6015 6013 2556
f 5968 1912 5959
f 6016 6017 6018
f 6019 5234 5233
f 5233 5232 6020
f 4501 4427 3318
f 6021 5750 5749
f 6022 6023 1467
f 6023 1468 1467
f 6024 5238 1468
f 6025 6026 5324
f 3319 3720 3719
f 5240 6027 5241
f 6028 5241 6027
f 6029 6028 6027
f 6030 5255 5254
f 6031 6030 5254
f 6032 6033 6034
f 6035 4341 4340
f 296 295 5686
f 6036 6037 6038
f 6039 6040 6041
f 6040 6042 6041
f 6042 6043 6041
f 2646 2645 6043
f 6044 6045 6046
f 6047 5269 3651
f 3024 2288 2287
f 6048 6034 6033
f 6049 6050 6051
f 6041 6043 2645
f 5068 6052 5066
f 6053 5066 6052
f 5809 6021 5749
f 6054 5760 6055
f 6056 6057 5295
f 5296 5295 6057
f 6058 6057 6056
f 6059 6041 6060
f 6060 6041 6061
f 6062 5305 6063
f 5307 6063 5305
f 6064 1415 1414
f 6039 6041 6065
f 1482 6066 5309
f 6067 5309 6066
f 6068 6069 6070
f 6071 6070 6069
f 1893 1896 4926
f 6059 6065 6041
f 6072 6061 6041
f 1489 6073 5316
f 6074 5316 6073
f 6075 5313 5314
f 6076 6077 6078
f 1496 6079 1494
f 5784 2233 5783
f 3624 6080 3625
f 6081 3625 6080
f 5490 5382 5488
f 6082 6046 6045
f 6083 4245 4247
f 5709 5867 5710
f 6084 6085 6086
f 6087 4245 6083
f 1414 5593 5592
f 218 219 6088
f 6089 6088 219
f 6090 5809 5808
f 1958 5115 6091
f 6092 5836 5837
f 5811 4393 4395
f 6093 6094 6095
f 5765 2847 6096
f 3595 3594 2893
f 6097 6098 6099
f 6099 6100 6101
f 6100 6099 6098
f 2893 2892 3595
f 6102 6101 6100
f 6103 3088 2897
f 2448 3597 3555
f 6104 6091 5115
f 6105 243 245
f 1919 1918 6106
f 6107 256 255
f 6108 1922 6109
f 6110 1918 6111
f 6112 6113 6114
f 2448 3555 2449
f 6115 6116 1452
f 6116 1453 1452
f 6020 5232 6117
f 6118 6119 6120
f 6121 6120 6119
f 4532 3070 1692
f 6122 1918 6123
f 6123 1918 6124
f 6125 1918 6122
f 6126 1918 6125
f 6127 1918 6126
f 6128 1918 6127
f 6129 1918 6128
f 1698 4532 1696
f 6130 5708 6131
f 6131 5708 5858
f 5709 5708 6130
f 6132 5824 6004
f 6133 5647 5622
f 5646 5648 6134
f 6135 1494 6079
f 6136 5122 5121
f 6137 1918 6138
f 6139 6138 1918
f 6140 1922 6141
f 6142 1918 6143
f 6144 1918 6142
f 6145 1918 6144
f 6146 6147 6148
f 6149 1918 6150
f 6151 6152 6153
f 5688 6154 1522
f 5121 6155 6136
f 6156 3304 6157
f 6158 1918 6149
f 6159 6160 6161
f 6162 6163 6164
f 6165 6166 6163
f 6165 6163 6167
f 6168 1918 6169
f 6124 1918 6170
f 6164 6163 6166
f 6171 6172 6173
f 6174 6175 6176
f 6177 6147 6178
f 5314 5133 5132
f 6179 6176 6175
f 6180 1918 6181
f 4340 4246 6182
f 6183 3304 5667
f 6184 3304 6183
f 6185 6186 5318
f 6169 1918 6180
f 6187 6147 6188
f 6189 1585 1584
f 6157 3304 6184
f 5675 3304 6190
f 6191 6175 6192
f 6193 6161 6160
f 6190 3304 6156
f 6194 6195 1919
f 6196 6197 601
f 6198 6199 6200
f 6201 6202 6203
f 6204 6205 6206
f 6207 6208 6209
f 6191 6210 6175
f 4799 1968 1969
f 3933 6159 2233
f 6210 6211 6175
f 6212 1919 6213
f 6214 3304 6215
f 6110 6106 1918
f 6211 6179 6175
f 6216 6217 6218
f 6219 3613 3612
f 6220 3304 6221
f 6222 3304 6220
f 6221 3304 6223
f 6223 3304 6214
f 6161 2233 6159
f 5782 2233 6224
f 3613 6219 3933
f 6159 3933 6219
f 6161 6224 2233
f 4245 6182 4246
f 4805 39 6225
f 6226 4226 4225
f 3687 3686 6227
f 6228 3304 5672
f 6229 3304 5674
f 6215 3304 6229
f 5673 3304 6222
f 895 357 208
f 5755 3699 3698
f 4699 4698 3652
f 3603 1755 3571
f 6230 4700 4836
f 1873 4839 4838
f 6231 495 6232
f 871 4498 872
f 6233 495 6234
f 6235 516 6236
f 6237 495 6231
f 6238 516 6239
f 6240 2288 3023
f 6241 2286 2289
f 6234 495 4204
f 5011 4730 4729
f 4825 142 1837
f 6242 5302 5301
f 6243 4905 1837
f 6244 6136 6155
f 6245 6246 6247
f 5125 5127 5819
f 6234 4204 6248
f 6249 6248 4204
f 6250 4204 6251
f 6251 4204 6252
f 6250 6249 4204
f 6253 6252 4204
f 6254 6255 3852
f 2133 1887 1886
f 5319 5318 6256
f 6256 5318 6186
f 6257 5857 5856
f 6258 5856 5855
f 6259 6260 4204
f 6260 6253 4204
f 6261 6262 6263
f 6264 6265 4204
f 6266 6267 6268
f 6269 6270 6271
f 5362 1860 1819
f 4087 4162 3377
f 5723 6272 5721
f 6273 5721 6272
f 5691 5690 6274
f 5694 6274 5690
f 5690 5461 5694
f 373 520 371
f 5394 5408 4156
f 6275 6276 6277
f 6278 1263 1262
f 6279 6276 6275
f 4083 2610 372
f 2610 373 372
f 6280 6281 6282
f 6283 6284 5722
f 6285 6277 6276
f 6284 5723 5722
f 4932 4730 5012
f 3915 5228 3916
f 5737 6286 6287
f 6288 6287 6286
f 6287 5738 5737
f 5140 6289 5141
f 3730 6290 3728
f 6291 6292 6293
f 5462 5475 5474
f 6294 6295 1971
f 6296 6297 1971
f 6294 1971 6297
f 6298 6296 1971
f 1958 1957 5115
f 4969 4968 1969
f 6299 6300 6301
f 6302 2712 2711
f 6303 6276 6304
f 6279 6304 6276
f 6305 4943 3787
f 4948 4993 6306
f 4869 4789 4870
f 6307 6291 6308
f 6309 6310 6311
f 6312 6313 6314
f 6315 6316 6317
f 6318 6291 6307
f 6319 1952 6320
f 6320 6321 6319
f 6322 5478 5477
f 5369 5368 4280
f 4281 4280 5368
f 5500 5370 5369
f 6323 6324 6321
f 6325 6321 6324
f 5774 6326 5772
f 6327 6308 6291
f 6292 6291 6318
f 5298 4270 4269
f 5203 4276 4275
f 6328 6271 6270
f 6319 6321 6325
f 6323 6321 6329
f 6330 6329 6321
f 6331 6332 6333
f 6331 6333 6334
f 6335 6336 6337
f 6338 6339 689
f 6340 6341 6342
f 684 6343 685
f 6344 6330 6321
f 6345 5795 5794
f 690 689 6339
f 5456 5455 6346
f 6347 5990 5989
f 6348 5990 6347
f 6349 6350 6351
f 6352 6351 6350
f 6338 6353 6339
f 6354 6339 6353
f 6355 5198 5197
f 6356 6357 6358
f 6359 6360 6361
f 5267 6362 5268
f 6363 6364 6356
f 6365 6364 6363
f 6364 6357 6356
f 6366 6358 6357
f 5507 6367 5505
f 3041 2004 2003
f 6368 6367 6369
f 5507 6369 6367
f 2194 2004 2195
f 597 594 5696
f 6370 1785 1784
f 6319 6371 1952
f 6372 6373 6374
f 6372 6374 6375
f 6376 2017 6377
f 6378 6337 6336
f 6379 6377 2017
f 2005 2017 6376
f 6372 6368 6373
f 6369 6373 6368
f 6380 6381 6382
f 6383 6384 6385
f 6385 6382 6381
f 604 438 605
f 6386 6387 1952
f 6388 6389 1952
f 6390 1952 6391
f 6391 1952 6392
f 6386 1952 6390
f 6389 6392 1952
f 6393 1591 1590
f 6384 6382 6385
f 6394 5489 5490
f 3042 1795 3043
f 3043 3048 2220
f 1811 3054 1122
f 4912 6395 4910
f 6396 6397 5109
f 3051 5109 6397
f 13 12 1612
f 6398 1952 6399
f 6400 1952 6398
f 1949 1952 6400
f 6401 5522 5521
f 6371 6388 1952
f 1523 1524 2023
f 1525 2028 1429
f 6402 1952 6403
f 6399 1952 6402
f 2030 1667 1664
f 6404 5760 3327
f 6405 5108 4274
f 6406 6407 1952
f 4231 3852 6255
f 6408 6255 6254
f 5114 6104 5115
f 1677 1540 1539
f 6406 1952 6387
f 6403 1952 6407
f 1550 816 817
f 6409 1522 6154
f 6410 6411 6412
f 590 1563 377
f 6413 5542 5541
f 6414 6415 6416
f 6417 6416 6415
f 6018 6418 6016
f 6419 6416 6417
f 6197 602 601
f 6026 5325 5324
f 6420 6421 6422
f 6423 6422 6421
f 6424 6425 6426
f 6427 6426 6425
f 6428 6412 6411
f 6429 6430 6431
f 6432 6431 6430
f 6433 6411 6410
f 6434 6038 6037
f 6435 6436 6437
f 6437 6438 6435
f 6439 6440 6441
f 6439 6441 6442
f 6443 6444 6445
f 6446 6445 6444
f 5592 6064 1414
f 6447 6078 6077
f 1548 6448 283
f 6449 6448 1548
f 6450 6451 6452
f 6453 6452 6451
f 1556 287 286
f 6086 6085 6454
f 4225 3687 6227
f 6455 6456 6457
f 6458 6456 6455
f 5646 6134 6459
f 6460 1598 1597
f 1607 93 92
f 6461 6462 6463
f 6464 6465 6466
f 6467 6466 6465
f 6468 6093 6095
f 2847 6469 6096
f 1536 1535 6470
f 6471 6472 6473
f 6474 6473 6472
f 6475 6173 6172
f 6476 3727 5118
f 6477 6478 6479
f 6480 1531 1530
f 6481 6482 6483
f 6484 6481 6485
f 6055 5760 6404
f 6486 2052 2051
f 6487 6488 6489
f 6490 845 844
f 6491 5622 5621
f 5620 5622 5647
f 6492 6493 6494
f 6495 6496 6497
f 4310 4309 5834
f 6498 6459 6134
f 6133 5648 5647
f 6499 6500 6501
f 6502 6489 6488
f 6151 6153 6503
f 6504 6500 6505
f 6506 6505 6500
f 6500 6499 6506
f 6507 6463 6462
f 6508 6479 6478
f 6509 6494 6493
f 6510 6483 6482
f 6483 6485 6481
f 6511 6494 6509
f 6512 6463 6513
f 6514 6515 6516
f 6517 6518 6519
f 6517 6519 1979
f 1979 6519 1977
f 6520 6521 6522
f 1990 6523 6524
f 6525 6524 6523
f 6526 6527 6528
f 6529 6528 6527
f 6524 1978 1990
f 6526 6528 6530
f 6531 6532 6533
f 6534 6533 6532
f 6535 6536 6537
f 6535 6537 6538
f 6538 6537 6539
f 6538 6539 6540
f 6541 6542 6543
f 6544 6541 6543
f 6545 3304 6546
f 6535 6547 6536
f 6362 6548 5268
f 6507 6513 6463
f 6549 6550 6551
f 6549 6551 6552
f 6553 6554 6555
f 6553 6555 6556
f 6557 6556 6558
f 6559 3304 6228
f 6543 6542 6560
f 6561 6562 6563
f 6564 1330 1327
f 6565 6566 6567
f 6568 6569 6570
f 6555 6558 6556
f 6571 6572 6573
f 6574 6565 6567
f 6575 3051 6397
f 6576 6246 6245
f 3051 6575 6577
f 6578 6579 6580
f 6581 6476 5118
f 4212 3304 6582
f 6583 3304 6559
f 6582 3304 6584
f 6585 3304 6545
f 6546 3304 6583
f 6547 6586 6536
f 6587 6588 6589
f 6590 6591 6592
f 6593 6594 6595
f 6593 6595 6596
f 6597 6598 6586
f 6597 6586 6547
f 6295 6599 1971
f 6599 6600 1971
f 6584 3304 6601
f 6601 3304 6585
f 6592 6591 6594
f 6592 6594 6593
f 6600 6602 1971
f 6603 6604 6590
f 3731 794 793
f 6605 6606 6607
f 6608 6609 1971
f 6610 6605 6607
f 6611 6606 6605
f 6612 1971 6613
f 6614 6615 6616
f 6617 6618 6619
f 6620 6621 6622
f 6621 6623 6622
f 6608 1971 6602
f 6609 6613 1971
f 6624 6625 6626
f 6627 6628 6629
f 6630 6631 6632
f 6623 6633 6622
f 6634 6635 6636
f 6637 6622 6638
f 6639 6301 6300
f 6610 6640 6605
f 6641 3536 6642
f 6643 6642 3536
f 3537 6643 3536
f 6644 6645 6646
f 6647 6648 2762
f 6649 6650 6651
f 6652 6653 6654
f 3015 2762 6648
f 6655 6656 6657
f 6658 6659 6660
f 6654 6661 6652
f 6662 6663 6664
f 6665 6666 6667
f 6668 6669 6670
f 6671 6672 6664
f 6647 6664 6672
f 6673 4424 6674
f 6674 4424 4423
f 4443 4424 6673
f 6671 6664 6663
f 5595 5268 6548
f 6675 6676 2885
f 6677 6675 2885
f 2885 2886 445
f 6677 2885 6678
f 445 6678 2885
f 6679 2762 2761
f 6680 6647 6679
f 6664 6647 6680
f 6681 6346 5455
f 1311 976 6682
f 2762 6679 6647
f 6660 6683 6684
f 6685 6684 6683
f 6659 6683 6660
f 6686 6687 6688
f 6689 6690 6691
f 6692 6662 6664
f 6693 3749 3751
f 6694 5227 3915
f 3751 6695 6693
f 6696 6697 5861
f 6698 6699 48
f 6700 6701 6702
f 6703 6704 6705
f 6706 6702 6701
f 6707 6700 6702
f 6708 6709 6710
f 6711 6712 6713
f 6714 48 6715
f 6708 6716 6709
f 6717 6709 6716
f 6718 6719 976
f 6720 48 6714
f 6721 6715 48
f 6722 6721 48
f 6699 6722 48
f 6723 48 6724
f 6725 48 6723
f 6725 6726 48
f 45 48 6726
f 6720 6724 48
f 6727 6728 6729
f 48 3925 6698
f 6730 1758 976
f 6729 6728 6521
f 6731 6458 6455
f 48 3926 3925
f 1310 6732 1308
f 6733 6734 6735
f 6736 6737 1341
f 6738 6739 6740
f 6741 6497 6496
f 5454 5601 6742
f 6496 6743 6741
f 6736 1341 1340
f 6266 6744 6267
f 6745 1281 1643
f 1283 1654 1281
f 6746 6747 6748
f 6749 6750 6751
f 6752 6753 6754
f 6755 6754 6753
f 6756 1717 1290
f 6757 6758 6759
f 6754 6759 6758
f 6760 6761 6762
f 6763 6764 6765
f 6765 6764 6766
f 6767 6766 6764
f 6718 976 3817
f 6682 976 6719
f 6768 6769 6770
f 6771 6772 6773
f 6774 6775 6776
f 6777 6778 6727
f 6728 6727 6779
f 2672 1971 6780
f 6781 6780 1971
f 6612 6781 1971
f 6779 6727 6778
f 4338 6564 1327
f 6782 6783 6784
f 6785 6639 6300
f 3548 3911 6786
f 6787 6788 6789
f 6645 6790 6646
f 6522 6521 6728
f 3363 3350 6791
f 6792 1341 6737
f 6793 6794 6795
f 6796 6786 3911
f 6797 6798 6799
f 6800 3446 5805
f 6801 6800 5805
f 6802 1737 1736
f 6803 851 850
f 6696 5861 6804
f 6805 6806 6807
f 6808 6809 6810
f 6811 6810 6809
f 6812 5879 5878
f 5455 5454 6813
f 6813 5454 6742
f 6814 6815 6816
f 6817 6735 6734
f 6818 6819 6820
f 5859 5861 6697
f 3319 5247 3720
f 6821 6822 6823
f 6824 1163 6825
f 6826 6827 6828
f 6828 6829 6826
f 6830 6826 6829
f 6831 6832 6833
f 6825 6834 6824
f 6835 6824 6834
f 3724 1031 1030
f 6836 6828 6827
f 6837 6836 6827
f 3743 6838 3642
f 6839 6840 6841
f 6842 6843 6844
f 6845 6844 6843
f 6846 6847 6848
f 6849 6850 6851
f 6852 6821 6823
f 6853 6847 6854
f 6855 6856 6847
f 6846 6855 6847
f 6854 6847 6856
f 6857 6858 5144
f 5146 5145 6859
f 6860 6861 6862
f 6863 6862 6861
f 6864 6865 6866
f 6862 6863 6867
f 6868 6867 6863
f 6869 6870 6871
f 6872 6871 6870
f 5363 5357 5356
f 6873 6874 6875
f 4179 5357 5364
f 6876 6877 6878
f 6879 6880 6881
f 4200 500 5485
f 6882 6841 6840
f 6883 6884 6885
f 6886 6887 3808
f 6887 3751 3808
f 572 237 236
f 1220 6888 1221
f 6889 6881 6880
f 6890 6891 3548
f 6892 6893 1246
f 3920 3919 6894
f 3390 268 267
f 6894 6895 3920
f 6896 3920 6895
f 6897 6898 6899
f 6281 6280 6562
f 6280 6563 6562
f 6900 6568 6570
f 6901 6579 6578
f 1562 6902 1560
f 1571 1560 6903
f 6904 6905 6906
f 6905 6907 6906
f 6908 6909 6910
f 6911 6912 6913
f 6914 6913 6912
f 1562 6915 6902
f 6907 6916 6906
f 6917 6906 6916
f 6908 6918 6909
f 6908 6910 6919
f 970 6919 6910
f 6920 1503 1502
f 6917 6916 6921
f 6770 6922 6768
f 6923 6924 6918
f 6924 6909 6918
f 6925 1515 1514
f 6926 6927 6928
f 6929 6930 6931
f 6932 6931 6930
f 6933 6934 6935
f 6936 6773 6772
f 970 969 6919
f 6937 6928 6927
f 6938 6776 6775
f 6939 995 994
f 6940 6928 6941
f 6941 6928 6937
f 6933 6935 6942
f 6943 1544 1543
f 6944 6945 6946
f 6947 6946 6945
f 6948 2327 2329
f 6872 6870 6877
f 6870 6878 6877
f 6949 6216 6218
f 6950 6951 6952
f 6953 6952 6951
f 6954 6953 6951
f 6955 6954 6956
f 6951 6956 6954
f 6957 6784 6783
f 6876 6958 6877
f 1460 1462 1458
f 6959 6789 6788
f 6960 1668 1670
f 6891 3286 3548
f 6793 6795 6961
f 6962 6896 6895
f 6963 6573 6572
f 6964 6965 6966
f 6967 6965 6964
f 6968 6965 6967
f 6969 6965 6968
f 6970 6966 6965
f 6971 1701 1700
f 4993 4948 4952
f 6972 6799 6798
f 6973 6965 6969
f 6974 1736 1735
f 6969 6975 6973
f 6976 6703 6705
f 6977 6978 6979
f 6980 6979 6978
f 6981 6982 6983
f 6984 6983 6982
f 6966 6970 6985
f 6986 6987 6970
f 6988 6989 6990
f 6988 6990 6991
f 6992 6993 6994
f 6995 6996 6997
f 6998 3642 6838
f 6999 7000 7001
f 7002 7003 7004
f 7005 7004 7003
f 6985 6970 6987
f 7006 7007 7008
f 1272 7007 1273
f 7009 1274 1273
f 7010 7011 7012
f 7013 7010 7012
f 7014 7015 7016
f 7017 7016 7015
f 1272 7008 7007
f 7018 7019 7020
f 7020 7019 7021
f 7022 7023 7024
f 7025 7024 7023
f 7026 7027 7028
f 7029 7028 7027
f 7030 7031 6815
f 7031 6816 6815
f 987 986 917
f 887 892 888
f 894 888 892
f 983 917 916
f 982 899 983
f 986 915 917
f 7032 2841 7033
f 6819 7034 6820
f 7035 6851 6850
f 2841 2843 7033
f 5145 5144 6858
f 1163 1162 6825
f 7036 1166 1165
f 7037 6833 6832
f 7038 6740 6739
f 7039 6496 6495
f 7040 7041 7042
f 7043 7044 7045
f 7046 6267 6744
f 7047 7048 7049
f 7050 7051 7052
f 6833 7053 6831
f 7054 6831 7053
f 6803 850 5781
f 7055 6994 6993
f 6515 7056 6516
f 6266 6268 7057
f 7058 7057 6268
f 7059 6875 6874
f 5875 1845 1800
f 7060 7061 7062
f 7063 6866 6865
f 7064 6748 6747
f 7065 6741 6743
f 7042 7066 7040
f 7067 7045 7044
f 7068 7069 7070
f 7071 6885 6884
f 6995 6997 7072
f 7073 7001 7000
f 7074 2367 2366
f 7075 7076 7077
f 7078 7079 7080
f 7081 7080 7079
f 7082 7083 7084
f 7085 7086 7087
f 7088 7089 7090
f 7091 7090 7089
f 7092 7093 7094
f 7095 7096 7097
f 7098 7099 7100
f 7077 7101 7075
f 7102 7103 7104
f 7105 7106 7107
f 7108 7109 7110
f 7111 7112 7113
f 7114 7115 7116
f 7117 7118 7119
f 7120 7121 7122
f 2414 7123 2412
f 7124 7125 7126
f 7126 7125 7127
f 7128 7084 7083
f 7129 7130 7131
f 7132 7131 7130
f 7087 7133 7085
f 7094 7093 7134
f 7135 7136 7137
f 7138 7137 7136
f 7095 7097 7139
f 7070 7069 7140
f 7141 7104 7103
f 7142 7143 7144
f 7142 7144 7145
f 7107 7146 7105
f 7147 7108 7110
f 7148 7149 7150
f 7151 7150 7149
f 7152 7153 7154
f 7155 7154 7153
f 7113 7156 7111
f 7098 7100 7157
f 7158 7159 7160
f 7160 7159 7161
f 7162 7116 7115
f 7163 7164 7165
f 7166 7163 7165
f 7167 7119 7118
f 7168 7122 7121
f 7169 7170 7171
f 7172 7171 7170
f 7173 7174 7175
f 7176 7175 7174
f 7177 7178 7179
f 7180 3618 7177
f 7181 6114 6113
f 7182 6112 6114
f 7183 1451 1453
f 6032 7184 6033
f 7185 5686 5685
f 7186 6044 7187
f 5758 233 5803
f 7188 6008 244
f 7189 7190 7191
f 7189 7191 7192
f 7193 7190 7189
f 5799 7194 5792
f 7195 5792 7194
f 338 336 328
f 7196 337 338
f 7197 7198 338
f 7198 7196 338
f 7199 7197 338
f 7200 7199 338
f 7200 338 7201
f 7202 7203 7204
f 3618 7178 7177
f 7178 3618 3617
f 7205 6112 7182
f 7206 6112 7205
f 7207 7181 6113
f 7208 7209 7210
f 6033 7184 7211
f 7212 3626 3625
f 6044 7186 7213
f 255 229 228
f 229 7214 230
f 7215 7216 7217
f 7216 7218 7217
f 7219 7216 7215
f 7218 7220 7217
f 7221 7217 7220

